<?xml version="1.0" encoding="UTF-8"?>

<CHAT xmlns:xsi="http://www.w3.org/2001/XMLSchema-instance"
      xmlns="http://www.talkbank.org/ns/talkbank"
      xsi:schemaLocation="http://www.talkbank.org/ns/talkbank https://talkbank.org/software/talkbank.xsd"
            DesignType="cross"
            ActivityType="toyplay"
            GroupType="TD"
      PID="11312/c-00015270-1"
      Version="2.16.0"
      Lang="eng"
      Corpus="Bates"
      >
  <Participants>
    <participant
      id="CHI"
    name="Sue"
      role="Target_Child"
      language="eng"
      age="P2Y04M"
      sex="female"
      group="TD"
      SES="MC"

    />
    <participant
      id="MOT"
      role="Mother"
      language="eng"
      sex="female"

    />
  </Participants>
  <comment type="Types">cross, toyplay, TD</comment>
  <u who="MOT" uID="u0">
    <w>need<mor type="mor"><mw><pos><c>v</c></pos><stem>need</stem></mw><gra type="gra" index="1" head="0" relation="ROOT"/></mor></w>
    <w>any<mor type="mor"><mw><pos><c>qn</c></pos><stem>any</stem></mw><gra type="gra" index="2" head="3" relation="QUANT"/></mor></w>
    <w>help<mor type="mor"><mw><pos><c>n</c></pos><stem>help</stem></mw><gra type="gra" index="3" head="1" relation="OBJ"/></mor></w>
    <t type="q"><mor type="mor"><mt type="q"/><gra type="gra" index="4" head="1" relation="PUNCT"/></mor></t>

  </u>
  <u who="CHI" uID="u1">
    <w>nope<mor type="mor"><mw><pos><c>co</c></pos><stem>nope</stem></mw><gra type="gra" index="1" head="0" relation="INCROOT"/></mor></w>
    <t type="p"><mor type="mor"><mt type="p"/><gra type="gra" index="2" head="1" relation="PUNCT"/></mor></t>

    <a type="gesture">&lt;aft&gt; has a pained expression</a>
    <a type="actions">&lt;aft&gt; attempts to turn shape box over but lid closes on fingers</a>
  </u>
  <u who="MOT" uID="u2">
    <w>okay<mor type="mor"><mw><pos><c>co</c></pos><stem>okay</stem></mw><gra type="gra" index="1" head="0" relation="INCROOT"/></mor></w>
    <t type="p"><mor type="mor"><mt type="p"/><gra type="gra" index="2" head="1" relation="PUNCT"/></mor></t>

  </u>
  <u who="MOT" uID="u3">
    <w>careful<mor type="mor"><mw><pos><c>adj</c></pos><stem>care</stem><mk type="sfxf">dn</mk><mk type="sfx">FULL</mk></mw><gra type="gra" index="1" head="0" relation="INCROOT"/></mor></w>
    <t type="p"><mor type="mor"><mt type="p"/><gra type="gra" index="2" head="1" relation="PUNCT"/></mor></t>

  </u>
  <u who="MOT" uID="u4">
    <w>you'll<mor type="mor"><mw><pos><c>pro</c><s>per</s></pos><stem>you</stem></mw><gra type="gra" index="1" head="3" relation="SUBJ"/><mor-post><mw><pos><c>mod</c></pos><stem>will</stem></mw><gra type="gra" index="2" head="3" relation="AUX"/></mor-post></mor></w>
    <w>hurt<mor type="mor"><mw><pos><c>v</c></pos><stem>hurt</stem><mk type="sfxf">ZERO</mk></mw><gra type="gra" index="3" head="0" relation="ROOT"/></mor></w>
    <w>your<mor type="mor"><mw><pos><c>det</c><s>poss</s></pos><stem>your</stem></mw><gra type="gra" index="4" head="5" relation="DET"/></mor></w>
    <w>fingers<mor type="mor"><mw><pos><c>n</c></pos><stem>finger</stem><mk type="sfx">PL</mk></mw><gra type="gra" index="5" head="3" relation="OBJ"/></mor></w>
    <t type="p"><mor type="mor"><mt type="p"/><gra type="gra" index="6" head="3" relation="PUNCT"/></mor></t>

    <a type="actions">&lt;1w&gt; scratches face .</a>
  </u>
  <u who="MOT" uID="u5">
    <w>would<mor type="mor"><mw><pos><c>mod</c></pos><stem>will</stem><mk type="sfxf">COND</mk></mw><gra type="gra" index="1" head="3" relation="AUX"/></mor></w>
    <w>you<mor type="mor"><mw><pos><c>pro</c><s>per</s></pos><stem>you</stem></mw><gra type="gra" index="2" head="3" relation="SUBJ"/></mor></w>
    <w>like<mor type="mor"><mw><pos><c>v</c></pos><stem>like</stem></mw><gra type="gra" index="3" head="0" relation="ROOT"/></mor></w>
    <w>me<mor type="mor"><mw><pos><c>pro</c><s>obj</s></pos><stem>me</stem></mw><gra type="gra" index="4" head="3" relation="OBJ"/></mor></w>
    <w>to<mor type="mor"><mw><pos><c>inf</c></pos><stem>to</stem></mw><gra type="gra" index="5" head="6" relation="INF"/></mor></w>
    <w>hold<mor type="mor"><mw><pos><c>v</c></pos><stem>hold</stem></mw><gra type="gra" index="6" head="3" relation="COMP"/></mor></w>
    <w>that<mor type="mor"><mw><pos><c>pro</c><s>dem</s></pos><stem>that</stem></mw><gra type="gra" index="7" head="6" relation="OBJ"/></mor></w>
    <w>for<mor type="mor"><mw><pos><c>prep</c></pos><stem>for</stem></mw><gra type="gra" index="8" head="6" relation="JCT"/></mor></w>
    <w>you<mor type="mor"><mw><pos><c>pro</c><s>per</s></pos><stem>you</stem></mw><gra type="gra" index="9" head="8" relation="POBJ"/></mor></w>
    <t type="q"><mor type="mor"><mt type="q"/><gra type="gra" index="10" head="3" relation="PUNCT"/></mor></t>

    <a type="actions">&lt;1w&gt; opens shape box lid and holds it open</a>
  </u>
  <u who="CHI" uID="u6">
    <w>yeah<mor type="mor"><mw><pos><c>co</c></pos><stem>yeah</stem></mw><gra type="gra" index="1" head="0" relation="INCROOT"/></mor></w>
    <t type="p"><mor type="mor"><mt type="p"/><gra type="gra" index="2" head="1" relation="PUNCT"/></mor></t>

  </u>
  <u who="MOT" uID="u7">
    <w>okay<mor type="mor"><mw><pos><c>co</c></pos><stem>okay</stem></mw><gra type="gra" index="1" head="0" relation="INCROOT"/></mor></w>
    <t type="p"><mor type="mor"><mt type="p"/><gra type="gra" index="2" head="1" relation="PUNCT"/></mor></t>

  </u>
  <u who="CHI" uID="u8">
    <e><action/></e>
    <t type="p"></t>

    <a type="actions">picks up shape box and dumps the objects on the floor . uses hand to help put the objects out</a>
  </u>
  <u who="MOT" uID="u9">
    <w>okay<mor type="mor"><mw><pos><c>co</c></pos><stem>okay</stem></mw><gra type="gra" index="1" head="0" relation="INCROOT"/></mor></w>
    <t type="p"><mor type="mor"><mt type="p"/><gra type="gra" index="2" head="1" relation="PUNCT"/></mor></t>

    <a type="actions">closes shape box lid and moves shape box</a>
  </u>
  <u who="MOT" uID="u10">
    <w>now<mor type="mor"><mw><pos><c>adv</c><s>tem</s></pos><stem>now</stem></mw><gra type="gra" index="1" head="0" relation="ROOT"/></mor></w>
    <w>what<mor type="mor"><mw><pos><c>pro</c><s>int</s></pos><stem>what</stem></mw><gra type="gra" index="2" head="1" relation="INCROOT"/></mor></w>
    <t type="q"><mor type="mor"><mt type="q"/><gra type="gra" index="3" head="2" relation="PUNCT"/></mor></t>

  </u>
  <u who="CHI" uID="u11">
    <w type="filler">um</w>
    <t type="p"></t>

    <a type="actions">&lt;1w&gt; puts shape box on floor .</a>
  </u>
  <u who="CHI" uID="u12">
    <w untranscribed="unintelligible">xxx</w>
    <t type="p"></t>

    <a type="actions">&lt;1w&gt; picks up object and puts in shape box . repeats three more times</a>
  </u>
  <u who="MOT" uID="u13">
    <w>whoop<shortening>s</shortening><mor type="mor"><mw><pos><c>co</c></pos><stem>whoops</stem></mw><gra type="gra" index="1" head="0" relation="INCROOT"/></mor></w>
    <t type="p"><mor type="mor"><mt type="p"/><gra type="gra" index="2" head="1" relation="PUNCT"/></mor></t>

  </u>
  <u who="MOT" uID="u14">
    <w>can<mor type="mor"><mw><pos><c>mod</c></pos><stem>can</stem></mw><gra type="gra" index="1" head="3" relation="AUX"/></mor></w>
    <w>you<mor type="mor"><mw><pos><c>pro</c><s>per</s></pos><stem>you</stem></mw><gra type="gra" index="2" head="3" relation="SUBJ"/></mor></w>
    <w>count<mor type="mor"><mw><pos><c>n</c></pos><stem>count</stem></mw><gra type="gra" index="3" head="0" relation="INCROOT"/></mor></w>
    <w>when<mor type="mor"><mw><pos><c>conj</c></pos><stem>when</stem></mw><gra type="gra" index="4" head="6" relation="LINK"/></mor></w>
    <w>you<mor type="mor"><mw><pos><c>pro</c><s>per</s></pos><stem>you</stem></mw><gra type="gra" index="5" head="6" relation="SUBJ"/></mor></w>
    <w>put<mor type="mor"><mw><pos><c>v</c></pos><stem>put</stem><mk type="sfxf">ZERO</mk></mw><gra type="gra" index="6" head="3" relation="CMOD"/></mor></w>
    <w>them<mor type="mor"><mw><pos><c>pro</c><s>obj</s></pos><stem>them</stem></mw><gra type="gra" index="7" head="6" relation="OBJ"/></mor></w>
    <w>in<mor type="mor"><mw><pos><c>adv</c></pos><stem>in</stem></mw><gra type="gra" index="8" head="6" relation="JCT"/></mor></w>
    <t type="q"><mor type="mor"><mt type="q"/><gra type="gra" index="9" head="3" relation="PUNCT"/></mor></t>

  </u>
  <u who="MOT" uID="u15">
    <w>one<mor type="mor"><mw><pos><c>det</c><s>num</s></pos><stem>one</stem></mw><gra type="gra" index="1" head="0" relation="INCROOT"/></mor></w>
    <t type="trail off"><mor type="mor"><mt type="trail off"/><gra type="gra" index="2" head="1" relation="PUNCT"/></mor></t>

  </u>
  <u who="CHI" uID="u16">
    <e><action/></e>
    <t type="p"></t>

    <a type="actions">picks up object and puts in shape box . repeats five times</a>
  </u>
  <u who="CHI" uID="u17">
    <w>where<mor type="mor"><mw><pos><c>pro</c><s>rel</s></pos><stem>where</stem></mw><gra type="gra" index="1" head="3" relation="LINK"/></mor></w>
    <w>that<mor type="mor"><mw><pos><c>comp</c></pos><stem>that</stem></mw><gra type="gra" index="2" head="3" relation="SUBJ"/></mor></w>
    <w>go<mor type="mor"><mw><pos><c>v</c></pos><stem>go</stem></mw><gra type="gra" index="3" head="0" relation="ROOT"/></mor></w>
    <t type="q"><mor type="mor"><mt type="q"/><gra type="gra" index="4" head="3" relation="PUNCT"/></mor></t>

    <a type="actions">picks up object and attempts to put it through the wrong hole</a>
    <a type="extension" flavor="pho">&lt;2w&gt; d&amp;t</a>
  </u>
  <u who="MOT" uID="u18">
    <w>can<mor type="mor"><mw><pos><c>mod</c></pos><stem>can</stem></mw><gra type="gra" index="1" head="3" relation="AUX"/></mor></w>
    <w>you<mor type="mor"><mw><pos><c>pro</c><s>per</s></pos><stem>you</stem></mw><gra type="gra" index="2" head="3" relation="SUBJ"/></mor></w>
    <w>figure<mor type="mor"><mw><pos><c>v</c></pos><stem>figure</stem></mw><gra type="gra" index="3" head="0" relation="ROOT"/></mor></w>
    <w>out<mor type="mor"><mw><pos><c>adv</c></pos><stem>out</stem></mw><gra type="gra" index="4" head="3" relation="JCT"/></mor></w>
    <w>which<mor type="mor"><mw><pos><c>pro</c><s>int</s></pos><stem>which</stem></mw><gra type="gra" index="5" head="6" relation="LINK"/></mor></w>
    <w>one<mor type="mor"><mw><pos><c>pro</c><s>indef</s></pos><stem>one</stem></mw><gra type="gra" index="6" head="8" relation="PRED"/></mor></w>
    <w>it<mor type="mor"><mw><pos><c>pro</c><s>per</s></pos><stem>it</stem></mw><gra type="gra" index="7" head="8" relation="SUBJ"/></mor></w>
    <w>goes<mor type="mor"><mw><pos><c>v</c></pos><stem>go</stem><mk type="sfx">3S</mk></mw><gra type="gra" index="8" head="3" relation="COMP"/></mor></w>
    <w>in<mor type="mor"><mw><pos><c>adv</c></pos><stem>in</stem></mw><gra type="gra" index="9" head="8" relation="JCT"/></mor></w>
    <t type="q"><mor type="mor"><mt type="q"/><gra type="gra" index="10" head="3" relation="PUNCT"/></mor></t>

  </u>
  <u who="CHI" uID="u19">
    <w type="filler">uh</w>
    <t type="p"></t>

    <a type="actions">puts object behind back</a>
  </u>
  <u who="MOT" uID="u20">
    <w>which<mor type="mor"><mw><pos><c>pro</c><s>int</s></pos><stem>which</stem></mw><gra type="gra" index="1" head="2" relation="LINK"/></mor></w>
    <w>one<mor type="mor"><mw><pos><c>det</c><s>num</s></pos><stem>one</stem></mw><gra type="gra" index="2" head="5" relation="SUBJ"/></mor></w>
    <w>does<mor type="mor"><mw><pos><c>mod</c></pos><stem>do</stem><mk type="sfxf">3S</mk></mw><gra type="gra" index="3" head="5" relation="AUX"/></mor></w>
    <w>it<mor type="mor"><mw><pos><c>pro</c><s>per</s></pos><stem>it</stem></mw><gra type="gra" index="4" head="5" relation="SUBJ"/></mor></w>
    <w>go<mor type="mor"><mw><pos><c>v</c></pos><stem>go</stem></mw><gra type="gra" index="5" head="0" relation="ROOT"/></mor></w>
    <w>in<mor type="mor"><mw><pos><c>adv</c></pos><stem>in</stem></mw><gra type="gra" index="6" head="5" relation="JCT"/></mor></w>
    <t type="q"><mor type="mor"><mt type="q"/><gra type="gra" index="7" head="5" relation="PUNCT"/></mor></t>

  </u>
  <u who="MOT" uID="u21">
    <w>look<mor type="mor"><mw><pos><c>v</c></pos><stem>look</stem></mw><gra type="gra" index="1" head="0" relation="ROOT"/></mor></w>
    <w>at<mor type="mor"><mw><pos><c>prep</c></pos><stem>at</stem></mw><gra type="gra" index="2" head="1" relation="JCT"/></mor></w>
    <w>the<mor type="mor"><mw><pos><c>det</c><s>art</s></pos><stem>the</stem></mw><gra type="gra" index="3" head="4" relation="DET"/></mor></w>
    <w>shape<mor type="mor"><mw><pos><c>n</c></pos><stem>shape</stem></mw><gra type="gra" index="4" head="2" relation="POBJ"/></mor></w>
    <t type="p"><mor type="mor"><mt type="p"/><gra type="gra" index="5" head="1" relation="PUNCT"/></mor></t>

  </u>
  <u who="CHI" uID="u22">
    <w>where<mor type="mor"><mw><pos><c>pro</c><s>rel</s></pos><stem>where</stem></mw><gra type="gra" index="1" head="0" relation="INCROOT"/></mor></w>
    <t type="trail off"><mor type="mor"><mt type="trail off"/><gra type="gra" index="2" head="1" relation="PUNCT"/></mor></t>

    <a type="actions">&lt;bef&gt; puts object ot wrong hole</a>
  </u>
  <u who="MOT" uID="u23">
    <w>you<mor type="mor"><mw><pos><c>pro</c><s>per</s></pos><stem>you</stem></mw><gra type="gra" index="1" head="2" relation="SUBJ"/></mor></w>
    <w>see<mor type="mor"><mw><pos><c>v</c></pos><stem>see</stem></mw><gra type="gra" index="2" head="0" relation="ROOT"/></mor></w>
    <w>the<mor type="mor"><mw><pos><c>det</c><s>art</s></pos><stem>the</stem></mw><gra type="gra" index="3" head="4" relation="DET"/></mor></w>
    <w>shape<mor type="mor"><mw><pos><c>n</c></pos><stem>shape</stem></mw><gra type="gra" index="4" head="2" relation="OBJ"/></mor></w>
    <w>of<mor type="mor"><mw><pos><c>prep</c></pos><stem>of</stem></mw><gra type="gra" index="5" head="4" relation="NJCT"/></mor></w>
    <w>it<mor type="mor"><mw><pos><c>pro</c><s>per</s></pos><stem>it</stem></mw><gra type="gra" index="6" head="5" relation="POBJ"/></mor></w>
    <t type="q"><mor type="mor"><mt type="q"/><gra type="gra" index="7" head="2" relation="PUNCT"/></mor></t>

    <a type="gesture">points to distinct shape</a>
  </u>
  <u who="CHI" uID="u24">
    <w>oh<mor type="mor"><mw><pos><c>co</c></pos><stem>oh</stem></mw><gra type="gra" index="1" head="0" relation="INCROOT"/></mor></w>
    <t type="p"><mor type="mor"><mt type="p"/><gra type="gra" index="2" head="1" relation="PUNCT"/></mor></t>

    <a type="actions">puts object to hole</a>
  </u>
  <u who="MOT" uID="u25">
    <w>can<mor type="mor"><mw><pos><c>mod</c></pos><stem>can</stem></mw><gra type="gra" index="1" head="3" relation="AUX"/></mor></w>
    <w>you<mor type="mor"><mw><pos><c>pro</c><s>per</s></pos><stem>you</stem></mw><gra type="gra" index="2" head="3" relation="SUBJ"/></mor></w>
    <w>find<mor type="mor"><mw><pos><c>v</c></pos><stem>find</stem></mw><gra type="gra" index="3" head="0" relation="ROOT"/></mor></w>
    <w>one<mor type="mor"><mw><pos><c>det</c><s>num</s></pos><stem>one</stem></mw><gra type="gra" index="4" head="3" relation="OBJ"/></mor></w>
    <w>of<mor type="mor"><mw><pos><c>prep</c></pos><stem>of</stem></mw><gra type="gra" index="5" head="4" relation="JCT"/></mor></w>
    <w>these<mor type="mor"><mw><pos><c>det</c><s>dem</s></pos><stem>these</stem></mw><gra type="gra" index="6" head="8" relation="DET"/></mor></w>
    <w>that<mor type="mor"><mw><pos><c>comp</c></pos><stem>that</stem></mw><gra type="gra" index="7" head="8" relation="LINK"/></mor></w>
    <w>looks<mor type="mor"><mw><pos><c>cop</c></pos><stem>look</stem><mk type="sfx">3S</mk></mw><gra type="gra" index="8" head="5" relation="POBJ"/></mor></w>
    <w>the<mor type="mor"><mw><pos><c>det</c><s>art</s></pos><stem>the</stem></mw><gra type="gra" index="9" head="10" relation="DET"/></mor></w>
    <w>same<mor type="mor"><mw><pos><c>adj</c></pos><stem>same</stem></mw><gra type="gra" index="10" head="8" relation="PRED"/></mor></w>
    <w>as<mor type="mor"><mw><pos><c>prep</c></pos><stem>as</stem></mw><gra type="gra" index="11" head="12" relation="COORD"/></mor></w>
    <w>that<mor type="mor"><mw><pos><c>pro</c><s>dem</s></pos><stem>that</stem></mw><gra type="gra" index="12" head="10" relation="ENUM"/></mor></w>
    <t type="q"><mor type="mor"><mt type="q"/><gra type="gra" index="13" head="3" relation="PUNCT"/></mor></t>

    <a type="gesture">points to holes on shape box lid</a>
  </u>
  <u who="CHI" uID="u26">
    <e><action/></e>
    <t type="p"></t>

    <a type="actions">puts object to wrong holes three times</a>
  </u>
  <u who="MOT" uID="u27">
    <w>you<mor type="mor"><mw><pos><c>pro</c><s>per</s></pos><stem>you</stem></mw><gra type="gra" index="1" head="5" relation="SUBJ"/></mor></w>
    <w>might<mor type="mor"><mw><pos><c>mod</c></pos><stem>might</stem></mw><gra type="gra" index="2" head="5" relation="AUX"/></mor></w>
    <w>hafta<mor type="mor"><mw><pos><c>mod</c></pos><stem>have</stem></mw><gra type="gra" index="3" head="5" relation="AUX"/><mor-post><mw><pos><c>inf</c></pos><stem>to</stem></mw><gra type="gra" index="4" head="5" relation="INF"/></mor-post></mor></w>
    <w>turn<mor type="mor"><mw><pos><c>v</c></pos><stem>turn</stem></mw><gra type="gra" index="5" head="0" relation="ROOT"/></mor></w>
    <w>it<mor type="mor"><mw><pos><c>pro</c><s>per</s></pos><stem>it</stem></mw><gra type="gra" index="6" head="5" relation="OBJ"/></mor></w>
    <t type="p"><mor type="mor"><mt type="p"/><gra type="gra" index="7" head="5" relation="PUNCT"/></mor></t>

  </u>
  <u who="MOT" uID="u28">
    <w>so<mor type="mor"><mw><pos><c>co</c></pos><stem>so</stem></mw><gra type="gra" index="1" head="4" relation="COM"/></mor></w>
    <w>it<mor type="mor"><mw><pos><c>pro</c><s>per</s></pos><stem>it</stem></mw><gra type="gra" index="2" head="4" relation="SUBJ"/></mor></w>
    <w>will<mor type="mor"><mw><pos><c>mod</c></pos><stem>will</stem></mw><gra type="gra" index="3" head="4" relation="AUX"/></mor></w>
    <w>fit<mor type="mor"><mw><pos><c>v</c></pos><stem>fit</stem><mk type="sfxf">ZERO</mk></mw><gra type="gra" index="4" head="0" relation="ROOT"/></mor></w>
    <t type="p"><mor type="mor"><mt type="p"/><gra type="gra" index="5" head="4" relation="PUNCT"/></mor></t>

  </u>
  <u who="MOT" uID="u29">
    <w>which<mor type="mor"><mw><pos><c>pro</c><s>int</s></pos><stem>which</stem></mw><gra type="gra" index="1" head="2" relation="LINK"/></mor></w>
    <w>one<mor type="mor"><mw><pos><c>det</c><s>num</s></pos><stem>one</stem></mw><gra type="gra" index="2" head="5" relation="SUBJ"/></mor></w>
    <w>do<mor type="mor"><mw><pos><c>mod</c></pos><stem>do</stem></mw><gra type="gra" index="3" head="5" relation="AUX"/></mor></w>
    <w>you<mor type="mor"><mw><pos><c>pro</c><s>per</s></pos><stem>you</stem></mw><gra type="gra" index="4" head="5" relation="SUBJ"/></mor></w>
    <w>think<mor type="mor"><mw><pos><c>v</c></pos><stem>think</stem></mw><gra type="gra" index="5" head="8" relation="SUBJ"/></mor></w>
    <w>it<mor type="mor"><mw><pos><c>pro</c><s>per</s></pos><stem>it</stem></mw><gra type="gra" index="6" head="5" relation="OBJ"/></mor></w>
    <w>will<mor type="mor"><mw><pos><c>mod</c></pos><stem>will</stem></mw><gra type="gra" index="7" head="8" relation="AUX"/></mor></w>
    <w>go<mor type="mor"><mw><pos><c>v</c></pos><stem>go</stem></mw><gra type="gra" index="8" head="0" relation="ROOT"/></mor></w>
    <w>in<mor type="mor"><mw><pos><c>adv</c></pos><stem>in</stem></mw><gra type="gra" index="9" head="8" relation="JCT"/></mor></w>
    <t type="q"><mor type="mor"><mt type="q"/><gra type="gra" index="10" head="8" relation="PUNCT"/></mor></t>

  </u>
  <u who="CHI" uID="u30">
    <w>where<mor type="mor"><mw><pos><c>pro</c><s>rel</s></pos><stem>where</stem></mw><gra type="gra" index="1" head="0" relation="INCROOT"/></mor></w>
    <t type="q"><mor type="mor"><mt type="q"/><gra type="gra" index="2" head="1" relation="PUNCT"/></mor></t>

    <a type="actions">&lt;bef&gt; tries another hole . &lt;aft&gt; tries again</a>
  </u>
  <u who="MOT" uID="u31">
    <w>which<mor type="mor"><mw><pos><c>pro</c><s>int</s></pos><stem>which</stem></mw><gra type="gra" index="1" head="2" relation="LINK"/></mor></w>
    <w>one<mor type="mor"><mw><pos><c>pro</c><s>indef</s></pos><stem>one</stem></mw><gra type="gra" index="2" head="0" relation="INCROOT"/></mor></w>
    <t type="q"><mor type="mor"><mt type="q"/><gra type="gra" index="3" head="2" relation="PUNCT"/></mor></t>

  </u>
  <u who="MOT" uID="u32">
    <w>no<mor type="mor"><mw><pos><c>co</c></pos><stem>no</stem></mw><gra type="gra" index="1" head="3" relation="COM"/></mor></w>
    <pause symbolic-length="simple"/>
    <w>that's<mor type="mor"><mw><pos><c>pro</c><s>dem</s></pos><stem>that</stem></mw><gra type="gra" index="2" head="3" relation="SUBJ"/><mor-post><mw><pos><c>cop</c></pos><stem>be</stem><mk type="sfxf">3S</mk></mw><gra type="gra" index="3" head="0" relation="ROOT"/></mor-post></mor></w>
    <w>too<mor type="mor"><mw><pos><c>adv</c></pos><stem>too</stem></mw><gra type="gra" index="4" head="5" relation="JCT"/></mor></w>
    <w>sk<shortening>inny</shortening><mor type="mor"><mw><pos><c>adj</c></pos><stem>skin</stem><mk type="sfxf">dn</mk><mk type="sfx">Y</mk></mw><gra type="gra" index="5" head="3" relation="PRED"/></mor></w>
    <t type="trail off"><mor type="mor"><mt type="trail off"/><gra type="gra" index="6" head="3" relation="PUNCT"/></mor></t>

    <a type="gesture">&lt;1w&gt; points to hole , to object</a>
  </u>
  <u who="MOT" uID="u33">
    <w>this<mor type="mor"><mw><pos><c>pro</c><s>dem</s></pos><stem>this</stem></mw><gra type="gra" index="1" head="2" relation="SUBJ"/></mor></w>
    <w>is<mor type="mor"><mw><pos><c>cop</c></pos><stem>be</stem><mk type="sfxf">3S</mk></mw><gra type="gra" index="2" head="0" relation="ROOT"/></mor></w>
    <w>too<mor type="mor"><mw><pos><c>adv</c></pos><stem>too</stem></mw><gra type="gra" index="3" head="4" relation="JCT"/></mor></w>
    <w>skinny<mor type="mor"><mw><pos><c>adj</c></pos><stem>skin</stem><mk type="sfxf">dn</mk><mk type="sfx">Y</mk></mw><gra type="gra" index="4" head="2" relation="PRED"/></mor></w>
    <w>to<mor type="mor"><mw><pos><c>inf</c></pos><stem>to</stem></mw><gra type="gra" index="5" head="6" relation="INF"/></mor></w>
    <w>put<mor type="mor"><mw><pos><c>v</c></pos><stem>put</stem><mk type="sfxf">ZERO</mk></mw><gra type="gra" index="6" head="4" relation="XMOD"/></mor></w>
    <w>that<mor type="mor"><mw><pos><c>comp</c></pos><stem>that</stem></mw><gra type="gra" index="7" head="6" relation="OBJ"/></mor></w>
    <w>in<mor type="mor"><mw><pos><c>adv</c></pos><stem>in</stem></mw><gra type="gra" index="8" head="7" relation="JCT"/></mor></w>
    <t type="p"><mor type="mor"><mt type="p"/><gra type="gra" index="9" head="2" relation="PUNCT"/></mor></t>

  </u>
  <u who="CHI" uID="u34">
    <e><action/></e>
    <t type="p"></t>

    <a type="paralinguistics">smiles</a>
    <a type="actions">opens shape box lid and drops object inside</a>
  </u>
  <u who="MOT" uID="u35">
    <w>that's<mor type="mor"><mw><pos><c>pro</c><s>dem</s></pos><stem>that</stem></mw><gra type="gra" index="1" head="2" relation="SUBJ"/><mor-post><mw><pos><c>cop</c></pos><stem>be</stem><mk type="sfxf">3S</mk></mw><gra type="gra" index="2" head="0" relation="ROOT"/></mor-post></mor></w>
    <pause symbolic-length="simple"/>
    <w>the<mor type="mor"><mw><pos><c>det</c><s>art</s></pos><stem>the</stem></mw><gra type="gra" index="3" head="5" relation="DET"/></mor></w>
    <w>easy<mor type="mor"><mw><pos><c>adj</c></pos><stem>ease</stem><mk type="sfxf">dn</mk><mk type="sfx">Y</mk></mw><gra type="gra" index="4" head="5" relation="MOD"/></mor></w>
    <w>way<mor type="mor"><mw><pos><c>n</c></pos><stem>way</stem></mw><gra type="gra" index="5" head="2" relation="PRED"/></mor></w>
    <w>out<mor type="mor"><mw><pos><c>adv</c></pos><stem>out</stem></mw><gra type="gra" index="6" head="5" relation="NJCT"/></mor></w>
    <t type="p"><mor type="mor"><mt type="p"/><gra type="gra" index="7" head="2" relation="PUNCT"/></mor></t>

  </u>
  <u who="CHI" uID="u36">
    <w untranscribed="unintelligible">xxx</w>
    <t type="p"></t>

    <a type="actions">closes lid . picks up object</a>
  </u>
  <u who="MOT" uID="u37">
    <w>find<mor type="mor"><mw><pos><c>v</c></pos><stem>find</stem></mw><gra type="gra" index="1" head="0" relation="ROOT"/></mor></w>
    <w>the<mor type="mor"><mw><pos><c>det</c><s>art</s></pos><stem>the</stem></mw><gra type="gra" index="2" head="4" relation="DET"/></mor></w>
    <w>right<mor type="mor"><mw><pos><c>adj</c></pos><stem>right</stem></mw><gra type="gra" index="3" head="4" relation="MOD"/></mor></w>
    <w>shape<mor type="mor"><mw><pos><c>n</c></pos><stem>shape</stem></mw><gra type="gra" index="4" head="1" relation="OBJ"/></mor></w>
    <t type="p"><mor type="mor"><mt type="p"/><gra type="gra" index="5" head="1" relation="PUNCT"/></mor></t>

  </u>
  <u who="MOT" uID="u38">
    <w>now<mor type="mor"><mw><pos><c>adv</c><s>tem</s></pos><stem>now</stem></mw><gra type="gra" index="1" head="2" relation="JCT"/></mor></w>
    <w>look<mor type="mor"><mw><pos><c>v</c></pos><stem>look</stem></mw><gra type="gra" index="2" head="0" relation="ROOT"/></mor></w>
    <w>at<mor type="mor"><mw><pos><c>prep</c></pos><stem>at</stem></mw><gra type="gra" index="3" head="2" relation="JCT"/></mor></w>
    <w>the<mor type="mor"><mw><pos><c>det</c><s>art</s></pos><stem>the</stem></mw><gra type="gra" index="4" head="5" relation="DET"/></mor></w>
    <w>end<mor type="mor"><mw><pos><c>n</c></pos><stem>end</stem></mw><gra type="gra" index="5" head="3" relation="POBJ"/></mor></w>
    <t type="p"><mor type="mor"><mt type="p"/><gra type="gra" index="6" head="2" relation="PUNCT"/></mor></t>

  </u>
  <u who="MOT" uID="u39">
    <w>see<mor type="mor"><mw><pos><c>v</c></pos><stem>see</stem></mw><gra type="gra" index="1" head="0" relation="ROOT"/></mor></w>
    <t type="q"><mor type="mor"><mt type="q"/><gra type="gra" index="2" head="1" relation="PUNCT"/></mor></t>

  </u>
  <u who="MOT" uID="u40">
    <w>how<mor type="mor"><mw><pos><c>pro</c><s>int</s></pos><stem>how</stem></mw><gra type="gra" index="1" head="3" relation="LINK"/></mor></w>
    <w>it<mor type="mor"><mw><pos><c>pro</c><s>per</s></pos><stem>it</stem></mw><gra type="gra" index="2" head="3" relation="SUBJ"/></mor></w>
    <w>goes<mor type="mor"><mw><pos><c>v</c></pos><stem>go</stem><mk type="sfx">3S</mk></mw><gra type="gra" index="3" head="0" relation="ROOT"/></mor></w>
    <w>like<mor type="mor"><mw><pos><c>prep</c></pos><stem>like</stem></mw><gra type="gra" index="4" head="3" relation="JCT"/></mor></w>
    <w>that<mor type="mor"><mw><pos><c>pro</c><s>dem</s></pos><stem>that</stem></mw><gra type="gra" index="5" head="4" relation="POBJ"/></mor></w>
    <t type="q"><mor type="mor"><mt type="q"/><gra type="gra" index="6" head="3" relation="PUNCT"/></mor></t>

  </u>
  <u who="CHI" uID="u41">
    <w>huh<mor type="mor"><mw><pos><c>co</c></pos><stem>huh</stem></mw><gra type="gra" index="1" head="0" relation="INCROOT"/></mor></w>
    <t type="p"><mor type="mor"><mt type="p"/><gra type="gra" index="2" head="1" relation="PUNCT"/></mor></t>

  </u>
  <u who="MOT" uID="u42">
    <w>do<mor type="mor"><mw><pos><c>mod</c></pos><stem>do</stem></mw><gra type="gra" index="1" head="3" relation="AUX"/></mor></w>
    <w>you<mor type="mor"><mw><pos><c>pro</c><s>per</s></pos><stem>you</stem></mw><gra type="gra" index="2" head="3" relation="SUBJ"/></mor></w>
    <w>find<mor type="mor"><mw><pos><c>v</c></pos><stem>find</stem></mw><gra type="gra" index="3" head="0" relation="ROOT"/></mor></w>
    <w>one<mor type="mor"><mw><pos><c>det</c><s>num</s></pos><stem>one</stem></mw><gra type="gra" index="4" head="3" relation="OBJ"/></mor></w>
    <w>like<mor type="mor"><mw><pos><c>prep</c></pos><stem>like</stem></mw><gra type="gra" index="5" head="4" relation="JCT"/></mor></w>
    <w>that<mor type="mor"><mw><pos><c>pro</c><s>dem</s></pos><stem>that</stem></mw><gra type="gra" index="6" head="5" relation="POBJ"/></mor></w>
    <t type="q"><mor type="mor"><mt type="q"/><gra type="gra" index="7" head="3" relation="PUNCT"/></mor></t>

  </u>
  <u who="MOT" uID="u43">
    <w>which<mor type="mor"><mw><pos><c>pro</c><s>int</s></pos><stem>which</stem></mw><gra type="gra" index="1" head="2" relation="LINK"/></mor></w>
    <w>one<mor type="mor"><mw><pos><c>pro</c><s>indef</s></pos><stem>one</stem></mw><gra type="gra" index="2" head="6" relation="CSUBJ"/></mor></w>
    <w>of<mor type="mor"><mw><pos><c>prep</c></pos><stem>of</stem></mw><gra type="gra" index="3" head="2" relation="NJCT"/></mor></w>
    <w>these<mor type="mor"><mw><pos><c>det</c><s>dem</s></pos><stem>these</stem></mw><gra type="gra" index="4" head="5" relation="DET"/></mor></w>
    <w>matches<mor type="mor"><mw><pos><c>n</c></pos><stem>match</stem><mk type="sfx">PL</mk></mw><gra type="gra" index="5" head="3" relation="POBJ"/></mor></w>
    <w>that<mor type="mor"><mw><pos><c>pro</c><s>dem</s></pos><stem>that</stem></mw><gra type="gra" index="6" head="0" relation="ROOT"/></mor></w>
    <t type="q"><mor type="mor"><mt type="q"/><gra type="gra" index="7" head="6" relation="PUNCT"/></mor></t>

    <a type="gesture">&lt;1w&gt; points to holes on lid</a>
  </u>
  <u who="CHI" uID="u44">
    <e><action/></e>
    <t type="p"></t>

    <a type="paralinguistics">smiles</a>
    <a type="actions">takes object from Mother , opens shape box lid and drops object inside</a>
    <a type="gesture">shakes head</a>
  </u>
  <u who="MOT" uID="u45">
    <w>okay<mor type="mor"><mw><pos><c>co</c></pos><stem>okay</stem></mw><gra type="gra" index="1" head="0" relation="INCROOT"/></mor></w>
    <t type="p"><mor type="mor"><mt type="p"/><gra type="gra" index="2" head="1" relation="PUNCT"/></mor></t>

    <a type="actions">&lt;1w&gt; shrugs .</a>
  </u>
  <u who="MOT" uID="u46">
    <w>can<mor type="mor"><mw><pos><c>mod</c></pos><stem>can</stem></mw><gra type="gra" index="1" head="3" relation="AUX"/></mor></w>
    <w>you<mor type="mor"><mw><pos><c>pro</c><s>per</s></pos><stem>you</stem></mw><gra type="gra" index="2" head="3" relation="SUBJ"/></mor></w>
    <w>put<mor type="mor"><mw><pos><c>v</c></pos><stem>put</stem><mk type="sfxf">ZERO</mk></mw><gra type="gra" index="3" head="0" relation="ROOT"/></mor></w>
    <w>the<mor type="mor"><mw><pos><c>det</c><s>art</s></pos><stem>the</stem></mw><gra type="gra" index="4" head="5" relation="DET"/></mor></w>
    <w>rest<mor type="mor"><mw><pos><c>n</c></pos><stem>rest</stem></mw><gra type="gra" index="5" head="3" relation="OBJ"/></mor></w>
    <w>in<mor type="mor"><mw><pos><c>adv</c></pos><stem>in</stem></mw><gra type="gra" index="6" head="3" relation="JCT"/></mor></w>
    <t type="q"><mor type="mor"><mt type="q"/><gra type="gra" index="7" head="3" relation="PUNCT"/></mor></t>

    <a type="actions">&lt;1w&gt; rubs nose</a>
  </u>
  <u who="CHI" uID="u47">
    <w>hm<p type="drawl"/><mor type="mor"><mw><pos><c>co</c></pos><stem>hm</stem></mw><gra type="gra" index="1" head="0" relation="INCROOT"/></mor></w>
    <t type="p"><mor type="mor"><mt type="p"/><gra type="gra" index="2" head="1" relation="PUNCT"/></mor></t>

    <a type="actions">&lt;1w&gt; picks up object and puts through hole in shape box . &lt;1w&gt; picks up object with one hand .</a>
  </u>
  <u who="CHI" uID="u48">
    <w>where<mor type="mor"><mw><pos><c>pro</c><s>rel</s></pos><stem>where</stem></mw><gra type="gra" index="1" head="3" relation="LINK"/></mor></w>
    <w>that<mor type="mor"><mw><pos><c>comp</c></pos><stem>that</stem></mw><gra type="gra" index="2" head="3" relation="SUBJ"/></mor></w>
    <w>go<mor type="mor"><mw><pos><c>v</c></pos><stem>go</stem></mw><gra type="gra" index="3" head="0" relation="ROOT"/></mor></w>
    <t type="q"><mor type="mor"><mt type="q"/><gra type="gra" index="4" head="3" relation="PUNCT"/></mor></t>

    <a type="actions">&lt;1w&gt; picks up object with other hand . puts one object down . &lt;1w&gt; attempts to put object in hole . tries another hole . tries two more times</a>
    <a type="extension" flavor="pho">&lt;2w&gt; d&amp;t</a>
  </u>
  <u who="MOT" uID="u49">
    <w>that's<mor type="mor"><mw><pos><c>pro</c><s>dem</s></pos><stem>that</stem></mw><gra type="gra" index="1" head="2" relation="SUBJ"/><mor-post><mw><pos><c>cop</c></pos><stem>be</stem><mk type="sfxf">3S</mk></mw><gra type="gra" index="2" head="0" relation="ROOT"/></mor-post></mor></w>
    <w>right<mor type="mor"><mw><pos><c>co</c></pos><stem>right</stem></mw><gra type="gra" index="3" head="2" relation="PRED"/></mor></w>
    <t type="p"><mor type="mor"><mt type="p"/><gra type="gra" index="4" head="2" relation="PUNCT"/></mor></t>

  </u>
  <u who="MOT" uID="u50">
    <w>hafta<mor type="mor"><mw><pos><c>mod</c></pos><stem>have</stem></mw><gra type="gra" index="1" head="3" relation="AUX"/><mor-post><mw><pos><c>inf</c></pos><stem>to</stem></mw><gra type="gra" index="2" head="3" relation="INF"/></mor-post></mor></w>
    <w>turn<mor type="mor"><mw><pos><c>v</c></pos><stem>turn</stem></mw><gra type="gra" index="3" head="0" relation="ROOT"/></mor></w>
    <w>it<mor type="mor"><mw><pos><c>pro</c><s>per</s></pos><stem>it</stem></mw><gra type="gra" index="4" head="3" relation="OBJ"/></mor></w>
    <w>around<mor type="mor"><mw><pos><c>adv</c></pos><stem>around</stem></mw><gra type="gra" index="5" head="3" relation="JCT"/></mor></w>
    <w>so<mor type="mor"><mw><pos><c>conj</c></pos><stem>so</stem></mw><gra type="gra" index="6" head="9" relation="LINK"/></mor></w>
    <w>it'll<mor type="mor"><mw><pos><c>pro</c><s>per</s></pos><stem>it</stem></mw><gra type="gra" index="7" head="9" relation="SUBJ"/><mor-post><mw><pos><c>mod</c></pos><stem>will</stem></mw><gra type="gra" index="8" head="9" relation="AUX"/></mor-post></mor></w>
    <w>fit<mor type="mor"><mw><pos><c>v</c></pos><stem>fit</stem><mk type="sfxf">ZERO</mk></mw><gra type="gra" index="9" head="3" relation="CJCT"/></mor></w>
    <t type="p"><mor type="mor"><mt type="p"/><gra type="gra" index="10" head="3" relation="PUNCT"/></mor></t>

  </u>
  <u who="MOT" uID="u51">
    <w>like<mor type="mor"><mw><pos><c>conj</c></pos><stem>like</stem></mw><gra type="gra" index="1" head="3" relation="LINK"/></mor></w>
    <w>you<mor type="mor"><mw><pos><c>pro</c><s>per</s></pos><stem>you</stem></mw><gra type="gra" index="2" head="3" relation="SUBJ"/></mor></w>
    <w>do<mor type="mor"><mw><pos><c>v</c></pos><stem>do</stem></mw><gra type="gra" index="3" head="0" relation="ROOT"/></mor></w>
    <w>your<mor type="mor"><mw><pos><c>det</c><s>poss</s></pos><stem>your</stem></mw><gra type="gra" index="4" head="5" relation="DET"/></mor></w>
    <w>puzzles<mor type="mor"><mw><pos><c>n</c></pos><stem>puzzle</stem><mk type="sfx">PL</mk></mw><gra type="gra" index="5" head="3" relation="OBJ"/></mor></w>
    <w>at<mor type="mor"><mw><pos><c>prep</c></pos><stem>at</stem></mw><gra type="gra" index="6" head="3" relation="JCT"/></mor></w>
    <w>home<mor type="mor"><mw><pos><c>n</c></pos><stem>home</stem></mw><gra type="gra" index="7" head="6" relation="POBJ"/></mor></w>
    <t type="p"><mor type="mor"><mt type="p"/><gra type="gra" index="8" head="3" relation="PUNCT"/></mor></t>

  </u>
  <u who="MOT" uID="u52">
    <w>hafta<mor type="mor"><mw><pos><c>mod</c></pos><stem>have</stem></mw><gra type="gra" index="1" head="3" relation="AUX"/><mor-post><mw><pos><c>inf</c></pos><stem>to</stem></mw><gra type="gra" index="2" head="3" relation="INF"/></mor-post></mor></w>
    <w>turn<mor type="mor"><mw><pos><c>v</c></pos><stem>turn</stem></mw><gra type="gra" index="3" head="0" relation="ROOT"/></mor></w>
    <w><shortening>th</shortening>em<mor type="mor"><mw><pos><c>pro</c><s>obj</s></pos><stem>them</stem></mw><gra type="gra" index="4" head="3" relation="OBJ"/></mor></w>
    <w>until<mor type="mor"><mw><pos><c>conj</c></pos><stem>until</stem></mw><gra type="gra" index="5" head="7" relation="LINK"/></mor></w>
    <w>they<mor type="mor"><mw><pos><c>pro</c><s>sub</s></pos><stem>they</stem></mw><gra type="gra" index="6" head="7" relation="SUBJ"/></mor></w>
    <w>fit<mor type="mor"><mw><pos><c>v</c></pos><stem>fit</stem><mk type="sfxf">ZERO</mk></mw><gra type="gra" index="7" head="3" relation="CJCT"/></mor></w>
    <t type="p"><mor type="mor"><mt type="p"/><gra type="gra" index="8" head="3" relation="PUNCT"/></mor></t>

  </u>
  <u who="MOT" uID="u53">
    <w>okay<mor type="mor"><mw><pos><c>co</c></pos><stem>okay</stem></mw><gra type="gra" index="1" head="0" relation="INCROOT"/></mor></w>
    <t type="q"><mor type="mor"><mt type="q"/><gra type="gra" index="2" head="1" relation="PUNCT"/></mor></t>

  </u>
  <u who="CHI" uID="u54">
    <w>won't<mor type="mor"><mw><pos><c>mod</c></pos><stem>will</stem></mw><gra type="gra" index="1" head="3" relation="AUX"/><mor-post><mw><pos><c>neg</c></pos><stem>not</stem></mw><gra type="gra" index="2" head="1" relation="NEG"/></mor-post></mor></w>
    <w>go<mor type="mor"><mw><pos><c>v</c></pos><stem>go</stem></mw><gra type="gra" index="3" head="0" relation="ROOT"/></mor></w>
    <t type="p"><mor type="mor"><mt type="p"/><gra type="gra" index="4" head="3" relation="PUNCT"/></mor></t>

    <a type="actions">&lt;aft&gt; holds out object to Mother . tries another hole</a>
  </u>
  <u who="MOT" uID="u55">
    <w>turn<mor type="mor"><mw><pos><c>v</c></pos><stem>turn</stem></mw><gra type="gra" index="1" head="0" relation="ROOT"/></mor></w>
    <w>it<mor type="mor"><mw><pos><c>pro</c><s>per</s></pos><stem>it</stem></mw><gra type="gra" index="2" head="1" relation="OBJ"/></mor></w>
    <w>on<mor type="mor"><mw><pos><c>adv</c></pos><stem>on</stem></mw><gra type="gra" index="3" head="1" relation="JCT"/></mor></w>
    <w>it's<mor type="mor"><mw><pos><c>pro</c><s>per</s></pos><stem>it</stem></mw><gra type="gra" index="4" head="5" relation="SUBJ"/><mor-post><mw><pos><c>cop</c></pos><stem>be</stem><mk type="sfxf">3S</mk></mw><gra type="gra" index="5" head="1" relation="COMP"/></mor-post></mor></w>
    <w>side<mor type="mor"><mw><pos><c>adj</c></pos><stem>side</stem></mw><gra type="gra" index="6" head="5" relation="PRED"/></mor></w>
    <w>then<mor type="mor"><mw><pos><c>adv</c><s>tem</s></pos><stem>then</stem></mw><gra type="gra" index="7" head="6" relation="JCT"/></mor></w>
    <t type="p"><mor type="mor"><mt type="p"/><gra type="gra" index="8" head="1" relation="PUNCT"/></mor></t>

    <a type="actions">moves hand to show Sue how to turn object</a>
  </u>
  <u who="MOT" uID="u56">
    <w>yeah<mor type="mor"><mw><pos><c>co</c></pos><stem>yeah</stem></mw><gra type="gra" index="1" head="0" relation="INCROOT"/></mor></w>
    <t type="p"><mor type="mor"><mt type="p"/><gra type="gra" index="2" head="1" relation="PUNCT"/></mor></t>

  </u>
  <u who="CHI" uID="u57">
    <e><action/></e>
    <t type="p"></t>

    <a type="actions">keeps trying correct hole</a>
  </u>
  <u who="MOT" uID="u58">
    <w>just<mor type="mor"><mw><pos><c>adv</c></pos><stem>just</stem></mw><gra type="gra" index="1" head="2" relation="JCT"/></mor></w>
    <w>keep<mor type="mor"><mw><pos><c>v</c></pos><stem>keep</stem></mw><gra type="gra" index="2" head="0" relation="ROOT"/></mor></w>
    <w>going<mor type="mor"><mw><pos><c>part</c></pos><stem>go</stem><mk type="sfx">PRESP</mk></mw><gra type="gra" index="3" head="2" relation="OBJ"/></mor></w>
    <w><shortening>a</shortening>round<mor type="mor"><mw><pos><c>adv</c></pos><stem>around</stem></mw><gra type="gra" index="4" head="3" relation="JCT"/></mor></w>
    <w>and<mor type="mor"><mw><pos><c>coord</c></pos><stem>and</stem></mw><gra type="gra" index="5" head="3" relation="CONJ"/></mor></w>
    <w><shortening>a</shortening>round<mor type="mor"><mw><pos><c>adv</c></pos><stem>around</stem></mw><gra type="gra" index="6" head="5" relation="COORD"/></mor></w>
    <w><shortening>un</shortening>til<mor type="mor"><mw><pos><c>conj</c></pos><stem>until</stem></mw><gra type="gra" index="7" head="9" relation="LINK"/></mor></w>
    <w>it<mor type="mor"><mw><pos><c>pro</c><s>per</s></pos><stem>it</stem></mw><gra type="gra" index="8" head="9" relation="SUBJ"/></mor></w>
    <w>goes<mor type="mor"><mw><pos><c>v</c></pos><stem>go</stem><mk type="sfx">3S</mk></mw><gra type="gra" index="9" head="2" relation="CJCT"/></mor></w>
    <w>in<mor type="mor"><mw><pos><c>adv</c></pos><stem>in</stem></mw><gra type="gra" index="10" head="9" relation="JCT"/></mor></w>
    <t type="p"><mor type="mor"><mt type="p"/><gra type="gra" index="11" head="2" relation="PUNCT"/></mor></t>

    <a type="actions">&lt;1w&gt; turns hand again .</a>
  </u>
  <u who="MOT" uID="u59">
    <w>keep<mor type="mor"><mw><pos><c>v</c></pos><stem>keep</stem></mw><gra type="gra" index="1" head="0" relation="ROOT"/></mor></w>
    <w>working<mor type="mor"><mw><pos><c>part</c></pos><stem>work</stem><mk type="sfx">PRESP</mk></mw><gra type="gra" index="2" head="1" relation="COMP"/></mor></w>
    <w>at<mor type="mor"><mw><pos><c>prep</c></pos><stem>at</stem></mw><gra type="gra" index="3" head="2" relation="JCT"/></mor></w>
    <w>it<mor type="mor"><mw><pos><c>pro</c><s>per</s></pos><stem>it</stem></mw><gra type="gra" index="4" head="3" relation="POBJ"/></mor></w>
    <t type="p"><mor type="mor"><mt type="p"/><gra type="gra" index="5" head="1" relation="PUNCT"/></mor></t>

    <a type="actions">&lt;1w&gt; touches object</a>
  </u>
  <u who="CHI" uID="u60">
    <e><action/></e>
    <t type="p"></t>

    <a type="actions">tries again</a>
  </u>
  <u who="MOT" uID="u61">
    <w>turn<mor type="mor"><mw><pos><c>v</c></pos><stem>turn</stem></mw><gra type="gra" index="1" head="0" relation="ROOT"/></mor></w>
    <w>it<mor type="mor"><mw><pos><c>pro</c><s>per</s></pos><stem>it</stem></mw><gra type="gra" index="2" head="1" relation="OBJ"/></mor></w>
    <w>some<mor type="mor"><mw><pos><c>qn</c></pos><stem>some</stem></mw><gra type="gra" index="3" head="4" relation="QUANT"/></mor></w>
    <w>more<mor type="mor"><mw><pos><c>pro</c><s>indef</s></pos><stem>more</stem></mw><gra type="gra" index="4" head="1" relation="OBJ"/></mor></w>
    <t type="p"><mor type="mor"><mt type="p"/><gra type="gra" index="5" head="1" relation="PUNCT"/></mor></t>

    <a type="actions">&lt;1w&gt; turns object correctly</a>
  </u>
  <u who="MOT" uID="u62">
    <w>why<mor type="mor"><mw><pos><c>pro</c><s>int</s></pos><stem>why</stem></mw><gra type="gra" index="1" head="7" relation="JCT"/></mor></w>
    <w>don't<mor type="mor"><mw><pos><c>mod</c></pos><stem>do</stem></mw><gra type="gra" index="2" head="7" relation="AUX"/><mor-post><mw><pos><c>neg</c></pos><stem>not</stem></mw><gra type="gra" index="3" head="2" relation="NEG"/></mor-post></mor></w>
    <w>you<mor type="mor"><mw><pos><c>pro</c><s>per</s></pos><stem>you</stem></mw><gra type="gra" index="4" head="7" relation="SUBJ"/></mor></w>
    <w>do<mor type="mor"><mw><pos><c>mod</c></pos><stem>do</stem></mw><gra type="gra" index="5" head="7" relation="AUX"/></mor></w>
    <w>it<mor type="mor"><mw><pos><c>pro</c><s>per</s></pos><stem>it</stem></mw><gra type="gra" index="6" head="7" relation="SUBJ"/></mor></w>
    <w>like<mor type="mor"><mw><pos><c>v</c></pos><stem>like</stem></mw><gra type="gra" index="7" head="0" relation="ROOT"/></mor></w>
    <w>that<mor type="mor"><mw><pos><c>pro</c><s>dem</s></pos><stem>that</stem></mw><gra type="gra" index="8" head="7" relation="OBJ"/></mor></w>
    <t type="q"><mor type="mor"><mt type="q"/><gra type="gra" index="9" head="7" relation="PUNCT"/></mor></t>

  </u>
  <u who="MOT" uID="u63">
    <w>now<mor type="mor"><mw><pos><c>adv</c><s>tem</s></pos><stem>now</stem></mw><gra type="gra" index="1" head="2" relation="SUBJ"/></mor></w>
    <w>try<mor type="mor"><mw><pos><c>v</c></pos><stem>try</stem></mw><gra type="gra" index="2" head="0" relation="ROOT"/></mor></w>
    <t type="p"><mor type="mor"><mt type="p"/><gra type="gra" index="3" head="2" relation="PUNCT"/></mor></t>

  </u>
  <u who="CHI" uID="u64">
    <e><action/></e>
    <t type="p"></t>

    <a type="actions">slowly moves hand toward object . pushes object to hole . manipulates object around hole</a>
  </u>
  <u who="MOT" uID="u65">
    <w>stick<mor type="mor"><mw><pos><c>v</c></pos><stem>stick</stem></mw><gra type="gra" index="1" head="0" relation="ROOT"/></mor></w>
    <w>it<mor type="mor"><mw><pos><c>pro</c><s>per</s></pos><stem>it</stem></mw><gra type="gra" index="2" head="1" relation="OBJ"/></mor></w>
    <w>in<mor type="mor"><mw><pos><c>adv</c></pos><stem>in</stem></mw><gra type="gra" index="3" head="1" relation="JCT"/></mor></w>
    <t type="p"><mor type="mor"><mt type="p"/><gra type="gra" index="4" head="1" relation="PUNCT"/></mor></t>

  </u>
  <u who="MOT" uID="u66">
    <w>keep<mor type="mor"><mw><pos><c>v</c></pos><stem>keep</stem></mw><gra type="gra" index="1" head="0" relation="ROOT"/></mor></w>
    <w>turning<mor type="mor"><mw><pos><c>part</c></pos><stem>turn</stem><mk type="sfx">PRESP</mk></mw><gra type="gra" index="2" head="1" relation="COMP"/></mor></w>
    <w>it<mor type="mor"><mw><pos><c>pro</c><s>per</s></pos><stem>it</stem></mw><gra type="gra" index="3" head="2" relation="OBJ"/></mor></w>
    <t type="p"><mor type="mor"><mt type="p"/><gra type="gra" index="4" head="1" relation="PUNCT"/></mor></t>

    <a type="actions">&lt;1w&gt; moves finger in circular motion</a>
  </u>
  <u who="MOT" uID="u67">
    <w>no<mor type="mor"><mw><pos><c>co</c></pos><stem>no</stem></mw><gra type="gra" index="1" head="2" relation="COM"/></mor></w>
    <w>go<mor type="mor"><mw><pos><c>v</c></pos><stem>go</stem></mw><gra type="gra" index="2" head="0" relation="ROOT"/></mor></w>
    <w><shortening>a</shortening>round<mor type="mor"><mw><pos><c>prep</c></pos><stem>around</stem></mw><gra type="gra" index="3" head="2" relation="JCT"/></mor></w>
    <w>some<mor type="mor"><mw><pos><c>qn</c></pos><stem>some</stem></mw><gra type="gra" index="4" head="5" relation="QUANT"/></mor></w>
    <w>more<mor type="mor"><mw><pos><c>adv</c></pos><stem>more</stem></mw><gra type="gra" index="5" head="3" relation="POBJ"/></mor></w>
    <t type="p"><mor type="mor"><mt type="p"/><gra type="gra" index="6" head="2" relation="PUNCT"/></mor></t>

  </u>
  <u who="MOT" uID="u68">
    <w>that's<mor type="mor"><mw><pos><c>pro</c><s>dem</s></pos><stem>that</stem></mw><gra type="gra" index="1" head="2" relation="SUBJ"/><mor-post><mw><pos><c>cop</c></pos><stem>be</stem><mk type="sfxf">3S</mk></mw><gra type="gra" index="2" head="0" relation="ROOT"/></mor-post></mor></w>
    <w>a<mor type="mor"><mw><pos><c>det</c><s>art</s></pos><stem>a</stem></mw><gra type="gra" index="3" head="4" relation="DET"/></mor></w>
    <w>way<mor type="mor"><mw><pos><c>n</c></pos><stem>way</stem></mw><gra type="gra" index="4" head="2" relation="PRED"/></mor></w>
    <t type="p"><mor type="mor"><mt type="p"/><gra type="gra" index="5" head="2" relation="PUNCT"/></mor></t>

  </u>
  <u who="MOT" uID="u69">
    <w>see<mor type="mor"><mw><pos><c>v</c></pos><stem>see</stem></mw><gra type="gra" index="1" head="0" relation="ROOT"/></mor></w>
    <t type="q"><mor type="mor"><mt type="q"/><gra type="gra" index="2" head="1" relation="PUNCT"/></mor></t>

  </u>
  <u who="MOT" uID="u70">
    <w>you<mor type="mor"><mw><pos><c>pro</c><s>per</s></pos><stem>you</stem></mw><gra type="gra" index="1" head="4" relation="SUBJ"/></mor></w>
    <w>can<mor type="mor"><mw><pos><c>mod</c></pos><stem>can</stem></mw><gra type="gra" index="2" head="4" relation="AUX"/></mor></w>
    <w>do<mor type="mor"><mw><pos><c>mod</c></pos><stem>do</stem></mw><gra type="gra" index="3" head="4" relation="AUX"/></mor></w>
    <w>it<mor type="mor"><mw><pos><c>pro</c><s>per</s></pos><stem>it</stem></mw><gra type="gra" index="4" head="0" relation="ROOT"/></mor></w>
    <t type="e"><mor type="mor"><mt type="e"/><gra type="gra" index="5" head="4" relation="PUNCT"/></mor></t>

  </u>
  <u who="CHI" uID="u71">
    <w>do<mor type="mor"><mw><pos><c>mod</c></pos><stem>do</stem></mw><gra type="gra" index="1" head="0" relation="INCROOT"/></mor></w>
    <w>it<mor type="mor"><mw><pos><c>pro</c><s>per</s></pos><stem>it</stem></mw><gra type="gra" index="2" head="1" relation="OBJ"/></mor></w>
    <w>again<mor type="mor"><mw><pos><c>adv</c><s>tem</s></pos><stem>again</stem></mw><gra type="gra" index="3" head="2" relation="JCT"/></mor></w>
    <t type="p"><mor type="mor"><mt type="p"/><gra type="gra" index="4" head="1" relation="PUNCT"/></mor></t>

    <a type="actions">&lt;bef&gt; object goes in hole . &lt;dur&gt; picks up another object . &lt;aft&gt; puts object to correct hole and manipulates around hole</a>
  </u>
  <u who="MOT" uID="u72">
    <w>yeah<mor type="mor"><mw><pos><c>co</c></pos><stem>yeah</stem></mw><gra type="gra" index="1" head="0" relation="INCROOT"/></mor></w>
    <t type="p"><mor type="mor"><mt type="p"/><gra type="gra" index="2" head="1" relation="PUNCT"/></mor></t>

  </u>
  <u who="MOT" uID="u73">
    <w>what<mor type="mor"><mw><pos><c>pro</c><s>int</s></pos><stem>what</stem></mw><gra type="gra" index="1" head="6" relation="SUBJ"/></mor></w>
    <w>do<mor type="mor"><mw><pos><c>mod</c></pos><stem>do</stem></mw><gra type="gra" index="2" head="6" relation="AUX"/></mor></w>
    <w>you<mor type="mor"><mw><pos><c>pro</c><s>per</s></pos><stem>you</stem></mw><gra type="gra" index="3" head="6" relation="SUBJ"/></mor></w>
    <w>hafta<mor type="mor"><mw><pos><c>mod</c></pos><stem>have</stem></mw><gra type="gra" index="4" head="6" relation="AUX"/><mor-post><mw><pos><c>inf</c></pos><stem>to</stem></mw><gra type="gra" index="5" head="6" relation="INF"/></mor-post></mor></w>
    <w>do<mor type="mor"><mw><pos><c>v</c></pos><stem>do</stem></mw><gra type="gra" index="6" head="0" relation="ROOT"/></mor></w>
    <t type="q"><mor type="mor"><mt type="q"/><gra type="gra" index="7" head="6" relation="PUNCT"/></mor></t>

  </u>
  <u who="MOT" uID="u74">
    <w>there<mor type="mor"><mw><pos><c>adv</c></pos><stem>there</stem></mw><gra type="gra" index="1" head="3" relation="JCT"/></mor></w>
    <w>you<mor type="mor"><mw><pos><c>pro</c><s>per</s></pos><stem>you</stem></mw><gra type="gra" index="2" head="3" relation="SUBJ"/></mor></w>
    <w>go<mor type="mor"><mw><pos><c>v</c></pos><stem>go</stem></mw><gra type="gra" index="3" head="0" relation="ROOT"/></mor></w>
    <t type="e"><mor type="mor"><mt type="e"/><gra type="gra" index="4" head="3" relation="PUNCT"/></mor></t>

  </u>
  <u who="CHI" uID="u75">
    <w>there<mor type="mor"><mw><pos><c>adv</c></pos><stem>there</stem></mw><gra type="gra" index="1" head="2" relation="SUBJ"/></mor></w>
    <w>go<mor type="mor"><mw><pos><c>v</c></pos><stem>go</stem></mw><gra type="gra" index="2" head="0" relation="ROOT"/></mor></w>
    <t type="p"><mor type="mor"><mt type="p"/><gra type="gra" index="3" head="2" relation="PUNCT"/></mor></t>

    <a type="actions">&lt;bef&gt; object goes in hole . &lt;dur&gt; picks up another object and puts in correct hole</a>
  </u>
  <u who="MOT" uID="u76">
    <w>uhhuh<mor type="mor"><mw><pos><c>co</c></pos><stem>uhhuh</stem></mw><gra type="gra" index="1" head="0" relation="INCROOT"/></mor></w>
    <t type="p"><mor type="mor"><mt type="p"/><gra type="gra" index="2" head="1" relation="PUNCT"/></mor></t>

    <a type="actions">&lt;1w&gt; moves object inside shape box with finger</a>
  </u>
  <u who="MOT" uID="u77">
    <w>there<mor type="mor"><mw><pos><c>adv</c></pos><stem>there</stem></mw><gra type="gra" index="1" head="0" relation="INCROOT"/></mor></w>
    <t type="p"><mor type="mor"><mt type="p"/><gra type="gra" index="2" head="1" relation="PUNCT"/></mor></t>

  </u>
  <u who="CHI" uID="u78">
    <w untranscribed="unintelligible">xxx</w>
    <t type="p"></t>

    <a type="actions">&lt;bef&gt; picks up object and puts on shape box . puts finger in hole to push object through like Mother did</a>
  </u>
  <u who="MOT" uID="u79">
    <w>should<mor type="mor"><mw><pos><c>mod</c></pos><stem>should</stem></mw><gra type="gra" index="1" head="3" relation="AUX"/></mor></w>
    <w>we<mor type="mor"><mw><pos><c>pro</c><s>sub</s></pos><stem>we</stem></mw><gra type="gra" index="2" head="3" relation="SUBJ"/></mor></w>
    <w>play<mor type="mor"><mw><pos><c>v</c></pos><stem>play</stem></mw><gra type="gra" index="3" head="0" relation="ROOT"/></mor></w>
    <w>with<mor type="mor"><mw><pos><c>prep</c></pos><stem>with</stem></mw><gra type="gra" index="4" head="3" relation="JCT"/></mor></w>
    <w>the<mor type="mor"><mw><pos><c>det</c><s>art</s></pos><stem>the</stem></mw><gra type="gra" index="5" head="6" relation="DET"/></mor></w>
    <w>people<mor type="mor"><mw><pos><c>n</c></pos><stem>person</stem><mk type="sfxf">PL</mk></mw><gra type="gra" index="6" head="4" relation="POBJ"/></mor></w>
    <w>and<mor type="mor"><mw><pos><c>coord</c></pos><stem>and</stem></mw><gra type="gra" index="7" head="6" relation="CONJ"/></mor></w>
    <w>the<mor type="mor"><mw><pos><c>det</c><s>art</s></pos><stem>the</stem></mw><gra type="gra" index="8" head="9" relation="DET"/></mor></w>
    <w>house<mor type="mor"><mw><pos><c>n</c></pos><stem>house</stem></mw><gra type="gra" index="9" head="7" relation="COORD"/></mor></w>
    <w>over<mor type="mor"><mw><pos><c>prep</c></pos><stem>over</stem></mw><gra type="gra" index="10" head="9" relation="NJCT"/></mor></w>
    <w>there<mor type="mor"><mw><pos><c>n</c></pos><stem>there</stem></mw><gra type="gra" index="11" head="10" relation="POBJ"/></mor></w>
    <t type="q"><mor type="mor"><mt type="q"/><gra type="gra" index="12" head="3" relation="PUNCT"/></mor></t>

  </u>
  <u who="CHI" uID="u80">
    <w>yeah<mor type="mor"><mw><pos><c>co</c></pos><stem>yeah</stem></mw><gra type="gra" index="1" head="0" relation="INCROOT"/></mor></w>
    <t type="p"><mor type="mor"><mt type="p"/><gra type="gra" index="2" head="1" relation="PUNCT"/></mor></t>

    <a type="actions">&lt;bef&gt; puts hand on shape box lid . moves shape box aside</a>
  </u>
  <u who="MOT" uID="u81">
    <w>why<mor type="mor"><mw><pos><c>pro</c><s>int</s></pos><stem>why</stem></mw><gra type="gra" index="1" head="5" relation="LINK"/></mor></w>
    <w>don't<mor type="mor"><mw><pos><c>mod</c></pos><stem>do</stem></mw><gra type="gra" index="2" head="5" relation="AUX"/><mor-post><mw><pos><c>neg</c></pos><stem>not</stem></mw><gra type="gra" index="3" head="2" relation="NEG"/></mor-post></mor></w>
    <w>you<mor type="mor"><mw><pos><c>pro</c><s>per</s></pos><stem>you</stem></mw><gra type="gra" index="4" head="5" relation="SUBJ"/></mor></w>
    <w>bring<mor type="mor"><mw><pos><c>v</c></pos><stem>bring</stem></mw><gra type="gra" index="5" head="0" relation="ROOT"/></mor></w>
    <w>it<mor type="mor"><mw><pos><c>pro</c><s>per</s></pos><stem>it</stem></mw><gra type="gra" index="6" head="5" relation="OBJ"/></mor></w>
    <w>over<mor type="mor"><mw><pos><c>prep</c></pos><stem>over</stem></mw><gra type="gra" index="7" head="5" relation="JCT"/></mor></w>
    <w>here<mor type="mor"><mw><pos><c>n</c></pos><stem>here</stem></mw><gra type="gra" index="8" head="7" relation="POBJ"/></mor></w>
    <w>a<mor type="mor"><mw><pos><c>det</c><s>art</s></pos><stem>a</stem></mw><gra type="gra" index="9" head="10" relation="DET"/></mor></w>
    <w>little<mor type="mor"><mw><pos><c>adj</c></pos><stem>little</stem></mw><gra type="gra" index="10" head="5" relation="JCT"/></mor></w>
    <w>more<mor type="mor"><mw><pos><c>adv</c></pos><stem>more</stem></mw><gra type="gra" index="11" head="10" relation="JCT"/></mor></w>
    <t type="q"><mor type="mor"><mt type="q"/><gra type="gra" index="12" head="5" relation="PUNCT"/></mor></t>

    <a type="actions">&lt;aft&gt; reaches for dollhouse</a>
  </u>
  <u who="CHI" uID="u82">
    <w><shortening>o</shortening>kay<mor type="mor"><mw><pos><c>co</c></pos><stem>okay</stem></mw><gra type="gra" index="1" head="0" relation="INCROOT"/></mor></w>
    <t type="p"><mor type="mor"><mt type="p"/><gra type="gra" index="2" head="1" relation="PUNCT"/></mor></t>

    <a type="actions">&lt;bef&gt; grasps nesting cups in dollhouse . &lt;aft&gt; slides dollhouse closer</a>
  </u>
  <u who="MOT" uID="u83">
    <w>hey<mor type="mor"><mw><pos><c>co</c></pos><stem>hey</stem></mw><gra type="gra" index="1" head="3" relation="COM"/></mor></w>
    <pause symbolic-length="simple"/>
    <w>that's<mor type="mor"><mw><pos><c>pro</c><s>dem</s></pos><stem>that</stem></mw><gra type="gra" index="2" head="3" relation="SUBJ"/><mor-post><mw><pos><c>cop</c></pos><stem>be</stem><mk type="sfxf">3S</mk></mw><gra type="gra" index="3" head="0" relation="ROOT"/></mor-post></mor></w>
    <w>a<mor type="mor"><mw><pos><c>det</c><s>art</s></pos><stem>a</stem></mw><gra type="gra" index="4" head="6" relation="DET"/></mor></w>
    <w>neat<mor type="mor"><mw><pos><c>adj</c></pos><stem>neat</stem></mw><gra type="gra" index="5" head="6" relation="MOD"/></mor></w>
    <w>house<mor type="mor"><mw><pos><c>n</c></pos><stem>house</stem></mw><gra type="gra" index="6" head="3" relation="PRED"/></mor></w>
    <t type="p"><mor type="mor"><mt type="p"/><gra type="gra" index="7" head="3" relation="PUNCT"/></mor></t>

  </u>
  <u who="CHI" uID="u84">
    <w untranscribed="unintelligible">xxx</w>
    <t type="p"></t>

    <a type="actions">grasps nesting cups in dollhouse</a>
  </u>
  <u who="MOT" uID="u85">
    <w>okay<mor type="mor"><mw><pos><c>co</c></pos><stem>okay</stem></mw><gra type="gra" index="1" head="0" relation="INCROOT"/></mor></w>
    <t type="p"><mor type="mor"><mt type="p"/><gra type="gra" index="2" head="1" relation="PUNCT"/></mor></t>

  </u>
  <u who="CHI" uID="u86">
    <w untranscribed="unintelligible">xxx</w>
    <t type="p"></t>

    <a type="actions">&lt;aft&gt; takes one nesting cup off top of nesting cups . puts one nesting cup back on nesting cups</a>
  </u>
  <u who="MOT" uID="u87">
    <w>why<mor type="mor"><mw><pos><c>pro</c><s>int</s></pos><stem>why</stem></mw><gra type="gra" index="1" head="5" relation="LINK"/></mor></w>
    <w>don't<mor type="mor"><mw><pos><c>mod</c></pos><stem>do</stem></mw><gra type="gra" index="2" head="5" relation="AUX"/><mor-post><mw><pos><c>neg</c></pos><stem>not</stem></mw><gra type="gra" index="3" head="2" relation="NEG"/></mor-post></mor></w>
    <w>you<mor type="mor"><mw><pos><c>pro</c><s>per</s></pos><stem>you</stem></mw><gra type="gra" index="4" head="5" relation="SUBJ"/></mor></w>
    <w>put<mor type="mor"><mw><pos><c>v</c></pos><stem>put</stem><mk type="sfxf">ZERO</mk></mw><gra type="gra" index="5" head="0" relation="ROOT"/></mor></w>
    <w>it<mor type="mor"><mw><pos><c>pro</c><s>per</s></pos><stem>it</stem></mw><gra type="gra" index="6" head="5" relation="OBJ"/></mor></w>
    <w>over<mor type="mor"><mw><pos><c>prep</c></pos><stem>over</stem></mw><gra type="gra" index="7" head="5" relation="JCT"/></mor></w>
    <w>here<mor type="mor"><mw><pos><c>n</c></pos><stem>here</stem></mw><gra type="gra" index="8" head="7" relation="POBJ"/></mor></w>
    <t type="p"><mor type="mor"><mt type="p"/><gra type="gra" index="9" head="5" relation="PUNCT"/></mor></t>

    <a type="gesture">&lt;1w&gt; points to floor</a>
    <a type="actions">&lt;1w&gt; pushes dollhouse away .</a>
  </u>
  <u who="MOT" uID="u88">
    <w>so<mor type="mor"><mw><pos><c>co</c></pos><stem>so</stem></mw><gra type="gra" index="1" head="4" relation="COM"/></mor></w>
    <w>I<mor type="mor"><mw><pos><c>pro</c><s>sub</s></pos><stem>I</stem></mw><gra type="gra" index="2" head="4" relation="SUBJ"/></mor></w>
    <w>can<mor type="mor"><mw><pos><c>mod</c></pos><stem>can</stem></mw><gra type="gra" index="3" head="4" relation="AUX"/></mor></w>
    <w>see<mor type="mor"><mw><pos><c>v</c></pos><stem>see</stem></mw><gra type="gra" index="4" head="0" relation="ROOT"/></mor></w>
    <t type="p"><mor type="mor"><mt type="p"/><gra type="gra" index="5" head="4" relation="PUNCT"/></mor></t>

    <a type="actions">&lt;1w&gt; pushes dollhouse and shape box away</a>
  </u>
  <u who="MOT" uID="u89">
    <w><shortening>o</shortening>kay<mor type="mor"><mw><pos><c>co</c></pos><stem>okay</stem></mw><gra type="gra" index="1" head="0" relation="INCROOT"/></mor></w>
    <t type="q"><mor type="mor"><mt type="q"/><gra type="gra" index="2" head="1" relation="PUNCT"/></mor></t>

  </u>
  <u who="MOT" uID="u90">
    <w><shortening>be</shortening>c<shortening>a</shortening>use<mor type="mor"><mw><pos><c>conj</c></pos><stem>because</stem></mw><gra type="gra" index="1" head="5" relation="LINK"/></mor></w>
    <w>I<mor type="mor"><mw><pos><c>pro</c><s>sub</s></pos><stem>I</stem></mw><gra type="gra" index="2" head="5" relation="SUBJ"/></mor></w>
    <w>can't<mor type="mor"><mw><pos><c>mod</c></pos><stem>can</stem></mw><gra type="gra" index="3" head="5" relation="AUX"/><mor-post><mw><pos><c>neg</c></pos><stem>not</stem></mw><gra type="gra" index="4" head="3" relation="NEG"/></mor-post></mor></w>
    <w>see<mor type="mor"><mw><pos><c>v</c></pos><stem>see</stem></mw><gra type="gra" index="5" head="0" relation="ROOT"/></mor></w>
    <w>if<mor type="mor"><mw><pos><c>comp</c></pos><stem>if</stem></mw><gra type="gra" index="6" head="8" relation="LINK"/></mor></w>
    <w>you<mor type="mor"><mw><pos><c>pro</c><s>per</s></pos><stem>you</stem></mw><gra type="gra" index="7" head="8" relation="SUBJ"/></mor></w>
    <w>have<mor type="mor"><mw><pos><c>v</c></pos><stem>have</stem></mw><gra type="gra" index="8" head="5" relation="COMP"/></mor></w>
    <w>them<mor type="mor"><mw><pos><c>pro</c><s>obj</s></pos><stem>them</stem></mw><gra type="gra" index="9" head="8" relation="OBJ"/></mor></w>
    <w>all<mor type="mor"><mw><pos><c>post</c></pos><stem>all</stem></mw><gra type="gra" index="10" head="9" relation="PQ"/></mor></w>
    <w>over<mor type="mor"><mw><pos><c>prep</c></pos><stem>over</stem></mw><gra type="gra" index="11" head="8" relation="JCT"/></mor></w>
    <w>there<mor type="mor"><mw><pos><c>n</c></pos><stem>there</stem></mw><gra type="gra" index="12" head="11" relation="POBJ"/></mor></w>
    <t type="p"><mor type="mor"><mt type="p"/><gra type="gra" index="13" head="5" relation="PUNCT"/></mor></t>

  </u>
  <u who="CHI" uID="u91">
    <e><action/><ga type="paralinguistics">sighs</ga></e>
    <t type="p"></t>

    <a type="actions">&lt;bef&gt; puts nesting cups in front of Mother</a>
  </u>
  <u who="MOT" uID="u92">
    <w>how<mor type="mor"><mw><pos><c>pro</c><s>int</s></pos><stem>how</stem></mw><gra type="gra" index="1" head="3" relation="LINK"/></mor></w>
    <w>many<mor type="mor"><mw><pos><c>qn</c></pos><stem>many</stem></mw><gra type="gra" index="2" head="3" relation="QUANT"/></mor></w>
    <w>is<mor type="mor"><mw><pos><c>cop</c></pos><stem>be</stem><mk type="sfxf">3S</mk></mw><gra type="gra" index="3" head="0" relation="ROOT"/></mor></w>
    <w>that<mor type="mor"><mw><pos><c>pro</c><s>dem</s></pos><stem>that</stem></mw><gra type="gra" index="4" head="3" relation="PRED"/></mor></w>
    <t type="q"><mor type="mor"><mt type="q"/><gra type="gra" index="5" head="3" relation="PUNCT"/></mor></t>

  </u>
  <u who="MOT" uID="u93">
    <w>one<mor type="mor"><mw><pos><c>det</c><s>num</s></pos><stem>one</stem></mw><gra type="gra" index="1" head="2" relation="SUBJ"/></mor></w>
    <pause symbolic-length="simple"/>
    <w>is<mor type="mor"><mw><pos><c>cop</c></pos><stem>be</stem><mk type="sfxf">3S</mk></mw><gra type="gra" index="2" head="0" relation="ROOT"/></mor></w>
    <w>that<mor type="mor"><mw><pos><c>pro</c><s>dem</s></pos><stem>that</stem></mw><gra type="gra" index="3" head="2" relation="PRED"/></mor></w>
    <t type="trail off"><mor type="mor"><mt type="trail off"/><gra type="gra" index="4" head="2" relation="PUNCT"/></mor></t>

  </u>
  <u who="CHI" uID="u94">
    <w untranscribed="unintelligible">xxx</w>
    <t type="p"></t>

    <a type="actions">&lt;bef&gt; takes one nesting cup off top and puts on floor . takes another and puts on floor . moves nesting cups . takes nesting cup</a>
  </u>
  <u who="MOT" uID="u95">
    <w>two<mor type="mor"><mw><pos><c>det</c><s>num</s></pos><stem>two</stem></mw><gra type="gra" index="1" head="4" relation="SUBJ"/></mor></w>
    <pause symbolic-length="simple"/>
    <w>can<mor type="mor"><mw><pos><c>mod</c></pos><stem>can</stem></mw><gra type="gra" index="2" head="4" relation="AUX"/></mor></w>
    <w>you<mor type="mor"><mw><pos><c>pro</c><s>per</s></pos><stem>you</stem></mw><gra type="gra" index="3" head="4" relation="SUBJ"/></mor></w>
    <w>count<mor type="mor"><mw><pos><c>v</c></pos><stem>count</stem></mw><gra type="gra" index="4" head="0" relation="ROOT"/></mor></w>
    <w><shortening>th</shortening>em<mor type="mor"><mw><pos><c>pro</c><s>obj</s></pos><stem>them</stem></mw><gra type="gra" index="5" head="4" relation="OBJ"/></mor></w>
    <t type="q"><mor type="mor"><mt type="q"/><gra type="gra" index="6" head="4" relation="PUNCT"/></mor></t>

  </u>
  <u who="CHI" uID="u96">
    <w untranscribed="unintelligible-with-pho">yyy</w>
    <t type="p"></t>

    <a type="actions">&lt;1w&gt; tries to take another nesting cup but it is stuck . &lt;1w&gt; tries again and nesting cup comes out . &lt;dur&gt; sets nesting cup on floor</a>
    <a type="extension" flavor="pho">6n daing</a>
    <a type="paralinguistics">&lt;bef&gt; irritated sigh</a>
  </u>
  <u who="MOT" uID="u97">
    <w>uhhuh<mor type="mor"><mw><pos><c>co</c></pos><stem>uhhuh</stem></mw><gra type="gra" index="1" head="0" relation="INCROOT"/></mor></w>
    <t type="trail off"><mor type="mor"><mt type="trail off"/><gra type="gra" index="2" head="1" relation="PUNCT"/></mor></t>

  </u>
  <u who="CHI" uID="u98">
    <w>one<mor type="mor"><mw><pos><c>det</c><s>num</s></pos><stem>one</stem></mw><gra type="gra" index="1" head="0" relation="INCROOT"/></mor></w>
    <t type="p"><mor type="mor"><mt type="p"/><gra type="gra" index="2" head="1" relation="PUNCT"/></mor></t>

    <a type="actions">&lt;1w&gt; touches one nesting cup . &lt;1w&gt; touches two nesting cups .</a>
  </u>
  <u who="CHI" uID="u99">
    <w>three<mor type="mor"><mw><pos><c>det</c><s>num</s></pos><stem>three</stem></mw><gra type="gra" index="1" head="0" relation="INCROOT"/></mor></w>
    <t type="p"><mor type="mor"><mt type="p"/><gra type="gra" index="2" head="1" relation="PUNCT"/></mor></t>

    <a type="actions">&lt;1w&gt; touches two nesting cups .</a>
    <a type="extension" flavor="pho">&lt;1w&gt; dri fo6</a>
  </u>
  <u who="CHI" uID="u100">
    <w>five<mor type="mor"><mw><pos><c>det</c><s>num</s></pos><stem>five</stem></mw><gra type="gra" index="1" head="0" relation="INCROOT"/></mor></w>
    <t type="p"><mor type="mor"><mt type="p"/><gra type="gra" index="2" head="1" relation="PUNCT"/></mor></t>

    <a type="actions">&lt;1w&gt; touches three nesting cups .</a>
  </u>
  <u who="CHI" uID="u101">
    <w>four<mor type="mor"><mw><pos><c>det</c><s>num</s></pos><stem>four</stem></mw><gra type="gra" index="1" head="0" relation="INCROOT"/></mor></w>
    <t type="p"><mor type="mor"><mt type="p"/><gra type="gra" index="2" head="1" relation="PUNCT"/></mor></t>

    <a type="actions">&lt;1w&gt; takes out another nesting cup and puts on floor with others</a>
    <a type="extension" flavor="pho">&lt;1w&gt; dri fo6</a>
  </u>
  <u who="MOT" uID="u102">
    <w>mhm<mor type="mor"><mw><pos><c>co</c></pos><stem>mhm</stem></mw><menx>yes</menx><gra type="gra" index="1" head="0" relation="INCROOT"/></mor></w>
    <t type="trail off"><mor type="mor"><mt type="trail off"/><gra type="gra" index="2" head="1" relation="PUNCT"/></mor></t>

  </u>
  <u who="CHI" uID="u103">
    <w>six<mor type="mor"><mw><pos><c>det</c><s>num</s></pos><stem>six</stem></mw><gra type="gra" index="1" head="0" relation="INCROOT"/></mor></w>
    <t type="p"><mor type="mor"><mt type="p"/><gra type="gra" index="2" head="1" relation="PUNCT"/></mor></t>

    <a type="actions">&lt;1w&gt; takes out other cups and puts on floor .</a>
    <a type="extension" flavor="pho">Su</a>
  </u>
  <u who="CHI" uID="u104">
    <w>seven<mor type="mor"><mw><pos><c>det</c><s>num</s></pos><stem>seven</stem></mw><gra type="gra" index="1" head="0" relation="INCROOT"/></mor></w>
    <t type="p"><mor type="mor"><mt type="p"/><gra type="gra" index="2" head="1" relation="PUNCT"/></mor></t>

    <a type="actions">&lt;1w&gt; takes more cups and puts on floor .</a>
    <a type="extension" flavor="pho">&lt;1w&gt; shoo</a>
  </u>
  <u who="CHI" uID="u105">
    <w>eighteen<mor type="mor"><mw><pos><c>det</c><s>num</s></pos><stem>eighteen</stem></mw><gra type="gra" index="1" head="0" relation="INCROOT"/></mor></w>
    <t type="p"><mor type="mor"><mt type="p"/><gra type="gra" index="2" head="1" relation="PUNCT"/></mor></t>

    <a type="actions">&lt;1w&gt; puts more cups on floor .</a>
  </u>
  <u who="CHI" uID="u106">
    <w untranscribed="unintelligible-with-pho">yyy</w>
    <t type="p"></t>

    <a type="actions">&lt;1w&gt; takes out two nesting cups that are stuck together . tries to pull apart</a>
  </u>
  <u who="MOT" uID="u107">
    <w>you<mor type="mor"><mw><pos><c>pro</c><s>per</s></pos><stem>you</stem></mw><gra type="gra" index="1" head="4" relation="SUBJ"/></mor></w>
    <w>can<mor type="mor"><mw><pos><c>mod</c></pos><stem>can</stem></mw><gra type="gra" index="2" head="4" relation="AUX"/></mor></w>
    <w>do<mor type="mor"><mw><pos><c>mod</c></pos><stem>do</stem></mw><gra type="gra" index="3" head="4" relation="AUX"/></mor></w>
    <w>it<mor type="mor"><mw><pos><c>pro</c><s>per</s></pos><stem>it</stem></mw><gra type="gra" index="4" head="0" relation="ROOT"/></mor></w>
    <t type="p"><mor type="mor"><mt type="p"/><gra type="gra" index="5" head="4" relation="PUNCT"/></mor></t>

  </u>
  <u who="MOT" uID="u108">
    <w>is<mor type="mor"><mw><pos><c>aux</c></pos><stem>be</stem><mk type="sfxf">3S</mk></mw><gra type="gra" index="1" head="0" relation="INCROOT"/></mor></w>
    <w>it<mor type="mor"><mw><pos><c>pro</c><s>per</s></pos><stem>it</stem></mw><gra type="gra" index="2" head="3" relation="SUBJ"/></mor></w>
    <w>tricky<mor type="mor"><mw><pos><c>adj</c></pos><stem>trick</stem><mk type="sfxf">dv</mk><mk type="sfx">Y</mk></mw><gra type="gra" index="3" head="1" relation="PRED"/></mor></w>
    <t type="q"><mor type="mor"><mt type="q"/><gra type="gra" index="4" head="1" relation="PUNCT"/></mor></t>

  </u>
  <u who="CHI" uID="u109">
    <w type="filler">um</w>
    <t type="p"></t>

    <a type="actions">pulls nesting cups apart</a>
  </u>
  <u who="MOT" uID="u110">
    <w>there<mor type="mor"><mw><pos><c>adv</c></pos><stem>there</stem></mw><gra type="gra" index="1" head="3" relation="JCT"/></mor></w>
    <w>you<mor type="mor"><mw><pos><c>pro</c><s>per</s></pos><stem>you</stem></mw><gra type="gra" index="2" head="3" relation="SUBJ"/></mor></w>
    <w>go<mor type="mor"><mw><pos><c>v</c></pos><stem>go</stem></mw><gra type="gra" index="3" head="0" relation="ROOT"/></mor></w>
    <t type="p"><mor type="mor"><mt type="p"/><gra type="gra" index="4" head="3" relation="PUNCT"/></mor></t>

  </u>
  <u who="MOT" uID="u111">
    <w>boy<mor type="mor"><mw><pos><c>n</c></pos><stem>boy</stem></mw><gra type="gra" index="1" head="0" relation="INCROOT"/></mor></w>
    <pause symbolic-length="simple"/>
    <w>that's<mor type="mor"><mw><pos><c>pro</c><s>rel</s></pos><stem>that</stem></mw><gra type="gra" index="2" head="3" relation="LINK"/><mor-post><mw><pos><c>cop</c></pos><stem>be</stem><mk type="sfxf">3S</mk></mw><gra type="gra" index="3" head="1" relation="CMOD"/></mor-post></mor></w>
    <w>quite<mor type="mor"><mw><pos><c>adv</c></pos><stem>quite</stem></mw><gra type="gra" index="4" head="6" relation="JCT"/></mor></w>
    <w>a<mor type="mor"><mw><pos><c>det</c><s>art</s></pos><stem>a</stem></mw><gra type="gra" index="5" head="6" relation="DET"/></mor></w>
    <w>few<mor type="mor"><mw><pos><c>qn</c></pos><stem>few</stem></mw><gra type="gra" index="6" head="3" relation="PRED"/></mor></w>
    <t type="p"><mor type="mor"><mt type="p"/><gra type="gra" index="7" head="1" relation="PUNCT"/></mor></t>

  </u>
  <u who="CHI" uID="u112">
    <w untranscribed="unintelligible">xxx</w>
    <t type="p"></t>

    <a type="actions">&lt;1w&gt; puts nesting cups in a line on the floor . takes another nesting cup and sets on floor</a>
  </u>
  <u who="CHI" uID="u113">
    <w>a<mor type="mor"><mw><pos><c>det</c><s>art</s></pos><stem>a</stem></mw><gra type="gra" index="1" head="2" relation="DET"/></mor></w>
    <w>tower<mor type="mor"><mw><pos><c>n</c></pos><stem>tower</stem></mw><gra type="gra" index="2" head="0" relation="INCROOT"/></mor></w>
    <t type="p"><mor type="mor"><mt type="p"/><gra type="gra" index="3" head="2" relation="PUNCT"/></mor></t>

  </u>
  <u who="MOT" uID="u114">
    <w>should<mor type="mor"><mw><pos><c>mod</c></pos><stem>should</stem></mw><gra type="gra" index="1" head="3" relation="AUX"/></mor></w>
    <w>I<mor type="mor"><mw><pos><c>pro</c><s>sub</s></pos><stem>I</stem></mw><gra type="gra" index="2" head="3" relation="SUBJ"/></mor></w>
    <w>show<mor type="mor"><mw><pos><c>v</c></pos><stem>show</stem></mw><gra type="gra" index="3" head="0" relation="ROOT"/></mor></w>
    <w>you<mor type="mor"><mw><pos><c>pro</c><s>per</s></pos><stem>you</stem></mw><gra type="gra" index="4" head="3" relation="OBJ2"/></mor></w>
    <w>a<mor type="mor"><mw><pos><c>det</c><s>art</s></pos><stem>a</stem></mw><gra type="gra" index="5" head="7" relation="DET"/></mor></w>
    <w>nifty<mor type="mor"><mw><pos><c>adj</c></pos><stem>nifty</stem></mw><gra type="gra" index="6" head="7" relation="MOD"/></mor></w>
    <w>way<mor type="mor"><mw><pos><c>n</c></pos><stem>way</stem></mw><gra type="gra" index="7" head="3" relation="OBJ"/></mor></w>
    <w>that<mor type="mor"><mw><pos><c>pro</c><s>rel</s></pos><stem>that</stem></mw><gra type="gra" index="8" head="11" relation="LINK"/></mor></w>
    <w>you<mor type="mor"><mw><pos><c>pro</c><s>per</s></pos><stem>you</stem></mw><gra type="gra" index="9" head="11" relation="SUBJ"/></mor></w>
    <w>can<mor type="mor"><mw><pos><c>mod</c></pos><stem>can</stem></mw><gra type="gra" index="10" head="11" relation="AUX"/></mor></w>
    <w>make<mor type="mor"><mw><pos><c>v</c></pos><stem>make</stem></mw><gra type="gra" index="11" head="7" relation="CMOD"/></mor></w>
    <w>a<mor type="mor"><mw><pos><c>det</c><s>art</s></pos><stem>a</stem></mw><gra type="gra" index="12" head="13" relation="DET"/></mor></w>
    <w>tower<mor type="mor"><mw><pos><c>n</c></pos><stem>tower</stem></mw><gra type="gra" index="13" head="11" relation="OBJ"/></mor></w>
    <w>with<mor type="mor"><mw><pos><c>prep</c></pos><stem>with</stem></mw><gra type="gra" index="14" head="11" relation="JCT"/></mor></w>
    <w>those<mor type="mor"><mw><pos><c>pro</c><s>dem</s></pos><stem>those</stem></mw><gra type="gra" index="15" head="14" relation="POBJ"/></mor></w>
    <t type="q"><mor type="mor"><mt type="q"/><gra type="gra" index="16" head="3" relation="PUNCT"/></mor></t>

  </u>
  <u who="CHI" uID="u115">
    <w>nope<mor type="mor"><mw><pos><c>co</c></pos><stem>nope</stem></mw><gra type="gra" index="1" head="0" relation="INCROOT"/></mor></w>
    <t type="p"><mor type="mor"><mt type="p"/><gra type="gra" index="2" head="1" relation="PUNCT"/></mor></t>

  </u>
  <u who="MOT" uID="u116">
    <w>oh<mor type="mor"><mw><pos><c>co</c></pos><stem>oh</stem></mw><gra type="gra" index="1" head="2" relation="COM"/></mor></w>
    <pause symbolic-length="simple"/>
    <w>okay<mor type="mor"><mw><pos><c>co</c></pos><stem>okay</stem></mw><gra type="gra" index="2" head="0" relation="INCROOT"/></mor></w>
    <t type="p"><mor type="mor"><mt type="p"/><gra type="gra" index="3" head="2" relation="PUNCT"/></mor></t>

  </u>
  <u who="MOT" uID="u117">
    <w>you<mor type="mor"><mw><pos><c>pro</c><s>per</s></pos><stem>you</stem></mw><gra type="gra" index="1" head="3" relation="SUBJ"/></mor></w>
    <w>can<mor type="mor"><mw><pos><c>mod</c></pos><stem>can</stem></mw><gra type="gra" index="2" head="3" relation="AUX"/></mor></w>
    <w>stack<mor type="mor"><mw><pos><c>v</c></pos><stem>stack</stem></mw><gra type="gra" index="3" head="0" relation="ROOT"/></mor></w>
    <w>them<mor type="mor"><mw><pos><c>pro</c><s>obj</s></pos><stem>them</stem></mw><gra type="gra" index="4" head="3" relation="OBJ"/></mor></w>
    <w>on<mor type="mor"><mw><pos><c>prep</c></pos><stem>on</stem></mw><gra type="gra" index="5" head="3" relation="JCT"/></mor></w>
    <w>top<mor type="mor"><mw><pos><c>n</c></pos><stem>top</stem></mw><gra type="gra" index="6" head="5" relation="POBJ"/></mor></w>
    <w>of<mor type="mor"><mw><pos><c>prep</c></pos><stem>of</stem></mw><gra type="gra" index="7" head="6" relation="NJCT"/></mor></w>
    <w>each_other<mor type="mor"><mw><pos><c>pro</c><s>refl</s></pos><stem>each_other</stem></mw><gra type="gra" index="8" head="7" relation="POBJ"/></mor></w>
    <w>and<mor type="mor"><mw><pos><c>coord</c></pos><stem>and</stem></mw><gra type="gra" index="9" head="11" relation="LINK"/></mor></w>
    <w>they<mor type="mor"><mw><pos><c>pro</c><s>sub</s></pos><stem>they</stem></mw><gra type="gra" index="10" head="11" relation="SUBJ"/></mor></w>
    <w>go<mor type="mor"><mw><pos><c>v</c></pos><stem>go</stem></mw><gra type="gra" index="11" head="3" relation="CJCT"/></mor></w>
    <w>that<mor type="mor"><mw><pos><c>det</c><s>dem</s></pos><stem>that</stem></mw><gra type="gra" index="12" head="13" relation="DET"/></mor></w>
    <w>tall<mor type="mor"><mw><pos><c>adj</c></pos><stem>tall</stem></mw><gra type="gra" index="13" head="11" relation="JCT"/></mor></w>
    <t type="p"><mor type="mor"><mt type="p"/><gra type="gra" index="14" head="3" relation="PUNCT"/></mor></t>

  </u>
  <u who="MOT" uID="u118">
    <w>you<mor type="mor"><mw><pos><c>pro</c><s>per</s></pos><stem>you</stem></mw><gra type="gra" index="1" head="3" relation="SUBJ"/></mor></w>
    <w>can<mor type="mor"><mw><pos><c>mod</c></pos><stem>can</stem></mw><gra type="gra" index="2" head="3" relation="AUX"/></mor></w>
    <w>make<mor type="mor"><mw><pos><c>v</c></pos><stem>make</stem></mw><gra type="gra" index="3" head="0" relation="ROOT"/></mor></w>
    <w>one<mor type="mor"><mw><pos><c>det</c><s>num</s></pos><stem>one</stem></mw><gra type="gra" index="4" head="3" relation="OBJ"/></mor></w>
    <w>that<mor type="mor"><mw><pos><c>det</c><s>dem</s></pos><stem>that</stem></mw><gra type="gra" index="5" head="6" relation="DET"/></mor></w>
    <w>tall<mor type="mor"><mw><pos><c>adj</c></pos><stem>tall</stem></mw><gra type="gra" index="6" head="4" relation="JCT"/></mor></w>
    <t type="p"><mor type="mor"><mt type="p"/><gra type="gra" index="7" head="3" relation="PUNCT"/></mor></t>

    <a type="actions">&lt;1w&gt; holds hand up to show height</a>
  </u>
  <u who="MOT" uID="u119">
    <w>want<mor type="mor"><mw><pos><c>v</c></pos><stem>want</stem></mw><gra type="gra" index="1" head="0" relation="ROOT"/></mor></w>
    <w>to<mor type="mor"><mw><pos><c>inf</c></pos><stem>to</stem></mw><gra type="gra" index="2" head="3" relation="INF"/></mor></w>
    <w>do<mor type="mor"><mw><pos><c>v</c></pos><stem>do</stem></mw><gra type="gra" index="3" head="1" relation="COMP"/></mor></w>
    <w>one<mor type="mor"><mw><pos><c>pro</c><s>indef</s></pos><stem>one</stem></mw><gra type="gra" index="4" head="3" relation="OBJ"/></mor></w>
    <w>like<mor type="mor"><mw><pos><c>prep</c></pos><stem>like</stem></mw><gra type="gra" index="5" head="3" relation="JCT"/></mor></w>
    <w>that<mor type="mor"><mw><pos><c>pro</c><s>dem</s></pos><stem>that</stem></mw><gra type="gra" index="6" head="5" relation="POBJ"/></mor></w>
    <t type="q"><mor type="mor"><mt type="q"/><gra type="gra" index="7" head="1" relation="PUNCT"/></mor></t>

  </u>
  <u who="CHI" uID="u120">
    <w type="filler">uh</w>
    <t type="p"></t>

    <a type="gesture">nods head</a>
  </u>
  <u who="MOT" uID="u121">
    <w>should<mor type="mor"><mw><pos><c>mod</c></pos><stem>should</stem></mw><gra type="gra" index="1" head="3" relation="AUX"/></mor></w>
    <w>I<mor type="mor"><mw><pos><c>pro</c><s>sub</s></pos><stem>I</stem></mw><gra type="gra" index="2" head="3" relation="SUBJ"/></mor></w>
    <w>show<mor type="mor"><mw><pos><c>v</c></pos><stem>show</stem></mw><gra type="gra" index="3" head="0" relation="ROOT"/></mor></w>
    <w>you<mor type="mor"><mw><pos><c>pro</c><s>per</s></pos><stem>you</stem></mw><gra type="gra" index="4" head="5" relation="SUBJ"/></mor></w>
    <w>how<mor type="mor"><mw><pos><c>pro</c><s>rel</s></pos><stem>how</stem></mw><gra type="gra" index="5" head="3" relation="OBJ"/></mor></w>
    <t type="p"><mor type="mor"><mt type="p"/><gra type="gra" index="6" head="3" relation="PUNCT"/></mor></t>

  </u>
  <u who="MOT" uID="u122">
    <w>okay<mor type="mor"><mw><pos><c>co</c></pos><stem>okay</stem></mw><gra type="gra" index="1" head="0" relation="INCROOT"/></mor></w>
    <t type="p"><mor type="mor"><mt type="p"/><gra type="gra" index="2" head="1" relation="PUNCT"/></mor></t>

  </u>
</CHAT>