<?xml version="1.0" encoding="UTF-8"?>

<CHAT xmlns:xsi="http://www.w3.org/2001/XMLSchema-instance"
      xmlns="http://www.talkbank.org/ns/talkbank"
      xsi:schemaLocation="http://www.talkbank.org/ns/talkbank https://talkbank.org/software/talkbank.xsd"
            DesignType="cross"
            ActivityType="toyplay"
            GroupType="TD"
      PID="11312/c-00015311-1"
      Version="2.16.0"
      Lang="eng"
      Corpus="Bates"
      >
  <Participants>
    <participant
      id="CHI"
    name="George"
      role="Target_Child"
      language="eng"
      age="P2Y04M"
      sex="male"
      group="TD"
      SES="MC"

    />
    <participant
      id="MOT"
      role="Mother"
      language="eng"
      sex="female"

    />
    <participant
      id="INV"
      role="Investigator"
      language="eng"

    />
  </Participants>
  <comment type="Types">cross, toyplay, TD</comment>
  <u who="INV" uID="u0">
    <w>turn<mor type="mor"><mw><pos><c>v</c></pos><stem>turn</stem></mw><gra type="gra" index="1" head="0" relation="ROOT"/></mor></w>
    <w>the<mor type="mor"><mw><pos><c>det</c><s>art</s></pos><stem>the</stem></mw><gra type="gra" index="2" head="3" relation="DET"/></mor></w>
    <w>page<mor type="mor"><mw><pos><c>n</c></pos><stem>page</stem></mw><gra type="gra" index="3" head="1" relation="OBJ"/></mor></w>
    <w>and<mor type="mor"><mw><pos><c>coord</c></pos><stem>and</stem></mw><gra type="gra" index="4" head="1" relation="CONJ"/></mor></w>
    <w>tell<mor type="mor"><mw><pos><c>v</c></pos><stem>tell</stem></mw><gra type="gra" index="5" head="4" relation="COORD"/></mor></w>
    <w>Mommy<mor type="mor"><mw><pos><c>n</c><s>prop</s></pos><stem>Mommy</stem></mw><gra type="gra" index="6" head="5" relation="OBJ2"/></mor></w>
    <w>the<mor type="mor"><mw><pos><c>det</c><s>art</s></pos><stem>the</stem></mw><gra type="gra" index="7" head="8" relation="DET"/></mor></w>
    <w>story<mor type="mor"><mw><pos><c>n</c></pos><stem>story</stem></mw><gra type="gra" index="8" head="5" relation="OBJ"/></mor></w>
    <pause symbolic-length="simple"/>
    <w>okay<mor type="mor"><mw><pos><c>adj</c></pos><stem>okay</stem></mw><gra type="gra" index="9" head="8" relation="POSTMOD"/></mor></w>
    <t type="q"><mor type="mor"><mt type="q"/><gra type="gra" index="10" head="1" relation="PUNCT"/></mor></t>

    <a type="gesture">looks at George</a>
  </u>
  <u who="CHI" uID="u1">
    <w>little<mor type="mor"><mw><pos><c>adj</c></pos><stem>little</stem></mw><gra type="gra" index="1" head="2" relation="MOD"/></mor></w>
    <w>bird<mor type="mor"><mw><pos><c>n</c></pos><stem>bird</stem></mw><gra type="gra" index="2" head="3" relation="SUBJ"/></mor></w>
    <w>fell<mor type="mor"><mw><pos><c>v</c></pos><stem>fall</stem><mk type="sfxf">PAST</mk></mw><gra type="gra" index="3" head="0" relation="ROOT"/></mor></w>
    <w>down<mor type="mor"><mw><pos><c>adv</c></pos><stem>down</stem></mw><gra type="gra" index="4" head="3" relation="JCT"/></mor></w>
    <pause symbolic-length="simple"/>
    <w>build<mor type="mor"><mw><pos><c>v</c></pos><stem>build</stem></mw><gra type="gra" index="5" head="3" relation="ENUM"/></mor></w>
    <g><w>house<mor type="mor"><mw><pos><c>n</c></pos><stem>house</stem></mw><gra type="gra" index="6" head="5" relation="OBJ"/></mor></w><error/></g>
    <t type="p"><mor type="mor"><mt type="p"/><gra type="gra" index="7" head="3" relation="PUNCT"/></mor></t>

    <a type="actions">holds book on lap and turns page</a>
    <a type="paralinguistics">&lt;bef&gt; singing . &lt;dur&gt; spoken in high pitched voice</a>
  </u>
  <u who="MOT" uID="u2">
    <w>she<mor type="mor"><mw><pos><c>pro</c><s>sub</s></pos><stem>she</stem></mw><gra type="gra" index="1" head="2" relation="SUBJ"/></mor></w>
    <w>built<mor type="mor"><mw><pos><c>v</c></pos><stem>build</stem><mk type="sfxf">PAST</mk></mw><gra type="gra" index="2" head="0" relation="ROOT"/></mor></w>
    <w>a<mor type="mor"><mw><pos><c>det</c><s>art</s></pos><stem>a</stem></mw><gra type="gra" index="3" head="6" relation="DET"/></mor></w>
    <w>little<mor type="mor"><mw><pos><c>adj</c></pos><stem>little</stem></mw><gra type="gra" index="4" head="5" relation="MOD"/></mor></w>
    <w>kid<mor type="mor"><mw><pos><c>n</c></pos><stem>kid</stem></mw><gra type="gra" index="5" head="6" relation="MOD"/></mor></w>
    <w>house<mor type="mor"><mw><pos><c>n</c></pos><stem>house</stem></mw><gra type="gra" index="6" head="2" relation="OBJ"/></mor></w>
    <t type="q"><mor type="mor"><mt type="q"/><gra type="gra" index="7" head="2" relation="PUNCT"/></mor></t>

    <a type="comments">Investigator advises Mother to repeat what George says</a>
    <a type="gesture">looks at George</a>
  </u>
  <u who="CHI" uID="u3">
    <w>she<mor type="mor"><mw><pos><c>pro</c><s>sub</s></pos><stem>she</stem></mw><gra type="gra" index="1" head="2" relation="SUBJ"/></mor></w>
    <w>built<mor type="mor"><mw><pos><c>v</c></pos><stem>build</stem><mk type="sfxf">PAST</mk></mw><gra type="gra" index="2" head="0" relation="ROOT"/></mor></w>
    <w>a<mor type="mor"><mw><pos><c>det</c><s>art</s></pos><stem>a</stem></mw><gra type="gra" index="3" head="4" relation="DET"/></mor></w>
    <w>snowman<mor type="mor"><mwc><pos><c>n</c></pos><mw><pos><c>n</c></pos><stem>snow</stem></mw><mw><pos><c>n</c></pos><stem>man</stem></mw></mwc><gra type="gra" index="4" head="2" relation="OBJ"/></mor></w>
    <t type="p"><mor type="mor"><mt type="p"/><gra type="gra" index="5" head="2" relation="PUNCT"/></mor></t>

    <a type="gesture">looks at book . smiles</a>
  </u>
  <u who="CHI" uID="u4">
    <w formType="word play">bum_bum_bum_bum<mor type="mor"><mw><pos><c>wplay</c></pos><stem>bum_bum_bum_bum</stem></mw><gra type="gra" index="1" head="0" relation="INCROOT"/></mor></w>
    <t type="p"><mor type="mor"><mt type="p"/><gra type="gra" index="2" head="1" relation="PUNCT"/></mor></t>

    <a type="actions">&lt;aft&gt; turns page</a>
    <a type="paralinguistics">&lt;1w&gt; singing</a>
  </u>
  <u who="MOT" uID="u5">
    <w type="filler">um</w>
    <t type="p"></t>

    <a type="gesture">looks at George</a>
    <a type="paralinguistics">sing song</a>
  </u>
  <u who="MOT" uID="u6">
    <w>she<mor type="mor"><mw><pos><c>pro</c><s>sub</s></pos><stem>she</stem></mw><gra type="gra" index="1" head="2" relation="SUBJ"/></mor></w>
    <w>built<mor type="mor"><mw><pos><c>v</c></pos><stem>build</stem><mk type="sfxf">PAST</mk></mw><gra type="gra" index="2" head="0" relation="ROOT"/></mor></w>
    <w>a<mor type="mor"><mw><pos><c>det</c><s>art</s></pos><stem>a</stem></mw><gra type="gra" index="3" head="4" relation="DET"/></mor></w>
    <w>snowman<mor type="mor"><mwc><pos><c>n</c></pos><mw><pos><c>n</c></pos><stem>snow</stem></mw><mw><pos><c>n</c></pos><stem>man</stem></mw></mwc><gra type="gra" index="4" head="2" relation="OBJ"/></mor></w>
    <t type="q"><mor type="mor"><mt type="q"/><gra type="gra" index="5" head="2" relation="PUNCT"/></mor></t>

  </u>
  <u who="MOT" uID="u7">
    <w>she<mor type="mor"><mw><pos><c>pro</c><s>sub</s></pos><stem>she</stem></mw><gra type="gra" index="1" head="2" relation="SUBJ"/></mor></w>
    <w>made<mor type="mor"><mw><pos><c>v</c></pos><stem>make</stem><mk type="sfxf">PAST</mk></mw><gra type="gra" index="2" head="0" relation="ROOT"/></mor></w>
    <w>a<mor type="mor"><mw><pos><c>det</c><s>art</s></pos><stem>a</stem></mw><gra type="gra" index="3" head="4" relation="DET"/></mor></w>
    <w>snowman<mor type="mor"><mwc><pos><c>n</c></pos><mw><pos><c>n</c></pos><stem>snow</stem></mw><mw><pos><c>n</c></pos><stem>man</stem></mw></mwc><gra type="gra" index="4" head="2" relation="OBJ"/></mor></w>
    <t type="q"><mor type="mor"><mt type="q"/><gra type="gra" index="5" head="2" relation="PUNCT"/></mor></t>

  </u>
  <u who="CHI" uID="u8">
    <w>yeah<mor type="mor"><mw><pos><c>co</c></pos><stem>yeah</stem></mw><gra type="gra" index="1" head="0" relation="INCROOT"/></mor></w>
    <t type="p"><mor type="mor"><mt type="p"/><gra type="gra" index="2" head="1" relation="PUNCT"/></mor></t>

    <a type="actions">turns page several times</a>
  </u>
  <u who="MOT" uID="u9">
    <w>oh<mor type="mor"><mw><pos><c>co</c></pos><stem>oh</stem></mw><gra type="gra" index="1" head="0" relation="INCROOT"/></mor></w>
    <t type="e"><mor type="mor"><mt type="e"/><gra type="gra" index="2" head="1" relation="PUNCT"/></mor></t>

    <a type="gesture">looks at George</a>
  </u>
  <u who="MOT" uID="u10">
    <w>what<mor type="mor"><mw><pos><c>pro</c><s>int</s></pos><stem>what</stem></mw><gra type="gra" index="1" head="5" relation="LINK"/></mor></w>
    <w>else<mor type="mor"><mw><pos><c>post</c></pos><stem>else</stem></mw><gra type="gra" index="2" head="5" relation="SUBJ"/></mor></w>
    <w>did<mor type="mor"><mw><pos><c>mod</c></pos><stem>do</stem><mk type="sfxf">PAST</mk></mw><gra type="gra" index="3" head="5" relation="AUX"/></mor></w>
    <w>she<mor type="mor"><mw><pos><c>pro</c><s>sub</s></pos><stem>she</stem></mw><gra type="gra" index="4" head="5" relation="SUBJ"/></mor></w>
    <w>do<mor type="mor"><mw><pos><c>v</c></pos><stem>do</stem></mw><gra type="gra" index="5" head="0" relation="ROOT"/></mor></w>
    <t type="q"><mor type="mor"><mt type="q"/><gra type="gra" index="6" head="5" relation="PUNCT"/></mor></t>

  </u>
  <u who="CHI" uID="u11">
    <e><action/><ga type="paralinguistics">sings</ga></e>
    <t type="p"></t>

    <a type="actions">hits feet together</a>
  </u>
  <u who="MOT" uID="u12">
    <w>what<mor type="mor"><mw><pos><c>pro</c><s>int</s></pos><stem>what</stem></mw><gra type="gra" index="1" head="3" relation="SUBJ"/></mor></w>
    <w>else<mor type="mor"><mw><pos><c>post</c></pos><stem>else</stem></mw><gra type="gra" index="2" head="1" relation="PQ"/></mor></w>
    <w>did<mor type="mor"><mw><pos><c>v</c></pos><stem>do</stem><mk type="sfxf">PAST</mk></mw><gra type="gra" index="3" head="0" relation="ROOT"/></mor></w>
    <w>that<mor type="mor"><mw><pos><c>det</c><s>dem</s></pos><stem>that</stem></mw><gra type="gra" index="4" head="6" relation="DET"/></mor></w>
    <w>little<mor type="mor"><mw><pos><c>adj</c></pos><stem>little</stem></mw><gra type="gra" index="5" head="6" relation="MOD"/></mor></w>
    <w>rabbit<mor type="mor"><mw><pos><c>n</c></pos><stem>rabbit</stem></mw><gra type="gra" index="6" head="7" relation="SUBJ"/></mor></w>
    <w>do<mor type="mor"><mw><pos><c>v</c></pos><stem>do</stem></mw><gra type="gra" index="7" head="3" relation="COMP"/></mor></w>
    <t type="q"><mor type="mor"><mt type="q"/><gra type="gra" index="8" head="3" relation="PUNCT"/></mor></t>

    <a type="gesture">looks at George</a>
    <a type="actions">leans closer</a>
  </u>
  <u who="CHI" uID="u13">
    <e><action/><ga type="paralinguistics">sings</ga></e>
    <t type="p"></t>

    <a type="actions">&lt;bef&gt; turns page . &lt;dur&gt; curls up in ball with book</a>
    <a type="gesture">looks at book</a>
  </u>
  <u who="MOT" uID="u14">
    <w>are<mor type="mor"><mw><pos><c>cop</c></pos><stem>be</stem><mk type="sfxf">PRES</mk></mw><gra type="gra" index="1" head="0" relation="ROOT"/></mor></w>
    <w>you<mor type="mor"><mw><pos><c>pro</c><s>per</s></pos><stem>you</stem></mw><gra type="gra" index="2" head="1" relation="PRED"/></mor></w>
    <w>going<mor type="mor"><mw><pos><c>part</c></pos><stem>go</stem><mk type="sfx">PRESP</mk></mw><gra type="gra" index="3" head="2" relation="XMOD"/></mor></w>
    <w>to<mor type="mor"><mw><pos><c>inf</c></pos><stem>to</stem></mw><gra type="gra" index="4" head="5" relation="INF"/></mor></w>
    <w>tell<mor type="mor"><mw><pos><c>v</c></pos><stem>tell</stem></mw><gra type="gra" index="5" head="3" relation="COMP"/></mor></w>
    <w>me<mor type="mor"><mw><pos><c>pro</c><s>obj</s></pos><stem>me</stem></mw><gra type="gra" index="6" head="5" relation="OBJ2"/></mor></w>
    <w>the<mor type="mor"><mw><pos><c>det</c><s>art</s></pos><stem>the</stem></mw><gra type="gra" index="7" head="8" relation="DET"/></mor></w>
    <w>story<mor type="mor"><mw><pos><c>n</c></pos><stem>story</stem></mw><gra type="gra" index="8" head="5" relation="OBJ"/></mor></w>
    <t type="q"><mor type="mor"><mt type="q"/><gra type="gra" index="9" head="1" relation="PUNCT"/></mor></t>

    <a type="gesture">looks at George</a>
  </u>
  <u who="MOT" uID="u15">
    <w>show<mor type="mor"><mw><pos><c>n</c></pos><stem>show</stem></mw><gra type="gra" index="1" head="2" relation="MOD"/></mor></w>
    <w>Mommy<mor type="mor"><mw><pos><c>n</c><s>prop</s></pos><stem>Mommy</stem></mw><gra type="gra" index="2" head="0" relation="ROOT"/></mor></w>
    <w>the<mor type="mor"><mw><pos><c>det</c><s>art</s></pos><stem>the</stem></mw><gra type="gra" index="3" head="4" relation="DET"/></mor></w>
    <w>story<mor type="mor"><mw><pos><c>n</c></pos><stem>story</stem></mw><gra type="gra" index="4" head="2" relation="OBJ"/></mor></w>
    <t type="p"><mor type="mor"><mt type="p"/><gra type="gra" index="5" head="2" relation="PUNCT"/></mor></t>

    <a type="paralinguistics">&lt;1w&gt; spoken pleadingly</a>
  </u>
  <u who="CHI" uID="u16">
    <g><w>I'm</w><k type="retracing"/></g>
    <w>I'm<mor type="mor"><mw><pos><c>pro</c><s>sub</s></pos><stem>I</stem></mw><gra type="gra" index="1" head="3" relation="SUBJ"/><mor-post><mw><pos><c>aux</c></pos><stem>be</stem><mk type="sfxf">1S</mk></mw><gra type="gra" index="2" head="3" relation="AUX"/></mor-post></mor></w>
    <w>dancing<mor type="mor"><mw><pos><c>part</c></pos><stem>dance</stem><mk type="sfx">PRESP</mk></mw><gra type="gra" index="3" head="0" relation="ROOT"/></mor></w>
    <t type="q"><mor type="mor"><mt type="q"/><gra type="gra" index="4" head="3" relation="PUNCT"/></mor></t>

    <a type="gesture">&lt;aft&gt; looks at book . smile slightly</a>
    <a type="actions">takes book away from face</a>
  </u>
  <u who="MOT" uID="u17">
    <w>why<mor type="mor"><mw><pos><c>pro</c><s>rel</s></pos><stem>why</stem></mw><gra type="gra" index="1" head="0" relation="INCROOT"/></mor></w>
    <t type="q"><mor type="mor"><mt type="q"/><gra type="gra" index="2" head="1" relation="PUNCT"/></mor></t>

    <a type="gesture">looks at George</a>
  </u>
  <u who="MOT" uID="u18">
    <w>why<mor type="mor"><mw><pos><c>pro</c><s>int</s></pos><stem>why</stem></mw><gra type="gra" index="1" head="4" relation="LINK"/></mor></w>
    <w>are<mor type="mor"><mw><pos><c>aux</c></pos><stem>be</stem><mk type="sfxf">PRES</mk></mw><gra type="gra" index="2" head="4" relation="AUX"/></mor></w>
    <w>you<mor type="mor"><mw><pos><c>pro</c><s>per</s></pos><stem>you</stem></mw><gra type="gra" index="3" head="4" relation="SUBJ"/></mor></w>
    <w>dancing<mor type="mor"><mw><pos><c>part</c></pos><stem>dance</stem><mk type="sfx">PRESP</mk></mw><gra type="gra" index="4" head="0" relation="ROOT"/></mor></w>
    <t type="q"><mor type="mor"><mt type="q"/><gra type="gra" index="5" head="4" relation="PUNCT"/></mor></t>

  </u>
  <u who="CHI" uID="u19">
    <e><action/><ga type="paralinguistics">sings</ga></e>
    <t type="p"></t>

    <a type="actions">hides behind book</a>
  </u>
  <u who="MOT" uID="u20">
    <w>why<mor type="mor"><mw><pos><c>pro</c><s>int</s></pos><stem>why</stem></mw><gra type="gra" index="1" head="5" relation="JCT"/></mor></w>
    <w>don't<mor type="mor"><mw><pos><c>mod</c></pos><stem>do</stem></mw><gra type="gra" index="2" head="5" relation="AUX"/><mor-post><mw><pos><c>neg</c></pos><stem>not</stem></mw><gra type="gra" index="3" head="2" relation="NEG"/></mor-post></mor></w>
    <w>you<mor type="mor"><mw><pos><c>pro</c><s>per</s></pos><stem>you</stem></mw><gra type="gra" index="4" head="5" relation="SUBJ"/></mor></w>
    <w>read<mor type="mor"><mw><pos><c>v</c></pos><stem>read</stem><mk type="sfxf">ZERO</mk></mw><gra type="gra" index="5" head="0" relation="ROOT"/></mor></w>
    <w>the<mor type="mor"><mw><pos><c>det</c><s>art</s></pos><stem>the</stem></mw><gra type="gra" index="6" head="7" relation="DET"/></mor></w>
    <w>book<mor type="mor"><mw><pos><c>n</c></pos><stem>book</stem></mw><gra type="gra" index="7" head="5" relation="OBJ"/></mor></w>
    <t type="q"><mor type="mor"><mt type="q"/><gra type="gra" index="8" head="5" relation="PUNCT"/></mor></t>

    <a type="comments">Investigator gives Mother advice about how to get a response</a>
    <a type="gesture">looks at George</a>
  </u>
  <u who="MOT" uID="u21">
    <w>let's<mor type="mor"><mw><pos><c>v</c></pos><stem>let</stem></mw><gra type="gra" index="1" head="0" relation="ROOT"/><mor-post><mw><pos><c>pro</c><s>obj</s></pos><stem>us</stem></mw><gra type="gra" index="2" head="1" relation="OBJ"/></mor-post></mor></w>
    <w>look<mor type="mor"><mw><pos><c>v</c></pos><stem>look</stem></mw><gra type="gra" index="3" head="1" relation="COMP"/></mor></w>
    <w>at<mor type="mor"><mw><pos><c>prep</c></pos><stem>at</stem></mw><gra type="gra" index="4" head="3" relation="JCT"/></mor></w>
    <w>the<mor type="mor"><mw><pos><c>det</c><s>art</s></pos><stem>the</stem></mw><gra type="gra" index="5" head="6" relation="DET"/></mor></w>
    <w>book<mor type="mor"><mw><pos><c>n</c></pos><stem>book</stem></mw><gra type="gra" index="6" head="4" relation="POBJ"/></mor></w>
    <t type="p"><mor type="mor"><mt type="p"/><gra type="gra" index="7" head="1" relation="PUNCT"/></mor></t>

    <a type="actions">&lt;1w&gt; takes book . turns page</a>
  </u>
  <u who="MOT" uID="u22">
    <w>oh<mor type="mor"><mw><pos><c>co</c></pos><stem>oh</stem></mw><gra type="gra" index="1" head="3" relation="COM"/></mor></w>
    <pause symbolic-length="simple"/>
    <w>who's<mor type="mor"><mw><pos><c>pro</c><s>int</s></pos><stem>who</stem></mw><gra type="gra" index="2" head="3" relation="SUBJ"/><mor-post><mw><pos><c>cop</c></pos><stem>be</stem><mk type="sfxf">3S</mk></mw><gra type="gra" index="3" head="0" relation="ROOT"/></mor-post></mor></w>
    <w>that<mor type="mor"><mw><pos><c>pro</c><s>dem</s></pos><stem>that</stem></mw><gra type="gra" index="4" head="3" relation="PRED"/></mor></w>
    <t type="q"><mor type="mor"><mt type="q"/><gra type="gra" index="5" head="3" relation="PUNCT"/></mor></t>

    <a type="gesture">&lt;1w&gt; points to book</a>
  </u>
  <u who="CHI" uID="u23">
    <w>he's<mor type="mor"><mw><pos><c>pro</c><s>sub</s></pos><stem>he</stem></mw><gra type="gra" index="1" head="3" relation="SUBJ"/><mor-post><mw><pos><c>aux</c></pos><stem>be</stem><mk type="sfxf">3S</mk></mw><gra type="gra" index="2" head="3" relation="AUX"/></mor-post></mor></w>
    <w>looking<mor type="mor"><mw><pos><c>part</c></pos><stem>look</stem><mk type="sfx">PRESP</mk></mw><gra type="gra" index="3" head="0" relation="ROOT"/></mor></w>
    <w>out<mor type="mor"><mw><pos><c>prep</c></pos><stem>out</stem></mw><gra type="gra" index="4" head="3" relation="JCT"/></mor></w>
    <w>the<mor type="mor"><mw><pos><c>det</c><s>art</s></pos><stem>the</stem></mw><gra type="gra" index="5" head="6" relation="DET"/></mor></w>
    <w>window<mor type="mor"><mw><pos><c>n</c></pos><stem>window</stem></mw><gra type="gra" index="6" head="4" relation="POBJ"/></mor></w>
    <t type="p"><mor type="mor"><mt type="p"/><gra type="gra" index="7" head="3" relation="PUNCT"/></mor></t>

    <a type="gesture">looks at book . points to book</a>
  </u>
  <u who="MOT" uID="u24">
    <w>he's<mor type="mor"><mw><pos><c>pro</c><s>sub</s></pos><stem>he</stem></mw><gra type="gra" index="1" head="3" relation="SUBJ"/><mor-post><mw><pos><c>aux</c></pos><stem>be</stem><mk type="sfxf">3S</mk></mw><gra type="gra" index="2" head="3" relation="AUX"/></mor-post></mor></w>
    <w>looking<mor type="mor"><mw><pos><c>part</c></pos><stem>look</stem><mk type="sfx">PRESP</mk></mw><gra type="gra" index="3" head="0" relation="ROOT"/></mor></w>
    <w>out<mor type="mor"><mw><pos><c>prep</c></pos><stem>out</stem></mw><gra type="gra" index="4" head="3" relation="JCT"/></mor></w>
    <w>the<mor type="mor"><mw><pos><c>det</c><s>art</s></pos><stem>the</stem></mw><gra type="gra" index="5" head="6" relation="DET"/></mor></w>
    <w>window<mor type="mor"><mw><pos><c>n</c></pos><stem>window</stem></mw><gra type="gra" index="6" head="4" relation="POBJ"/></mor></w>
    <t type="q"><mor type="mor"><mt type="q"/><gra type="gra" index="7" head="3" relation="PUNCT"/></mor></t>

    <a type="actions">turns page</a>
  </u>
  <u who="CHI" uID="u25">
    <w>I'll<mor type="mor"><mw><pos><c>pro</c><s>sub</s></pos><stem>I</stem></mw><gra type="gra" index="1" head="3" relation="SUBJ"/><mor-post><mw><pos><c>mod</c></pos><stem>will</stem></mw><gra type="gra" index="2" head="3" relation="AUX"/></mor-post></mor></w>
    <w>see<mor type="mor"><mw><pos><c>v</c></pos><stem>see</stem></mw><gra type="gra" index="3" head="0" relation="ROOT"/></mor></w>
    <w>you<mor type="mor"><mw><pos><c>pro</c><s>per</s></pos><stem>you</stem></mw><gra type="gra" index="4" head="5" relation="SUBJ"/></mor></w>
    <pause symbolic-length="simple"/>
    <w untranscribed="unintelligible">xxx</w>
    <pause symbolic-length="simple"/>
    <w>tomorrow<mor type="mor"><mw><pos><c>adv</c><s>tem</s></pos><stem>tomorrow</stem></mw><gra type="gra" index="5" head="3" relation="JCT"/></mor></w>
    <t type="p"><mor type="mor"><mt type="p"/><gra type="gra" index="6" head="3" relation="PUNCT"/></mor></t>

    <a type="gesture">looks at book</a>
    <a type="actions">turns page</a>
    <a type="extension" flavor="pho">ail si ju xxx m6ro</a>
  </u>
  <u who="MOT" uID="u26">
    <w>I'll<mor type="mor"><mw><pos><c>pro</c><s>sub</s></pos><stem>I</stem></mw><gra type="gra" index="1" head="3" relation="SUBJ"/><mor-post><mw><pos><c>mod</c></pos><stem>will</stem></mw><gra type="gra" index="2" head="3" relation="AUX"/></mor-post></mor></w>
    <w>see<mor type="mor"><mw><pos><c>v</c></pos><stem>see</stem></mw><gra type="gra" index="3" head="0" relation="ROOT"/></mor></w>
    <w>you<mor type="mor"><mw><pos><c>pro</c><s>per</s></pos><stem>you</stem></mw><gra type="gra" index="4" head="5" relation="SUBJ"/></mor></w>
    <w>tomorrow<mor type="mor"><mw><pos><c>adv</c><s>tem</s></pos><stem>tomorrow</stem></mw><gra type="gra" index="5" head="3" relation="JCT"/></mor></w>
    <t type="q"><mor type="mor"><mt type="q"/><gra type="gra" index="6" head="3" relation="PUNCT"/></mor></t>

    <a type="gesture">&lt;1w&gt; looks at George .</a>
  </u>
  <u who="MOT" uID="u27">
    <w>what's<mor type="mor"><mw><pos><c>pro</c><s>int</s></pos><stem>what</stem></mw><gra type="gra" index="1" head="2" relation="SUBJ"/><mor-post><mw><pos><c>cop</c></pos><stem>be</stem><mk type="sfxf">3S</mk></mw><gra type="gra" index="2" head="0" relation="ROOT"/></mor-post></mor></w>
    <w>this<mor type="mor"><mw><pos><c>pro</c><s>dem</s></pos><stem>this</stem></mw><gra type="gra" index="3" head="2" relation="PRED"/></mor></w>
    <w>here<mor type="mor"><mw><pos><c>adv</c></pos><stem>here</stem></mw><gra type="gra" index="4" head="2" relation="JCT"/></mor></w>
    <t type="q"><mor type="mor"><mt type="q"/><gra type="gra" index="5" head="2" relation="PUNCT"/></mor></t>

    <a type="actions">&lt;1w&gt; outlines</a>
    <a type="gesture">&lt;1w&gt; points to book</a>
  </u>
  <u who="CHI" uID="u28">
    <w>a<mor type="mor"><mw><pos><c>det</c><s>art</s></pos><stem>a</stem></mw><gra type="gra" index="1" head="3" relation="DET"/></mor></w>
    <w>bird<mor type="mor"><mw><pos><c>n</c></pos><stem>bird</stem></mw><gra type="gra" index="2" head="3" relation="MOD"/></mor></w>
    <w>house<mor type="mor"><mw><pos><c>n</c></pos><stem>house</stem></mw><gra type="gra" index="3" head="0" relation="INCROOT"/></mor></w>
    <t type="p"><mor type="mor"><mt type="p"/><gra type="gra" index="4" head="3" relation="PUNCT"/></mor></t>

    <a type="gesture">looks at book</a>
    <a type="extension" flavor="pho">6 bArd haus</a>
  </u>
  <u who="MOT" uID="u29">
    <w>a<mor type="mor"><mw><pos><c>det</c><s>art</s></pos><stem>a</stem></mw><gra type="gra" index="1" head="3" relation="DET"/></mor></w>
    <w>bird<mor type="mor"><mw><pos><c>n</c></pos><stem>bird</stem></mw><gra type="gra" index="2" head="3" relation="MOD"/></mor></w>
    <w>house<mor type="mor"><mw><pos><c>n</c></pos><stem>house</stem></mw><gra type="gra" index="3" head="0" relation="INCROOT"/></mor></w>
    <t type="q"><mor type="mor"><mt type="q"/><gra type="gra" index="4" head="3" relation="PUNCT"/></mor></t>

    <a type="actions">turns page</a>
  </u>
  <u who="CHI" uID="u30">
    <w>yeah<mor type="mor"><mw><pos><c>co</c></pos><stem>yeah</stem></mw><gra type="gra" index="1" head="0" relation="INCROOT"/></mor></w>
    <t type="p"><mor type="mor"><mt type="p"/><gra type="gra" index="2" head="1" relation="PUNCT"/></mor></t>

    <a type="gesture">looks at book</a>
  </u>
  <u who="MOT" uID="u31">
    <w>oh<mor type="mor"><mw><pos><c>co</c></pos><stem>oh</stem></mw><gra type="gra" index="1" head="0" relation="INCROOT"/></mor></w>
    <t type="p"><mor type="mor"><mt type="p"/><gra type="gra" index="2" head="1" relation="PUNCT"/></mor></t>

    <a type="gesture">points to book</a>
  </u>
  <u who="MOT" uID="u32">
    <w>what<mor type="mor"><mw><pos><c>pro</c><s>int</s></pos><stem>what</stem></mw><gra type="gra" index="1" head="4" relation="LINK"/></mor></w>
    <w>does<mor type="mor"><mw><pos><c>mod</c></pos><stem>do</stem><mk type="sfxf">3S</mk></mw><gra type="gra" index="2" head="4" relation="AUX"/></mor></w>
    <w>she<mor type="mor"><mw><pos><c>pro</c><s>sub</s></pos><stem>she</stem></mw><gra type="gra" index="3" head="4" relation="SUBJ"/></mor></w>
    <w>got<mor type="mor"><mw><pos><c>v</c></pos><stem>get</stem><mk type="sfxf">PAST</mk></mw><gra type="gra" index="4" head="0" relation="ROOT"/></mor></w>
    <w>on<mor type="mor"><mw><pos><c>prep</c></pos><stem>on</stem></mw><gra type="gra" index="5" head="4" relation="JCT"/></mor></w>
    <w>there<mor type="mor"><mw><pos><c>n</c></pos><stem>there</stem></mw><gra type="gra" index="6" head="5" relation="POBJ"/></mor></w>
    <t type="q"><mor type="mor"><mt type="q"/><gra type="gra" index="7" head="4" relation="PUNCT"/></mor></t>

  </u>
  <u who="CHI" uID="u33">
    <w>boots<mor type="mor"><mw><pos><c>n</c></pos><stem>boot</stem><mk type="sfx">PL</mk></mw><gra type="gra" index="1" head="0" relation="INCROOT"/></mor></w>
    <t type="p"><mor type="mor"><mt type="p"/><gra type="gra" index="2" head="1" relation="PUNCT"/></mor></t>

    <a type="gesture">looks at book</a>
  </u>
  <u who="MOT" uID="u34">
    <w>boots<mor type="mor"><mw><pos><c>n</c></pos><stem>boot</stem><mk type="sfx">PL</mk></mw><gra type="gra" index="1" head="0" relation="INCROOT"/></mor></w>
    <t type="p"><mor type="mor"><mt type="p"/><gra type="gra" index="2" head="1" relation="PUNCT"/></mor></t>

    <a type="gesture">looks at George</a>
  </u>
  <u who="MOT" uID="u35">
    <w>who<mor type="mor"><mw><pos><c>pro</c><s>int</s></pos><stem>who</stem></mw><gra type="gra" index="1" head="2" relation="LINK"/></mor></w>
    <w>is<mor type="mor"><mw><pos><c>cop</c></pos><stem>be</stem><mk type="sfxf">3S</mk></mw><gra type="gra" index="2" head="0" relation="ROOT"/></mor></w>
    <w>that<mor type="mor"><mw><pos><c>pro</c><s>dem</s></pos><stem>that</stem></mw><gra type="gra" index="3" head="2" relation="PRED"/></mor></w>
    <t type="q"><mor type="mor"><mt type="q"/><gra type="gra" index="4" head="2" relation="PUNCT"/></mor></t>

  </u>
  <u who="MOT" uID="u36">
    <w>what's<mor type="mor"><mw><pos><c>pro</c><s>int</s></pos><stem>what</stem></mw><gra type="gra" index="1" head="2" relation="SUBJ"/><mor-post><mw><pos><c>cop</c></pos><stem>be</stem><mk type="sfxf">3S</mk></mw><gra type="gra" index="2" head="0" relation="ROOT"/></mor-post></mor></w>
    <w>her<mor type="mor"><mw><pos><c>det</c><s>poss</s></pos><stem>her</stem></mw><gra type="gra" index="3" head="4" relation="DET"/></mor></w>
    <w>name<mor type="mor"><mw><pos><c>n</c></pos><stem>name</stem></mw><gra type="gra" index="4" head="2" relation="PRED"/></mor></w>
    <t type="q"><mor type="mor"><mt type="q"/><gra type="gra" index="5" head="2" relation="PUNCT"/></mor></t>

  </u>
  <u who="CHI" uID="u37">
    <w>bunny<mor type="mor"><mw><pos><c>n</c></pos><stem>bunny</stem></mw><gra type="gra" index="1" head="0" relation="INCROOT"/></mor></w>
    <t type="e"><mor type="mor"><mt type="e"/><gra type="gra" index="2" head="1" relation="PUNCT"/></mor></t>

    <a type="actions">hits book</a>
    <a type="gesture">smiles</a>
  </u>
  <u who="MOT" uID="u38">
    <w>oh<mor type="mor"><mw><pos><c>co</c></pos><stem>oh</stem></mw><gra type="gra" index="1" head="3" relation="COM"/></mor></w>
    <pause symbolic-length="simple"/>
    <w>it's<mor type="mor"><mw><pos><c>pro</c><s>per</s></pos><stem>it</stem></mw><gra type="gra" index="2" head="3" relation="SUBJ"/><mor-post><mw><pos><c>cop</c></pos><stem>be</stem><mk type="sfxf">3S</mk></mw><gra type="gra" index="3" head="0" relation="ROOT"/></mor-post></mor></w>
    <w>bunny<mor type="mor"><mw><pos><c>n</c></pos><stem>bunny</stem></mw><gra type="gra" index="4" head="3" relation="PRED"/></mor></w>
    <t type="p"><mor type="mor"><mt type="p"/><gra type="gra" index="5" head="3" relation="PUNCT"/></mor></t>

    <a type="actions">&lt;aft&gt; turns page</a>
    <a type="gesture">looks at book</a>
  </u>
  <u who="CHI" uID="u39">
    <w>that's<mor type="mor"><mw><pos><c>pro</c><s>dem</s></pos><stem>that</stem></mw><gra type="gra" index="1" head="2" relation="SUBJ"/><mor-post><mw><pos><c>cop</c></pos><stem>be</stem><mk type="sfxf">3S</mk></mw><gra type="gra" index="2" head="0" relation="ROOT"/></mor-post></mor></w>
    <w>bunny<mor type="mor"><mw><pos><c>n</c></pos><stem>bunny</stem></mw><gra type="gra" index="3" head="2" relation="PRED"/></mor></w>
    <t type="p"><mor type="mor"><mt type="p"/><gra type="gra" index="4" head="2" relation="PUNCT"/></mor></t>

    <a type="gesture">looks at Investigator</a>
    <a type="actions">shifts in seat</a>
  </u>
  <u who="MOT" uID="u40">
    <g><w>wh<shortening>at</shortening></w><k type="retracing"/></g>
    <w>what's<mor type="mor"><mw><pos><c>pro</c><s>int</s></pos><stem>what</stem></mw><gra type="gra" index="1" head="2" relation="LINK"/><mor-post><mw><pos><c>cop</c></pos><stem>be</stem><mk type="sfxf">3S</mk></mw><gra type="gra" index="2" head="0" relation="ROOT"/></mor-post></mor></w>
    <w>she<mor type="mor"><mw><pos><c>pro</c><s>sub</s></pos><stem>she</stem></mw><gra type="gra" index="3" head="2" relation="PRED"/></mor></w>
    <w>doing<mor type="mor"><mw><pos><c>part</c></pos><stem>do</stem><mk type="sfx">PRESP</mk></mw><gra type="gra" index="4" head="3" relation="XMOD"/></mor></w>
    <w>here<mor type="mor"><mw><pos><c>adv</c></pos><stem>here</stem></mw><gra type="gra" index="5" head="4" relation="JCT"/></mor></w>
    <t type="q"><mor type="mor"><mt type="q"/><gra type="gra" index="6" head="2" relation="PUNCT"/></mor></t>

    <a type="gesture">points to book</a>
  </u>
  <u who="MOT" uID="u41">
    <w>what's<mor type="mor"><mw><pos><c>pro</c><s>int</s></pos><stem>what</stem></mw><gra type="gra" index="1" head="2" relation="SUBJ"/><mor-post><mw><pos><c>cop</c></pos><stem>be</stem><mk type="sfxf">3S</mk></mw><gra type="gra" index="2" head="0" relation="ROOT"/></mor-post></mor></w>
    <w>this<mor type="mor"><mw><pos><c>pro</c><s>dem</s></pos><stem>this</stem></mw><gra type="gra" index="3" head="2" relation="PRED"/></mor></w>
    <w>here<mor type="mor"><mw><pos><c>adv</c></pos><stem>here</stem></mw><gra type="gra" index="4" head="2" relation="JCT"/></mor></w>
    <t type="q"><mor type="mor"><mt type="q"/><gra type="gra" index="5" head="2" relation="PUNCT"/></mor></t>

  </u>
  <u who="CHI" uID="u42">
    <w>uhoh<mor type="mor"><mw><pos><c>co</c></pos><stem>uhoh</stem></mw><gra type="gra" index="1" head="0" relation="INCROOT"/></mor></w>
    <t type="p"><mor type="mor"><mt type="p"/><gra type="gra" index="2" head="1" relation="PUNCT"/></mor></t>

    <a type="gesture">points to book</a>
  </u>
  <u who="CHI" uID="u43">
    <w>what's<mor type="mor"><mw><pos><c>pro</c><s>int</s></pos><stem>what</stem></mw><gra type="gra" index="1" head="2" relation="SUBJ"/><mor-post><mw><pos><c>cop</c></pos><stem>be</stem><mk type="sfxf">3S</mk></mw><gra type="gra" index="2" head="0" relation="ROOT"/></mor-post></mor></w>
    <w>that<mor type="mor"><mw><pos><c>comp</c></pos><stem>that</stem></mw><gra type="gra" index="3" head="2" relation="PRED"/></mor></w>
    <pause symbolic-length="simple"/>
    <w>Mommy<mor type="mor"><mw><pos><c>n</c><s>prop</s></pos><stem>Mommy</stem></mw><gra type="gra" index="4" head="3" relation="OM"/></mor></w>
    <t type="q"><mor type="mor"><mt type="q"/><gra type="gra" index="5" head="2" relation="PUNCT"/></mor></t>

  </u>
  <u who="MOT" uID="u44">
    <w>look<mor type="mor"><mw><pos><c>v</c></pos><stem>look</stem></mw><gra type="gra" index="1" head="0" relation="ROOT"/></mor></w>
    <w>at<mor type="mor"><mw><pos><c>prep</c></pos><stem>at</stem></mw><gra type="gra" index="2" head="1" relation="JCT"/></mor></w>
    <w>that<mor type="mor"><mw><pos><c>pro</c><s>dem</s></pos><stem>that</stem></mw><gra type="gra" index="3" head="2" relation="POBJ"/></mor></w>
    <t type="e"><mor type="mor"><mt type="e"/><gra type="gra" index="4" head="1" relation="PUNCT"/></mor></t>

    <a type="gesture">&lt;1w&gt; points to book .</a>
  </u>
  <u who="MOT" uID="u45">
    <w>do<mor type="mor"><mw><pos><c>mod</c></pos><stem>do</stem></mw><gra type="gra" index="1" head="3" relation="AUX"/></mor></w>
    <w>you<mor type="mor"><mw><pos><c>pro</c><s>per</s></pos><stem>you</stem></mw><gra type="gra" index="2" head="3" relation="SUBJ"/></mor></w>
    <w>remember<mor type="mor"><mw><pos><c>v</c></pos><stem>remember</stem></mw><gra type="gra" index="3" head="0" relation="ROOT"/></mor></w>
    <w>the<mor type="mor"><mw><pos><c>det</c><s>art</s></pos><stem>the</stem></mw><gra type="gra" index="4" head="5" relation="DET"/></mor></w>
    <w>story<mor type="mor"><mw><pos><c>n</c></pos><stem>story</stem></mw><gra type="gra" index="5" head="3" relation="OBJ"/></mor></w>
    <t type="q"><mor type="mor"><mt type="q"/><gra type="gra" index="6" head="3" relation="PUNCT"/></mor></t>

    <a type="actions">&lt;1w&gt; outlines</a>
  </u>
  <u who="MOT" uID="u46">
    <w>what<mor type="mor"><mw><pos><c>pro</c><s>int</s></pos><stem>what</stem></mw><gra type="gra" index="1" head="2" relation="LINK"/></mor></w>
    <w>was<mor type="mor"><mw><pos><c>cop</c></pos><stem>be</stem><mk type="sfxf">PAST</mk><mk type="sfxf">13S</mk></mw><gra type="gra" index="2" head="0" relation="ROOT"/></mor></w>
    <w>she<mor type="mor"><mw><pos><c>pro</c><s>sub</s></pos><stem>she</stem></mw><gra type="gra" index="3" head="2" relation="PRED"/></mor></w>
    <w>doing<mor type="mor"><mw><pos><c>part</c></pos><stem>do</stem><mk type="sfx">PRESP</mk></mw><gra type="gra" index="4" head="3" relation="XMOD"/></mor></w>
    <w>right<mor type="mor"><mw><pos><c>adv</c></pos><stem>right</stem></mw><gra type="gra" index="5" head="6" relation="JCT"/></mor></w>
    <w>here<mor type="mor"><mw><pos><c>n</c></pos><stem>here</stem></mw><gra type="gra" index="6" head="4" relation="JCT"/></mor></w>
    <t type="q"><mor type="mor"><mt type="q"/><gra type="gra" index="7" head="2" relation="PUNCT"/></mor></t>

    <a type="gesture">&lt;1w&gt; looks at George</a>
  </u>
  <u who="CHI" uID="u47">
    <w>playing<mor type="mor"><mw><pos><c>part</c></pos><stem>play</stem><mk type="sfx">PRESP</mk></mw><gra type="gra" index="1" head="0" relation="INCROOT"/></mor></w>
    <t type="p"><mor type="mor"><mt type="p"/><gra type="gra" index="2" head="1" relation="PUNCT"/></mor></t>

    <a type="gesture">looks at book</a>
  </u>
  <u who="MOT" uID="u48">
    <w>oh<mor type="mor"><mw><pos><c>co</c></pos><stem>oh</stem></mw><gra type="gra" index="1" head="3" relation="COM"/></mor></w>
    <pause symbolic-length="simple"/>
    <w>what<mor type="mor"><mw><pos><c>pro</c><s>int</s></pos><stem>what</stem></mw><gra type="gra" index="2" head="3" relation="SUBJ"/></mor></w>
    <w>was<mor type="mor"><mw><pos><c>cop</c></pos><stem>be</stem><mk type="sfxf">PAST</mk><mk type="sfxf">13S</mk></mw><gra type="gra" index="3" head="0" relation="ROOT"/></mor></w>
    <w>she<mor type="mor"><mw><pos><c>pro</c><s>sub</s></pos><stem>she</stem></mw><gra type="gra" index="4" head="5" relation="SUBJ"/></mor></w>
    <w>playing<mor type="mor"><mw><pos><c>part</c></pos><stem>play</stem><mk type="sfx">PRESP</mk></mw><gra type="gra" index="5" head="3" relation="PRED"/></mor></w>
    <t type="q"><mor type="mor"><mt type="q"/><gra type="gra" index="6" head="3" relation="PUNCT"/></mor></t>

    <a type="gesture">looks at George</a>
  </u>
  <u who="CHI" uID="u49">
    <e><action/><ga type="paralinguistics">singing</ga></e>
    <t type="p"></t>

    <a type="gesture">points to book</a>
  </u>
  <u who="MOT" uID="u50">
    <w>looks<mor type="mor"><mw><pos><c>v</c></pos><stem>look</stem><mk type="sfx">3S</mk></mw><gra type="gra" index="1" head="0" relation="ROOT"/></mor></w>
    <w>kind<mor type="mor"><mw><pos><c>n</c></pos><stem>kind</stem></mw><gra type="gra" index="2" head="1" relation="OBJ"/></mor></w>
    <w>of<mor type="mor"><mw><pos><c>prep</c></pos><stem>of</stem></mw><gra type="gra" index="3" head="2" relation="NJCT"/></mor></w>
    <w>like<mor type="mor"><mw><pos><c>co</c></pos><stem>like</stem></mw><gra type="gra" index="4" head="6" relation="COM"/></mor></w>
    <w>a<mor type="mor"><mw><pos><c>det</c><s>art</s></pos><stem>a</stem></mw><gra type="gra" index="5" head="6" relation="DET"/></mor></w>
    <w>sled<mor type="mor"><mw><pos><c>n</c></pos><stem>sled</stem></mw><gra type="gra" index="6" head="3" relation="POBJ"/></mor></w>
    <t type="p"><mor type="mor"><mt type="p"/><gra type="gra" index="7" head="1" relation="PUNCT"/></mor></t>

    <a type="actions">&lt;1w&gt; turns page</a>
  </u>
  <u who="MOT" uID="u51">
    <w>what's<mor type="mor"><mw><pos><c>pro</c><s>int</s></pos><stem>what</stem></mw><gra type="gra" index="1" head="2" relation="SUBJ"/><mor-post><mw><pos><c>cop</c></pos><stem>be</stem><mk type="sfxf">3S</mk></mw><gra type="gra" index="2" head="0" relation="ROOT"/></mor-post></mor></w>
    <w>this<mor type="mor"><mw><pos><c>pro</c><s>dem</s></pos><stem>this</stem></mw><gra type="gra" index="3" head="2" relation="PRED"/></mor></w>
    <t type="q"><mor type="mor"><mt type="q"/><gra type="gra" index="4" head="2" relation="PUNCT"/></mor></t>

  </u>
  <u who="CHI" uID="u52">
    <w>he<mor type="mor"><mw><pos><c>pro</c><s>sub</s></pos><stem>he</stem></mw><gra type="gra" index="1" head="2" relation="SUBJ"/></mor></w>
    <w>got<mor type="mor"><mw><pos><c>v</c></pos><stem>get</stem><mk type="sfxf">PAST</mk></mw><gra type="gra" index="2" head="0" relation="ROOT"/></mor></w>
    <w>snowman<mor type="mor"><mwc><pos><c>n</c></pos><mw><pos><c>n</c></pos><stem>snow</stem></mw><mw><pos><c>n</c></pos><stem>man</stem></mw></mwc><gra type="gra" index="3" head="2" relation="OBJ"/></mor></w>
    <t type="p"><mor type="mor"><mt type="p"/><gra type="gra" index="4" head="2" relation="PUNCT"/></mor></t>

    <a type="gesture">points to book</a>
  </u>
  <u who="MOT" uID="u53">
    <w>oh<mor type="mor"><mw><pos><c>co</c></pos><stem>oh</stem></mw><gra type="gra" index="1" head="0" relation="INCROOT"/></mor></w>
    <t type="p"><mor type="mor"><mt type="p"/><gra type="gra" index="2" head="1" relation="PUNCT"/></mor></t>

    <a type="gesture">points to book</a>
  </u>
  <u who="MOT" uID="u54">
    <w>she<mor type="mor"><mw><pos><c>pro</c><s>sub</s></pos><stem>she</stem></mw><gra type="gra" index="1" head="2" relation="SUBJ"/></mor></w>
    <w>make<mor type="mor"><mw><pos><c>v</c></pos><stem>make</stem></mw><gra type="gra" index="2" head="0" relation="ROOT"/></mor></w>
    <w>that<mor type="mor"><mw><pos><c>comp</c></pos><stem>that</stem></mw><gra type="gra" index="3" head="2" relation="OBJ"/></mor></w>
    <w>all<mor type="mor"><mw><pos><c>adv</c></pos><stem>all</stem></mw><gra type="gra" index="4" head="5" relation="JCT"/></mor></w>
    <w>by<mor type="mor"><mw><pos><c>prep</c></pos><stem>by</stem></mw><gra type="gra" index="5" head="3" relation="JCT"/></mor></w>
    <w>herself<mor type="mor"><mw><pos><c>pro</c><s>refl</s></pos><stem>herself</stem></mw><gra type="gra" index="6" head="5" relation="POBJ"/></mor></w>
    <t type="q"><mor type="mor"><mt type="q"/><gra type="gra" index="7" head="2" relation="PUNCT"/></mor></t>

  </u>
  <u who="CHI" uID="u55">
    <w>yep<mor type="mor"><mw><pos><c>co</c></pos><stem>yep</stem></mw><gra type="gra" index="1" head="0" relation="INCROOT"/></mor></w>
    <t type="e"><mor type="mor"><mt type="e"/><gra type="gra" index="2" head="1" relation="PUNCT"/></mor></t>

    <a type="gesture">looks at book</a>
  </u>
  <u who="MOT" uID="u56">
    <w>oh<mor type="mor"><mw><pos><c>co</c></pos><stem>oh</stem></mw><gra type="gra" index="1" head="0" relation="INCROOT"/></mor></w>
    <t type="e"><mor type="mor"><mt type="e"/><gra type="gra" index="2" head="1" relation="PUNCT"/></mor></t>

    <a type="actions">&lt;1w&gt; turns page</a>
  </u>
  <u who="MOT" uID="u57">
    <w>who's<mor type="mor"><mw><pos><c>pro</c><s>int</s></pos><stem>who</stem></mw><gra type="gra" index="1" head="2" relation="LINK"/><mor-post><mw><pos><c>cop</c></pos><stem>be</stem><mk type="sfxf">3S</mk></mw><gra type="gra" index="2" head="0" relation="ROOT"/></mor-post></mor></w>
    <w>that<mor type="mor"><mw><pos><c>pro</c><s>dem</s></pos><stem>that</stem></mw><gra type="gra" index="3" head="2" relation="PRED"/></mor></w>
    <t type="q"><mor type="mor"><mt type="q"/><gra type="gra" index="4" head="2" relation="PUNCT"/></mor></t>

    <a type="gesture">&lt;1w&gt; points to book</a>
  </u>
  <u who="CHI" uID="u58">
    <w>that<mor type="mor"><mw><pos><c>comp</c></pos><stem>that</stem></mw><gra type="gra" index="1" head="0" relation="INCROOT"/></mor></w>
    <t type="p"><mor type="mor"><mt type="p"/><gra type="gra" index="2" head="1" relation="PUNCT"/></mor></t>

    <a type="gesture">points to book</a>
    <a type="actions">hits book</a>
  </u>
  <u who="MOT" uID="u59">
    <w>who<mor type="mor"><mw><pos><c>pro</c><s>int</s></pos><stem>who</stem></mw><gra type="gra" index="1" head="2" relation="LINK"/></mor></w>
    <g><w>is<mor type="mor"><mw><pos><c>cop</c></pos><stem>be</stem><mk type="sfxf">3S</mk></mw><gra type="gra" index="2" head="0" relation="ROOT"/></mor></w><k type="stressing"/></g>
    <w>that<mor type="mor"><mw><pos><c>pro</c><s>dem</s></pos><stem>that</stem></mw><gra type="gra" index="3" head="2" relation="PRED"/></mor></w>
    <t type="q"><mor type="mor"><mt type="q"/><gra type="gra" index="4" head="2" relation="PUNCT"/></mor></t>

    <a type="gesture">looks at George</a>
  </u>
  <u who="CHI" uID="u60">
    <w>who<mor type="mor"><mw><pos><c>pro</c><s>int</s></pos><stem>who</stem></mw><gra type="gra" index="1" head="2" relation="LINK"/></mor></w>
    <w>is<mor type="mor"><mw><pos><c>cop</c></pos><stem>be</stem><mk type="sfxf">3S</mk></mw><gra type="gra" index="2" head="0" relation="ROOT"/></mor></w>
    <w>that<mor type="mor"><mw><pos><c>pro</c><s>dem</s></pos><stem>that</stem></mw><gra type="gra" index="3" head="2" relation="PRED"/></mor></w>
    <t type="q"><mor type="mor"><mt type="q"/><gra type="gra" index="4" head="2" relation="PUNCT"/></mor></t>

    <a type="gesture">looks at Investigator</a>
  </u>
  <u who="MOT" uID="u61">
    <w>can<mor type="mor"><mw><pos><c>mod</c></pos><stem>can</stem></mw><gra type="gra" index="1" head="3" relation="AUX"/></mor></w>
    <w>you<mor type="mor"><mw><pos><c>pro</c><s>per</s></pos><stem>you</stem></mw><gra type="gra" index="2" head="3" relation="SUBJ"/></mor></w>
    <w>tell<mor type="mor"><mw><pos><c>v</c></pos><stem>tell</stem></mw><gra type="gra" index="3" head="0" relation="ROOT"/></mor></w>
    <w>me<mor type="mor"><mw><pos><c>pro</c><s>obj</s></pos><stem>me</stem></mw><gra type="gra" index="4" head="3" relation="OBJ"/></mor></w>
    <w>what<mor type="mor"><mw><pos><c>pro</c><s>int</s></pos><stem>what</stem></mw><gra type="gra" index="5" head="7" relation="LINK"/></mor></w>
    <w>that<mor type="mor"><mw><pos><c>comp</c></pos><stem>that</stem></mw><gra type="gra" index="6" head="7" relation="SUBJ"/></mor></w>
    <w>is<mor type="mor"><mw><pos><c>cop</c></pos><stem>be</stem><mk type="sfxf">3S</mk></mw><gra type="gra" index="7" head="3" relation="COMP"/></mor></w>
    <t type="q"><mor type="mor"><mt type="q"/><gra type="gra" index="8" head="3" relation="PUNCT"/></mor></t>

    <a type="gesture">looks at George</a>
  </u>
  <u who="CHI" uID="u62">
    <w untranscribed="unintelligible">xxx</w>
    <t type="p"></t>

    <a type="actions">takes book from Mother</a>
    <a type="alternative">that</a>
  </u>
  <u who="MOT" uID="u63">
    <w>it's<mor type="mor"><mw><pos><c>pro</c><s>per</s></pos><stem>it</stem></mw><gra type="gra" index="1" head="2" relation="SUBJ"/><mor-post><mw><pos><c>cop</c></pos><stem>be</stem><mk type="sfxf">3S</mk></mw><gra type="gra" index="2" head="0" relation="ROOT"/></mor-post></mor></w>
    <w>that<mor type="mor"><mw><pos><c>det</c><s>dem</s></pos><stem>that</stem></mw><gra type="gra" index="3" head="4" relation="DET"/></mor></w>
    <w>bird<mor type="mor"><mw><pos><c>n</c></pos><stem>bird</stem></mw><gra type="gra" index="4" head="2" relation="PRED"/></mor></w>
    <t type="p"><mor type="mor"><mt type="p"/><gra type="gra" index="5" head="2" relation="PUNCT"/></mor></t>

    <a type="actions">&lt;1w&gt; turns page</a>
  </u>
  <u who="MOT" uID="u64">
    <w>do<mor type="mor"><mw><pos><c>mod</c></pos><stem>do</stem></mw><gra type="gra" index="1" head="3" relation="AUX"/></mor></w>
    <w>you<mor type="mor"><mw><pos><c>pro</c><s>per</s></pos><stem>you</stem></mw><gra type="gra" index="2" head="3" relation="SUBJ"/></mor></w>
    <w>remember<mor type="mor"><mw><pos><c>v</c></pos><stem>remember</stem></mw><gra type="gra" index="3" head="0" relation="ROOT"/></mor></w>
    <w>the<mor type="mor"><mw><pos><c>det</c><s>art</s></pos><stem>the</stem></mw><gra type="gra" index="4" head="5" relation="DET"/></mor></w>
    <w>birdie<mor type="mor"><mw><pos><c>n</c></pos><stem>bird</stem><mk type="sfx">DIM</mk></mw><gra type="gra" index="5" head="3" relation="OBJ"/></mor></w>
    <t type="q"><mor type="mor"><mt type="q"/><gra type="gra" index="6" head="3" relation="PUNCT"/></mor></t>

    <a type="gesture">&lt;1w&gt; points to book</a>
  </u>
  <u who="MOT" uID="u65">
    <w>what's<mor type="mor"><mw><pos><c>pro</c><s>int</s></pos><stem>what</stem></mw><gra type="gra" index="1" head="2" relation="SUBJ"/><mor-post><mw><pos><c>cop</c></pos><stem>be</stem><mk type="sfxf">3S</mk></mw><gra type="gra" index="2" head="0" relation="ROOT"/></mor-post></mor></w>
    <w>that<mor type="mor"><mw><pos><c>pro</c><s>dem</s></pos><stem>that</stem></mw><gra type="gra" index="3" head="4" relation="DET"/></mor></w>
    <w>birdie<mor type="mor"><mw><pos><c>n</c></pos><stem>bird</stem><mk type="sfx">DIM</mk></mw><gra type="gra" index="4" head="2" relation="PRED"/></mor></w>
    <w>say<mor type="mor"><mw><pos><c>co</c></pos><stem>say</stem></mw><gra type="gra" index="5" head="2" relation="COM"/></mor></w>
    <t type="q"><mor type="mor"><mt type="q"/><gra type="gra" index="6" head="2" relation="PUNCT"/></mor></t>

  </u>
  <u who="CHI" uID="u66">
    <w formType="onomatopoeia">tweet<mor type="mor"><mw><pos><c>on</c></pos><stem>tweet</stem></mw><gra type="gra" index="1" head="0" relation="INCROOT"/></mor></w>
    <t type="e"><mor type="mor"><mt type="e"/><gra type="gra" index="2" head="1" relation="PUNCT"/></mor></t>

    <a type="gesture">looks at book</a>
  </u>
  <u who="CHI" uID="u67">
    <w formType="onomatopoeia">tweet<mor type="mor"><mw><pos><c>on</c></pos><stem>tweet</stem></mw><gra type="gra" index="1" head="0" relation="INCROOT"/></mor></w>
    <t type="e"><mor type="mor"><mt type="e"/><gra type="gra" index="2" head="1" relation="PUNCT"/></mor></t>

  </u>
  <u who="MOT" uID="u68">
    <w>oh<mor type="mor"><mw><pos><c>co</c></pos><stem>oh</stem></mw><gra type="gra" index="1" head="0" relation="INCROOT"/></mor></w>
    <t type="p"><mor type="mor"><mt type="p"/><gra type="gra" index="2" head="1" relation="PUNCT"/></mor></t>

    <a type="actions">turns page</a>
  </u>
  <u who="CHI" uID="u69">
    <w formType="word play">bum_bum_bum<mor type="mor"><mw><pos><c>wplay</c></pos><stem>bum_bum_bum</stem></mw><gra type="gra" index="1" head="0" relation="INCROOT"/></mor></w>
    <t type="p"><mor type="mor"><mt type="p"/><gra type="gra" index="2" head="1" relation="PUNCT"/></mor></t>

    <a type="gesture">looks at book</a>
  </u>
  <u who="MOT" uID="u70">
    <w>oh<mor type="mor"><mw><pos><c>co</c></pos><stem>oh</stem></mw><gra type="gra" index="1" head="2" relation="COM"/></mor></w>
    <w>look<mor type="mor"><mw><pos><c>n</c></pos><stem>look</stem></mw><gra type="gra" index="2" head="0" relation="INCROOT"/></mor></w>
    <t type="p"><mor type="mor"><mt type="p"/><gra type="gra" index="3" head="2" relation="PUNCT"/></mor></t>

    <a type="gesture">points to book</a>
  </u>
  <u who="MOT" uID="u71">
    <w>what's<mor type="mor"><mw><pos><c>pro</c><s>int</s></pos><stem>what</stem></mw><gra type="gra" index="1" head="5" relation="SUBJ"/><mor-post><mw><pos><c>aux</c></pos><stem>be</stem><mk type="sfxf">3S</mk></mw><gra type="gra" index="2" head="5" relation="AUX"/></mor-post></mor></w>
    <w>the<mor type="mor"><mw><pos><c>det</c><s>art</s></pos><stem>the</stem></mw><gra type="gra" index="3" head="4" relation="DET"/></mor></w>
    <w>bunny<mor type="mor"><mw><pos><c>n</c></pos><stem>bunny</stem></mw><gra type="gra" index="4" head="5" relation="SUBJ"/></mor></w>
    <w>doing<mor type="mor"><mw><pos><c>part</c></pos><stem>do</stem><mk type="sfx">PRESP</mk></mw><gra type="gra" index="5" head="0" relation="ROOT"/></mor></w>
    <t type="q"><mor type="mor"><mt type="q"/><gra type="gra" index="6" head="5" relation="PUNCT"/></mor></t>

  </u>
  <u who="CHI" uID="u72">
    <w>crying<mor type="mor"><mw><pos><c>part</c></pos><stem>cry</stem><mk type="sfx">PRESP</mk></mw><gra type="gra" index="1" head="0" relation="INCROOT"/></mor></w>
    <t type="p"><mor type="mor"><mt type="p"/><gra type="gra" index="2" head="1" relation="PUNCT"/></mor></t>

    <a type="gesture">looks at book</a>
    <a type="extension" flavor="pho">kwraiIN</a>
  </u>
  <u who="MOT" uID="u73">
    <w>how<mor type="mor"><mw><pos><c>pro</c><s>int</s></pos><stem>how</stem></mw><gra type="gra" index="1" head="2" relation="JCT"/></mor></w>
    <w>come<mor type="mor"><mw><pos><c>v</c></pos><stem>come</stem></mw><gra type="gra" index="2" head="0" relation="ROOT"/></mor></w>
    <t type="q"><mor type="mor"><mt type="q"/><gra type="gra" index="3" head="2" relation="PUNCT"/></mor></t>

    <a type="gesture">looks at book</a>
    <a type="paralinguistics">&lt;1w&gt; spoken in high voice</a>
  </u>
  <u who="MOT" uID="u74">
    <pause symbolic-length="simple"/>
    <w>why<mor type="mor"><mw><pos><c>pro</c><s>int</s></pos><stem>why</stem></mw><gra type="gra" index="1" head="2" relation="SUBJ"/></mor></w>
    <w>is<mor type="mor"><mw><pos><c>cop</c></pos><stem>be</stem><mk type="sfxf">3S</mk></mw><gra type="gra" index="2" head="0" relation="ROOT"/></mor></w>
    <w>that<mor type="mor"><mw><pos><c>comp</c></pos><stem>that</stem></mw><gra type="gra" index="3" head="4" relation="DET"/></mor></w>
    <w>bunny<mor type="mor"><mw><pos><c>n</c></pos><stem>bunny</stem></mw><gra type="gra" index="4" head="2" relation="PRED"/></mor></w>
    <w>crying<mor type="mor"><mw><pos><c>part</c></pos><stem>cry</stem><mk type="sfx">PRESP</mk></mw><gra type="gra" index="5" head="4" relation="XMOD"/></mor></w>
    <t type="q"><mor type="mor"><mt type="q"/><gra type="gra" index="6" head="2" relation="PUNCT"/></mor></t>

  </u>
  <u who="CHI" uID="u75">
    <w>he<mor type="mor"><mw><pos><c>pro</c><s>sub</s></pos><stem>he</stem></mw><gra type="gra" index="1" head="3" relation="SUBJ"/></mor></w>
    <w>was<mor type="mor"><mw><pos><c>aux</c></pos><stem>be</stem><mk type="sfxf">PAST</mk><mk type="sfxf">13S</mk></mw><gra type="gra" index="2" head="3" relation="AUX"/></mor></w>
    <pause symbolic-length="simple"/>
    <w>crying<mor type="mor"><mw><pos><c>part</c></pos><stem>cry</stem><mk type="sfx">PRESP</mk></mw><gra type="gra" index="3" head="0" relation="ROOT"/></mor></w>
    <w>bitin<shortening>g</shortening><mor type="mor"><mw><pos><c>part</c></pos><stem>bite</stem><mk type="sfx">PRESP</mk></mw><gra type="gra" index="4" head="3" relation="XJCT"/></mor></w>
    <w>his<mor type="mor"><mw><pos><c>det</c><s>poss</s></pos><stem>his</stem></mw><gra type="gra" index="5" head="6" relation="DET"/></mor></w>
    <g><w>mommy<mor type="mor"><mw><pos><c>n</c></pos><stem>mommy</stem></mw><gra type="gra" index="6" head="4" relation="OBJ"/></mor></w><error/></g>
    <t type="p"><mor type="mor"><mt type="p"/><gra type="gra" index="7" head="3" relation="PUNCT"/></mor></t>

    <a type="gesture">looks at book</a>
    <a type="extension" flavor="pho">hi w6z kaiIN baitIn hIz mami</a>
  </u>
  <u who="MOT" uID="u76">
    <w>oh<mor type="mor"><mw><pos><c>co</c></pos><stem>oh</stem></mw><gra type="gra" index="1" head="0" relation="INCROOT"/></mor></w>
    <t type="p"><mor type="mor"><mt type="p"/><gra type="gra" index="2" head="1" relation="PUNCT"/></mor></t>

    <a type="gesture">looks at book</a>
    <a type="actions">&lt;1w&gt; turns page</a>
  </u>
  <u who="MOT" uID="u77">
    <w>what's<mor type="mor"><mw><pos><c>pro</c><s>int</s></pos><stem>what</stem></mw><gra type="gra" index="1" head="5" relation="SUBJ"/><mor-post><mw><pos><c>aux</c></pos><stem>be</stem><mk type="sfxf">3S</mk></mw><gra type="gra" index="2" head="5" relation="AUX"/></mor-post></mor></w>
    <w>the<mor type="mor"><mw><pos><c>det</c><s>art</s></pos><stem>the</stem></mw><gra type="gra" index="3" head="4" relation="DET"/></mor></w>
    <w>bunny<mor type="mor"><mw><pos><c>n</c></pos><stem>bunny</stem></mw><gra type="gra" index="4" head="5" relation="SUBJ"/></mor></w>
    <w>doing<mor type="mor"><mw><pos><c>part</c></pos><stem>do</stem><mk type="sfx">PRESP</mk></mw><gra type="gra" index="5" head="0" relation="ROOT"/></mor></w>
    <w>here<mor type="mor"><mw><pos><c>adv</c></pos><stem>here</stem></mw><gra type="gra" index="6" head="5" relation="JCT"/></mor></w>
    <t type="q"><mor type="mor"><mt type="q"/><gra type="gra" index="7" head="5" relation="PUNCT"/></mor></t>

  </u>
  <u who="CHI" uID="u78">
    <w>making<mor type="mor"><mw><pos><c>part</c></pos><stem>make</stem><mk type="sfx">PRESP</mk></mw><gra type="gra" index="1" head="0" relation="INCROOT"/></mor></w>
    <w>wood<mor type="mor"><mw><pos><c>n</c></pos><stem>wood</stem></mw><gra type="gra" index="2" head="1" relation="OBJ"/></mor></w>
    <t type="p"><mor type="mor"><mt type="p"/><gra type="gra" index="3" head="1" relation="PUNCT"/></mor></t>

    <a type="gesture">looks at book</a>
  </u>
  <u who="MOT" uID="u79">
    <w>hm<p type="drawl"/><mor type="mor"><mw><pos><c>co</c></pos><stem>hm</stem></mw><gra type="gra" index="1" head="0" relation="INCROOT"/></mor></w>
    <t type="q"><mor type="mor"><mt type="q"/><gra type="gra" index="2" head="1" relation="PUNCT"/></mor></t>

    <a type="actions">leans toward George</a>
  </u>
  <u who="CHI" uID="u80">
    <w>he<mor type="mor"><mw><pos><c>pro</c><s>sub</s></pos><stem>he</stem></mw><gra type="gra" index="1" head="2" relation="SUBJ"/></mor></w>
    <w formType="neologism">gots<mor type="mor"><mw><pos><c>neo</c></pos><stem>gots</stem></mw><gra type="gra" index="2" head="0" relation="ROOT"/></mor></w>
    <w>some<mor type="mor"><mw><pos><c>qn</c></pos><stem>some</stem></mw><gra type="gra" index="3" head="4" relation="QUANT"/></mor></w>
    <g><w>wood<mor type="mor"><mw><pos><c>n</c></pos><stem>wood</stem></mw><gra type="gra" index="4" head="2" relation="OBJ"/></mor></w><error/></g>
    <t type="p"><mor type="mor"><mt type="p"/><gra type="gra" index="5" head="2" relation="PUNCT"/></mor></t>

    <a type="gesture">looks at book</a>
  </u>
  <u who="MOT" uID="u81">
    <w>he's<mor type="mor"><mw><pos><c>pro</c><s>sub</s></pos><stem>he</stem></mw><gra type="gra" index="1" head="3" relation="SUBJ"/><mor-post><mw><pos><c>aux</c></pos><stem>be</stem><mk type="sfxf">3S</mk></mw><gra type="gra" index="2" head="3" relation="AUX"/></mor-post></mor></w>
    <w>got<mor type="mor"><mw><pos><c>part</c></pos><stem>get</stem><mk type="sfxf">PASTP</mk></mw><gra type="gra" index="3" head="0" relation="ROOT"/></mor></w>
    <w>some<mor type="mor"><mw><pos><c>pro</c><s>indef</s></pos><stem>some</stem></mw><gra type="gra" index="4" head="5" relation="MOD"/></mor></w>
    <w>wood<mor type="mor"><mw><pos><c>n</c></pos><stem>wood</stem></mw><gra type="gra" index="5" head="3" relation="OBJ"/></mor></w>
    <t type="q"><mor type="mor"><mt type="q"/><gra type="gra" index="6" head="3" relation="PUNCT"/></mor></t>

  </u>
  <u who="MOT" uID="u82">
    <w>what<mor type="mor"><mw><pos><c>pro</c><s>int</s></pos><stem>what</stem></mw><gra type="gra" index="1" head="5" relation="LINK"/></mor></w>
    <w>else<mor type="mor"><mw><pos><c>post</c></pos><stem>else</stem></mw><gra type="gra" index="2" head="5" relation="SUBJ"/></mor></w>
    <w>does<mor type="mor"><mw><pos><c>mod</c></pos><stem>do</stem><mk type="sfxf">3S</mk></mw><gra type="gra" index="3" head="5" relation="AUX"/></mor></w>
    <w>he<mor type="mor"><mw><pos><c>pro</c><s>sub</s></pos><stem>he</stem></mw><gra type="gra" index="4" head="5" relation="SUBJ"/></mor></w>
    <w>have<mor type="mor"><mw><pos><c>v</c></pos><stem>have</stem></mw><gra type="gra" index="5" head="0" relation="ROOT"/></mor></w>
    <t type="q"><mor type="mor"><mt type="q"/><gra type="gra" index="6" head="5" relation="PUNCT"/></mor></t>

  </u>
  <u who="CHI" uID="u83">
    <w untranscribed="unintelligible">xxx</w>
    <w>woods<mor type="mor"><mw><pos><c>n</c></pos><stem>wood</stem><mk type="sfx">PL</mk></mw><gra type="gra" index="1" head="0" relation="INCROOT"/></mor></w>
    <t type="p"><mor type="mor"><mt type="p"/><gra type="gra" index="2" head="1" relation="PUNCT"/></mor></t>

  </u>
  <u who="MOT" uID="u84">
    <w>right<mor type="mor"><mw><pos><c>adv</c></pos><stem>right</stem></mw><gra type="gra" index="1" head="2" relation="JCT"/></mor></w>
    <w>here<mor type="mor"><mw><pos><c>n</c></pos><stem>here</stem></mw><gra type="gra" index="2" head="0" relation="INCROOT"/></mor></w>
    <t type="q"><mor type="mor"><mt type="q"/><gra type="gra" index="3" head="2" relation="PUNCT"/></mor></t>

    <a type="gesture">points to book . looks at book</a>
  </u>
  <u who="CHI" uID="u85">
    <w>woods<mor type="mor"><mw><pos><c>n</c></pos><stem>wood</stem><mk type="sfx">PL</mk></mw><gra type="gra" index="1" head="0" relation="INCROOT"/></mor></w>
    <t type="p"><mor type="mor"><mt type="p"/><gra type="gra" index="2" head="1" relation="PUNCT"/></mor></t>

    <a type="gesture">looks at book</a>
  </u>
  <u who="MOT" uID="u86">
    <w>oh<mor type="mor"><mw><pos><c>co</c></pos><stem>oh</stem></mw><gra type="gra" index="1" head="4" relation="COM"/></mor></w>
    <pause symbolic-length="simple"/>
    <w>okay<mor type="mor"><mw><pos><c>co</c></pos><stem>okay</stem></mw><gra type="gra" index="2" head="3" relation="COM"/></mor></w>
    <pause symbolic-length="simple"/>
    <w>that's<mor type="mor"><mw><pos><c>pro</c><s>dem</s></pos><stem>that</stem></mw><gra type="gra" index="3" head="4" relation="SUBJ"/><mor-post><mw><pos><c>cop</c></pos><stem>be</stem><mk type="sfxf">3S</mk></mw><gra type="gra" index="4" head="0" relation="ROOT"/></mor-post></mor></w>
    <w>woods<mor type="mor"><mw><pos><c>n</c></pos><stem>wood</stem><mk type="sfx">PL</mk></mw><gra type="gra" index="5" head="4" relation="PRED"/></mor></w>
    <t type="p"><mor type="mor"><mt type="p"/><gra type="gra" index="6" head="4" relation="PUNCT"/></mor></t>

    <a type="gesture">looks at book</a>
  </u>
  <u who="MOT" uID="u87">
    <pause symbolic-length="simple"/>
    <w>he's<mor type="mor"><mw><pos><c>pro</c><s>sub</s></pos><stem>he</stem></mw><gra type="gra" index="1" head="3" relation="SUBJ"/><mor-post><mw><pos><c>aux</c></pos><stem>be</stem><mk type="sfxf">3S</mk></mw><gra type="gra" index="2" head="3" relation="AUX"/></mor-post></mor></w>
    <w>gonna<mor type="mor"><mw><pos><c>part</c></pos><stem>go</stem><mk type="sfxf">PRESP</mk></mw><gra type="gra" index="3" head="0" relation="ROOT"/><mor-post><mw><pos><c>inf</c></pos><stem>to</stem></mw><gra type="gra" index="4" head="5" relation="INF"/></mor-post></mor></w>
    <w>go<mor type="mor"><mw><pos><c>v</c></pos><stem>go</stem></mw><gra type="gra" index="5" head="3" relation="COMP"/></mor></w>
    <t type="trail off"><mor type="mor"><mt type="trail off"/><gra type="gra" index="6" head="3" relation="PUNCT"/></mor></t>

  </u>
  <u who="MOT" uID="u88">
    <w>what's<mor type="mor"><mw><pos><c>pro</c><s>int</s></pos><stem>what</stem></mw><gra type="gra" index="1" head="2" relation="SUBJ"/><mor-post><mw><pos><c>cop</c></pos><stem>be</stem><mk type="sfxf">3S</mk></mw><gra type="gra" index="2" head="0" relation="ROOT"/></mor-post></mor></w>
    <w>he<mor type="mor"><mw><pos><c>pro</c><s>sub</s></pos><stem>he</stem></mw><gra type="gra" index="3" head="2" relation="PRED"/></mor></w>
    <w>making<mor type="mor"><mw><pos><c>part</c></pos><stem>make</stem><mk type="sfx">PRESP</mk></mw><gra type="gra" index="4" head="3" relation="XMOD"/></mor></w>
    <w>now<mor type="mor"><mw><pos><c>adv</c><s>tem</s></pos><stem>now</stem></mw><gra type="gra" index="5" head="4" relation="JCT"/></mor></w>
    <t type="q"><mor type="mor"><mt type="q"/><gra type="gra" index="6" head="2" relation="PUNCT"/></mor></t>

  </u>
  <u who="CHI" uID="u89">
    <w>he<mor type="mor"><mw><pos><c>pro</c><s>sub</s></pos><stem>he</stem></mw><gra type="gra" index="1" head="2" relation="SUBJ"/></mor></w>
    <w>made<mor type="mor"><mw><pos><c>v</c></pos><stem>make</stem><mk type="sfxf">PAST</mk></mw><gra type="gra" index="2" head="0" relation="ROOT"/></mor></w>
    <w>the<mor type="mor"><mw><pos><c>det</c><s>art</s></pos><stem>the</stem></mw><gra type="gra" index="3" head="4" relation="DET"/></mor></w>
    <w>house<mor type="mor"><mw><pos><c>n</c></pos><stem>house</stem></mw><gra type="gra" index="4" head="2" relation="OBJ"/></mor></w>
    <t type="e"><mor type="mor"><mt type="e"/><gra type="gra" index="5" head="2" relation="PUNCT"/></mor></t>

    <a type="gesture">looks at book</a>
    <a type="actions">hits book</a>
  </u>
  <u who="MOT" uID="u90">
    <w>he<mor type="mor"><mw><pos><c>pro</c><s>sub</s></pos><stem>he</stem></mw><gra type="gra" index="1" head="2" relation="SUBJ"/></mor></w>
    <w>made<mor type="mor"><mw><pos><c>v</c></pos><stem>make</stem><mk type="sfxf">PAST</mk></mw><gra type="gra" index="2" head="0" relation="ROOT"/></mor></w>
    <w>the<mor type="mor"><mw><pos><c>det</c><s>art</s></pos><stem>the</stem></mw><gra type="gra" index="3" head="4" relation="DET"/></mor></w>
    <w>house<mor type="mor"><mw><pos><c>n</c></pos><stem>house</stem></mw><gra type="gra" index="4" head="2" relation="OBJ"/></mor></w>
    <t type="q"><mor type="mor"><mt type="q"/><gra type="gra" index="5" head="2" relation="PUNCT"/></mor></t>

    <a type="gesture">looks at book</a>
  </u>
  <u who="MOT" uID="u91">
    <w>for<mor type="mor"><mw><pos><c>prep</c></pos><stem>for</stem></mw><gra type="gra" index="1" head="0" relation="INCROOT"/></mor></w>
    <w>who<mor type="mor"><mw><pos><c>pro</c><s>rel</s></pos><stem>who</stem></mw><gra type="gra" index="2" head="1" relation="POBJ"/></mor></w>
    <t type="q"><mor type="mor"><mt type="q"/><gra type="gra" index="3" head="1" relation="PUNCT"/></mor></t>

    <a type="paralinguistics">&lt;1w&gt; spoken in high pitch</a>
  </u>
  <u who="MOT" uID="u92">
    <w>who<mor type="mor"><mw><pos><c>pro</c><s>int</s></pos><stem>who</stem></mw><gra type="gra" index="1" head="3" relation="LINK"/></mor></w>
    <w>did<mor type="mor"><mw><pos><c>mod</c></pos><stem>do</stem><mk type="sfxf">PAST</mk></mw><gra type="gra" index="2" head="3" relation="AUX"/></mor></w>
    <w>that<mor type="mor"><mw><pos><c>pro</c><s>dem</s></pos><stem>that</stem></mw><gra type="gra" index="3" head="0" relation="INCROOT"/></mor></w>
    <t type="q"><mor type="mor"><mt type="q"/><gra type="gra" index="4" head="3" relation="PUNCT"/></mor></t>

  </u>
  <u who="CHI" uID="u93">
    <w>birdie<mor type="mor"><mw><pos><c>n</c></pos><stem>bird</stem><mk type="sfx">DIM</mk></mw><gra type="gra" index="1" head="0" relation="INCROOT"/></mor></w>
    <t type="q"><mor type="mor"><mt type="q"/><gra type="gra" index="2" head="1" relation="PUNCT"/></mor></t>

    <a type="gesture">looks at book</a>
    <a type="extension" flavor="pho">bArdi</a>
  </u>
  <u who="MOT" uID="u94">
    <w>for<mor type="mor"><mw><pos><c>prep</c></pos><stem>for</stem></mw><gra type="gra" index="1" head="0" relation="INCROOT"/></mor></w>
    <w>the<mor type="mor"><mw><pos><c>det</c><s>art</s></pos><stem>the</stem></mw><gra type="gra" index="2" head="3" relation="DET"/></mor></w>
    <w>birdie<mor type="mor"><mw><pos><c>n</c></pos><stem>bird</stem><mk type="sfx">DIM</mk></mw><gra type="gra" index="3" head="1" relation="POBJ"/></mor></w>
    <t type="q"><mor type="mor"><mt type="q"/><gra type="gra" index="4" head="1" relation="PUNCT"/></mor></t>

    <a type="gesture">looks at book</a>
    <a type="paralinguistics">&lt;1w-3w&gt; spoken in high pitch sing song .</a>
  </u>
  <u who="MOT" uID="u95">
    <w>that's<mor type="mor"><mw><pos><c>pro</c><s>dem</s></pos><stem>that</stem></mw><gra type="gra" index="1" head="2" relation="SUBJ"/><mor-post><mw><pos><c>cop</c></pos><stem>be</stem><mk type="sfxf">3S</mk></mw><gra type="gra" index="2" head="0" relation="ROOT"/></mor-post></mor></w>
    <w>nice<mor type="mor"><mw><pos><c>adj</c></pos><stem>nice</stem></mw><gra type="gra" index="3" head="2" relation="PRED"/></mor></w>
    <t type="e"><mor type="mor"><mt type="e"/><gra type="gra" index="4" head="2" relation="PUNCT"/></mor></t>

    <a type="paralinguistics">&lt;1w-2w&gt; spoken in high pitch sing song .</a>
  </u>
  <u who="MOT" uID="u96">
    <w>what's<mor type="mor"><mw><pos><c>pro</c><s>int</s></pos><stem>what</stem></mw><gra type="gra" index="1" head="2" relation="SUBJ"/><mor-post><mw><pos><c>cop</c></pos><stem>be</stem><mk type="sfxf">3S</mk></mw><gra type="gra" index="2" head="0" relation="ROOT"/></mor-post></mor></w>
    <w>that<mor type="mor"><mw><pos><c>pro</c><s>dem</s></pos><stem>that</stem></mw><gra type="gra" index="3" head="2" relation="PRED"/></mor></w>
    <w>in<mor type="mor"><mw><pos><c>prep</c></pos><stem>in</stem></mw><gra type="gra" index="4" head="2" relation="JCT"/></mor></w>
    <w>there<mor type="mor"><mw><pos><c>n</c></pos><stem>there</stem></mw><gra type="gra" index="5" head="4" relation="POBJ"/></mor></w>
    <t type="q"><mor type="mor"><mt type="q"/><gra type="gra" index="6" head="2" relation="PUNCT"/></mor></t>

    <a type="paralinguistics">&lt;1w&gt; spoken more quietly</a>
  </u>
  <u who="CHI" uID="u97">
    <w>ah<mor type="mor"><mw><pos><c>co</c></pos><stem>ah</stem></mw><gra type="gra" index="1" head="3" relation="COM"/></mor></w>
    <pause symbolic-length="simple"/>
    <w>a<mor type="mor"><mw><pos><c>det</c><s>art</s></pos><stem>a</stem></mw><gra type="gra" index="2" head="3" relation="DET"/></mor></w>
    <w>window<mor type="mor"><mw><pos><c>n</c></pos><stem>window</stem></mw><gra type="gra" index="3" head="0" relation="INCROOT"/></mor></w>
    <t type="p"><mor type="mor"><mt type="p"/><gra type="gra" index="4" head="3" relation="PUNCT"/></mor></t>

    <a type="gesture">looks at book</a>
    <a type="paralinguistics">spoken in high pitch</a>
  </u>
  <u who="MOT" uID="u98">
    <w>oh<mor type="mor"><mw><pos><c>co</c></pos><stem>oh</stem></mw><gra type="gra" index="1" head="0" relation="INCROOT"/></mor></w>
    <t type="p"><mor type="mor"><mt type="p"/><gra type="gra" index="2" head="1" relation="PUNCT"/></mor></t>

  </u>
  <u who="CHI" uID="u99">
    <w>fall<mor type="mor"><mw><pos><c>v</c></pos><stem>fall</stem></mw><gra type="gra" index="1" head="0" relation="ROOT"/></mor></w>
    <w>down<mor type="mor"><mw><pos><c>adv</c></pos><stem>down</stem></mw><gra type="gra" index="2" head="1" relation="JCT"/></mor></w>
    <t type="p"><mor type="mor"><mt type="p"/><gra type="gra" index="3" head="1" relation="PUNCT"/></mor></t>

    <a type="gesture">looks at book</a>
  </u>
  <u who="MOT" uID="u100">
    <w>oh<mor type="mor"><mw><pos><c>co</c></pos><stem>oh</stem></mw><gra type="gra" index="1" head="0" relation="INCROOT"/></mor></w>
    <t type="p"><mor type="mor"><mt type="p"/><gra type="gra" index="2" head="1" relation="PUNCT"/></mor></t>

  </u>
  <u who="INV" uID="u101">
    <w>a<mor type="mor"><mw><pos><c>det</c><s>art</s></pos><stem>a</stem></mw><gra type="gra" index="1" head="2" relation="DET"/></mor></w>
    <w>window<mor type="mor"><mw><pos><c>n</c></pos><stem>window</stem></mw><gra type="gra" index="2" head="3" relation="SUBJ"/></mor></w>
    <w>fell<mor type="mor"><mw><pos><c>v</c></pos><stem>fall</stem><mk type="sfxf">PAST</mk></mw><gra type="gra" index="3" head="0" relation="ROOT"/></mor></w>
    <w>down<mor type="mor"><mw><pos><c>adv</c></pos><stem>down</stem></mw><gra type="gra" index="4" head="3" relation="JCT"/></mor></w>
    <t type="p"><mor type="mor"><mt type="p"/><gra type="gra" index="5" head="3" relation="PUNCT"/></mor></t>

    <a type="paralinguistics">laughs</a>
  </u>
  <u who="MOT" uID="u102">
    <w>oh<mor type="mor"><mw><pos><c>co</c></pos><stem>oh</stem></mw><gra type="gra" index="1" head="0" relation="INCROOT"/></mor></w>
    <t type="p"><mor type="mor"><mt type="p"/><gra type="gra" index="2" head="1" relation="PUNCT"/></mor></t>

    <a type="gesture">looks at George</a>
  </u>
  <u who="MOT" uID="u103">
    <w>okay<mor type="mor"><mw><pos><c>co</c></pos><stem>okay</stem></mw><gra type="gra" index="1" head="0" relation="INCROOT"/></mor></w>
    <t type="p"><mor type="mor"><mt type="p"/><gra type="gra" index="2" head="1" relation="PUNCT"/></mor></t>

  </u>
  <u who="MOT" uID="u104">
    <w>what's<mor type="mor"><mw><pos><c>pro</c><s>int</s></pos><stem>what</stem></mw><gra type="gra" index="1" head="2" relation="SUBJ"/><mor-post><mw><pos><c>cop</c></pos><stem>be</stem><mk type="sfxf">3S</mk></mw><gra type="gra" index="2" head="0" relation="ROOT"/></mor-post></mor></w>
    <w>in<mor type="mor"><mw><pos><c>prep</c></pos><stem>in</stem></mw><gra type="gra" index="3" head="2" relation="JCT"/></mor></w>
    <w>there<mor type="mor"><mw><pos><c>n</c></pos><stem>there</stem></mw><gra type="gra" index="4" head="3" relation="POBJ"/></mor></w>
    <t type="q"><mor type="mor"><mt type="q"/><gra type="gra" index="5" head="2" relation="PUNCT"/></mor></t>

  </u>
  <u who="CHI" uID="u105">
    <g><w>he</w><k type="retracing with correction"/></g>
    <w>he's<mor type="mor"><mw><pos><c>pro</c><s>sub</s></pos><stem>he</stem></mw><gra type="gra" index="1" head="3" relation="SUBJ"/><mor-post><mw><pos><c>aux</c></pos><stem>be</stem><mk type="sfxf">3S</mk></mw><gra type="gra" index="2" head="3" relation="AUX"/></mor-post></mor></w>
    <w>looking<mor type="mor"><mw><pos><c>part</c></pos><stem>look</stem><mk type="sfx">PRESP</mk></mw><gra type="gra" index="3" head="0" relation="ROOT"/></mor></w>
    <w>in<mor type="mor"><mw><pos><c>prep</c></pos><stem>in</stem></mw><gra type="gra" index="4" head="3" relation="JCT"/></mor></w>
    <w>the<mor type="mor"><mw><pos><c>det</c><s>art</s></pos><stem>the</stem></mw><gra type="gra" index="5" head="6" relation="DET"/></mor></w>
    <w>window<mor type="mor"><mw><pos><c>n</c></pos><stem>window</stem></mw><gra type="gra" index="6" head="4" relation="POBJ"/></mor></w>
    <t type="p"><mor type="mor"><mt type="p"/><gra type="gra" index="7" head="3" relation="PUNCT"/></mor></t>

    <a type="gesture">looks at book</a>
    <a type="actions">hits book</a>
  </u>
  <u who="MOT" uID="u106">
    <w>looking<mor type="mor"><mw><pos><c>part</c></pos><stem>look</stem><mk type="sfx">PRESP</mk></mw><gra type="gra" index="1" head="0" relation="ROOT"/></mor></w>
    <w>out<mor type="mor"><mw><pos><c>adv</c></pos><stem>out</stem></mw><gra type="gra" index="2" head="1" relation="JCT"/></mor></w>
    <w>the<mor type="mor"><mw><pos><c>det</c><s>art</s></pos><stem>the</stem></mw><gra type="gra" index="3" head="4" relation="DET"/></mor></w>
    <w>window<mor type="mor"><mw><pos><c>n</c></pos><stem>window</stem></mw><gra type="gra" index="4" head="2" relation="POBJ"/></mor></w>
    <t type="q"><mor type="mor"><mt type="q"/><gra type="gra" index="5" head="1" relation="PUNCT"/></mor></t>

    <a type="gesture">looks at book</a>
  </u>
  <u who="CHI" uID="u107">
    <w>yep<mor type="mor"><mw><pos><c>co</c></pos><stem>yep</stem></mw><gra type="gra" index="1" head="0" relation="INCROOT"/></mor></w>
    <t type="p"><mor type="mor"><mt type="p"/><gra type="gra" index="2" head="1" relation="PUNCT"/></mor></t>

  </u>
  <u who="MOT" uID="u108">
    <w>oh<mor type="mor"><mw><pos><c>co</c></pos><stem>oh</stem></mw><gra type="gra" index="1" head="0" relation="INCROOT"/></mor></w>
    <t type="p"><mor type="mor"><mt type="p"/><gra type="gra" index="2" head="1" relation="PUNCT"/></mor></t>

    <a type="gesture">points to book</a>
  </u>
  <u who="MOT" uID="u109">
    <w>what's<mor type="mor"><mw><pos><c>pro</c><s>int</s></pos><stem>what</stem></mw><gra type="gra" index="1" head="2" relation="SUBJ"/><mor-post><mw><pos><c>cop</c></pos><stem>be</stem><mk type="sfxf">3S</mk></mw><gra type="gra" index="2" head="0" relation="ROOT"/></mor-post></mor></w>
    <w>he<mor type="mor"><mw><pos><c>pro</c><s>sub</s></pos><stem>he</stem></mw><gra type="gra" index="3" head="2" relation="PRED"/></mor></w>
    <w>looking<mor type="mor"><mw><pos><c>part</c></pos><stem>look</stem><mk type="sfx">PRESP</mk></mw><gra type="gra" index="4" head="3" relation="XMOD"/></mor></w>
    <w>at<mor type="mor"><mw><pos><c>prep</c></pos><stem>at</stem></mw><gra type="gra" index="5" head="4" relation="JCT"/></mor></w>
    <t type="q"><mor type="mor"><mt type="q"/><gra type="gra" index="6" head="2" relation="PUNCT"/></mor></t>

  </u>
  <u who="CHI" uID="u110">
    <g><w>his</w><k type="retracing"/></g>
    <w>his<mor type="mor"><mw><pos><c>det</c><s>poss</s></pos><stem>his</stem></mw><gra type="gra" index="1" head="2" relation="DET"/></mor></w>
    <w>car<mor type="mor"><mw><pos><c>n</c></pos><stem>car</stem></mw><gra type="gra" index="2" head="0" relation="INCROOT"/></mor></w>
    <t type="p"><mor type="mor"><mt type="p"/><gra type="gra" index="3" head="2" relation="PUNCT"/></mor></t>

  </u>
  <u who="MOT" uID="u111">
    <w>his<mor type="mor"><mw><pos><c>det</c><s>poss</s></pos><stem>his</stem></mw><gra type="gra" index="1" head="2" relation="DET"/></mor></w>
    <w>car<mor type="mor"><mw><pos><c>n</c></pos><stem>car</stem></mw><gra type="gra" index="2" head="0" relation="INCROOT"/></mor></w>
    <t type="q"><mor type="mor"><mt type="q"/><gra type="gra" index="3" head="2" relation="PUNCT"/></mor></t>

  </u>
  <u who="MOT" uID="u112">
    <w>hm<p type="drawl"/><mor type="mor"><mw><pos><c>co</c></pos><stem>hm</stem></mw><gra type="gra" index="1" head="0" relation="INCROOT"/></mor></w>
    <t type="p"><mor type="mor"><mt type="p"/><gra type="gra" index="2" head="1" relation="PUNCT"/></mor></t>

    <a type="actions">&lt;1w&gt; turns page</a>
  </u>
  <u who="MOT" uID="u113">
    <w>the<mor type="mor"><mw><pos><c>det</c><s>art</s></pos><stem>the</stem></mw><gra type="gra" index="1" head="2" relation="DET"/></mor></w>
    <w>end<mor type="mor"><mw><pos><c>n</c></pos><stem>end</stem></mw><gra type="gra" index="2" head="0" relation="INCROOT"/></mor></w>
    <t type="p"><mor type="mor"><mt type="p"/><gra type="gra" index="3" head="2" relation="PUNCT"/></mor></t>

  </u>
  <u who="CHI" uID="u114">
    <e><action/><ga type="paralinguistics">sings</ga></e>
    <t type="p"></t>

    <a type="gesture">looks at book . smiles</a>
    <a type="actions">takes book</a>
  </u>
  <u who="MOT" uID="u115">
    <w>did<mor type="mor"><mw><pos><c>mod</c></pos><stem>do</stem><mk type="sfxf">PAST</mk></mw><gra type="gra" index="1" head="3" relation="AUX"/></mor></w>
    <w>you<mor type="mor"><mw><pos><c>pro</c><s>per</s></pos><stem>you</stem></mw><gra type="gra" index="2" head="3" relation="SUBJ"/></mor></w>
    <w>like<mor type="mor"><mw><pos><c>v</c></pos><stem>like</stem></mw><gra type="gra" index="3" head="0" relation="ROOT"/></mor></w>
    <w>that<mor type="mor"><mw><pos><c>det</c><s>dem</s></pos><stem>that</stem></mw><gra type="gra" index="4" head="5" relation="DET"/></mor></w>
    <w>story<mor type="mor"><mw><pos><c>n</c></pos><stem>story</stem></mw><gra type="gra" index="5" head="3" relation="OBJ"/></mor></w>
    <pause symbolic-length="simple"/>
    <w>George<mor type="mor"><mw><pos><c>n</c><s>prop</s></pos><stem>George</stem></mw><gra type="gra" index="6" head="5" relation="APP"/></mor></w>
    <t type="q"><mor type="mor"><mt type="q"/><gra type="gra" index="7" head="3" relation="PUNCT"/></mor></t>

    <a type="gesture">looks at George</a>
    <a type="actions">leans back</a>
  </u>
</CHAT>