<?xml version="1.0" encoding="UTF-8"?>

<CHAT xmlns:xsi="http://www.w3.org/2001/XMLSchema-instance"
      xmlns="http://www.talkbank.org/ns/talkbank"
      xsi:schemaLocation="http://www.talkbank.org/ns/talkbank https://talkbank.org/software/talkbank.xsd"
            DesignType="cross"
            ActivityType="toyplay"
            GroupType="TD"
      PID="11312/c-00015314-1"
      Version="2.16.0"
      Lang="eng"
      Corpus="Bates"
      >
  <Participants>
    <participant
      id="CHI"
    name="Ivy"
      role="Target_Child"
      language="eng"
      age="P2Y04M"
      sex="female"
      group="TD"
      SES="MC"

    />
    <participant
      id="MOT"
      role="Mother"
      language="eng"
      sex="female"

    />
    <participant
      id="INV"
      role="Investigator"
      language="eng"

    />
  </Participants>
  <comment type="Types">cross, toyplay, TD</comment>
  <u who="INV" uID="u0">
    <w>do<mor type="mor"><mw><pos><c>mod</c></pos><stem>do</stem></mw><gra type="gra" index="1" head="3" relation="AUX"/></mor></w>
    <w>you<mor type="mor"><mw><pos><c>pro</c><s>per</s></pos><stem>you</stem></mw><gra type="gra" index="2" head="3" relation="SUBJ"/></mor></w>
    <w>want<mor type="mor"><mw><pos><c>v</c></pos><stem>want</stem></mw><gra type="gra" index="3" head="0" relation="ROOT"/></mor></w>
    <w>to<mor type="mor"><mw><pos><c>inf</c></pos><stem>to</stem></mw><gra type="gra" index="4" head="5" relation="INF"/></mor></w>
    <w>tell<mor type="mor"><mw><pos><c>v</c></pos><stem>tell</stem></mw><gra type="gra" index="5" head="3" relation="COMP"/></mor></w>
    <w>the<mor type="mor"><mw><pos><c>det</c><s>art</s></pos><stem>the</stem></mw><gra type="gra" index="6" head="7" relation="DET"/></mor></w>
    <w>story<mor type="mor"><mw><pos><c>n</c></pos><stem>story</stem></mw><gra type="gra" index="7" head="5" relation="OBJ"/></mor></w>
    <w>to<mor type="mor"><mw><pos><c>prep</c></pos><stem>to</stem></mw><gra type="gra" index="8" head="5" relation="JCT"/></mor></w>
    <w>your<mor type="mor"><mw><pos><c>det</c><s>poss</s></pos><stem>your</stem></mw><gra type="gra" index="9" head="10" relation="DET"/></mor></w>
    <w>Mom<mor type="mor"><mw><pos><c>n</c><s>prop</s></pos><stem>Mom</stem></mw><gra type="gra" index="10" head="8" relation="POBJ"/></mor></w>
    <t type="q"><mor type="mor"><mt type="q"/><gra type="gra" index="11" head="3" relation="PUNCT"/></mor></t>

    <a type="actions">hands book to Ivy</a>
  </u>
  <u who="CHI" uID="u1">
    <w>yeah<mor type="mor"><mw><pos><c>co</c></pos><stem>yeah</stem></mw><gra type="gra" index="1" head="0" relation="INCROOT"/></mor></w>
    <t type="p"><mor type="mor"><mt type="p"/><gra type="gra" index="2" head="1" relation="PUNCT"/></mor></t>

    <a type="actions">takes book</a>
    <a type="gesture">looks at book</a>
  </u>
  <u who="INV" uID="u2">
    <w>okay<mor type="mor"><mw><pos><c>co</c></pos><stem>okay</stem></mw><gra type="gra" index="1" head="0" relation="INCROOT"/></mor></w>
    <t type="p"><mor type="mor"><mt type="p"/><gra type="gra" index="2" head="1" relation="PUNCT"/></mor></t>

  </u>
  <u who="MOT" uID="u3">
    <w>what's<mor type="mor"><mw><pos><c>pro</c><s>int</s></pos><stem>what</stem></mw><gra type="gra" index="1" head="2" relation="SUBJ"/><mor-post><mw><pos><c>cop</c></pos><stem>be</stem><mk type="sfxf">3S</mk></mw><gra type="gra" index="2" head="0" relation="ROOT"/></mor-post></mor></w>
    <w>that<mor type="mor"><mw><pos><c>det</c><s>dem</s></pos><stem>that</stem></mw><gra type="gra" index="3" head="6" relation="DET"/></mor></w>
    <w>little<mor type="mor"><mw><pos><c>adj</c></pos><stem>little</stem></mw><gra type="gra" index="4" head="6" relation="MOD"/></mor></w>
    <w>bunny's<mor type="mor"><mw><pos><c>adj</c></pos><stem>bunny</stem><mk type="sfxf">dn</mk><mk type="sfx">POSS</mk></mw><gra type="gra" index="5" head="6" relation="MOD"/></mor></w>
    <w>name<mor type="mor"><mw><pos><c>n</c></pos><stem>name</stem></mw><gra type="gra" index="6" head="2" relation="PRED"/></mor></w>
    <t type="q"><mor type="mor"><mt type="q"/><gra type="gra" index="7" head="2" relation="PUNCT"/></mor></t>

    <a type="gesture">looks at book . points to book</a>
    <a type="actions">&lt;bef&gt; opens book</a>
  </u>
  <u who="CHI" uID="u4">
    <w>Miffy<mor type="mor"><mw><pos><c>n</c><s>prop</s></pos><stem>Miffy</stem></mw><gra type="gra" index="1" head="0" relation="INCROOT"/></mor></w>
    <t type="p"><mor type="mor"><mt type="p"/><gra type="gra" index="2" head="1" relation="PUNCT"/></mor></t>

    <a type="gesture">looks at book</a>
  </u>
  <u who="MOT" uID="u5">
    <w>Miffy<mor type="mor"><mw><pos><c>n</c><s>prop</s></pos><stem>Miffy</stem></mw><gra type="gra" index="1" head="0" relation="INCROOT"/></mor></w>
    <pause symbolic-length="simple"/>
    <w>right<mor type="mor"><mw><pos><c>co</c></pos><stem>right</stem></mw><gra type="gra" index="2" head="1" relation="COM"/></mor></w>
    <t type="p"><mor type="mor"><mt type="p"/><gra type="gra" index="3" head="1" relation="PUNCT"/></mor></t>

    <a type="actions">&lt;1w&gt; turns page .</a>
  </u>
  <u who="MOT" uID="u6">
    <w>oh<mor type="mor"><mw><pos><c>co</c></pos><stem>oh</stem></mw><gra type="gra" index="1" head="3" relation="COM"/></mor></w>
    <w>we<mor type="mor"><mw><pos><c>pro</c><s>sub</s></pos><stem>we</stem></mw><gra type="gra" index="2" head="3" relation="SUBJ"/></mor></w>
    <w>missed<mor type="mor"><mw><pos><c>v</c></pos><stem>miss</stem><mk type="sfx">PAST</mk></mw><gra type="gra" index="3" head="0" relation="ROOT"/></mor></w>
    <w>something<mor type="mor"><mw><pos><c>pro</c><s>indef</s></pos><stem>something</stem></mw><gra type="gra" index="4" head="3" relation="OBJ"/></mor></w>
    <t type="p"><mor type="mor"><mt type="p"/><gra type="gra" index="5" head="3" relation="PUNCT"/></mor></t>

    <a type="actions">&lt;1w&gt; turns page back</a>
  </u>
  <u who="CHI" uID="u7">
    <w>I<mor type="mor"><mw><pos><c>pro</c><s>sub</s></pos><stem>I</stem></mw><gra type="gra" index="1" head="2" relation="SUBJ"/></mor></w>
    <w>reading<mor type="mor"><mw><pos><c>part</c></pos><stem>read</stem><mk type="sfx">PRESP</mk></mw><gra type="gra" index="2" head="0" relation="ROOT"/></mor></w>
    <g><w>it<mor type="mor"><mw><pos><c>pro</c><s>per</s></pos><stem>it</stem></mw><gra type="gra" index="3" head="2" relation="OBJ"/></mor></w><error/></g>
    <t type="e"><mor type="mor"><mt type="e"/><gra type="gra" index="4" head="2" relation="PUNCT"/></mor></t>

    <a type="gesture">looks at book</a>
  </u>
  <u who="MOT" uID="u8">
    <w>what's<mor type="mor"><mw><pos><c>pro</c><s>int</s></pos><stem>what</stem></mw><gra type="gra" index="1" head="2" relation="SUBJ"/><mor-post><mw><pos><c>cop</c></pos><stem>be</stem><mk type="sfxf">3S</mk></mw><gra type="gra" index="2" head="0" relation="ROOT"/></mor-post></mor></w>
    <w>this<mor type="mor"><mw><pos><c>det</c><s>dem</s></pos><stem>this</stem></mw><gra type="gra" index="3" head="4" relation="DET"/></mor></w>
    <w>picture<mor type="mor"><mw><pos><c>n</c></pos><stem>picture</stem></mw><gra type="gra" index="4" head="2" relation="PRED"/></mor></w>
    <t type="q"><mor type="mor"><mt type="q"/><gra type="gra" index="5" head="2" relation="PUNCT"/></mor></t>

    <a type="gesture">points to book</a>
  </u>
  <u who="CHI" uID="u9">
    <w>what's<mor type="mor"><mw><pos><c>pro</c><s>int</s></pos><stem>what</stem></mw><gra type="gra" index="1" head="2" relation="SUBJ"/><mor-post><mw><pos><c>cop</c></pos><stem>be</stem><mk type="sfxf">3S</mk></mw><gra type="gra" index="2" head="0" relation="ROOT"/></mor-post></mor></w>
    <w>that<mor type="mor"><mw><pos><c>comp</c></pos><stem>that</stem></mw><gra type="gra" index="3" head="2" relation="PRED"/></mor></w>
    <pause symbolic-length="simple"/>
    <w>Mommy<mor type="mor"><mw><pos><c>n</c><s>prop</s></pos><stem>Mommy</stem></mw><gra type="gra" index="4" head="3" relation="OM"/></mor></w>
    <t type="q"><mor type="mor"><mt type="q"/><gra type="gra" index="5" head="2" relation="PUNCT"/></mor></t>

    <a type="gesture">points to book</a>
    <a type="actions">takes book from Mother . turns page</a>
  </u>
  <u who="MOT" uID="u10">
    <w>you<mor type="mor"><mw><pos><c>pro</c><s>per</s></pos><stem>you</stem></mw><gra type="gra" index="1" head="2" relation="SUBJ"/></mor></w>
    <w>tell<mor type="mor"><mw><pos><c>v</c></pos><stem>tell</stem></mw><gra type="gra" index="2" head="0" relation="ROOT"/></mor></w>
    <w>me<mor type="mor"><mw><pos><c>pro</c><s>obj</s></pos><stem>me</stem></mw><gra type="gra" index="3" head="2" relation="OBJ"/></mor></w>
    <t type="p"><mor type="mor"><mt type="p"/><gra type="gra" index="4" head="2" relation="PUNCT"/></mor></t>

    <a type="gesture">looks at Ivy</a>
  </u>
  <u who="MOT" uID="u11">
    <w>what<mor type="mor"><mw><pos><c>pro</c><s>int</s></pos><stem>what</stem></mw><gra type="gra" index="1" head="2" relation="SUBJ"/></mor></w>
    <w>is<mor type="mor"><mw><pos><c>cop</c></pos><stem>be</stem><mk type="sfxf">3S</mk></mw><gra type="gra" index="2" head="0" relation="ROOT"/></mor></w>
    <w>on<mor type="mor"><mw><pos><c>prep</c></pos><stem>on</stem></mw><gra type="gra" index="3" head="2" relation="JCT"/></mor></w>
    <w>there<mor type="mor"><mw><pos><c>n</c></pos><stem>there</stem></mw><gra type="gra" index="4" head="3" relation="POBJ"/></mor></w>
    <t type="q"><mor type="mor"><mt type="q"/><gra type="gra" index="5" head="2" relation="PUNCT"/></mor></t>

    <a type="actions">&lt;1w-4w&gt; outlines .</a>
  </u>
  <u who="MOT" uID="u12">
    <w>what's<mor type="mor"><mw><pos><c>pro</c><s>int</s></pos><stem>what</stem></mw><gra type="gra" index="1" head="2" relation="SUBJ"/><mor-post><mw><pos><c>cop</c></pos><stem>be</stem><mk type="sfxf">3S</mk></mw><gra type="gra" index="2" head="0" relation="ROOT"/></mor-post></mor></w>
    <w>on<mor type="mor"><mw><pos><c>prep</c></pos><stem>on</stem></mw><gra type="gra" index="3" head="2" relation="JCT"/></mor></w>
    <w>there<mor type="mor"><mw><pos><c>n</c></pos><stem>there</stem></mw><gra type="gra" index="4" head="3" relation="POBJ"/></mor></w>
    <t type="q"><mor type="mor"><mt type="q"/><gra type="gra" index="5" head="2" relation="PUNCT"/></mor></t>

    <a type="actions">&lt;1w-3w&gt; outlines . &lt;1w&gt; takes book</a>
  </u>
  <u who="CHI" uID="u13">
    <w>Miffy<mor type="mor"><mw><pos><c>n</c><s>prop</s></pos><stem>Miffy</stem></mw><gra type="gra" index="1" head="0" relation="INCROOT"/></mor></w>
    <t type="p"><mor type="mor"><mt type="p"/><gra type="gra" index="2" head="1" relation="PUNCT"/></mor></t>

    <a type="actions">&lt;aft&gt; turns page</a>
    <a type="gesture">looks at book</a>
  </u>
  <u who="MOT" uID="u14">
    <w>Miffy<mor type="mor"><mw><pos><c>n</c><s>prop</s></pos><stem>Miffy</stem></mw><gra type="gra" index="1" head="0" relation="INCROOT"/></mor></w>
    <t type="q"><mor type="mor"><mt type="q"/><gra type="gra" index="2" head="1" relation="PUNCT"/></mor></t>

    <a type="gesture">looks at Ivy</a>
  </u>
  <u who="MOT" uID="u15">
    <pause symbolic-length="simple"/>
    <w>what's<mor type="mor"><mw><pos><c>pro</c><s>int</s></pos><stem>what</stem></mw><gra type="gra" index="1" head="4" relation="SUBJ"/><mor-post><mw><pos><c>aux</c></pos><stem>be</stem><mk type="sfxf">3S</mk></mw><gra type="gra" index="2" head="4" relation="AUX"/></mor-post></mor></w>
    <w>Miffy<mor type="mor"><mw><pos><c>n</c><s>prop</s></pos><stem>Miffy</stem></mw><gra type="gra" index="3" head="4" relation="SUBJ"/></mor></w>
    <w>gonna<mor type="mor"><mw><pos><c>part</c></pos><stem>go</stem><mk type="sfxf">PRESP</mk></mw><gra type="gra" index="4" head="0" relation="ROOT"/><mor-post><mw><pos><c>inf</c></pos><stem>to</stem></mw><gra type="gra" index="5" head="6" relation="INF"/></mor-post></mor></w>
    <w>do<mor type="mor"><mw><pos><c>v</c></pos><stem>do</stem></mw><gra type="gra" index="6" head="4" relation="COMP"/></mor></w>
    <t type="q"><mor type="mor"><mt type="q"/><gra type="gra" index="7" head="4" relation="PUNCT"/></mor></t>

  </u>
  <u who="CHI" uID="u16">
    <w>do<mor type="mor"><mw><pos><c>v</c></pos><stem>do</stem></mw><gra type="gra" index="1" head="0" relation="ROOT"/></mor></w>
    <t type="q"><mor type="mor"><mt type="q"/><gra type="gra" index="2" head="1" relation="PUNCT"/></mor></t>

    <a type="gesture">looks at book</a>
  </u>
  <u who="MOT" uID="u17">
    <w>what's<mor type="mor"><mw><pos><c>pro</c><s>int</s></pos><stem>what</stem></mw><gra type="gra" index="1" head="2" relation="SUBJ"/><mor-post><mw><pos><c>cop</c></pos><stem>be</stem><mk type="sfxf">3S</mk></mw><gra type="gra" index="2" head="4" relation="PRED"/></mor-post></mor></w>
    <w>she<mor type="mor"><mw><pos><c>pro</c><s>sub</s></pos><stem>she</stem></mw><gra type="gra" index="3" head="4" relation="SUBJ"/></mor></w>
    <w>put<mor type="mor"><mw><pos><c>v</c></pos><stem>put</stem><mk type="sfxf">ZERO</mk></mw><gra type="gra" index="4" head="0" relation="ROOT"/></mor></w>
    <w>on<mor type="mor"><mw><pos><c>prep</c></pos><stem>on</stem></mw><gra type="gra" index="5" head="4" relation="JCT"/></mor></w>
    <t type="q"><mor type="mor"><mt type="q"/><gra type="gra" index="6" head="4" relation="PUNCT"/></mor></t>

    <a type="gesture">points to book</a>
  </u>
  <u who="CHI" uID="u18">
    <w>put<mor type="mor"><mw><pos><c>v</c></pos><stem>put</stem><mk type="sfxf">ZERO</mk></mw><gra type="gra" index="1" head="0" relation="ROOT"/></mor></w>
    <w>on<mor type="mor"><mw><pos><c>prep</c></pos><stem>on</stem></mw><gra type="gra" index="2" head="1" relation="JCT"/></mor></w>
    <t type="q"><mor type="mor"><mt type="q"/><gra type="gra" index="3" head="1" relation="PUNCT"/></mor></t>

    <a type="gesture">looks at book</a>
  </u>
  <u who="CHI" uID="u19">
    <pause symbolic-length="simple"/>
    <w>boots<mor type="mor"><mw><pos><c>n</c></pos><stem>boot</stem><mk type="sfx">PL</mk></mw><gra type="gra" index="1" head="0" relation="INCROOT"/></mor></w>
    <t type="p"><mor type="mor"><mt type="p"/><gra type="gra" index="2" head="1" relation="PUNCT"/></mor></t>

    <a type="actions">&lt;1w&gt; turns page</a>
  </u>
  <u who="MOT" uID="u20">
    <w>yeah<mor type="mor"><mw><pos><c>co</c></pos><stem>yeah</stem></mw><gra type="gra" index="1" head="0" relation="INCROOT"/></mor></w>
    <t type="p"><mor type="mor"><mt type="p"/><gra type="gra" index="2" head="1" relation="PUNCT"/></mor></t>

    <a type="gesture">looks at Ivy</a>
  </u>
  <u who="INV" uID="u21">
    <w>boots<mor type="mor"><mw><pos><c>n</c></pos><stem>boot</stem><mk type="sfx">PL</mk></mw><gra type="gra" index="1" head="0" relation="INCROOT"/></mor></w>
    <t type="p"><mor type="mor"><mt type="p"/><gra type="gra" index="2" head="1" relation="PUNCT"/></mor></t>

    <a type="gesture">smiles</a>
  </u>
  <u who="CHI" uID="u22">
    <w>what's<mor type="mor"><mw><pos><c>pro</c><s>int</s></pos><stem>what</stem></mw><gra type="gra" index="1" head="2" relation="SUBJ"/><mor-post><mw><pos><c>cop</c></pos><stem>be</stem><mk type="sfxf">3S</mk></mw><gra type="gra" index="2" head="0" relation="ROOT"/></mor-post></mor></w>
    <w>that<mor type="mor"><mw><pos><c>pro</c><s>dem</s></pos><stem>that</stem></mw><gra type="gra" index="3" head="2" relation="PRED"/></mor></w>
    <t type="q"><mor type="mor"><mt type="q"/><gra type="gra" index="4" head="2" relation="PUNCT"/></mor></t>

    <a type="gesture">points to book</a>
    <a type="extension" flavor="pho">w6ts d&amp;t</a>
  </u>
  <u who="MOT" uID="u23">
    <g><w>what</w><k type="retracing with correction"/></g>
    <w>what's<mor type="mor"><mw><pos><c>pro</c><s>int</s></pos><stem>what</stem></mw><gra type="gra" index="1" head="4" relation="SUBJ"/><mor-post><mw><pos><c>aux</c></pos><stem>be</stem><mk type="sfxf">3S</mk></mw><gra type="gra" index="2" head="4" relation="AUX"/></mor-post></mor></w>
    <w>Miffy<mor type="mor"><mw><pos><c>n</c><s>prop</s></pos><stem>Miffy</stem></mw><gra type="gra" index="3" head="4" relation="SUBJ"/></mor></w>
    <w>riding<mor type="mor"><mw><pos><c>part</c></pos><stem>ride</stem><mk type="sfx">PRESP</mk></mw><gra type="gra" index="4" head="0" relation="ROOT"/></mor></w>
    <t type="q"><mor type="mor"><mt type="q"/><gra type="gra" index="5" head="4" relation="PUNCT"/></mor></t>

    <a type="gesture">looks at Ivy</a>
  </u>
  <u who="CHI" uID="u24">
    <w>sled<mor type="mor"><mw><pos><c>n</c></pos><stem>sled</stem></mw><gra type="gra" index="1" head="0" relation="INCROOT"/></mor></w>
    <t type="p"><mor type="mor"><mt type="p"/><gra type="gra" index="2" head="1" relation="PUNCT"/></mor></t>

    <a type="gesture">&lt;bef&gt; points to book</a>
  </u>
  <u who="INV" uID="u25">
    <w>sled<mor type="mor"><mw><pos><c>n</c></pos><stem>sled</stem></mw><gra type="gra" index="1" head="0" relation="INCROOT"/></mor></w>
    <t type="p"><mor type="mor"><mt type="p"/><gra type="gra" index="2" head="1" relation="PUNCT"/></mor></t>

    <a type="gesture">nods</a>
  </u>
  <u who="INV" uID="u26">
    <w>very<mor type="mor"><mw><pos><c>adv</c></pos><stem>very</stem></mw><gra type="gra" index="1" head="2" relation="JCT"/></mor></w>
    <w>good<mor type="mor"><mw><pos><c>adj</c></pos><stem>good</stem></mw><gra type="gra" index="2" head="0" relation="INCROOT"/></mor></w>
    <t type="p"><mor type="mor"><mt type="p"/><gra type="gra" index="3" head="2" relation="PUNCT"/></mor></t>

  </u>
  <u who="MOT" uID="u27">
    <w>what's<mor type="mor"><mw><pos><c>pro</c><s>int</s></pos><stem>what</stem></mw><gra type="gra" index="1" head="2" relation="SUBJ"/><mor-post><mw><pos><c>cop</c></pos><stem>be</stem><mk type="sfxf">3S</mk></mw><gra type="gra" index="2" head="0" relation="ROOT"/></mor-post></mor></w>
    <w>she<mor type="mor"><mw><pos><c>pro</c><s>sub</s></pos><stem>she</stem></mw><gra type="gra" index="3" head="4" relation="SUBJ"/></mor></w>
    <w>have<mor type="mor"><mw><pos><c>v</c></pos><stem>have</stem></mw><gra type="gra" index="4" head="2" relation="CPRED"/></mor></w>
    <w>up<mor type="mor"><mw><pos><c>adv</c></pos><stem>up</stem></mw><gra type="gra" index="5" head="4" relation="JCT"/></mor></w>
    <w>on<mor type="mor"><mw><pos><c>prep</c></pos><stem>on</stem></mw><gra type="gra" index="6" head="4" relation="JCT"/></mor></w>
    <w>her<mor type="mor"><mw><pos><c>det</c><s>poss</s></pos><stem>her</stem></mw><gra type="gra" index="7" head="8" relation="DET"/></mor></w>
    <w>head<mor type="mor"><mw><pos><c>n</c></pos><stem>head</stem></mw><gra type="gra" index="8" head="6" relation="POBJ"/></mor></w>
    <t type="q"><mor type="mor"><mt type="q"/><gra type="gra" index="9" head="2" relation="PUNCT"/></mor></t>

    <a type="gesture">points to book</a>
  </u>
  <u who="CHI" uID="u28">
    <w>a<mor type="mor"><mw><pos><c>det</c><s>art</s></pos><stem>a</stem></mw><gra type="gra" index="1" head="2" relation="DET"/></mor></w>
    <w>hat<mor type="mor"><mw><pos><c>n</c></pos><stem>hat</stem></mw><gra type="gra" index="2" head="0" relation="INCROOT"/></mor></w>
    <t type="p"><mor type="mor"><mt type="p"/><gra type="gra" index="3" head="2" relation="PUNCT"/></mor></t>

    <a type="gesture">looks at book</a>
    <a type="actions">turns page</a>
  </u>
  <u who="INV" uID="u29">
    <w>a<mor type="mor"><mw><pos><c>det</c><s>art</s></pos><stem>a</stem></mw><gra type="gra" index="1" head="2" relation="DET"/></mor></w>
    <w>hat<mor type="mor"><mw><pos><c>n</c></pos><stem>hat</stem></mw><gra type="gra" index="2" head="0" relation="INCROOT"/></mor></w>
    <t type="p"><mor type="mor"><mt type="p"/><gra type="gra" index="3" head="2" relation="PUNCT"/></mor></t>

  </u>
  <u who="MOT" uID="u30">
    <w>what's<mor type="mor"><mw><pos><c>pro</c><s>int</s></pos><stem>what</stem></mw><gra type="gra" index="1" head="2" relation="SUBJ"/><mor-post><mw><pos><c>cop</c></pos><stem>be</stem><mk type="sfxf">3S</mk></mw><gra type="gra" index="2" head="0" relation="ROOT"/></mor-post></mor></w>
    <w>that<mor type="mor"><mw><pos><c>pro</c><s>dem</s></pos><stem>that</stem></mw><gra type="gra" index="3" head="2" relation="PRED"/></mor></w>
    <t type="q"><mor type="mor"><mt type="q"/><gra type="gra" index="4" head="2" relation="PUNCT"/></mor></t>

    <a type="gesture">looks at Ivy</a>
  </u>
  <u who="CHI" uID="u31">
    <w>that's<mor type="mor"><mw><pos><c>pro</c><s>dem</s></pos><stem>that</stem></mw><gra type="gra" index="1" head="2" relation="SUBJ"/><mor-post><mw><pos><c>cop</c></pos><stem>be</stem><mk type="sfxf">3S</mk></mw><gra type="gra" index="2" head="0" relation="ROOT"/></mor-post></mor></w>
    <w>a<mor type="mor"><mw><pos><c>det</c><s>art</s></pos><stem>a</stem></mw><gra type="gra" index="3" head="4" relation="DET"/></mor></w>
    <w>snowman<mor type="mor"><mwc><pos><c>n</c></pos><mw><pos><c>n</c></pos><stem>snow</stem></mw><mw><pos><c>n</c></pos><stem>man</stem></mw></mwc><gra type="gra" index="4" head="2" relation="PRED"/></mor></w>
    <t type="p"><mor type="mor"><mt type="p"/><gra type="gra" index="5" head="2" relation="PUNCT"/></mor></t>

    <a type="gesture">looks at book</a>
    <a type="actions">turns page</a>
    <a type="extension" flavor="pho">T&amp;ts 6 nom&amp;n</a>
  </u>
  <u who="INV" uID="u32">
    <w>that's<mor type="mor"><mw><pos><c>pro</c><s>dem</s></pos><stem>that</stem></mw><gra type="gra" index="1" head="2" relation="SUBJ"/><mor-post><mw><pos><c>cop</c></pos><stem>be</stem><mk type="sfxf">3S</mk></mw><gra type="gra" index="2" head="0" relation="ROOT"/></mor-post></mor></w>
    <w>a<mor type="mor"><mw><pos><c>det</c><s>art</s></pos><stem>a</stem></mw><gra type="gra" index="3" head="4" relation="DET"/></mor></w>
    <w>snowman<mor type="mor"><mwc><pos><c>n</c></pos><mw><pos><c>n</c></pos><stem>snow</stem></mw><mw><pos><c>n</c></pos><stem>man</stem></mw></mwc><gra type="gra" index="4" head="2" relation="PRED"/></mor></w>
    <pause symbolic-length="simple"/>
    <w>uhhuh<mor type="mor"><mw><pos><c>co</c></pos><stem>uhhuh</stem></mw><gra type="gra" index="5" head="4" relation="COM"/></mor></w>
    <t type="p"><mor type="mor"><mt type="p"/><gra type="gra" index="6" head="2" relation="PUNCT"/></mor></t>

  </u>
  <u who="CHI" uID="u33">
    <w>why<mor type="mor"><mw><pos><c>pro</c><s>int</s></pos><stem>why</stem></mw><gra type="gra" index="1" head="3" relation="LINK"/></mor></w>
    <w>she<mor type="mor"><mw><pos><c>pro</c><s>sub</s></pos><stem>she</stem></mw><gra type="gra" index="2" head="3" relation="SUBJ"/></mor></w>
    <g><w>crying<mor type="mor"><mw><pos><c>part</c></pos><stem>cry</stem><mk type="sfx">PRESP</mk></mw><gra type="gra" index="3" head="0" relation="ROOT"/></mor></w><error/></g>
    <t type="q"><mor type="mor"><mt type="q"/><gra type="gra" index="4" head="3" relation="PUNCT"/></mor></t>

    <a type="gesture">points to book</a>
  </u>
  <u who="MOT" uID="u34">
    <w>is<mor type="mor"><mw><pos><c>cop</c></pos><stem>be</stem><mk type="sfxf">3S</mk></mw><gra type="gra" index="1" head="0" relation="ROOT"/></mor></w>
    <w>she<mor type="mor"><mw><pos><c>pro</c><s>sub</s></pos><stem>she</stem></mw><gra type="gra" index="2" head="1" relation="PRED"/></mor></w>
    <w>crying<mor type="mor"><mw><pos><c>part</c></pos><stem>cry</stem><mk type="sfx">PRESP</mk></mw><gra type="gra" index="3" head="2" relation="XMOD"/></mor></w>
    <t type="q"><mor type="mor"><mt type="q"/><gra type="gra" index="4" head="1" relation="PUNCT"/></mor></t>

    <a type="gesture">&lt;1w-3w&gt; looks at book .</a>
  </u>
  <u who="MOT" uID="u35">
    <w>why's<mor type="mor"><mw><pos><c>pro</c><s>int</s></pos><stem>why</stem></mw><gra type="gra" index="1" head="2" relation="LINK"/><mor-post><mw><pos><c>cop</c></pos><stem>be</stem><mk type="sfxf">3S</mk></mw><gra type="gra" index="2" head="0" relation="ROOT"/></mor-post></mor></w>
    <w>she<mor type="mor"><mw><pos><c>pro</c><s>sub</s></pos><stem>she</stem></mw><gra type="gra" index="3" head="2" relation="PRED"/></mor></w>
    <w>crying<mor type="mor"><mw><pos><c>part</c></pos><stem>cry</stem><mk type="sfx">PRESP</mk></mw><gra type="gra" index="4" head="3" relation="XMOD"/></mor></w>
    <t type="q"><mor type="mor"><mt type="q"/><gra type="gra" index="5" head="2" relation="PUNCT"/></mor></t>

    <a type="gesture">&lt;1w-3w&gt; looks at book .</a>
  </u>
  <u who="MOT" uID="u36">
    <w>we're<mor type="mor"><mw><pos><c>pro</c><s>sub</s></pos><stem>we</stem></mw><gra type="gra" index="1" head="3" relation="SUBJ"/><mor-post><mw><pos><c>aux</c></pos><stem>be</stem><mk type="sfxf">PRES</mk></mw><gra type="gra" index="2" head="3" relation="AUX"/></mor-post></mor></w>
    <w>going<mor type="mor"><mw><pos><c>part</c></pos><stem>go</stem><mk type="sfx">PRESP</mk></mw><gra type="gra" index="3" head="0" relation="ROOT"/></mor></w>
    <w>fast<mor type="mor"><mw><pos><c>n</c></pos><stem>fast</stem></mw><gra type="gra" index="4" head="3" relation="OBJ"/></mor></w>
    <t type="p"><mor type="mor"><mt type="p"/><gra type="gra" index="5" head="3" relation="PUNCT"/></mor></t>

    <a type="gesture">&lt;1w-3w&gt; looks at book .</a>
  </u>
  <u who="MOT" uID="u37">
    <w>did<mor type="mor"><mw><pos><c>mod</c></pos><stem>do</stem><mk type="sfxf">PAST</mk></mw><gra type="gra" index="1" head="3" relation="AUX"/></mor></w>
    <w>we<mor type="mor"><mw><pos><c>pro</c><s>sub</s></pos><stem>we</stem></mw><gra type="gra" index="2" head="3" relation="SUBJ"/></mor></w>
    <w>skip<mor type="mor"><mw><pos><c>v</c></pos><stem>skip</stem></mw><gra type="gra" index="3" head="0" relation="ROOT"/></mor></w>
    <w>some<mor type="mor"><mw><pos><c>qn</c></pos><stem>some</stem></mw><gra type="gra" index="4" head="3" relation="OBJ"/></mor></w>
    <t type="q"><mor type="mor"><mt type="q"/><gra type="gra" index="5" head="3" relation="PUNCT"/></mor></t>

    <a type="gesture">&lt;1w-4w&gt; looks at book .</a>
  </u>
  <u who="MOT" uID="u38">
    <w>let's<mor type="mor"><mw><pos><c>v</c></pos><stem>let</stem></mw><gra type="gra" index="1" head="0" relation="ROOT"/><mor-post><mw><pos><c>pro</c><s>obj</s></pos><stem>us</stem></mw><gra type="gra" index="2" head="1" relation="OBJ"/></mor-post></mor></w>
    <w>look<mor type="mor"><mw><pos><c>v</c></pos><stem>look</stem></mw><gra type="gra" index="3" head="1" relation="COMP"/></mor></w>
    <w>back<mor type="mor"><mw><pos><c>adv</c></pos><stem>back</stem></mw><gra type="gra" index="4" head="3" relation="JCT"/></mor></w>
    <w>here<mor type="mor"><mw><pos><c>adv</c></pos><stem>here</stem></mw><gra type="gra" index="5" head="3" relation="JCT"/></mor></w>
    <t type="p"><mor type="mor"><mt type="p"/><gra type="gra" index="6" head="1" relation="PUNCT"/></mor></t>

    <a type="gesture">&lt;1w-4w&gt; looks at book .</a>
  </u>
  <u who="MOT" uID="u39">
    <w>what's<mor type="mor"><mw><pos><c>pro</c><s>int</s></pos><stem>what</stem></mw><gra type="gra" index="1" head="2" relation="SUBJ"/><mor-post><mw><pos><c>cop</c></pos><stem>be</stem><mk type="sfxf">3S</mk></mw><gra type="gra" index="2" head="0" relation="ROOT"/></mor-post></mor></w>
    <w>on<mor type="mor"><mw><pos><c>prep</c></pos><stem>on</stem></mw><gra type="gra" index="3" head="2" relation="JCT"/></mor></w>
    <w>this<mor type="mor"><mw><pos><c>det</c><s>dem</s></pos><stem>this</stem></mw><gra type="gra" index="4" head="5" relation="DET"/></mor></w>
    <w>page<mor type="mor"><mw><pos><c>n</c></pos><stem>page</stem></mw><gra type="gra" index="5" head="3" relation="POBJ"/></mor></w>
    <t type="q"><mor type="mor"><mt type="q"/><gra type="gra" index="6" head="2" relation="PUNCT"/></mor></t>

    <a type="actions">&lt;1w&gt; turns page</a>
    <a type="gesture">&lt;1w-4w&gt; looks at book .</a>
  </u>
  <u who="MOT" uID="u40">
    <w>what's<mor type="mor"><mw><pos><c>pro</c><s>int</s></pos><stem>what</stem></mw><gra type="gra" index="1" head="2" relation="SUBJ"/><mor-post><mw><pos><c>cop</c></pos><stem>be</stem><mk type="sfxf">3S</mk></mw><gra type="gra" index="2" head="0" relation="ROOT"/></mor-post></mor></w>
    <w>that<mor type="mor"><mw><pos><c>pro</c><s>dem</s></pos><stem>that</stem></mw><gra type="gra" index="3" head="2" relation="PRED"/></mor></w>
    <t type="q"><mor type="mor"><mt type="q"/><gra type="gra" index="4" head="2" relation="PUNCT"/></mor></t>

    <a type="gesture">&lt;1w&gt; looks at Ivy</a>
  </u>
  <u who="CHI" uID="u41">
    <w>that<mor type="mor"><mw><pos><c>det</c><s>dem</s></pos><stem>that</stem></mw><gra type="gra" index="1" head="2" relation="DET"/></mor></w>
    <w>monkey<mor type="mor"><mw><pos><c>n</c></pos><stem>monkey</stem></mw><gra type="gra" index="2" head="0" relation="INCROOT"/></mor></w>
    <t type="p"><mor type="mor"><mt type="p"/><gra type="gra" index="3" head="2" relation="PUNCT"/></mor></t>

    <a type="gesture">smiles . looks at book</a>
  </u>
  <u who="MOT" uID="u42">
    <w>that's<mor type="mor"><mw><pos><c>pro</c><s>dem</s></pos><stem>that</stem></mw><gra type="gra" index="1" head="2" relation="SUBJ"/><mor-post><mw><pos><c>cop</c></pos><stem>be</stem><mk type="sfxf">3S</mk></mw><gra type="gra" index="2" head="0" relation="ROOT"/></mor-post></mor></w>
    <w>a<mor type="mor"><mw><pos><c>det</c><s>art</s></pos><stem>a</stem></mw><gra type="gra" index="3" head="4" relation="DET"/></mor></w>
    <w>monkey<mor type="mor"><mw><pos><c>n</c></pos><stem>monkey</stem></mw><gra type="gra" index="4" head="2" relation="PRED"/></mor></w>
    <t type="q"><mor type="mor"><mt type="q"/><gra type="gra" index="5" head="2" relation="PUNCT"/></mor></t>

    <a type="gesture">looks at Ivy</a>
  </u>
  <u who="CHI" uID="u43">
    <e><action/></e>
    <t type="p"></t>

    <a type="gesture">looks at book . nods . points to book . smiles</a>
  </u>
  <u who="MOT" uID="u44">
    <w>is<mor type="mor"><mw><pos><c>cop</c></pos><stem>be</stem><mk type="sfxf">3S</mk></mw><gra type="gra" index="1" head="0" relation="ROOT"/></mor></w>
    <w>that<mor type="mor"><mw><pos><c>comp</c></pos><stem>that</stem></mw><gra type="gra" index="2" head="6" relation="LINK"/></mor></w>
    <w>the<mor type="mor"><mw><pos><c>det</c><s>art</s></pos><stem>the</stem></mw><gra type="gra" index="3" head="5" relation="DET"/></mor></w>
    <w>little<mor type="mor"><mw><pos><c>adj</c></pos><stem>little</stem></mw><gra type="gra" index="4" head="5" relation="MOD"/></mor></w>
    <w>bird<mor type="mor"><mw><pos><c>n</c></pos><stem>bird</stem></mw><gra type="gra" index="5" head="6" relation="SUBJ"/></mor></w>
    <pause symbolic-length="simple"/>
    <w>stuck<mor type="mor"><mw><pos><c>v</c></pos><stem>stick</stem><mk type="sfxf">PAST</mk></mw><gra type="gra" index="6" head="1" relation="CPRED"/></mor></w>
    <w>in<mor type="mor"><mw><pos><c>prep</c></pos><stem>in</stem></mw><gra type="gra" index="7" head="6" relation="JCT"/></mor></w>
    <w>the<mor type="mor"><mw><pos><c>det</c><s>art</s></pos><stem>the</stem></mw><gra type="gra" index="8" head="9" relation="DET"/></mor></w>
    <w>snow<mor type="mor"><mw><pos><c>n</c></pos><stem>snow</stem></mw><gra type="gra" index="9" head="7" relation="POBJ"/></mor></w>
    <t type="q"><mor type="mor"><mt type="q"/><gra type="gra" index="10" head="1" relation="PUNCT"/></mor></t>

    <a type="gesture">looks at Ivy</a>
  </u>
  <u who="MOT" uID="u45">
    <w>what's<mor type="mor"><mw><pos><c>pro</c><s>int</s></pos><stem>what</stem></mw><gra type="gra" index="1" head="2" relation="SUBJ"/><mor-post><mw><pos><c>cop</c></pos><stem>be</stem><mk type="sfxf">3S</mk></mw><gra type="gra" index="2" head="0" relation="ROOT"/></mor-post></mor></w>
    <w>he<mor type="mor"><mw><pos><c>pro</c><s>sub</s></pos><stem>he</stem></mw><gra type="gra" index="3" head="2" relation="PRED"/></mor></w>
    <w>doing<mor type="mor"><mw><pos><c>part</c></pos><stem>do</stem><mk type="sfx">PRESP</mk></mw><gra type="gra" index="4" head="3" relation="OM"/></mor></w>
    <t type="q"><mor type="mor"><mt type="q"/><gra type="gra" index="5" head="2" relation="PUNCT"/></mor></t>

  </u>
  <u who="CHI" uID="u46">
    <w>doing<mor type="mor"><mw><pos><c>part</c></pos><stem>do</stem><mk type="sfx">PRESP</mk></mw><gra type="gra" index="1" head="0" relation="INCROOT"/></mor></w>
    <t type="q"><mor type="mor"><mt type="q"/><gra type="gra" index="2" head="1" relation="PUNCT"/></mor></t>

    <a type="actions">turns page</a>
    <a type="paralinguistics">&lt;bef&gt; gasps</a>
  </u>
  <u who="MOT" uID="u47">
    <w>wait<mor type="mor"><mw><pos><c>co</c></pos><stem>wait</stem></mw><gra type="gra" index="1" head="6" relation="COM"/></mor></w>
    <pause symbolic-length="simple"/>
    <w>you've<mor type="mor"><mw><pos><c>pro</c><s>per</s></pos><stem>you</stem></mw><gra type="gra" index="2" head="6" relation="SUBJ"/><mor-post><mw><pos><c>aux</c></pos><stem>have</stem></mw><gra type="gra" index="3" head="6" relation="AUX"/></mor-post></mor></w>
    <w>gotta<mor type="mor"><mw><pos><c>mod</c></pos><stem>got</stem></mw><gra type="gra" index="4" head="6" relation="AUX"/><mor-post><mw><pos><c>inf</c></pos><stem>to</stem></mw><gra type="gra" index="5" head="6" relation="INF"/></mor-post></mor></w>
    <w>turn<mor type="mor"><mw><pos><c>v</c></pos><stem>turn</stem></mw><gra type="gra" index="6" head="0" relation="ROOT"/></mor></w>
    <w>one<mor type="mor"><mw><pos><c>det</c><s>num</s></pos><stem>one</stem></mw><gra type="gra" index="7" head="8" relation="QUANT"/></mor></w>
    <w>page<mor type="mor"><mw><pos><c>n</c></pos><stem>page</stem></mw><gra type="gra" index="8" head="6" relation="OBJ"/></mor></w>
    <w>at<mor type="mor"><mw><pos><c>prep</c></pos><stem>at</stem></mw><gra type="gra" index="9" head="8" relation="NJCT"/></mor></w>
    <w>a<mor type="mor"><mw><pos><c>det</c><s>art</s></pos><stem>a</stem></mw><gra type="gra" index="10" head="11" relation="DET"/></mor></w>
    <w>time<mor type="mor"><mw><pos><c>n</c></pos><stem>time</stem></mw><gra type="gra" index="11" head="9" relation="POBJ"/></mor></w>
    <t type="p"><mor type="mor"><mt type="p"/><gra type="gra" index="12" head="6" relation="PUNCT"/></mor></t>

    <a type="actions">&lt;1w&gt; turns page</a>
  </u>
  <u who="MOT" uID="u48">
    <w>here's<mor type="mor"><mw><pos><c>pro</c><s>exist</s></pos><stem>here</stem></mw><gra type="gra" index="1" head="2" relation="SUBJ"/><mor-post><mw><pos><c>cop</c></pos><stem>be</stem><mk type="sfxf">3S</mk></mw><gra type="gra" index="2" head="0" relation="ROOT"/></mor-post></mor></w>
    <w>one<mor type="mor"><mw><pos><c>pro</c><s>indef</s></pos><stem>one</stem></mw><gra type="gra" index="3" head="2" relation="PRED"/></mor></w>
    <t type="p"><mor type="mor"><mt type="p"/><gra type="gra" index="4" head="2" relation="PUNCT"/></mor></t>

  </u>
  <u who="MOT" uID="u49">
    <w>right<mor type="mor"><mw><pos><c>adv</c></pos><stem>right</stem></mw><gra type="gra" index="1" head="2" relation="JCT"/></mor></w>
    <w>here<mor type="mor"><mw><pos><c>n</c></pos><stem>here</stem></mw><gra type="gra" index="2" head="0" relation="INCROOT"/></mor></w>
    <t type="p"><mor type="mor"><mt type="p"/><gra type="gra" index="3" head="2" relation="PUNCT"/></mor></t>

    <a type="gesture">&lt;aft&gt; looks at book</a>
  </u>
  <u who="CHI" uID="u50">
    <w>no<mor type="mor"><mw><pos><c>co</c></pos><stem>no</stem></mw><gra type="gra" index="1" head="0" relation="INCROOT"/></mor></w>
    <t type="e"><mor type="mor"><mt type="e"/><gra type="gra" index="2" head="1" relation="PUNCT"/></mor></t>

    <a type="actions">closes book</a>
  </u>
  <u who="MOT" uID="u51">
    <w>do<mor type="mor"><mw><pos><c>mod</c></pos><stem>do</stem></mw><gra type="gra" index="1" head="3" relation="AUX"/></mor></w>
    <w>you<mor type="mor"><mw><pos><c>pro</c><s>per</s></pos><stem>you</stem></mw><gra type="gra" index="2" head="3" relation="SUBJ"/></mor></w>
    <w>want<mor type="mor"><mw><pos><c>v</c></pos><stem>want</stem></mw><gra type="gra" index="3" head="0" relation="ROOT"/></mor></w>
    <w>her<mor type="mor"><mw><pos><c>pro</c><s>obj</s></pos><stem>her</stem></mw><gra type="gra" index="4" head="3" relation="OBJ"/></mor></w>
    <w>or<mor type="mor"><mw><pos><c>coord</c></pos><stem>or</stem></mw><gra type="gra" index="5" head="3" relation="CONJ"/></mor></w>
    <w>do<mor type="mor"><mw><pos><c>mod</c></pos><stem>do</stem></mw><gra type="gra" index="6" head="8" relation="AUX"/></mor></w>
    <w>you<mor type="mor"><mw><pos><c>pro</c><s>per</s></pos><stem>you</stem></mw><gra type="gra" index="7" head="8" relation="SUBJ"/></mor></w>
    <w>want<mor type="mor"><mw><pos><c>v</c></pos><stem>want</stem></mw><gra type="gra" index="8" head="5" relation="COORD"/></mor></w>
    <w>me<mor type="mor"><mw><pos><c>pro</c><s>obj</s></pos><stem>me</stem></mw><gra type="gra" index="9" head="8" relation="OBJ"/></mor></w>
    <w>to<mor type="mor"><mw><pos><c>inf</c></pos><stem>to</stem></mw><gra type="gra" index="10" head="11" relation="INF"/></mor></w>
    <w>go<mor type="mor"><mw><pos><c>v</c></pos><stem>go</stem></mw><gra type="gra" index="11" head="8" relation="COMP"/></mor></w>
    <w>through<mor type="mor"><mw><pos><c>prep</c></pos><stem>through</stem></mw><gra type="gra" index="12" head="11" relation="JCT"/></mor></w>
    <w>it<mor type="mor"><mw><pos><c>pro</c><s>per</s></pos><stem>it</stem></mw><gra type="gra" index="13" head="12" relation="POBJ"/></mor></w>
    <w>again<mor type="mor"><mw><pos><c>adv</c><s>tem</s></pos><stem>again</stem></mw><gra type="gra" index="14" head="11" relation="JCT"/></mor></w>
    <t type="q"><mor type="mor"><mt type="q"/><gra type="gra" index="15" head="3" relation="PUNCT"/></mor></t>

    <a type="addressee">Investigator</a>
  </u>
  <u who="INV" uID="u52">
    <w>well<mor type="mor"><mw><pos><c>co</c></pos><stem>well</stem></mw><gra type="gra" index="1" head="0" relation="INCROOT"/></mor></w>
    <t type="trail off"><mor type="mor"><mt type="trail off"/><gra type="gra" index="2" head="1" relation="PUNCT"/></mor></t>

  </u>
  <u who="CHI" uID="u53">
    <w>look<mor type="mor"><mw><pos><c>v</c></pos><stem>look</stem></mw><gra type="gra" index="1" head="0" relation="ROOT"/></mor></w>
    <w>it<mor type="mor"><mw><pos><c>pro</c><s>per</s></pos><stem>it</stem></mw><gra type="gra" index="2" head="1" relation="OBJ"/></mor></w>
    <t type="p"><mor type="mor"><mt type="p"/><gra type="gra" index="3" head="1" relation="PUNCT"/></mor></t>

    <a type="gesture">looks at book</a>
  </u>
  <u who="MOT" uID="u54">
    <w>hm<p type="drawl"/><mor type="mor"><mw><pos><c>co</c></pos><stem>hm</stem></mw><gra type="gra" index="1" head="0" relation="INCROOT"/></mor></w>
    <t type="q"><mor type="mor"><mt type="q"/><gra type="gra" index="2" head="1" relation="PUNCT"/></mor></t>

    <a type="gesture">&lt;1w&gt; glances at book . points to book .</a>
  </u>
  <u who="MOT" uID="u55">
    <w>what<mor type="mor"><mw><pos><c>pro</c><s>int</s></pos><stem>what</stem></mw><gra type="gra" index="1" head="2" relation="SUBJ"/></mor></w>
    <w>is<mor type="mor"><mw><pos><c>cop</c></pos><stem>be</stem><mk type="sfxf">3S</mk></mw><gra type="gra" index="2" head="0" relation="ROOT"/></mor></w>
    <w>she<mor type="mor"><mw><pos><c>pro</c><s>sub</s></pos><stem>she</stem></mw><gra type="gra" index="3" head="2" relation="PRED"/></mor></w>
    <w>doing<mor type="mor"><mw><pos><c>part</c></pos><stem>do</stem><mk type="sfx">PRESP</mk></mw><gra type="gra" index="4" head="3" relation="OM"/></mor></w>
    <t type="q"><mor type="mor"><mt type="q"/><gra type="gra" index="5" head="2" relation="PUNCT"/></mor></t>

    <a type="gesture">&lt;1w-4w&gt; glances at book . points to book .</a>
  </u>
  <u who="MOT" uID="u56">
    <w>what's<mor type="mor"><mw><pos><c>pro</c><s>int</s></pos><stem>what</stem></mw><gra type="gra" index="1" head="2" relation="LINK"/><mor-post><mw><pos><c>cop</c></pos><stem>be</stem><mk type="sfxf">3S</mk></mw><gra type="gra" index="2" head="0" relation="ROOT"/></mor-post></mor></w>
    <w>she<mor type="mor"><mw><pos><c>pro</c><s>sub</s></pos><stem>she</stem></mw><gra type="gra" index="3" head="2" relation="PRED"/></mor></w>
    <w>doing<mor type="mor"><mw><pos><c>part</c></pos><stem>do</stem><mk type="sfx">PRESP</mk></mw><gra type="gra" index="4" head="3" relation="XMOD"/></mor></w>
    <w>here<mor type="mor"><mw><pos><c>adv</c></pos><stem>here</stem></mw><gra type="gra" index="5" head="4" relation="JCT"/></mor></w>
    <t type="q"><mor type="mor"><mt type="q"/><gra type="gra" index="6" head="2" relation="PUNCT"/></mor></t>

    <a type="gesture">&lt;1w&gt; looks at Ivy . points to page</a>
  </u>
  <u who="CHI" uID="u57">
    <w>do<mor type="mor"><mw><pos><c>mod</c></pos><stem>do</stem></mw><gra type="gra" index="1" head="0" relation="INCROOT"/></mor></w>
    <g><w>there<mor type="mor"><mw><pos><c>adv</c></pos><stem>there</stem></mw><gra type="gra" index="2" head="1" relation="JCT"/></mor></w><error/></g>
    <t type="q"><mor type="mor"><mt type="q"/><gra type="gra" index="3" head="1" relation="PUNCT"/></mor></t>

    <a type="extension" flavor="pho">du Der der d&amp;t wai h6 wai hold an</a>
  </u>
  <u who="CHI" uID="u58">
    <w>there<mor type="mor"><mw><pos><c>adv</c></pos><stem>there</stem></mw><gra type="gra" index="1" head="2" relation="SUBJ"/></mor></w>
    <w>that<mor type="mor"><mw><pos><c>pro</c><s>dem</s></pos><stem>that</stem></mw><gra type="gra" index="2" head="0" relation="INCROOT"/></mor></w>
    <t type="p"><mor type="mor"><mt type="p"/><gra type="gra" index="3" head="2" relation="PUNCT"/></mor></t>

  </u>
  <u who="CHI" uID="u59">
    <g><w>why</w>
    <w untranscribed="unintelligible-with-pho">yyy</w><k type="retracing"/></g>
    <w>why<mor type="mor"><mw><pos><c>pro</c><s>int</s></pos><stem>why</stem></mw><gra type="gra" index="1" head="2" relation="JCT"/></mor></w>
    <w>hold<mor type="mor"><mw><pos><c>n</c></pos><stem>hold</stem></mw><gra type="gra" index="2" head="0" relation="INCROOT"/></mor></w>
    <w>on<mor type="mor"><mw><pos><c>adv</c></pos><stem>on</stem></mw><gra type="gra" index="3" head="2" relation="JCT"/></mor></w>
    <t type="q"><mor type="mor"><mt type="q"/><gra type="gra" index="4" head="2" relation="PUNCT"/></mor></t>

    <a type="gesture">&lt;1w&gt; points to page</a>
    <a type="actions">&lt;1w&gt; leans forward</a>
  </u>
  <u who="MOT" uID="u60">
    <w>she<mor type="mor"><mw><pos><c>pro</c><s>sub</s></pos><stem>she</stem></mw><gra type="gra" index="1" head="2" relation="SUBJ"/></mor></w>
    <w>had<mor type="mor"><mw><pos><c>v</c></pos><stem>have</stem><mk type="sfxf">PAST</mk></mw><gra type="gra" index="2" head="0" relation="ROOT"/></mor></w>
    <w>to<mor type="mor"><mw><pos><c>inf</c></pos><stem>to</stem></mw><gra type="gra" index="3" head="4" relation="INF"/></mor></w>
    <w>hang<mor type="mor"><mw><pos><c>v</c></pos><stem>hang</stem></mw><gra type="gra" index="4" head="2" relation="COMP"/></mor></w>
    <w>on<mor type="mor"><mw><pos><c>adv</c></pos><stem>on</stem></mw><gra type="gra" index="5" head="4" relation="JCT"/></mor></w>
    <t type="q"><mor type="mor"><mt type="q"/><gra type="gra" index="6" head="2" relation="PUNCT"/></mor></t>

    <a type="gesture">looks at Ivy</a>
  </u>
  <u who="CHI" uID="u61">
    <w>yeah<mor type="mor"><mw><pos><c>co</c></pos><stem>yeah</stem></mw><gra type="gra" index="1" head="0" relation="INCROOT"/></mor></w>
    <t type="p"><mor type="mor"><mt type="p"/><gra type="gra" index="2" head="1" relation="PUNCT"/></mor></t>

    <a type="gesture">looks at book</a>
  </u>
  <u who="MOT" uID="u62">
    <w>what's<mor type="mor"><mw><pos><c>pro</c><s>int</s></pos><stem>what</stem></mw><gra type="gra" index="1" head="2" relation="LINK"/><mor-post><mw><pos><c>cop</c></pos><stem>be</stem><mk type="sfxf">3S</mk></mw><gra type="gra" index="2" head="0" relation="ROOT"/></mor-post></mor></w>
    <w>she<mor type="mor"><mw><pos><c>pro</c><s>sub</s></pos><stem>she</stem></mw><gra type="gra" index="3" head="2" relation="PRED"/></mor></w>
    <w>doing<mor type="mor"><mw><pos><c>part</c></pos><stem>do</stem><mk type="sfx">PRESP</mk></mw><gra type="gra" index="4" head="3" relation="XMOD"/></mor></w>
    <w>right<mor type="mor"><mw><pos><c>adv</c></pos><stem>right</stem></mw><gra type="gra" index="5" head="6" relation="JCT"/></mor></w>
    <w>here<mor type="mor"><mw><pos><c>n</c></pos><stem>here</stem></mw><gra type="gra" index="6" head="4" relation="JCT"/></mor></w>
    <t type="q"><mor type="mor"><mt type="q"/><gra type="gra" index="7" head="2" relation="PUNCT"/></mor></t>

    <a type="actions">&lt;aft&gt; turns page</a>
    <a type="gesture">points to book . looks at Ivy</a>
  </u>
  <u who="CHI" uID="u63">
    <e><action/></e>
    <t type="p"></t>

    <a type="gesture">smiles</a>
  </u>
  <u who="MOT" uID="u64">
    <w>oh<mor type="mor"><mw><pos><c>co</c></pos><stem>oh</stem></mw><gra type="gra" index="1" head="3" relation="COM"/></mor></w>
    <pause symbolic-length="simple"/>
    <w>what's<mor type="mor"><mw><pos><c>pro</c><s>int</s></pos><stem>what</stem></mw><gra type="gra" index="2" head="3" relation="SUBJ"/><mor-post><mw><pos><c>cop</c></pos><stem>be</stem><mk type="sfxf">3S</mk></mw><gra type="gra" index="3" head="0" relation="ROOT"/></mor-post></mor></w>
    <w>that<mor type="mor"><mw><pos><c>pro</c><s>dem</s></pos><stem>that</stem></mw><gra type="gra" index="4" head="3" relation="PRED"/></mor></w>
    <t type="q"><mor type="mor"><mt type="q"/><gra type="gra" index="5" head="3" relation="PUNCT"/></mor></t>

    <a type="gesture">looks at Ivy</a>
  </u>
  <u who="CHI" uID="u65">
    <w>that's<mor type="mor"><mw><pos><c>pro</c><s>dem</s></pos><stem>that</stem></mw><gra type="gra" index="1" head="2" relation="SUBJ"/><mor-post><mw><pos><c>cop</c></pos><stem>be</stem><mk type="sfxf">3S</mk></mw><gra type="gra" index="2" head="0" relation="ROOT"/></mor-post></mor></w>
    <w>a<mor type="mor"><mw><pos><c>det</c><s>art</s></pos><stem>a</stem></mw><gra type="gra" index="3" head="4" relation="DET"/></mor></w>
    <w>owl<mor type="mor"><mw><pos><c>n</c></pos><stem>owl</stem></mw><gra type="gra" index="4" head="2" relation="PRED"/></mor></w>
    <t type="p"><mor type="mor"><mt type="p"/><gra type="gra" index="5" head="2" relation="PUNCT"/></mor></t>

    <a type="gesture">looks at book</a>
  </u>
  <u who="INV" uID="u66">
    <w>an<mor type="mor"><mw><pos><c>det</c><s>art</s></pos><stem>a</stem></mw><gra type="gra" index="1" head="2" relation="DET"/></mor></w>
    <w>owl<mor type="mor"><mw><pos><c>n</c></pos><stem>owl</stem></mw><gra type="gra" index="2" head="0" relation="INCROOT"/></mor></w>
    <t type="q"><mor type="mor"><mt type="q"/><gra type="gra" index="3" head="2" relation="PUNCT"/></mor></t>

    <a type="paralinguistics">laughs</a>
  </u>
  <u who="MOT" uID="u67">
    <w>what's<mor type="mor"><mw><pos><c>pro</c><s>int</s></pos><stem>what</stem></mw><gra type="gra" index="1" head="2" relation="SUBJ"/><mor-post><mw><pos><c>cop</c></pos><stem>be</stem><mk type="sfxf">3S</mk></mw><gra type="gra" index="2" head="0" relation="ROOT"/></mor-post></mor></w>
    <w>he<mor type="mor"><mw><pos><c>pro</c><s>sub</s></pos><stem>he</stem></mw><gra type="gra" index="3" head="2" relation="PRED"/></mor></w>
    <w>in<mor type="mor"><mw><pos><c>adv</c></pos><stem>in</stem></mw><gra type="gra" index="4" head="3" relation="JCT"/></mor></w>
    <t type="q"><mor type="mor"><mt type="q"/><gra type="gra" index="5" head="2" relation="PUNCT"/></mor></t>

  </u>
  <u who="MOT" uID="u68">
    <w>did<mor type="mor"><mw><pos><c>mod</c></pos><stem>do</stem><mk type="sfxf">PAST</mk></mw><gra type="gra" index="1" head="3" relation="AUX"/></mor></w>
    <w>she<mor type="mor"><mw><pos><c>pro</c><s>sub</s></pos><stem>she</stem></mw><gra type="gra" index="2" head="3" relation="SUBJ"/></mor></w>
    <w>build<mor type="mor"><mw><pos><c>v</c></pos><stem>build</stem></mw><gra type="gra" index="3" head="0" relation="ROOT"/></mor></w>
    <w>something<mor type="mor"><mw><pos><c>pro</c><s>indef</s></pos><stem>something</stem></mw><gra type="gra" index="4" head="3" relation="OBJ"/></mor></w>
    <w>for<mor type="mor"><mw><pos><c>prep</c></pos><stem>for</stem></mw><gra type="gra" index="5" head="3" relation="JCT"/></mor></w>
    <w>him<mor type="mor"><mw><pos><c>pro</c><s>obj</s></pos><stem>him</stem></mw><gra type="gra" index="6" head="5" relation="POBJ"/></mor></w>
    <t type="q"><mor type="mor"><mt type="q"/><gra type="gra" index="7" head="3" relation="PUNCT"/></mor></t>

    <a type="gesture">&lt;1w&gt; glances at book</a>
  </u>
  <u who="CHI" uID="u69">
    <w>huh<mor type="mor"><mw><pos><c>co</c></pos><stem>huh</stem></mw><gra type="gra" index="1" head="0" relation="INCROOT"/></mor></w>
    <t type="q"><mor type="mor"><mt type="q"/><gra type="gra" index="2" head="1" relation="PUNCT"/></mor></t>

  </u>
  <u who="MOT" uID="u70">
    <w>what<mor type="mor"><mw><pos><c>pro</c><s>int</s></pos><stem>what</stem></mw><gra type="gra" index="1" head="2" relation="SUBJ"/></mor></w>
    <g><w>is<mor type="mor"><mw><pos><c>cop</c></pos><stem>be</stem><mk type="sfxf">3S</mk></mw><gra type="gra" index="2" head="0" relation="ROOT"/></mor></w><k type="stressing"/></g>
    <w>this<mor type="mor"><mw><pos><c>det</c><s>dem</s></pos><stem>this</stem></mw><gra type="gra" index="3" head="2" relation="PRED"/></mor></w>
    <t type="q"><mor type="mor"><mt type="q"/><gra type="gra" index="4" head="2" relation="PUNCT"/></mor></t>

    <a type="gesture">glances at book</a>
    <a type="actions">outlines</a>
  </u>
  <u who="CHI" uID="u71">
    <w>Mommy<mor type="mor"><mw><pos><c>n</c><s>prop</s></pos><stem>Mommy</stem></mw><gra type="gra" index="1" head="0" relation="INCROOT"/></mor></w>
    <pause symbolic-length="simple"/>
    <w>what<mor type="mor"><mw><pos><c>pro</c><s>int</s></pos><stem>what</stem></mw><gra type="gra" index="2" head="3" relation="DET"/></mor></w>
    <w>that<mor type="mor"><mw><pos><c>comp</c></pos><stem>that</stem></mw><gra type="gra" index="3" head="1" relation="OM"/></mor></w>
    <t type="q"><mor type="mor"><mt type="q"/><gra type="gra" index="4" head="1" relation="PUNCT"/></mor></t>

    <a type="gesture">points to book</a>
    <a type="extension" flavor="pho">mami w6t D&amp;t w6t d&amp;t mami</a>
  </u>
  <u who="CHI" uID="u72">
    <w>what<mor type="mor"><mw><pos><c>pro</c><s>int</s></pos><stem>what</stem></mw><gra type="gra" index="1" head="0" relation="INCROOT"/></mor></w>
    <w>that<mor type="mor"><mw><pos><c>comp</c></pos><stem>that</stem></mw><gra type="gra" index="2" head="1" relation="CONJ"/></mor></w>
    <g><w>Mommy<mor type="mor"><mw><pos><c>n</c><s>prop</s></pos><stem>Mommy</stem></mw><gra type="gra" index="3" head="2" relation="COORD"/></mor></w><error/></g>
    <t type="q"><mor type="mor"><mt type="q"/><gra type="gra" index="4" head="1" relation="PUNCT"/></mor></t>

  </u>
  <u who="MOT" uID="u73">
    <w>what<mor type="mor"><mw><pos><c>pro</c><s>int</s></pos><stem>what</stem></mw><gra type="gra" index="1" head="2" relation="SUBJ"/></mor></w>
    <w>is<mor type="mor"><mw><pos><c>cop</c></pos><stem>be</stem><mk type="sfxf">3S</mk></mw><gra type="gra" index="2" head="0" relation="ROOT"/></mor></w>
    <w>that<mor type="mor"><mw><pos><c>pro</c><s>dem</s></pos><stem>that</stem></mw><gra type="gra" index="3" head="2" relation="PRED"/></mor></w>
    <t type="q"><mor type="mor"><mt type="q"/><gra type="gra" index="4" head="2" relation="PUNCT"/></mor></t>

    <a type="gesture">glances at book</a>
  </u>
  <u who="MOT" uID="u74">
    <w>tell<mor type="mor"><mw><pos><c>v</c></pos><stem>tell</stem></mw><gra type="gra" index="1" head="0" relation="ROOT"/></mor></w>
    <w>me<mor type="mor"><mw><pos><c>pro</c><s>obj</s></pos><stem>me</stem></mw><gra type="gra" index="2" head="1" relation="OBJ"/></mor></w>
    <t type="p"><mor type="mor"><mt type="p"/><gra type="gra" index="3" head="1" relation="PUNCT"/></mor></t>

  </u>
  <u who="CHI" uID="u75">
    <w>it<mor type="mor"><mw><pos><c>pro</c><s>per</s></pos><stem>it</stem></mw><gra type="gra" index="1" head="2" relation="SUBJ"/></mor></w>
    <w>snow<mor type="mor"><mw><pos><c>v</c></pos><stem>snow</stem></mw><gra type="gra" index="2" head="0" relation="ROOT"/></mor></w>
    <t type="e"><mor type="mor"><mt type="e"/><gra type="gra" index="3" head="2" relation="PUNCT"/></mor></t>

    <a type="gesture">looks at book</a>
  </u>
  <u who="MOT" uID="u76">
    <w>snow<mor type="mor"><mw><pos><c>n</c></pos><stem>snow</stem></mw><gra type="gra" index="1" head="0" relation="INCROOT"/></mor></w>
    <t type="p"><mor type="mor"><mt type="p"/><gra type="gra" index="2" head="1" relation="PUNCT"/></mor></t>

    <a type="actions">outlines</a>
  </u>
  <u who="MOT" uID="u77">
    <w>what<mor type="mor"><mw><pos><c>pro</c><s>int</s></pos><stem>what</stem></mw><gra type="gra" index="1" head="4" relation="OBJ"/></mor></w>
    <w>did<mor type="mor"><mw><pos><c>mod</c></pos><stem>do</stem><mk type="sfxf">PAST</mk></mw><gra type="gra" index="2" head="4" relation="AUX"/></mor></w>
    <w>she<mor type="mor"><mw><pos><c>pro</c><s>sub</s></pos><stem>she</stem></mw><gra type="gra" index="3" head="4" relation="SUBJ"/></mor></w>
    <w>do<mor type="mor"><mw><pos><c>v</c></pos><stem>do</stem></mw><gra type="gra" index="4" head="0" relation="ROOT"/></mor></w>
    <t type="q"><mor type="mor"><mt type="q"/><gra type="gra" index="5" head="4" relation="PUNCT"/></mor></t>

  </u>
  <u who="CHI" uID="u78">
    <w>do<mor type="mor"><mw><pos><c>v</c></pos><stem>do</stem></mw><gra type="gra" index="1" head="0" relation="ROOT"/></mor></w>
    <t type="q"><mor type="mor"><mt type="q"/><gra type="gra" index="2" head="1" relation="PUNCT"/></mor></t>

  </u>
  <u who="CHI" uID="u79">
    <w>put<mor type="mor"><mw><pos><c>v</c></pos><stem>put</stem><mk type="sfxf">ZERO</mk></mw><gra type="gra" index="1" head="0" relation="ROOT"/></mor></w>
    <w>snow<mor type="mor"><mw><pos><c>n</c></pos><stem>snow</stem></mw><gra type="gra" index="2" head="1" relation="OBJ"/></mor></w>
    <w>on<mor type="mor"><mw><pos><c>prep</c></pos><stem>on</stem></mw><gra type="gra" index="3" head="1" relation="JCT"/></mor></w>
    <pause symbolic-length="simple"/>
    <g><w>triangle<mor type="mor"><mw><pos><c>n</c></pos><stem>triangle</stem></mw><gra type="gra" index="4" head="3" relation="POBJ"/></mor></w><error/></g>
    <t type="p"><mor type="mor"><mt type="p"/><gra type="gra" index="5" head="1" relation="PUNCT"/></mor></t>

  </u>
  <u who="MOT" uID="u80">
    <w>triangle<mor type="mor"><mw><pos><c>n</c></pos><stem>triangle</stem></mw><gra type="gra" index="1" head="0" relation="INCROOT"/></mor></w>
    <t type="p"><mor type="mor"><mt type="p"/><gra type="gra" index="2" head="1" relation="PUNCT"/></mor></t>

    <a type="gesture">looks at Investigator</a>
  </u>
  <u who="INV" uID="u81">
    <w>did<mor type="mor"><mw><pos><c>mod</c></pos><stem>do</stem><mk type="sfxf">PAST</mk></mw><gra type="gra" index="1" head="3" relation="AUX"/></mor></w>
    <w>she<mor type="mor"><mw><pos><c>pro</c><s>sub</s></pos><stem>she</stem></mw><gra type="gra" index="2" head="3" relation="SUBJ"/></mor></w>
    <w>say<mor type="mor"><mw><pos><c>v</c></pos><stem>say</stem></mw><gra type="gra" index="3" head="0" relation="ROOT"/></mor></w>
    <t type="quotation next line"><mor type="mor"><mt type="quotation next line"/><gra type="gra" index="4" head="3" relation="PUNCT"/></mor></t>

  </u>
  <u who="INV" uID="u82">
    <linker type="quoted utterance next"/>
    <w>put<mor type="mor"><mw><pos><c>v</c></pos><stem>put</stem><mk type="sfxf">ZERO</mk></mw><gra type="gra" index="1" head="0" relation="ROOT"/></mor></w>
    <w>snow<mor type="mor"><mw><pos><c>n</c></pos><stem>snow</stem></mw><gra type="gra" index="2" head="1" relation="OBJ"/></mor></w>
    <w>on<mor type="mor"><mw><pos><c>prep</c></pos><stem>on</stem></mw><gra type="gra" index="3" head="1" relation="JCT"/></mor></w>
    <w>it<mor type="mor"><mw><pos><c>pro</c><s>per</s></pos><stem>it</stem></mw><gra type="gra" index="4" head="3" relation="POBJ"/></mor></w>
    <t type="q"><mor type="mor"><mt type="q"/><gra type="gra" index="5" head="1" relation="PUNCT"/></mor></t>

  </u>
  <u who="MOT" uID="u83">
    <w>uhhuh<mor type="mor"><mw><pos><c>co</c></pos><stem>uhhuh</stem></mw><gra type="gra" index="1" head="0" relation="INCROOT"/></mor></w>
    <t type="q"><mor type="mor"><mt type="q"/><gra type="gra" index="2" head="1" relation="PUNCT"/></mor></t>

    <a type="actions">&lt;1w&gt; turns page</a>
    <a type="gesture">&lt;1w&gt; looks at Investigator</a>
    <a type="addressee">&lt;1w&gt; Investigator</a>
  </u>
  <u who="MOT" uID="u84">
    <w>and<mor type="mor"><mw><pos><c>coord</c></pos><stem>and</stem></mw><gra type="gra" index="1" head="3" relation="LINK"/></mor></w>
    <w>what's<mor type="mor"><mw><pos><c>pro</c><s>int</s></pos><stem>what</stem></mw><gra type="gra" index="2" head="3" relation="SUBJ"/><mor-post><mw><pos><c>cop</c></pos><stem>be</stem><mk type="sfxf">3S</mk></mw><gra type="gra" index="3" head="0" relation="ROOT"/></mor-post></mor></w>
    <w>that<mor type="mor"><mw><pos><c>pro</c><s>dem</s></pos><stem>that</stem></mw><gra type="gra" index="4" head="3" relation="PRED"/></mor></w>
    <t type="q"><mor type="mor"><mt type="q"/><gra type="gra" index="5" head="3" relation="PUNCT"/></mor></t>

  </u>
  <u who="CHI" uID="u85">
    <w>that<mor type="mor"><mw><pos><c>det</c><s>dem</s></pos><stem>that</stem></mw><gra type="gra" index="1" head="3" relation="DET"/></mor></w>
    <w>little<mor type="mor"><mw><pos><c>adj</c></pos><stem>little</stem></mw><gra type="gra" index="2" head="3" relation="MOD"/></mor></w>
    <w>bunny<mor type="mor"><mw><pos><c>n</c></pos><stem>bunny</stem></mw><gra type="gra" index="3" head="0" relation="INCROOT"/></mor></w>
    <t type="p"><mor type="mor"><mt type="p"/><gra type="gra" index="4" head="3" relation="PUNCT"/></mor></t>

    <a type="gesture">looks at book</a>
  </u>
  <u who="MOT" uID="u86">
    <w>what<mor type="mor"><mw><pos><c>pro</c><s>int</s></pos><stem>what</stem></mw><gra type="gra" index="1" head="5" relation="SUBJ"/></mor></w>
    <w>did<mor type="mor"><mw><pos><c>mod</c></pos><stem>do</stem><mk type="sfxf">PAST</mk></mw><gra type="gra" index="2" head="5" relation="AUX"/></mor></w>
    <w>his<mor type="mor"><mw><pos><c>det</c><s>poss</s></pos><stem>his</stem></mw><gra type="gra" index="3" head="4" relation="DET"/></mor></w>
    <w>Mommy<mor type="mor"><mw><pos><c>n</c><s>prop</s></pos><stem>Mommy</stem></mw><gra type="gra" index="4" head="5" relation="SUBJ"/></mor></w>
    <w>say<mor type="mor"><mw><pos><c>v</c></pos><stem>say</stem></mw><gra type="gra" index="5" head="0" relation="ROOT"/></mor></w>
    <t type="q"><mor type="mor"><mt type="q"/><gra type="gra" index="6" head="5" relation="PUNCT"/></mor></t>

    <a type="gesture">looks at Ivy</a>
  </u>
  <u who="CHI" uID="u87">
    <w>Mommy<mor type="mor"><mw><pos><c>n</c><s>prop</s></pos><stem>Mommy</stem></mw><gra type="gra" index="1" head="2" relation="SUBJ"/></mor></w>
    <w>say<mor type="mor"><mw><pos><c>v</c></pos><stem>say</stem></mw><gra type="gra" index="2" head="0" relation="ROOT"/></mor></w>
    <t type="q"><mor type="mor"><mt type="q"/><gra type="gra" index="3" head="2" relation="PUNCT"/></mor></t>

    <a type="gesture">looks at book</a>
  </u>
  <u who="CHI" uID="u88">
    <pause symbolic-length="simple"/>
    <w>that<mor type="mor"><mw><pos><c>comp</c></pos><stem>that</stem></mw><gra type="gra" index="1" head="3" relation="LINK"/></mor></w>
    <w>a<mor type="mor"><mw><pos><c>det</c><s>art</s></pos><stem>a</stem></mw><gra type="gra" index="2" head="3" relation="DET"/></mor></w>
    <w>necklace<mor type="mor"><mw><pos><c>n</c></pos><stem>necklace</stem></mw><gra type="gra" index="3" head="0" relation="INCROOT"/></mor></w>
    <pause symbolic-length="simple"/>
    <w>and<mor type="mor"><mw><pos><c>coord</c></pos><stem>and</stem></mw><gra type="gra" index="4" head="3" relation="CONJ"/></mor></w>
    <w>a<mor type="mor"><mw><pos><c>det</c><s>art</s></pos><stem>a</stem></mw><gra type="gra" index="5" head="6" relation="DET"/></mor></w>
    <g><w>bunny<mor type="mor"><mw><pos><c>n</c></pos><stem>bunny</stem></mw><gra type="gra" index="6" head="4" relation="COORD"/></mor></w><error/></g>
    <t type="p"><mor type="mor"><mt type="p"/><gra type="gra" index="7" head="3" relation="PUNCT"/></mor></t>

    <a type="actions">&lt;1w&gt; outlines</a>
  </u>
  <u who="MOT" uID="u89">
    <w>uhhuh<mor type="mor"><mw><pos><c>co</c></pos><stem>uhhuh</stem></mw><gra type="gra" index="1" head="0" relation="INCROOT"/></mor></w>
    <t type="p"><mor type="mor"><mt type="p"/><gra type="gra" index="2" head="1" relation="PUNCT"/></mor></t>

  </u>
  <u who="INV" uID="u90">
    <w>and<mor type="mor"><mw><pos><c>coord</c></pos><stem>and</stem></mw><gra type="gra" index="1" head="3" relation="LINK"/></mor></w>
    <w>a<mor type="mor"><mw><pos><c>det</c><s>art</s></pos><stem>a</stem></mw><gra type="gra" index="2" head="3" relation="DET"/></mor></w>
    <w>bunny<mor type="mor"><mw><pos><c>n</c></pos><stem>bunny</stem></mw><gra type="gra" index="3" head="0" relation="INCROOT"/></mor></w>
    <pause symbolic-length="simple"/>
    <w>right<mor type="mor"><mw><pos><c>co</c></pos><stem>right</stem></mw><gra type="gra" index="4" head="3" relation="COM"/></mor></w>
    <t type="p"><mor type="mor"><mt type="p"/><gra type="gra" index="5" head="3" relation="PUNCT"/></mor></t>

  </u>
  <u who="CHI" uID="u91">
    <w>what<mor type="mor"><mw><pos><c>pro</c><s>int</s></pos><stem>what</stem></mw><gra type="gra" index="1" head="2" relation="LINK"/></mor></w>
    <w>that<mor type="mor"><mw><pos><c>comp</c></pos><stem>that</stem></mw><gra type="gra" index="2" head="0" relation="INCROOT"/></mor></w>
    <t type="q"><mor type="mor"><mt type="q"/><gra type="gra" index="3" head="2" relation="PUNCT"/></mor></t>

    <a type="gesture">points to book</a>
  </u>
  <u who="INV" uID="u92">
    <w>those<mor type="mor"><mw><pos><c>pro</c><s>dem</s></pos><stem>those</stem></mw><gra type="gra" index="1" head="2" relation="SUBJ"/></mor></w>
    <w>are<mor type="mor"><mw><pos><c>cop</c></pos><stem>be</stem><mk type="sfxf">PRES</mk></mw><gra type="gra" index="2" head="0" relation="ROOT"/></mor></w>
    <w>words<mor type="mor"><mw><pos><c>n</c></pos><stem>word</stem><mk type="sfx">PL</mk></mw><gra type="gra" index="3" head="2" relation="PRED"/></mor></w>
    <t type="p"><mor type="mor"><mt type="p"/><gra type="gra" index="4" head="2" relation="PUNCT"/></mor></t>

    <a type="explanation">at this point Investigator 2 told Investigator 1 that she was participating too much</a>
  </u>
  <u who="MOT" uID="u93">
    <w>come<mor type="mor"><mw><pos><c>v</c></pos><stem>come</stem></mw><gra type="gra" index="1" head="0" relation="ROOT"/></mor></w>
    <w>in<mor type="mor"><mw><pos><c>adv</c></pos><stem>in</stem></mw><gra type="gra" index="2" head="1" relation="JCT"/></mor></w>
    <w>Miffy<mor type="mor"><mw><pos><c>n</c><s>prop</s></pos><stem>Miffy</stem></mw><gra type="gra" index="3" head="2" relation="POBJ"/></mor></w>
    <t type="e"><mor type="mor"><mt type="e"/><gra type="gra" index="4" head="1" relation="PUNCT"/></mor></t>

    <a type="gesture">looks at Ivy</a>
  </u>
  <u who="CHI" uID="u94">
    <w>Mommy<mor type="mor"><mw><pos><c>n</c><s>prop</s></pos><stem>Mommy</stem></mw><gra type="gra" index="1" head="0" relation="INCROOT"/></mor></w>
    <w>what<mor type="mor"><mw><pos><c>pro</c><s>int</s></pos><stem>what</stem></mw><gra type="gra" index="2" head="3" relation="DET"/></mor></w>
    <g><w>that<mor type="mor"><mw><pos><c>comp</c></pos><stem>that</stem></mw><gra type="gra" index="3" head="1" relation="OM"/></mor></w><error/></g>
    <t type="q"><mor type="mor"><mt type="q"/><gra type="gra" index="4" head="1" relation="PUNCT"/></mor></t>

    <a type="gesture">looks and points at camera</a>
    <a type="extension" flavor="pho">mami w6t d&amp;t</a>
  </u>
  <u who="MOT" uID="u95">
    <w>what<mor type="mor"><mw><pos><c>pro</c><s>int</s></pos><stem>what</stem></mw><gra type="gra" index="1" head="2" relation="SUBJ"/></mor></w>
    <g><w>is<mor type="mor"><mw><pos><c>cop</c></pos><stem>be</stem><mk type="sfxf">3S</mk></mw><gra type="gra" index="2" head="0" relation="ROOT"/></mor></w><k type="stressing"/></g>
    <w>that<mor type="mor"><mw><pos><c>pro</c><s>dem</s></pos><stem>that</stem></mw><gra type="gra" index="3" head="2" relation="PRED"/></mor></w>
    <t type="q"><mor type="mor"><mt type="q"/><gra type="gra" index="4" head="2" relation="PUNCT"/></mor></t>

    <a type="actions">&lt;aft&gt; turns page</a>
    <a type="gesture">looks at Ivy</a>
  </u>
  <u who="CHI" uID="u96">
    <w>what<mor type="mor"><mw><pos><c>pro</c><s>int</s></pos><stem>what</stem></mw><gra type="gra" index="1" head="0" relation="INCROOT"/></mor></w>
    <w>that<mor type="mor"><mw><pos><c>comp</c></pos><stem>that</stem></mw><gra type="gra" index="2" head="1" relation="CONJ"/></mor></w>
    <g><w>Mommy<mor type="mor"><mw><pos><c>n</c><s>prop</s></pos><stem>Mommy</stem></mw><gra type="gra" index="3" head="2" relation="COORD"/></mor></w><error/></g>
    <t type="q"><mor type="mor"><mt type="q"/><gra type="gra" index="4" head="1" relation="PUNCT"/></mor></t>

    <a type="gesture">looks at book</a>
    <a type="extension" flavor="pho">w6t d&amp;t mami</a>
  </u>
  <u who="MOT" uID="u97">
    <w>is<mor type="mor"><mw><pos><c>cop</c></pos><stem>be</stem><mk type="sfxf">3S</mk></mw><gra type="gra" index="1" head="0" relation="ROOT"/></mor></w>
    <w>that<mor type="mor"><mw><pos><c>comp</c></pos><stem>that</stem></mw><gra type="gra" index="2" head="1" relation="PRED"/></mor></w>
    <w>a<mor type="mor"><mw><pos><c>det</c><s>art</s></pos><stem>a</stem></mw><gra type="gra" index="3" head="4" relation="DET"/></mor></w>
    <w>camera<mor type="mor"><mw><pos><c>n</c></pos><stem>camera</stem></mw><gra type="gra" index="4" head="2" relation="OM"/></mor></w>
    <t type="q"><mor type="mor"><mt type="q"/><gra type="gra" index="5" head="1" relation="PUNCT"/></mor></t>

  </u>
  <u who="MOT" uID="u98">
    <w>what<mor type="mor"><mw><pos><c>pro</c><s>int</s></pos><stem>what</stem></mw><gra type="gra" index="1" head="2" relation="SUBJ"/></mor></w>
    <w>is<mor type="mor"><mw><pos><c>cop</c></pos><stem>be</stem><mk type="sfxf">3S</mk></mw><gra type="gra" index="2" head="0" relation="ROOT"/></mor></w>
    <w>this<mor type="mor"><mw><pos><c>det</c><s>dem</s></pos><stem>this</stem></mw><gra type="gra" index="3" head="4" relation="DET"/></mor></w>
    <w>now<mor type="mor"><mw><pos><c>adv</c><s>tem</s></pos><stem>now</stem></mw><gra type="gra" index="4" head="2" relation="JCT"/></mor></w>
    <t type="q"><mor type="mor"><mt type="q"/><gra type="gra" index="5" head="2" relation="PUNCT"/></mor></t>

    <a type="gesture">&lt;1w&gt; points to book</a>
  </u>
  <u who="MOT" uID="u99">
    <w>it<mor type="mor"><mw><pos><c>pro</c><s>per</s></pos><stem>it</stem></mw><gra type="gra" index="1" head="2" relation="SUBJ"/></mor></w>
    <w>says<mor type="mor"><mw><pos><c>v</c></pos><stem>say</stem><mk type="sfx">3S</mk></mw><gra type="gra" index="2" head="0" relation="ROOT"/></mor></w>
    <pause symbolic-length="simple"/>
    <t type="quotation next line"><mor type="mor"><mt type="quotation next line"/><gra type="gra" index="3" head="2" relation="PUNCT"/></mor></t>

  </u>
  <u who="MOT" uID="u100">
    <linker type="quoted utterance next"/>
    <w>good<mor type="mor"><mw><pos><c>adj</c></pos><stem>good</stem></mw><gra type="gra" index="1" head="2" relation="MOD"/></mor></w>
    <w>night<mor type="mor"><mw><pos><c>n</c></pos><stem>night</stem></mw><gra type="gra" index="2" head="4" relation="MOD"/></mor></w>
    <w>little<mor type="mor"><mw><pos><c>adj</c></pos><stem>little</stem></mw><gra type="gra" index="3" head="4" relation="MOD"/></mor></w>
    <w>bird<mor type="mor"><mw><pos><c>n</c></pos><stem>bird</stem></mw><gra type="gra" index="4" head="0" relation="INCROOT"/></mor></w>
    <t type="p"><mor type="mor"><mt type="p"/><gra type="gra" index="5" head="4" relation="PUNCT"/></mor></t>

  </u>
  <u who="CHI" uID="u101">
    <w>he<mor type="mor"><mw><pos><c>pro</c><s>sub</s></pos><stem>he</stem></mw><gra type="gra" index="1" head="2" relation="SUBJ"/></mor></w>
    <w>go<mor type="mor"><mw><pos><c>v</c></pos><stem>go</stem></mw><gra type="gra" index="2" head="0" relation="ROOT"/></mor></w>
    <g><w>outside<mor type="mor"><mw><pos><c>adv</c></pos><stem>outside</stem></mw><gra type="gra" index="3" head="2" relation="JCT"/></mor></w><error/></g>
    <t type="p"><mor type="mor"><mt type="p"/><gra type="gra" index="4" head="2" relation="PUNCT"/></mor></t>

    <a type="gesture">points to book</a>
  </u>
  <u who="MOT" uID="u102">
    <w>uhhuh<mor type="mor"><mw><pos><c>co</c></pos><stem>uhhuh</stem></mw><gra type="gra" index="1" head="0" relation="INCROOT"/></mor></w>
    <t type="p"><mor type="mor"><mt type="p"/><gra type="gra" index="2" head="1" relation="PUNCT"/></mor></t>

    <a type="gesture">looks at Ivy</a>
  </u>
  <u who="MOT" uID="u103">
    <w>he<mor type="mor"><mw><pos><c>pro</c><s>sub</s></pos><stem>he</stem></mw><gra type="gra" index="1" head="2" relation="SUBJ"/></mor></w>
    <w>says<mor type="mor"><mw><pos><c>v</c></pos><stem>say</stem><mk type="sfx">3S</mk></mw><gra type="gra" index="2" head="0" relation="ROOT"/></mor></w>
    <pause symbolic-length="simple"/>
    <t type="quotation next line"><mor type="mor"><mt type="quotation next line"/><gra type="gra" index="3" head="2" relation="PUNCT"/></mor></t>

  </u>
  <u who="MOT" uID="u104">
    <linker type="quoted utterance next"/>
    <w>I'll<mor type="mor"><mw><pos><c>pro</c><s>sub</s></pos><stem>I</stem></mw><gra type="gra" index="1" head="3" relation="SUBJ"/><mor-post><mw><pos><c>mod</c></pos><stem>will</stem></mw><gra type="gra" index="2" head="3" relation="AUX"/></mor-post></mor></w>
    <w>play<mor type="mor"><mw><pos><c>v</c></pos><stem>play</stem></mw><gra type="gra" index="3" head="0" relation="ROOT"/></mor></w>
    <w>with<mor type="mor"><mw><pos><c>prep</c></pos><stem>with</stem></mw><gra type="gra" index="4" head="3" relation="JCT"/></mor></w>
    <w>you<mor type="mor"><mw><pos><c>pro</c><s>per</s></pos><stem>you</stem></mw><gra type="gra" index="5" head="6" relation="SUBJ"/></mor></w>
    <w>tomorrow<mor type="mor"><mw><pos><c>adv</c><s>tem</s></pos><stem>tomorrow</stem></mw><gra type="gra" index="6" head="4" relation="POBJ"/></mor></w>
    <t type="p"><mor type="mor"><mt type="p"/><gra type="gra" index="7" head="3" relation="PUNCT"/></mor></t>

  </u>
  <u who="CHI" uID="u105">
    <w>I<mor type="mor"><mw><pos><c>pro</c><s>sub</s></pos><stem>I</stem></mw><gra type="gra" index="1" head="2" relation="SUBJ"/></mor></w>
    <w>play<mor type="mor"><mw><pos><c>v</c></pos><stem>play</stem></mw><gra type="gra" index="2" head="0" relation="ROOT"/></mor></w>
    <pause symbolic-length="simple"/>
    <w>with<mor type="mor"><mw><pos><c>prep</c></pos><stem>with</stem></mw><gra type="gra" index="3" head="2" relation="JCT"/></mor></w>
    <w>you<mor type="mor"><mw><pos><c>pro</c><s>per</s></pos><stem>you</stem></mw><gra type="gra" index="4" head="5" relation="SUBJ"/></mor></w>
    <pause symbolic-length="simple"/>
    <w type="filler">uh</w>
    <g><w>tomorrow<mor type="mor"><mw><pos><c>adv</c><s>tem</s></pos><stem>tomorrow</stem></mw><gra type="gra" index="5" head="3" relation="POBJ"/></mor></w><error/></g>
    <t type="p"><mor type="mor"><mt type="p"/><gra type="gra" index="6" head="2" relation="PUNCT"/></mor></t>

    <a type="gesture">looks at book</a>
    <a type="explanation">talks with hand in mouth</a>
    <a type="extension" flavor="pho">ai ple wID ju 6h maro</a>
  </u>
  <u who="MOT" uID="u106">
    <w>now<mor type="mor"><mw><pos><c>adv</c><s>tem</s></pos><stem>now</stem></mw><gra type="gra" index="1" head="3" relation="JCT"/></mor></w>
    <w>I<mor type="mor"><mw><pos><c>pro</c><s>sub</s></pos><stem>I</stem></mw><gra type="gra" index="2" head="3" relation="SUBJ"/></mor></w>
    <w>understand<mor type="mor"><mw><pos><c>v</c></pos><stem>understand</stem></mw><gra type="gra" index="3" head="0" relation="ROOT"/></mor></w>
    <w>the<mor type="mor"><mw><pos><c>det</c><s>art</s></pos><stem>the</stem></mw><gra type="gra" index="4" head="5" relation="DET"/></mor></w>
    <w>story<mor type="mor"><mw><pos><c>n</c></pos><stem>story</stem></mw><gra type="gra" index="5" head="3" relation="OBJ"/></mor></w>
    <t type="p"><mor type="mor"><mt type="p"/><gra type="gra" index="6" head="3" relation="PUNCT"/></mor></t>

    <a type="gesture">&lt;1w&gt; looks at Ivy .</a>
  </u>
  <u who="MOT" uID="u107">
    <w>do<mor type="mor"><mw><pos><c>mod</c></pos><stem>do</stem></mw><gra type="gra" index="1" head="2" relation="AUX"/></mor></w>
    <w>you<mor type="mor"><mw><pos><c>pro</c><s>per</s></pos><stem>you</stem></mw><gra type="gra" index="2" head="0" relation="INCROOT"/></mor></w>
    <t type="q"><mor type="mor"><mt type="q"/><gra type="gra" index="3" head="2" relation="PUNCT"/></mor></t>

    <a type="gesture">&lt;1w&gt; looks at Investigator .</a>
  </u>
  <u who="MOT" uID="u108">
    <w>do<mor type="mor"><mw><pos><c>mod</c></pos><stem>do</stem></mw><gra type="gra" index="1" head="3" relation="AUX"/></mor></w>
    <w>you<mor type="mor"><mw><pos><c>pro</c><s>per</s></pos><stem>you</stem></mw><gra type="gra" index="2" head="3" relation="SUBJ"/></mor></w>
    <w>want<mor type="mor"><mw><pos><c>v</c></pos><stem>want</stem></mw><gra type="gra" index="3" head="0" relation="ROOT"/></mor></w>
    <w>to<mor type="mor"><mw><pos><c>inf</c></pos><stem>to</stem></mw><gra type="gra" index="4" head="5" relation="INF"/></mor></w>
    <w>go<mor type="mor"><mw><pos><c>v</c></pos><stem>go</stem></mw><gra type="gra" index="5" head="3" relation="COMP"/></mor></w>
    <w>back<mor type="mor"><mw><pos><c>adv</c></pos><stem>back</stem></mw><gra type="gra" index="6" head="5" relation="JCT"/></mor></w>
    <t type="q"><mor type="mor"><mt type="q"/><gra type="gra" index="7" head="3" relation="PUNCT"/></mor></t>

    <a type="gesture">&lt;1w&gt; looks at book</a>
    <a type="addressee">&lt;1w&gt; Investigator</a>
  </u>
  <u who="INV" uID="u109">
    <w>well<mor type="mor"><mw><pos><c>co</c></pos><stem>well</stem></mw><gra type="gra" index="1" head="3" relation="COM"/></mor></w>
    <pause symbolic-length="simple"/>
    <w>that<mor type="mor"><mw><pos><c>pro</c><s>dem</s></pos><stem>that</stem></mw><gra type="gra" index="2" head="3" relation="SUBJ"/></mor></w>
    <w>was<mor type="mor"><mw><pos><c>cop</c></pos><stem>be</stem><mk type="sfxf">PAST</mk><mk type="sfxf">13S</mk></mw><gra type="gra" index="3" head="0" relation="ROOT"/></mor></w>
    <w>fine<mor type="mor"><mw><pos><c>adj</c></pos><stem>fine</stem></mw><gra type="gra" index="4" head="5" relation="MOD"/></mor></w>
    <pause symbolic-length="simple"/>
    <w>whatever<mor type="mor"><mw><pos><c>pro</c><s>indef</s></pos><stem>whatever</stem></mw><gra type="gra" index="5" head="3" relation="PRED"/></mor></w>
    <t type="p"><mor type="mor"><mt type="p"/><gra type="gra" index="6" head="3" relation="PUNCT"/></mor></t>

  </u>
  <u who="MOT" uID="u110">
    <w>yeah<mor type="mor"><mw><pos><c>co</c></pos><stem>yeah</stem></mw><gra type="gra" index="1" head="0" relation="INCROOT"/></mor></w>
    <t type="p"><mor type="mor"><mt type="p"/><gra type="gra" index="2" head="1" relation="PUNCT"/></mor></t>

    <a type="actions">puts arm around Ivy</a>
  </u>
  <u who="MOT" uID="u111">
    <w>do<mor type="mor"><mw><pos><c>mod</c></pos><stem>do</stem></mw><gra type="gra" index="1" head="3" relation="AUX"/></mor></w>
    <w>you<mor type="mor"><mw><pos><c>pro</c><s>per</s></pos><stem>you</stem></mw><gra type="gra" index="2" head="3" relation="SUBJ"/></mor></w>
    <w>want<mor type="mor"><mw><pos><c>v</c></pos><stem>want</stem></mw><gra type="gra" index="3" head="0" relation="ROOT"/></mor></w>
    <w>to<mor type="mor"><mw><pos><c>inf</c></pos><stem>to</stem></mw><gra type="gra" index="4" head="5" relation="INF"/></mor></w>
    <w>tell<mor type="mor"><mw><pos><c>v</c></pos><stem>tell</stem></mw><gra type="gra" index="5" head="3" relation="COMP"/></mor></w>
    <w>us<mor type="mor"><mw><pos><c>pro</c><s>obj</s></pos><stem>us</stem></mw><gra type="gra" index="6" head="5" relation="OBJ2"/></mor></w>
    <w>the<mor type="mor"><mw><pos><c>det</c><s>art</s></pos><stem>the</stem></mw><gra type="gra" index="7" head="8" relation="DET"/></mor></w>
    <w>story<mor type="mor"><mw><pos><c>n</c></pos><stem>story</stem></mw><gra type="gra" index="8" head="5" relation="OBJ"/></mor></w>
    <t type="q"><mor type="mor"><mt type="q"/><gra type="gra" index="9" head="3" relation="PUNCT"/></mor></t>

  </u>
  <u who="CHI" uID="u112">
    <w>what<mor type="mor"><mw><pos><c>pro</c><s>int</s></pos><stem>what</stem></mw><gra type="gra" index="1" head="2" relation="LINK"/></mor></w>
    <g><w>that<mor type="mor"><mw><pos><c>comp</c></pos><stem>that</stem></mw><gra type="gra" index="2" head="0" relation="INCROOT"/></mor></w><error/></g>
    <t type="q"><mor type="mor"><mt type="q"/><gra type="gra" index="3" head="2" relation="PUNCT"/></mor></t>

    <a type="gesture">points to page</a>
    <a type="actions">opens book</a>
    <a type="extension" flavor="pho">w6t d&amp;t</a>
  </u>
  <u who="MOT" uID="u113">
    <w>what's<mor type="mor"><mw><pos><c>pro</c><s>int</s></pos><stem>what</stem></mw><gra type="gra" index="1" head="2" relation="SUBJ"/><mor-post><mw><pos><c>cop</c></pos><stem>be</stem><mk type="sfxf">3S</mk></mw><gra type="gra" index="2" head="0" relation="ROOT"/></mor-post></mor></w>
    <w>her<mor type="mor"><mw><pos><c>det</c><s>poss</s></pos><stem>her</stem></mw><gra type="gra" index="3" head="4" relation="DET"/></mor></w>
    <w>name<mor type="mor"><mw><pos><c>n</c></pos><stem>name</stem></mw><gra type="gra" index="4" head="2" relation="PRED"/></mor></w>
    <t type="q"><mor type="mor"><mt type="q"/><gra type="gra" index="5" head="2" relation="PUNCT"/></mor></t>

    <a type="explanation">Investigator is holding book</a>
  </u>
  <u who="CHI" uID="u114">
    <w>Miffy<mor type="mor"><mw><pos><c>n</c><s>prop</s></pos><stem>Miffy</stem></mw><gra type="gra" index="1" head="0" relation="INCROOT"/></mor></w>
    <t type="p"><mor type="mor"><mt type="p"/><gra type="gra" index="2" head="1" relation="PUNCT"/></mor></t>

    <a type="actions">takes book</a>
  </u>
  <u who="INV" uID="u115">
    <w>I<mor type="mor"><mw><pos><c>pro</c><s>sub</s></pos><stem>I</stem></mw><gra type="gra" index="1" head="2" relation="SUBJ"/></mor></w>
    <w>think<mor type="mor"><mw><pos><c>v</c></pos><stem>think</stem></mw><gra type="gra" index="2" head="0" relation="ROOT"/></mor></w>
    <w>she<mor type="mor"><mw><pos><c>pro</c><s>sub</s></pos><stem>she</stem></mw><gra type="gra" index="3" head="4" relation="SUBJ"/></mor></w>
    <w>wants<mor type="mor"><mw><pos><c>v</c></pos><stem>want</stem><mk type="sfx">3S</mk></mw><gra type="gra" index="4" head="2" relation="COMP"/></mor></w>
    <w>to<mor type="mor"><mw><pos><c>inf</c></pos><stem>to</stem></mw><gra type="gra" index="5" head="6" relation="INF"/></mor></w>
    <w>hold<mor type="mor"><mw><pos><c>v</c></pos><stem>hold</stem></mw><gra type="gra" index="6" head="4" relation="COMP"/></mor></w>
    <w>it<mor type="mor"><mw><pos><c>pro</c><s>per</s></pos><stem>it</stem></mw><gra type="gra" index="7" head="6" relation="OBJ"/></mor></w>
    <w>herself<mor type="mor"><mw><pos><c>pro</c><s>refl</s></pos><stem>herself</stem></mw><gra type="gra" index="8" head="6" relation="OBJ"/></mor></w>
    <t type="p"><mor type="mor"><mt type="p"/><gra type="gra" index="9" head="2" relation="PUNCT"/></mor></t>

  </u>
  <u who="MOT" uID="u116">
    <w>she<mor type="mor"><mw><pos><c>pro</c><s>sub</s></pos><stem>she</stem></mw><gra type="gra" index="1" head="2" relation="SUBJ"/></mor></w>
    <w>wants<mor type="mor"><mw><pos><c>v</c></pos><stem>want</stem><mk type="sfx">3S</mk></mw><gra type="gra" index="2" head="0" relation="ROOT"/></mor></w>
    <w>to<mor type="mor"><mw><pos><c>inf</c></pos><stem>to</stem></mw><gra type="gra" index="3" head="4" relation="INF"/></mor></w>
    <w>do<mor type="mor"><mw><pos><c>v</c></pos><stem>do</stem></mw><gra type="gra" index="4" head="2" relation="COMP"/></mor></w>
    <g><w>everything<mor type="mor"><mw><pos><c>pro</c><s>indef</s></pos><stem>everything</stem></mw><gra type="gra" index="5" head="4" relation="OBJ"/></mor></w><k type="stressing"/></g>
    <w>herself<mor type="mor"><mw><pos><c>pro</c><s>refl</s></pos><stem>herself</stem></mw><gra type="gra" index="6" head="4" relation="OBJ"/></mor></w>
    <t type="p"><mor type="mor"><mt type="p"/><gra type="gra" index="7" head="2" relation="PUNCT"/></mor></t>

    <a type="addressee">Investigator</a>
  </u>
  <u who="CHI" uID="u117">
    <w>Miffy<mor type="mor"><mw><pos><c>n</c><s>prop</s></pos><stem>Miffy</stem></mw><gra type="gra" index="1" head="2" relation="SUBJ"/></mor></w>
    <w>went<mor type="mor"><mw><pos><c>v</c></pos><stem>go</stem><mk type="sfxf">PAST</mk></mw><gra type="gra" index="2" head="0" relation="ROOT"/></mor></w>
    <w>to<mor type="mor"><mw><pos><c>inf</c></pos><stem>to</stem></mw><gra type="gra" index="3" head="4" relation="INF"/></mor></w>
    <w>sleep<mor type="mor"><mw><pos><c>v</c></pos><stem>sleep</stem></mw><gra type="gra" index="4" head="2" relation="COMP"/></mor></w>
    <t type="p"><mor type="mor"><mt type="p"/><gra type="gra" index="5" head="2" relation="PUNCT"/></mor></t>

    <a type="gesture">looks at book</a>
    <a type="actions">&lt;aft&gt; turns page and shows book to Investigator</a>
    <a type="extension" flavor="pho">meni went tu 6si6h</a>
  </u>
  <u who="INV" uID="u118">
    <e><happening>laughs</happening></e>
    <t type="p"></t>

  </u>
  <u who="CHI" uID="u119">
    <w>oh<mor type="mor"><mw><pos><c>co</c></pos><stem>oh</stem></mw><gra type="gra" index="1" head="0" relation="INCROOT"/></mor></w>
    <t type="e"><mor type="mor"><mt type="e"/><gra type="gra" index="2" head="1" relation="PUNCT"/></mor></t>

    <a type="actions">turns page and shows book to Investigator</a>
  </u>
  <u who="INV" uID="u120">
    <w>oh<mor type="mor"><mw><pos><c>co</c></pos><stem>oh</stem></mw><gra type="gra" index="1" head="0" relation="INCROOT"/></mor></w>
    <t type="p"><mor type="mor"><mt type="p"/><gra type="gra" index="2" head="1" relation="PUNCT"/></mor></t>

  </u>
  <u who="INV" uID="u121">
    <w>she<mor type="mor"><mw><pos><c>pro</c><s>sub</s></pos><stem>she</stem></mw><gra type="gra" index="1" head="2" relation="SUBJ"/></mor></w>
    <w>said<mor type="mor"><mw><pos><c>v</c></pos><stem>say</stem><mk type="sfxf">PAST</mk></mw><gra type="gra" index="2" head="0" relation="ROOT"/></mor></w>
    <w formType="quoted metareference">oh<mor type="mor"><mw><pos><c>meta</c></pos><stem>oh</stem></mw><gra type="gra" index="3" head="2" relation="OBJ"/></mor></w>
    <w>to<mor type="mor"><mw><pos><c>prep</c></pos><stem>to</stem></mw><gra type="gra" index="4" head="3" relation="JCT"/></mor></w>
    <w>the<mor type="mor"><mw><pos><c>det</c><s>art</s></pos><stem>the</stem></mw><gra type="gra" index="5" head="7" relation="DET"/></mor></w>
    <w>crying<mor type="mor"><mw><pos><c>part</c></pos><stem>cry</stem><mk type="sfx">PRESP</mk></mw><gra type="gra" index="6" head="7" relation="MOD"/></mor></w>
    <w>picture<mor type="mor"><mw><pos><c>n</c></pos><stem>picture</stem></mw><gra type="gra" index="7" head="4" relation="POBJ"/></mor></w>
    <t type="p"><mor type="mor"><mt type="p"/><gra type="gra" index="8" head="2" relation="PUNCT"/></mor></t>

  </u>
</CHAT>