<?xml version="1.0" encoding="UTF-8"?>

<CHAT xmlns:xsi="http://www.w3.org/2001/XMLSchema-instance"
      xmlns="http://www.talkbank.org/ns/talkbank"
      xsi:schemaLocation="http://www.talkbank.org/ns/talkbank https://talkbank.org/software/talkbank.xsd"
            DesignType="cross"
            ActivityType="toyplay"
            GroupType="TD"
      PID="11312/c-00015321-1"
      Version="2.16.0"
      Lang="eng"
      Corpus="Bates"
      >
  <Participants>
    <participant
      id="CHI"
    name="Mandy"
      role="Target_Child"
      language="eng"
      age="P2Y04M"
      sex="female"
      group="TD"
      SES="MC"

    />
    <participant
      id="MOT"
      role="Mother"
      language="eng"
      sex="female"

    />
  </Participants>
  <comment type="Types">cross, toyplay, TD</comment>
  <u who="MOT" uID="u0">
    <w>where's<mor type="mor"><mw><pos><c>pro</c><s>int</s></pos><stem>where</stem></mw><gra type="gra" index="1" head="2" relation="SUBJ"/><mor-post><mw><pos><c>cop</c></pos><stem>be</stem><mk type="sfxf">3S</mk></mw><gra type="gra" index="2" head="0" relation="ROOT"/></mor-post></mor></w>
    <w>Miffy<mor type="mor"><mw><pos><c>n</c><s>prop</s></pos><stem>Miffy</stem></mw><gra type="gra" index="3" head="2" relation="PRED"/></mor></w>
    <t type="q"><mor type="mor"><mt type="q"/><gra type="gra" index="4" head="2" relation="PUNCT"/></mor></t>

    <a type="actions">&lt;1w&gt; leans over Mandy .</a>
  </u>
  <u who="MOT" uID="u1">
    <w>huh<mor type="mor"><mw><pos><c>co</c></pos><stem>huh</stem></mw><gra type="gra" index="1" head="0" relation="INCROOT"/></mor></w>
    <t type="q"><mor type="mor"><mt type="q"/><gra type="gra" index="2" head="1" relation="PUNCT"/></mor></t>

    <a type="gesture">&lt;1w&gt; looks at book .</a>
  </u>
  <u who="MOT" uID="u2">
    <w>where's<mor type="mor"><mw><pos><c>pro</c><s>int</s></pos><stem>where</stem></mw><gra type="gra" index="1" head="2" relation="SUBJ"/><mor-post><mw><pos><c>cop</c></pos><stem>be</stem><mk type="sfxf">3S</mk></mw><gra type="gra" index="2" head="0" relation="ROOT"/></mor-post></mor></w>
    <w>Miffy<mor type="mor"><mw><pos><c>n</c><s>prop</s></pos><stem>Miffy</stem></mw><gra type="gra" index="3" head="2" relation="PRED"/></mor></w>
    <t type="q"><mor type="mor"><mt type="q"/><gra type="gra" index="4" head="2" relation="PUNCT"/></mor></t>

    <a type="gesture">&lt;1w-2w&gt; looks at book .</a>
  </u>
  <u who="MOT" uID="u3">
    <w>Miffy<mor type="mor"><mw><pos><c>n</c><s>prop</s></pos><stem>Miffy</stem></mw><gra type="gra" index="1" head="2" relation="SUBJ"/></mor></w>
    <w>going<mor type="mor"><mw><pos><c>part</c></pos><stem>go</stem><mk type="sfx">PRESP</mk></mw><gra type="gra" index="2" head="0" relation="ROOT"/></mor></w>
    <w>out<mor type="mor"><mw><pos><c>adv</c></pos><stem>out</stem></mw><gra type="gra" index="3" head="2" relation="JCT"/></mor></w>
    <w>to<mor type="mor"><mw><pos><c>prep</c></pos><stem>to</stem></mw><gra type="gra" index="4" head="2" relation="JCT"/></mor></w>
    <w>the<mor type="mor"><mw><pos><c>det</c><s>art</s></pos><stem>the</stem></mw><gra type="gra" index="5" head="6" relation="DET"/></mor></w>
    <w>snow<mor type="mor"><mw><pos><c>n</c></pos><stem>snow</stem></mw><gra type="gra" index="6" head="4" relation="POBJ"/></mor></w>
    <t type="q"><mor type="mor"><mt type="q"/><gra type="gra" index="7" head="2" relation="PUNCT"/></mor></t>

    <a type="gesture">&lt;1w-6w&gt; looks at book .</a>
    <a type="actions">&lt;1w&gt; grabs page and holds it .</a>
  </u>
  <u who="MOT" uID="u4">
    <w>huh<mor type="mor"><mw><pos><c>co</c></pos><stem>huh</stem></mw><gra type="gra" index="1" head="0" relation="INCROOT"/></mor></w>
    <t type="q"><mor type="mor"><mt type="q"/><gra type="gra" index="2" head="1" relation="PUNCT"/></mor></t>

    <a type="gesture">&lt;1w&gt; looks at Mandy .</a>
  </u>
  <u who="MOT" uID="u5">
    <w>no<mor type="mor"><mw><pos><c>co</c></pos><stem>no</stem></mw><gra type="gra" index="1" head="0" relation="INCROOT"/></mor></w>
    <t type="q"><mor type="mor"><mt type="q"/><gra type="gra" index="2" head="1" relation="PUNCT"/></mor></t>

    <a type="gesture">&lt;1w&gt; looks at Mandy . &lt;1w&gt; looks at book</a>
    <a type="actions">&lt;1w&gt; turns page</a>
  </u>
  <u who="CHI" uID="u6">
    <e><action/></e>
    <t type="p"></t>

    <a type="gesture">looks at book . shakes head . slight smile</a>
  </u>
  <u who="MOT" uID="u7">
    <w>who's<mor type="mor"><mw><pos><c>pro</c><s>int</s></pos><stem>who</stem></mw><gra type="gra" index="1" head="2" relation="LINK"/><mor-post><mw><pos><c>cop</c></pos><stem>be</stem><mk type="sfxf">3S</mk></mw><gra type="gra" index="2" head="0" relation="ROOT"/></mor-post></mor></w>
    <w>that<mor type="mor"><mw><pos><c>pro</c><s>dem</s></pos><stem>that</stem></mw><gra type="gra" index="3" head="2" relation="PRED"/></mor></w>
    <t type="q"><mor type="mor"><mt type="q"/><gra type="gra" index="4" head="2" relation="PUNCT"/></mor></t>

    <a type="gesture">&lt;1w&gt; smiles . looks at Mandy . looks at book .</a>
  </u>
  <u who="MOT" uID="u8">
    <w>huh<mor type="mor"><mw><pos><c>co</c></pos><stem>huh</stem></mw><gra type="gra" index="1" head="0" relation="INCROOT"/></mor></w>
    <t type="q"><mor type="mor"><mt type="q"/><gra type="gra" index="2" head="1" relation="PUNCT"/></mor></t>

  </u>
  <u who="MOT" uID="u9">
    <w>you're<mor type="mor"><mw><pos><c>pro</c><s>per</s></pos><stem>you</stem></mw><gra type="gra" index="1" head="2" relation="SUBJ"/><mor-post><mw><pos><c>cop</c></pos><stem>be</stem><mk type="sfxf">PRES</mk></mw><gra type="gra" index="2" head="0" relation="ROOT"/></mor-post></mor></w>
    <w>shy<mor type="mor"><mw><pos><c>adj</c></pos><stem>shy</stem></mw><gra type="gra" index="3" head="2" relation="PRED"/></mor></w>
    <t type="p"><mor type="mor"><mt type="p"/><gra type="gra" index="4" head="2" relation="PUNCT"/></mor></t>

  </u>
  <u who="MOT" uID="u10">
    <w>is<mor type="mor"><mw><pos><c>cop</c></pos><stem>be</stem><mk type="sfxf">3S</mk></mw><gra type="gra" index="1" head="0" relation="ROOT"/></mor></w>
    <w>that<mor type="mor"><mw><pos><c>comp</c></pos><stem>that</stem></mw><gra type="gra" index="2" head="1" relation="PRED"/></mor></w>
    <w>Miffy<mor type="mor"><mw><pos><c>n</c><s>prop</s></pos><stem>Miffy</stem></mw><gra type="gra" index="3" head="2" relation="OM"/></mor></w>
    <t type="q"><mor type="mor"><mt type="q"/><gra type="gra" index="4" head="1" relation="PUNCT"/></mor></t>

    <a type="explanation">&lt;1w&gt; Investigator moves away</a>
    <a type="actions">&lt;1w&gt; strokes Mandy's head .</a>
    <a type="gesture">&lt;1w&gt; looks at Investigator</a>
  </u>
  <u who="CHI" uID="u11">
    <e><action/></e>
    <t type="p"></t>

    <a type="gesture">shy look . looks at Investigator , at book</a>
  </u>
  <u who="MOT" uID="u12">
    <w>one<mor type="mor"><mw><pos><c>det</c><s>num</s></pos><stem>one</stem></mw><gra type="gra" index="1" head="2" relation="QUANT"/></mor></w>
    <w>day<mor type="mor"><mw><pos><c>n</c></pos><stem>day</stem></mw><gra type="gra" index="2" head="4" relation="JCT"/></mor></w>
    <w>Miffy<mor type="mor"><mw><pos><c>n</c><s>prop</s></pos><stem>Miffy</stem></mw><gra type="gra" index="3" head="4" relation="SUBJ"/></mor></w>
    <w>woke<mor type="mor"><mw><pos><c>v</c></pos><stem>wake</stem><mk type="sfxf">PAST</mk></mw><gra type="gra" index="4" head="0" relation="ROOT"/></mor></w>
    <w>up<mor type="mor"><mw><pos><c>adv</c></pos><stem>up</stem></mw><gra type="gra" index="5" head="4" relation="JCT"/></mor></w>
    <w>and<mor type="mor"><mw><pos><c>coord</c></pos><stem>and</stem></mw><gra type="gra" index="6" head="4" relation="CONJ"/></mor></w>
    <g><w>ran<mor type="mor"><mw><pos><c>v</c></pos><stem>run</stem><mk type="sfxf">PAST</mk></mw><gra type="gra" index="7" head="6" relation="COORD"/></mor></w><k type="stressing"/></g>
    <pause symbolic-length="simple"/>
    <w>to<mor type="mor"><mw><pos><c>prep</c></pos><stem>to</stem></mw><gra type="gra" index="8" head="7" relation="JCT"/></mor></w>
    <w>the<mor type="mor"><mw><pos><c>det</c><s>art</s></pos><stem>the</stem></mw><gra type="gra" index="9" head="8" relation="POBJ"/></mor></w>
    <t type="trail off"><mor type="mor"><mt type="trail off"/><gra type="gra" index="10" head="4" relation="PUNCT"/></mor></t>

  </u>
  <u who="CHI" uID="u13">
    <e><action/></e>
    <t type="p"></t>

    <a type="actions">takes pacifier out of Mandy's mouth holds pacifier in mouth</a>
    <a type="gesture">looks at Mandy smiles . looks in the distance , at book</a>
    <a type="paralinguistics">&lt;10w-11w&gt; spoken softly</a>
  </u>
  <u who="MOT" uID="u14">
    <w>where<mor type="mor"><mw><pos><c>pro</c><s>int</s></pos><stem>where</stem></mw><gra type="gra" index="1" head="2" relation="SUBJ"/></mor></w>
    <w>is<mor type="mor"><mw><pos><c>cop</c></pos><stem>be</stem><mk type="sfxf">3S</mk></mw><gra type="gra" index="2" head="0" relation="ROOT"/></mor></w>
    <w>she<mor type="mor"><mw><pos><c>pro</c><s>sub</s></pos><stem>she</stem></mw><gra type="gra" index="3" head="2" relation="PRED"/></mor></w>
    <t type="q"><mor type="mor"><mt type="q"/><gra type="gra" index="4" head="2" relation="PUNCT"/></mor></t>

    <a type="paralinguistics">&lt;1w&gt; spoken softly</a>
  </u>
  <u who="MOT" uID="u15">
    <w>where's<mor type="mor"><mw><pos><c>pro</c><s>int</s></pos><stem>where</stem></mw><gra type="gra" index="1" head="2" relation="SUBJ"/><mor-post><mw><pos><c>cop</c></pos><stem>be</stem><mk type="sfxf">3S</mk></mw><gra type="gra" index="2" head="0" relation="ROOT"/></mor-post></mor></w>
    <w>Miffy<mor type="mor"><mw><pos><c>n</c><s>prop</s></pos><stem>Miffy</stem></mw><gra type="gra" index="3" head="2" relation="PRED"/></mor></w>
    <t type="q"><mor type="mor"><mt type="q"/><gra type="gra" index="4" head="2" relation="PUNCT"/></mor></t>

  </u>
  <u who="MOT" uID="u16">
    <w>where<mor type="mor"><mw><pos><c>pro</c><s>int</s></pos><stem>where</stem></mw><gra type="gra" index="1" head="2" relation="SUBJ"/></mor></w>
    <g><w>is<mor type="mor"><mw><pos><c>cop</c></pos><stem>be</stem><mk type="sfxf">3S</mk></mw><gra type="gra" index="2" head="0" relation="ROOT"/></mor></w><k type="stressing"/></g>
    <w>this<mor type="mor"><mw><pos><c>det</c><s>dem</s></pos><stem>this</stem></mw><gra type="gra" index="3" head="2" relation="PRED"/></mor></w>
    <t type="q"><mor type="mor"><mt type="q"/><gra type="gra" index="4" head="2" relation="PUNCT"/></mor></t>

    <a type="actions">&lt;1w&gt; outlines with index finger on page</a>
  </u>
  <u who="MOT" uID="u17">
    <w>hm<p type="drawl"/><mor type="mor"><mw><pos><c>co</c></pos><stem>hm</stem></mw><gra type="gra" index="1" head="0" relation="INCROOT"/></mor></w>
    <t type="q"><mor type="mor"><mt type="q"/><gra type="gra" index="2" head="1" relation="PUNCT"/></mor></t>

    <a type="gesture">&lt;1w&gt; looks at book</a>
  </u>
  <u who="CHI" uID="u18">
    <w>a<mor type="mor"><mw><pos><c>det</c><s>art</s></pos><stem>a</stem></mw><gra type="gra" index="1" head="2" relation="DET"/></mor></w>
    <w>house<mor type="mor"><mw><pos><c>n</c></pos><stem>house</stem></mw><gra type="gra" index="2" head="0" relation="INCROOT"/></mor></w>
    <t type="p"><mor type="mor"><mt type="p"/><gra type="gra" index="3" head="2" relation="PUNCT"/></mor></t>

    <a type="gesture">&lt;bef&gt; points to book</a>
  </u>
  <u who="MOT" uID="u19">
    <w>mhm<mor type="mor"><mw><pos><c>co</c></pos><stem>mhm</stem></mw><menx>yes</menx><gra type="gra" index="1" head="0" relation="INCROOT"/></mor></w>
    <t type="p"><mor type="mor"><mt type="p"/><gra type="gra" index="2" head="1" relation="PUNCT"/></mor></t>

    <a type="gesture">looks at Mandy</a>
  </u>
  <u who="MOT" uID="u20">
    <w>she's<mor type="mor"><mw><pos><c>pro</c><s>sub</s></pos><stem>she</stem></mw><gra type="gra" index="1" head="3" relation="SUBJ"/><mor-post><mw><pos><c>aux</c></pos><stem>be</stem><mk type="sfxf">3S</mk></mw><gra type="gra" index="2" head="3" relation="AUX"/></mor-post></mor></w>
    <w>looking<mor type="mor"><mw><pos><c>part</c></pos><stem>look</stem><mk type="sfx">PRESP</mk></mw><gra type="gra" index="3" head="0" relation="ROOT"/></mor></w>
    <w>out<mor type="mor"><mw><pos><c>prep</c></pos><stem>out</stem></mw><gra type="gra" index="4" head="3" relation="JCT"/></mor></w>
    <w>the<mor type="mor"><mw><pos><c>det</c><s>art</s></pos><stem>the</stem></mw><gra type="gra" index="5" head="4" relation="POBJ"/></mor></w>
    <t type="trail off"><mor type="mor"><mt type="trail off"/><gra type="gra" index="6" head="3" relation="PUNCT"/></mor></t>

  </u>
  <u who="CHI" uID="u21">
    <w>window<mor type="mor"><mw><pos><c>n</c></pos><stem>window</stem></mw><gra type="gra" index="1" head="0" relation="INCROOT"/></mor></w>
    <t type="e"><mor type="mor"><mt type="e"/><gra type="gra" index="2" head="1" relation="PUNCT"/></mor></t>

    <a type="gesture">looks at book</a>
  </u>
  <u who="MOT" uID="u22">
    <w>uhhuh<mor type="mor"><mw><pos><c>co</c></pos><stem>uhhuh</stem></mw><gra type="gra" index="1" head="0" relation="INCROOT"/></mor></w>
    <t type="p"><mor type="mor"><mt type="p"/><gra type="gra" index="2" head="1" relation="PUNCT"/></mor></t>

  </u>
  <u who="MOT" uID="u23">
    <w>the<mor type="mor"><mw><pos><c>det</c><s>art</s></pos><stem>the</stem></mw><gra type="gra" index="1" head="2" relation="DET"/></mor></w>
    <w>sun<mor type="mor"><mw><pos><c>n</c></pos><stem>sun</stem></mw><gra type="gra" index="2" head="4" relation="SUBJ"/></mor></w>
    <w>was<mor type="mor"><mw><pos><c>aux</c></pos><stem>be</stem><mk type="sfxf">PAST</mk><mk type="sfxf">13S</mk></mw><gra type="gra" index="3" head="4" relation="AUX"/></mor></w>
    <w>shining<mor type="mor"><mw><pos><c>part</c></pos><stem>shine</stem><mk type="sfx">PRESP</mk></mw><gra type="gra" index="4" head="0" relation="ROOT"/></mor></w>
    <w>and<mor type="mor"><mw><pos><c>coord</c></pos><stem>and</stem></mw><gra type="gra" index="5" head="7" relation="LINK"/></mor></w>
    <g><w>everything<mor type="mor"><mw><pos><c>pro</c><s>indef</s></pos><stem>everything</stem></mw><gra type="gra" index="6" head="7" relation="SUBJ"/></mor></w><k type="stressing"/></g>
    <g><w>was<mor type="mor"><mw><pos><c>cop</c></pos><stem>be</stem><mk type="sfxf">PAST</mk><mk type="sfxf">13S</mk></mw><gra type="gra" index="7" head="4" relation="CJCT"/></mor></w><k type="stressing"/></g>
    <pause symbolic-length="simple"/>
    <g><w>white<mor type="mor"><mw><pos><c>adj</c></pos><stem>white</stem></mw><gra type="gra" index="8" head="7" relation="PRED"/></mor></w><k type="stressing"/></g>
    <pause symbolic-length="simple"/>
    <w>huh<mor type="mor"><mw><pos><c>co</c></pos><stem>huh</stem></mw><gra type="gra" index="9" head="7" relation="COM"/></mor></w>
    <t type="q"><mor type="mor"><mt type="q"/><gra type="gra" index="10" head="4" relation="PUNCT"/></mor></t>

    <a type="actions">&lt;1w&gt; leans close to Mandy . grabs page . &lt;1w&gt; turns page .</a>
  </u>
  <u who="MOT" uID="u24">
    <w>look<mor type="mor"><mw><pos><c>v</c></pos><stem>look</stem></mw><gra type="gra" index="1" head="0" relation="ROOT"/></mor></w>
    <w>at<mor type="mor"><mw><pos><c>prep</c></pos><stem>at</stem></mw><gra type="gra" index="2" head="1" relation="JCT"/></mor></w>
    <w>that<mor type="mor"><mw><pos><c>pro</c><s>dem</s></pos><stem>that</stem></mw><gra type="gra" index="3" head="2" relation="POBJ"/></mor></w>
    <t type="e"><mor type="mor"><mt type="e"/><gra type="gra" index="4" head="1" relation="PUNCT"/></mor></t>

    <a type="actions">&lt;1w&gt; outlines with index finger .</a>
  </u>
  <u who="MOT" uID="u25">
    <w>what's<mor type="mor"><mw><pos><c>pro</c><s>int</s></pos><stem>what</stem></mw><gra type="gra" index="1" head="2" relation="SUBJ"/><mor-post><mw><pos><c>cop</c></pos><stem>be</stem><mk type="sfxf">3S</mk></mw><gra type="gra" index="2" head="0" relation="ROOT"/></mor-post></mor></w>
    <w>that<mor type="mor"><mw><pos><c>pro</c><s>dem</s></pos><stem>that</stem></mw><gra type="gra" index="3" head="2" relation="PRED"/></mor></w>
    <t type="q"><mor type="mor"><mt type="q"/><gra type="gra" index="4" head="2" relation="PUNCT"/></mor></t>

    <a type="gesture">&lt;1w&gt; looks at book . looks at Mandy's hand , at book</a>
    <a type="actions">&lt;1w&gt; reorients slightly</a>
  </u>
  <u who="CHI" uID="u26">
    <w>book<mor type="mor"><mw><pos><c>n</c></pos><stem>book</stem></mw><gra type="gra" index="1" head="0" relation="INCROOT"/></mor></w>
    <t type="e"><mor type="mor"><mt type="e"/><gra type="gra" index="2" head="1" relation="PUNCT"/></mor></t>

    <a type="actions">&lt;1w&gt; reorients slightly on Mother's lap</a>
    <a type="gesture">&lt;1w&gt; looks at page .</a>
  </u>
  <u who="CHI" uID="u27">
    <w>and<mor type="mor"><mw><pos><c>coord</c></pos><stem>and</stem></mw><gra type="gra" index="1" head="3" relation="LINK"/></mor></w>
    <pause symbolic-length="simple"/>
    <w>Miffy's<mor type="mor"><mw><pos><c>adj</c></pos><stem>Miffy</stem><mk type="sfxf">dn</mk><mk type="sfx">POSS</mk></mw><gra type="gra" index="2" head="3" relation="MOD"/></mor></w>
    <w>house<mor type="mor"><mw><pos><c>n</c></pos><stem>house</stem></mw><gra type="gra" index="3" head="0" relation="INCROOT"/></mor></w>
    <t type="p"><mor type="mor"><mt type="p"/><gra type="gra" index="4" head="3" relation="PUNCT"/></mor></t>

    <a type="gesture">&lt;1w&gt; points to page . smiles . &lt;1w&gt; nods</a>
  </u>
  <u who="MOT" uID="u28">
    <w>uhhuh<mor type="mor"><mw><pos><c>co</c></pos><stem>uhhuh</stem></mw><gra type="gra" index="1" head="0" relation="INCROOT"/></mor></w>
    <t type="p"><mor type="mor"><mt type="p"/><gra type="gra" index="2" head="1" relation="PUNCT"/></mor></t>

    <a type="explanation">Investigator moves again</a>
  </u>
  <u who="MOT" uID="u29">
    <w>Miffy's<mor type="mor"><mw><pos><c>adj</c></pos><stem>Miffy</stem><mk type="sfxf">dn</mk><mk type="sfx">POSS</mk></mw><gra type="gra" index="1" head="2" relation="MOD"/></mor></w>
    <w>house<mor type="mor"><mw><pos><c>n</c></pos><stem>house</stem></mw><gra type="gra" index="2" head="0" relation="INCROOT"/></mor></w>
    <t type="q"><mor type="mor"><mt type="q"/><gra type="gra" index="3" head="2" relation="PUNCT"/></mor></t>

  </u>
  <u who="MOT" uID="u30">
    <linker type="quoted utterance next"/>
    <w>crisp<mor type="mor"><mw><pos><c>adj</c></pos><stem>crisp</stem></mw><gra type="gra" index="1" head="2" relation="MOD"/></mor></w>
    <w>snow<mor type="mor"><mw><pos><c>n</c></pos><stem>snow</stem></mw><gra type="gra" index="2" head="0" relation="INCROOT"/></mor></w>
    <w>lay<mor type="mor"><mw><pos><c>adj</c></pos><stem>lay</stem></mw><gra type="gra" index="3" head="2" relation="POSTMOD"/></mor></w>
    <w>on<mor type="mor"><mw><pos><c>prep</c></pos><stem>on</stem></mw><gra type="gra" index="4" head="3" relation="JCT"/></mor></w>
    <w>the<mor type="mor"><mw><pos><c>det</c><s>art</s></pos><stem>the</stem></mw><gra type="gra" index="5" head="6" relation="DET"/></mor></w>
    <w>ground<mor type="mor"><mw><pos><c>n</c></pos><stem>ground</stem></mw><gra type="gra" index="6" head="4" relation="POBJ"/></mor></w>
    <w>and<mor type="mor"><mw><pos><c>coord</c></pos><stem>and</stem></mw><gra type="gra" index="7" head="2" relation="CONJ"/></mor></w>
    <w>covered<mor type="mor"><mw><pos><c>v</c></pos><stem>cover</stem><mk type="sfx">PAST</mk></mw><gra type="gra" index="8" head="7" relation="COORD"/></mor></w>
    <w>the<mor type="mor"><mw><pos><c>det</c><s>art</s></pos><stem>the</stem></mw><gra type="gra" index="9" head="11" relation="DET"/></mor></w>
    <w>red<mor type="mor"><mw><pos><c>n</c></pos><stem>red</stem></mw><gra type="gra" index="10" head="11" relation="MOD"/></mor></w>
    <w>roofs<mor type="mor"><mw><pos><c>n</c></pos><stem>roof</stem><mk type="sfx">PL</mk></mw><gra type="gra" index="11" head="8" relation="OBJ"/></mor></w>
    <t type="p"><mor type="mor"><mt type="p"/><gra type="gra" index="12" head="2" relation="PUNCT"/></mor></t>

    <a type="actions">&lt;1w&gt; holds Mandy close on lap</a>
    <a type="gesture">&lt;1w&gt; smiles at Mandy</a>
  </u>
  <u who="MOT" uID="u31">
    <linker type="quoted utterance next"/>
    <w>wrap<mor type="mor"><mw><pos><c>v</c></pos><stem>wrap</stem></mw><gra type="gra" index="1" head="0" relation="ROOT"/></mor></w>
    <w>up<mor type="mor"><mw><pos><c>adv</c></pos><stem>up</stem></mw><gra type="gra" index="2" head="1" relation="JCT"/></mor></w>
    <w>warmly<mor type="mor"><mw><pos><c>adv</c></pos><stem>warm</stem><mk type="sfxf">dadj</mk><mk type="sfx">LY</mk></mw><gra type="gra" index="3" head="1" relation="JCT"/></mor></w>
    <t type="p"><mor type="mor"><mt type="p"/><gra type="gra" index="4" head="1" relation="PUNCT"/></mor></t>

  </u>
  <u who="MOT" uID="u32">
    <w>said<mor type="mor"><mw><pos><c>v</c></pos><stem>say</stem><mk type="sfxf">PAST</mk></mw><gra type="gra" index="1" head="0" relation="ROOT"/></mor></w>
    <w>Missus_Rabbit<mor type="mor"><mw><pos><c>n</c><s>prop</s></pos><stem>Missus_Rabbit</stem></mw><gra type="gra" index="2" head="1" relation="SUBJ"/></mor></w>
    <t type="quotation precedes"><mor type="mor"><mt type="quotation precedes"/><gra type="gra" index="3" head="1" relation="PUNCT"/></mor></t>

  </u>
  <u who="MOT" uID="u33">
    <linker type="quoted utterance next"/>
    <w>and<mor type="mor"><mw><pos><c>coord</c></pos><stem>and</stem></mw><gra type="gra" index="1" head="4" relation="LINK"/></mor></w>
    <w>then<mor type="mor"><mw><pos><c>adv</c><s>tem</s></pos><stem>then</stem></mw><gra type="gra" index="2" head="4" relation="JCT"/></mor></w>
    <w>you<mor type="mor"><mw><pos><c>pro</c><s>per</s></pos><stem>you</stem></mw><gra type="gra" index="3" head="4" relation="SUBJ"/></mor></w>
    <w>can<mor type="mor"><mw><pos><c>mod</c></pos><stem>can</stem></mw><gra type="gra" index="4" head="0" relation="ROOT"/></mor></w>
    <t type="trail off"><mor type="mor"><mt type="trail off"/><gra type="gra" index="5" head="4" relation="PUNCT"/></mor></t>

  </u>
  <u who="CHI" uID="u34">
    <w>open<mor type="mor"><mw><pos><c>v</c></pos><stem>open</stem></mw><gra type="gra" index="1" head="0" relation="ROOT"/></mor></w>
    <w>the<mor type="mor"><mw><pos><c>det</c><s>art</s></pos><stem>the</stem></mw><gra type="gra" index="2" head="3" relation="DET"/></mor></w>
    <w>door<mor type="mor"><mw><pos><c>n</c></pos><stem>door</stem></mw><gra type="gra" index="3" head="1" relation="OBJ"/></mor></w>
    <t type="p"><mor type="mor"><mt type="p"/><gra type="gra" index="4" head="1" relation="PUNCT"/></mor></t>

    <a type="gesture">&lt;aft&gt; looks at book</a>
  </u>
  <u who="MOT" uID="u35">
    <w>open<mor type="mor"><mw><pos><c>v</c></pos><stem>open</stem></mw><gra type="gra" index="1" head="0" relation="ROOT"/></mor></w>
    <w>the<mor type="mor"><mw><pos><c>det</c><s>art</s></pos><stem>the</stem></mw><gra type="gra" index="2" head="3" relation="DET"/></mor></w>
    <w>door<mor type="mor"><mw><pos><c>n</c></pos><stem>door</stem></mw><gra type="gra" index="3" head="1" relation="OBJ"/></mor></w>
    <w>and<mor type="mor"><mw><pos><c>coord</c></pos><stem>and</stem></mw><gra type="gra" index="4" head="1" relation="CONJ"/></mor></w>
    <w>go<mor type="mor"><mw><pos><c>v</c></pos><stem>go</stem></mw><gra type="gra" index="5" head="4" relation="COORD"/></mor></w>
    <t type="trail off"><mor type="mor"><mt type="trail off"/><gra type="gra" index="6" head="1" relation="PUNCT"/></mor></t>

    <a type="gesture">glances at book . smiles at Mandy</a>
  </u>
  <u who="CHI" uID="u36">
    <w>inside<mor type="mor"><mw><pos><c>adj</c></pos><stem>inside</stem></mw><gra type="gra" index="1" head="0" relation="INCROOT"/></mor></w>
    <t type="p"><mor type="mor"><mt type="p"/><gra type="gra" index="2" head="1" relation="PUNCT"/></mor></t>

    <a type="gesture">points with finger to book . smiles</a>
  </u>
  <u who="MOT" uID="u37">
    <w>if<mor type="mor"><mw><pos><c>conj</c></pos><stem>if</stem></mw><gra type="gra" index="1" head="3" relation="LINK"/></mor></w>
    <w>you<mor type="mor"><mw><pos><c>pro</c><s>per</s></pos><stem>you</stem></mw><gra type="gra" index="2" head="3" relation="SUBJ"/></mor></w>
    <w>get<mor type="mor"><mw><pos><c>v</c></pos><stem>get</stem></mw><gra type="gra" index="3" head="0" relation="ROOT"/></mor></w>
    <w>all<mor type="mor"><mw><pos><c>adv</c></pos><stem>all</stem></mw><gra type="gra" index="4" head="5" relation="JCT"/></mor></w>
    <w>warm<mor type="mor"><mw><pos><c>adj</c></pos><stem>warm</stem></mw><gra type="gra" index="5" head="3" relation="PRED"/></mor></w>
    <w>and<mor type="mor"><mw><pos><c>coord</c></pos><stem>and</stem></mw><gra type="gra" index="6" head="3" relation="CONJ"/></mor></w>
    <w>wrapped<mor type="mor"><mw><pos><c>v</c></pos><stem>wrap</stem><mk type="sfx">PAST</mk></mw><gra type="gra" index="7" head="6" relation="COORD"/></mor></w>
    <w>up<mor type="mor"><mw><pos><c>adv</c></pos><stem>up</stem></mw><gra type="gra" index="8" head="7" relation="JCT"/></mor></w>
    <w>you<mor type="mor"><mw><pos><c>pro</c><s>per</s></pos><stem>you</stem></mw><gra type="gra" index="9" head="11" relation="SUBJ"/></mor></w>
    <w>can<mor type="mor"><mw><pos><c>mod</c></pos><stem>can</stem></mw><gra type="gra" index="10" head="11" relation="AUX"/></mor></w>
    <w>go<mor type="mor"><mw><pos><c>v</c></pos><stem>go</stem></mw><gra type="gra" index="11" head="7" relation="COMP"/></mor></w>
    <w>play<mor type="mor"><mw><pos><c>n</c></pos><stem>play</stem></mw><gra type="gra" index="12" head="11" relation="OBJ"/></mor></w>
    <t type="p"><mor type="mor"><mt type="p"/><gra type="gra" index="13" head="3" relation="PUNCT"/></mor></t>

    <a type="gesture">smiles at Mandy</a>
    <a type="actions">jiggles and squeezes Mandy</a>
  </u>
  <u who="MOT" uID="u38">
    <pause symbolic-length="simple"/>
    <w>where<mor type="mor"><mw><pos><c>pro</c><s>int</s></pos><stem>where</stem></mw><gra type="gra" index="1" head="2" relation="SUBJ"/></mor></w>
    <g><w>is<mor type="mor"><mw><pos><c>cop</c></pos><stem>be</stem><mk type="sfxf">3S</mk></mw><gra type="gra" index="2" head="0" relation="ROOT"/></mor></w><k type="stressing"/></g>
    <w>Miffy<mor type="mor"><mw><pos><c>n</c><s>prop</s></pos><stem>Miffy</stem></mw><gra type="gra" index="3" head="2" relation="PRED"/></mor></w>
    <t type="q"><mor type="mor"><mt type="q"/><gra type="gra" index="4" head="2" relation="PUNCT"/></mor></t>

    <a type="actions">&lt;1w&gt; turns page</a>
  </u>
  <u who="CHI" uID="u39">
    <w untranscribed="unintelligible">xxx</w>
    <t type="e"></t>

    <a type="gesture">&lt;bef&gt; gestures toward book . &lt;dur&gt; smiles at book . &lt;aft&gt; looks at book</a>
    <a type="alternative">home</a>
  </u>
  <u who="MOT" uID="u40">
    <g><w>there's<mor type="mor"><mw><pos><c>pro</c><s>exist</s></pos><stem>there</stem></mw><gra type="gra" index="1" head="2" relation="SUBJ"/><mor-post><mw><pos><c>cop</c></pos><stem>be</stem><mk type="sfxf">3S</mk></mw><gra type="gra" index="2" head="0" relation="ROOT"/></mor-post></mor></w><k type="stressing"/></g>
    <w>Miffy<mor type="mor"><mw><pos><c>n</c><s>prop</s></pos><stem>Miffy</stem></mw><gra type="gra" index="3" head="2" relation="PRED"/></mor></w>
    <t type="e"><mor type="mor"><mt type="e"/><gra type="gra" index="4" head="2" relation="PUNCT"/></mor></t>

    <a type="gesture">&lt;1w&gt; looks at book .</a>
  </u>
  <u who="MOT" uID="u41">
    <w>she<mor type="mor"><mw><pos><c>pro</c><s>sub</s></pos><stem>she</stem></mw><gra type="gra" index="1" head="2" relation="SUBJ"/></mor></w>
    <w>put<mor type="mor"><mw><pos><c>v</c></pos><stem>put</stem><mk type="sfxf">ZERO</mk></mw><gra type="gra" index="2" head="0" relation="ROOT"/></mor></w>
    <w>on<mor type="mor"><mw><pos><c>prep</c></pos><stem>on</stem></mw><gra type="gra" index="3" head="2" relation="JCT"/></mor></w>
    <w>her<mor type="mor"><mw><pos><c>det</c><s>poss</s></pos><stem>her</stem></mw><gra type="gra" index="4" head="6" relation="DET"/></mor></w>
    <w>red<mor type="mor"><mw><pos><c>adj</c></pos><stem>red</stem></mw><gra type="gra" index="5" head="6" relation="MOD"/></mor></w>
    <w>cap<mor type="mor"><mw><pos><c>n</c></pos><stem>cap</stem></mw><gra type="gra" index="6" head="3" relation="POBJ"/></mor></w>
    <w>and<mor type="mor"><mw><pos><c>coord</c></pos><stem>and</stem></mw><gra type="gra" index="7" head="6" relation="CONJ"/></mor></w>
    <w>her<mor type="mor"><mw><pos><c>det</c><s>poss</s></pos><stem>her</stem></mw><gra type="gra" index="8" head="9" relation="DET"/></mor></w>
    <w>scarf<mor type="mor"><mw><pos><c>n</c></pos><stem>scarf</stem></mw><gra type="gra" index="9" head="7" relation="COORD"/></mor></w>
    <w>and<mor type="mor"><mw><pos><c>coord</c></pos><stem>and</stem></mw><gra type="gra" index="10" head="6" relation="CONJ"/></mor></w>
    <w>her<mor type="mor"><mw><pos><c>det</c><s>poss</s></pos><stem>her</stem></mw><gra type="gra" index="11" head="12" relation="DET"/></mor></w>
    <w>mittens<mor type="mor"><mw><pos><c>n</c></pos><stem>mitten</stem><mk type="sfx">PL</mk></mw><gra type="gra" index="12" head="10" relation="COORD"/></mor></w>
    <w>and<mor type="mor"><mw><pos><c>coord</c></pos><stem>and</stem></mw><gra type="gra" index="13" head="6" relation="CONJ"/></mor></w>
    <w>her<mor type="mor"><mw><pos><c>det</c><s>poss</s></pos><stem>her</stem></mw><gra type="gra" index="14" head="16" relation="DET"/></mor></w>
    <w>warm<mor type="mor"><mw><pos><c>adj</c></pos><stem>warm</stem></mw><gra type="gra" index="15" head="16" relation="MOD"/></mor></w>
    <pause symbolic-length="simple"/>
    <w>red<mor type="mor"><mw><pos><c>n</c></pos><stem>red</stem></mw><gra type="gra" index="16" head="13" relation="COORD"/></mor></w>
    <t type="trail off"><mor type="mor"><mt type="trail off"/><gra type="gra" index="17" head="2" relation="PUNCT"/></mor></t>

    <a type="actions">&lt;1w&gt; outlines with finger</a>
    <a type="gesture">&lt;1w&gt; points to page</a>
  </u>
  <u who="CHI" uID="u42">
    <w>mittens<mor type="mor"><mw><pos><c>n</c></pos><stem>mitten</stem><mk type="sfx">PL</mk></mw><gra type="gra" index="1" head="0" relation="INCROOT"/></mor></w>
    <t type="p"><mor type="mor"><mt type="p"/><gra type="gra" index="2" head="1" relation="PUNCT"/></mor></t>

    <a type="gesture">looks at book</a>
  </u>
  <u who="MOT" uID="u43">
    <w>uhhuh<mor type="mor"><mw><pos><c>co</c></pos><stem>uhhuh</stem></mw><gra type="gra" index="1" head="0" relation="INCROOT"/></mor></w>
    <t type="p"><mor type="mor"><mt type="p"/><gra type="gra" index="2" head="1" relation="PUNCT"/></mor></t>

    <a type="gesture">&lt;1w&gt; points to page .</a>
  </u>
  <u who="MOT" uID="u44">
    <w>these<mor type="mor"><mw><pos><c>pro</c><s>dem</s></pos><stem>these</stem></mw><gra type="gra" index="1" head="2" relation="SUBJ"/></mor></w>
    <w>are<mor type="mor"><mw><pos><c>cop</c></pos><stem>be</stem><mk type="sfxf">PRES</mk></mw><gra type="gra" index="2" head="0" relation="ROOT"/></mor></w>
    <w>boots<mor type="mor"><mw><pos><c>n</c></pos><stem>boot</stem><mk type="sfx">PL</mk></mw><gra type="gra" index="3" head="2" relation="PRED"/></mor></w>
    <t type="q"><mor type="mor"><mt type="q"/><gra type="gra" index="4" head="2" relation="PUNCT"/></mor></t>

    <a type="gesture">&lt;1w-3w&gt; points to page .</a>
  </u>
  <u who="MOT" uID="u45">
    <w>and<mor type="mor"><mw><pos><c>coord</c></pos><stem>and</stem></mw><gra type="gra" index="1" head="3" relation="LINK"/></mor></w>
    <w>she<mor type="mor"><mw><pos><c>pro</c><s>sub</s></pos><stem>she</stem></mw><gra type="gra" index="2" head="3" relation="SUBJ"/></mor></w>
    <g><w>ran<mor type="mor"><mw><pos><c>v</c></pos><stem>run</stem><mk type="sfxf">PAST</mk></mw><gra type="gra" index="3" head="0" relation="ROOT"/></mor></w><k type="stressing"/></g>
    <g><w>into<mor type="mor"><mw><pos><c>prep</c></pos><stem>into</stem></mw><gra type="gra" index="4" head="3" relation="JCT"/></mor></w><k type="stressing"/></g>
    <g><w>the<mor type="mor"><mw><pos><c>det</c><s>art</s></pos><stem>the</stem></mw><gra type="gra" index="5" head="4" relation="POBJ"/></mor></w><k type="stressing"/></g>
    <t type="trail off"><mor type="mor"><mt type="trail off"/><gra type="gra" index="6" head="3" relation="PUNCT"/></mor></t>

    <a type="actions">&lt;1w&gt; grabs page . holds out page</a>
    <a type="gesture">&lt;1w&gt; looks at Mandy</a>
  </u>
  <u who="CHI" uID="u46">
    <w>snow<mor type="mor"><mw><pos><c>n</c></pos><stem>snow</stem></mw><gra type="gra" index="1" head="0" relation="INCROOT"/></mor></w>
    <t type="e"><mor type="mor"><mt type="e"/><gra type="gra" index="2" head="1" relation="PUNCT"/></mor></t>

    <a type="gesture">looks at book</a>
    <a type="actions">&lt;aft&gt; has pacifier in mouth</a>
  </u>
  <u who="MOT" uID="u47">
    <w>uhhuh<mor type="mor"><mw><pos><c>co</c></pos><stem>uhhuh</stem></mw><gra type="gra" index="1" head="0" relation="INCROOT"/></mor></w>
    <t type="e"><mor type="mor"><mt type="e"/><gra type="gra" index="2" head="1" relation="PUNCT"/></mor></t>

    <a type="paralinguistics">&lt;1w&gt; turns page</a>
  </u>
  <u who="MOT" uID="u48">
    <w formType="onomatopoeia">whoosh<mor type="mor"><mw><pos><c>on</c></pos><stem>whoosh</stem></mw><gra type="gra" index="1" head="6" relation="LINK"/></mor></w>
    <w>down<mor type="mor"><mw><pos><c>prep</c></pos><stem>down</stem></mw><gra type="gra" index="2" head="1" relation="JCT"/></mor></w>
    <w>the<mor type="mor"><mw><pos><c>det</c><s>art</s></pos><stem>the</stem></mw><gra type="gra" index="3" head="4" relation="DET"/></mor></w>
    <w>hill<mor type="mor"><mw><pos><c>n</c></pos><stem>hill</stem></mw><gra type="gra" index="4" head="2" relation="POBJ"/></mor></w>
    <w>Miffy<mor type="mor"><mw><pos><c>n</c><s>prop</s></pos><stem>Miffy</stem></mw><gra type="gra" index="5" head="6" relation="SUBJ"/></mor></w>
    <w>went<mor type="mor"><mw><pos><c>v</c></pos><stem>go</stem><mk type="sfxf">PAST</mk></mw><gra type="gra" index="6" head="0" relation="ROOT"/></mor></w>
    <t type="p"><mor type="mor"><mt type="p"/><gra type="gra" index="7" head="6" relation="PUNCT"/></mor></t>

  </u>
  <u who="MOT" uID="u49">
    <w>what's<mor type="mor"><mw><pos><c>pro</c><s>int</s></pos><stem>what</stem></mw><gra type="gra" index="1" head="2" relation="SUBJ"/><mor-post><mw><pos><c>cop</c></pos><stem>be</stem><mk type="sfxf">3S</mk></mw><gra type="gra" index="2" head="0" relation="ROOT"/></mor-post></mor></w>
    <w>this<mor type="mor"><mw><pos><c>pro</c><s>dem</s></pos><stem>this</stem></mw><gra type="gra" index="3" head="2" relation="PRED"/></mor></w>
    <t type="q"><mor type="mor"><mt type="q"/><gra type="gra" index="4" head="2" relation="PUNCT"/></mor></t>

    <a type="gesture">&lt;1w&gt; points to page</a>
  </u>
  <u who="CHI" uID="u50">
    <w>sleigh<mor type="mor"><mw><pos><c>n</c></pos><stem>sleigh</stem></mw><gra type="gra" index="1" head="0" relation="INCROOT"/></mor></w>
    <t type="p"><mor type="mor"><mt type="p"/><gra type="gra" index="2" head="1" relation="PUNCT"/></mor></t>

    <a type="gesture">looks at book</a>
  </u>
  <u who="MOT" uID="u51">
    <w>what's<mor type="mor"><mw><pos><c>pro</c><s>int</s></pos><stem>what</stem></mw><gra type="gra" index="1" head="2" relation="SUBJ"/><mor-post><mw><pos><c>cop</c></pos><stem>be</stem><mk type="sfxf">3S</mk></mw><gra type="gra" index="2" head="0" relation="ROOT"/></mor-post></mor></w>
    <w>she<mor type="mor"><mw><pos><c>pro</c><s>sub</s></pos><stem>she</stem></mw><gra type="gra" index="3" head="2" relation="PRED"/></mor></w>
    <g><w>doing<mor type="mor"><mw><pos><c>part</c></pos><stem>do</stem><mk type="sfx">PRESP</mk></mw><gra type="gra" index="4" head="3" relation="OM"/></mor></w><k type="stressing"/></g>
    <t type="q"><mor type="mor"><mt type="q"/><gra type="gra" index="5" head="2" relation="PUNCT"/></mor></t>

    <a type="gesture">looks at Mandy</a>
    <a type="actions">rocks Mandy</a>
  </u>
  <u who="MOT" uID="u52">
    <w>huh<mor type="mor"><mw><pos><c>co</c></pos><stem>huh</stem></mw><gra type="gra" index="1" head="0" relation="INCROOT"/></mor></w>
    <t type="q"><mor type="mor"><mt type="q"/><gra type="gra" index="2" head="1" relation="PUNCT"/></mor></t>

  </u>
  <u who="MOT" uID="u53">
    <w>is<mor type="mor"><mw><pos><c>cop</c></pos><stem>be</stem><mk type="sfxf">3S</mk></mw><gra type="gra" index="1" head="0" relation="ROOT"/></mor></w>
    <w>she<mor type="mor"><mw><pos><c>pro</c><s>sub</s></pos><stem>she</stem></mw><gra type="gra" index="2" head="1" relation="PRED"/></mor></w>
    <w>sledding<mor type="mor"><mw><pos><c>part</c></pos><stem>sled</stem><mk type="sfx">PRESP</mk></mw><gra type="gra" index="3" head="2" relation="XMOD"/></mor></w>
    <w>in<mor type="mor"><mw><pos><c>prep</c></pos><stem>in</stem></mw><gra type="gra" index="4" head="3" relation="JCT"/></mor></w>
    <w>the<mor type="mor"><mw><pos><c>det</c><s>art</s></pos><stem>the</stem></mw><gra type="gra" index="5" head="6" relation="DET"/></mor></w>
    <w>snow<mor type="mor"><mw><pos><c>n</c></pos><stem>snow</stem></mw><gra type="gra" index="6" head="4" relation="POBJ"/></mor></w>
    <t type="q"><mor type="mor"><mt type="q"/><gra type="gra" index="7" head="1" relation="PUNCT"/></mor></t>

  </u>
  <u who="CHI" uID="u54">
    <w>uhhuh<mor type="mor"><mw><pos><c>co</c></pos><stem>uhhuh</stem></mw><gra type="gra" index="1" head="0" relation="INCROOT"/></mor></w>
    <t type="p"><mor type="mor"><mt type="p"/><gra type="gra" index="2" head="1" relation="PUNCT"/></mor></t>

    <a type="actions">&lt;aft&gt; squirms</a>
    <a type="gesture">&lt;aft&gt; looks away</a>
  </u>
  <u who="MOT" uID="u55">
    <w formType="onomatopoeia">whoosh<mor type="mor"><mw><pos><c>on</c></pos><stem>whoosh</stem></mw><gra type="gra" index="1" head="0" relation="INCROOT"/></mor></w>
    <t type="e"><mor type="mor"><mt type="e"/><gra type="gra" index="2" head="1" relation="PUNCT"/></mor></t>

    <a type="gesture">looks at book when Mandy looks at book</a>
  </u>
  <u who="MOT" uID="u56">
    <w>off<mor type="mor"><mw><pos><c>adv</c></pos><stem>off</stem></mw><gra type="gra" index="1" head="3" relation="JCT"/></mor></w>
    <w>she<mor type="mor"><mw><pos><c>pro</c><s>sub</s></pos><stem>she</stem></mw><gra type="gra" index="2" head="3" relation="SUBJ"/></mor></w>
    <w>tumbled<mor type="mor"><mw><pos><c>v</c></pos><stem>tumble</stem><mk type="sfx">PAST</mk></mw><gra type="gra" index="3" head="0" relation="ROOT"/></mor></w>
    <t type="p"><mor type="mor"><mt type="p"/><gra type="gra" index="4" head="3" relation="PUNCT"/></mor></t>

  </u>
  <u who="MOT" uID="u57">
    <w>but<mor type="mor"><mw><pos><c>conj</c></pos><stem>but</stem></mw><gra type="gra" index="1" head="5" relation="LINK"/></mor></w>
    <w>she<mor type="mor"><mw><pos><c>pro</c><s>sub</s></pos><stem>she</stem></mw><gra type="gra" index="2" head="5" relation="SUBJ"/></mor></w>
    <w>didn't<mor type="mor"><mw><pos><c>mod</c></pos><stem>do</stem><mk type="sfxf">PAST</mk></mw><gra type="gra" index="3" head="5" relation="AUX"/><mor-post><mw><pos><c>neg</c></pos><stem>not</stem></mw><gra type="gra" index="4" head="3" relation="NEG"/></mor-post></mor></w>
    <w>mind<mor type="mor"><mw><pos><c>v</c></pos><stem>mind</stem></mw><gra type="gra" index="5" head="0" relation="ROOT"/></mor></w>
    <t type="p"><mor type="mor"><mt type="p"/><gra type="gra" index="6" head="5" relation="PUNCT"/></mor></t>

    <a type="actions">&lt;1w&gt; turns page . fiddles with glued page</a>
  </u>
  <u who="CHI" uID="u58">
    <e><action/></e>
    <t type="p"></t>

    <a type="actions">squirms . changes position</a>
    <a type="gesture">looks away , at book , away</a>
  </u>
  <u who="MOT" uID="u59">
    <w>she<mor type="mor"><mw><pos><c>pro</c><s>sub</s></pos><stem>she</stem></mw><gra type="gra" index="1" head="2" relation="SUBJ"/></mor></w>
    <w>made<mor type="mor"><mw><pos><c>v</c></pos><stem>make</stem><mk type="sfxf">PAST</mk></mw><gra type="gra" index="2" head="0" relation="ROOT"/></mor></w>
    <w>a<mor type="mor"><mw><pos><c>det</c><s>art</s></pos><stem>a</stem></mw><gra type="gra" index="3" head="4" relation="DET"/></mor></w>
    <w>snowman<mor type="mor"><mwc><pos><c>n</c></pos><mw><pos><c>n</c></pos><stem>snow</stem></mw><mw><pos><c>n</c></pos><stem>man</stem></mw></mwc><gra type="gra" index="4" head="2" relation="OBJ"/></mor></w>
    <t type="e"><mor type="mor"><mt type="e"/><gra type="gra" index="5" head="2" relation="PUNCT"/></mor></t>

    <a type="gesture">&lt;1w&gt; looks at Mandy .</a>
  </u>
  <u who="MOT" uID="u60">
    <w>look<mor type="mor"><mw><pos><c>v</c></pos><stem>look</stem></mw><gra type="gra" index="1" head="0" relation="ROOT"/></mor></w>
    <pause symbolic-length="simple"/>
    <w>Bets<shortening>y</shortening><mor type="mor"><mw><pos><c>n</c><s>prop</s></pos><stem>Betsy</stem></mw><gra type="gra" index="2" head="1" relation="OBJ"/></mor></w>
    <t type="e"><mor type="mor"><mt type="e"/><gra type="gra" index="3" head="1" relation="PUNCT"/></mor></t>

    <a type="actions">&lt;1w&gt; holds Mandy closer</a>
    <a type="gesture">&lt;1w&gt; looks at book .</a>
  </u>
  <u who="MOT" uID="u61">
    <w>hm<p type="drawl"/><mor type="mor"><mw><pos><c>co</c></pos><stem>hm</stem></mw><gra type="gra" index="1" head="0" relation="INCROOT"/></mor></w>
    <t type="q"><mor type="mor"><mt type="q"/><gra type="gra" index="2" head="1" relation="PUNCT"/></mor></t>

    <a type="gesture">&lt;1w&gt; looks at Mandy</a>
  </u>
  <u who="CHI" uID="u62">
    <w untranscribed="unintelligible-with-pho">yyy</w>
    <w>cover<mor type="mor"><mw><pos><c>v</c></pos><stem>cover</stem></mw><gra type="gra" index="1" head="0" relation="ROOT"/></mor></w>
    <w>his<mor type="mor"><mw><pos><c>det</c><s>poss</s></pos><stem>his</stem></mw><gra type="gra" index="2" head="3" relation="DET"/></mor></w>
    <w>nose<mor type="mor"><mw><pos><c>n</c></pos><stem>nose</stem></mw><gra type="gra" index="3" head="1" relation="OBJ"/></mor></w>
    <w>up<mor type="mor"><mw><pos><c>adv</c></pos><stem>up</stem></mw><gra type="gra" index="4" head="1" relation="JCT"/></mor></w>
    <t type="p"><mor type="mor"><mt type="p"/><gra type="gra" index="5" head="1" relation="PUNCT"/></mor></t>

    <a type="actions">&lt;bef&gt; turns toward book . &lt;aft&gt; holds pacifier in mouth</a>
    <a type="gesture">&lt;aft&gt; looks away</a>
    <a type="extension" flavor="pho">mi k6v3r hIz noz 6p</a>
    <a type="alternative">Miffy cover his nose up</a>
  </u>
  <u who="MOT" uID="u63">
    <w>covered<mor type="mor"><mw><pos><c>v</c></pos><stem>cover</stem><mk type="sfx">PAST</mk></mw><gra type="gra" index="1" head="0" relation="ROOT"/></mor></w>
    <w>his<mor type="mor"><mw><pos><c>det</c><s>poss</s></pos><stem>his</stem></mw><gra type="gra" index="2" head="3" relation="DET"/></mor></w>
    <w>nose<mor type="mor"><mw><pos><c>n</c></pos><stem>nose</stem></mw><gra type="gra" index="3" head="1" relation="OBJ"/></mor></w>
    <w>up<mor type="mor"><mw><pos><c>adv</c></pos><stem>up</stem></mw><gra type="gra" index="4" head="1" relation="JCT"/></mor></w>
    <w>with<mor type="mor"><mw><pos><c>prep</c></pos><stem>with</stem></mw><gra type="gra" index="5" head="1" relation="JCT"/></mor></w>
    <g><w>what<mor type="mor"><mw><pos><c>pro</c><s>int</s></pos><stem>what</stem></mw><gra type="gra" index="6" head="5" relation="POBJ"/></mor></w><k type="stressing"/></g>
    <t type="q"><mor type="mor"><mt type="q"/><gra type="gra" index="7" head="1" relation="PUNCT"/></mor></t>

    <a type="actions">&lt;bef&gt; attempts to take pacifier out of Mandy's mouth</a>
    <a type="paralinguistics">speaks in a teasing tone in a higher pitch</a>
  </u>
  <u who="CHI" uID="u64">
    <w>with<mor type="mor"><mw><pos><c>prep</c></pos><stem>with</stem></mw><gra type="gra" index="1" head="0" relation="INCROOT"/></mor></w>
    <w>a<mor type="mor"><mw><pos><c>det</c><s>art</s></pos><stem>a</stem></mw><gra type="gra" index="2" head="3" relation="DET"/></mor></w>
    <w>carrot<mor type="mor"><mw><pos><c>n</c></pos><stem>carrot</stem></mw><gra type="gra" index="3" head="1" relation="POBJ"/></mor></w>
    <t type="p"><mor type="mor"><mt type="p"/><gra type="gra" index="4" head="1" relation="PUNCT"/></mor></t>

    <a type="actions">rolls off Mother's lap</a>
    <a type="gesture">smiles</a>
  </u>
  <u who="MOT" uID="u65">
    <w>with<mor type="mor"><mw><pos><c>prep</c></pos><stem>with</stem></mw><gra type="gra" index="1" head="0" relation="INCROOT"/></mor></w>
    <w>a<mor type="mor"><mw><pos><c>det</c><s>art</s></pos><stem>a</stem></mw><gra type="gra" index="2" head="3" relation="DET"/></mor></w>
    <w>carrot<mor type="mor"><mw><pos><c>n</c></pos><stem>carrot</stem></mw><gra type="gra" index="3" head="1" relation="POBJ"/></mor></w>
    <t type="e"><mor type="mor"><mt type="e"/><gra type="gra" index="4" head="1" relation="PUNCT"/></mor></t>

    <a type="gesture">glances at Mandy</a>
    <a type="paralinguistics">&lt;1w&gt; laughs .</a>
  </u>
  <u who="MOT" uID="u66">
    <w>and<mor type="mor"><mw><pos><c>coord</c></pos><stem>and</stem></mw><gra type="gra" index="1" head="5" relation="LINK"/></mor></w>
    <w>what<mor type="mor"><mw><pos><c>pro</c><s>int</s></pos><stem>what</stem></mw><gra type="gra" index="2" head="5" relation="SUBJ"/></mor></w>
    <w>did<mor type="mor"><mw><pos><c>mod</c></pos><stem>do</stem><mk type="sfxf">PAST</mk></mw><gra type="gra" index="3" head="5" relation="AUX"/></mor></w>
    <w>he<mor type="mor"><mw><pos><c>pro</c><s>sub</s></pos><stem>he</stem></mw><gra type="gra" index="4" head="5" relation="SUBJ"/></mor></w>
    <w>have<mor type="mor"><mw><pos><c>v</c></pos><stem>have</stem></mw><gra type="gra" index="5" head="0" relation="ROOT"/></mor></w>
    <w>on<mor type="mor"><mw><pos><c>prep</c></pos><stem>on</stem></mw><gra type="gra" index="6" head="5" relation="JCT"/></mor></w>
    <w>his<mor type="mor"><mw><pos><c>det</c><s>poss</s></pos><stem>his</stem></mw><gra type="gra" index="7" head="8" relation="DET"/></mor></w>
    <w>head<mor type="mor"><mw><pos><c>n</c></pos><stem>head</stem></mw><gra type="gra" index="8" head="6" relation="POBJ"/></mor></w>
    <t type="q"><mor type="mor"><mt type="q"/><gra type="gra" index="9" head="5" relation="PUNCT"/></mor></t>

    <a type="actions">&lt;1w&gt; pats Mandy on the bottom . holds book</a>
    <a type="paralinguistics">&lt;3w-8w&gt; emphasized these words</a>
  </u>
  <u who="CHI" uID="u67">
    <w>a<mor type="mor"><mw><pos><c>det</c><s>art</s></pos><stem>a</stem></mw><gra type="gra" index="1" head="2" relation="DET"/></mor></w>
    <w>top<mor type="mor"><mw><pos><c>n</c></pos><stem>top</stem></mw><gra type="gra" index="2" head="0" relation="INCROOT"/></mor></w>
    <t type="p"><mor type="mor"><mt type="p"/><gra type="gra" index="3" head="2" relation="PUNCT"/></mor></t>

    <a type="gesture">looks at book</a>
  </u>
  <u who="MOT" uID="u68">
    <w>what<mor type="mor"><mw><pos><c>pro</c><s>int</s></pos><stem>what</stem></mw><gra type="gra" index="1" head="2" relation="SUBJ"/></mor></w>
    <w>is<mor type="mor"><mw><pos><c>cop</c></pos><stem>be</stem><mk type="sfxf">3S</mk></mw><gra type="gra" index="2" head="0" relation="ROOT"/></mor></w>
    <pause symbolic-length="simple"/>
    <w>that<mor type="mor"><mw><pos><c>pro</c><s>dem</s></pos><stem>that</stem></mw><gra type="gra" index="3" head="2" relation="PRED"/></mor></w>
    <t type="q"><mor type="mor"><mt type="q"/><gra type="gra" index="4" head="2" relation="PUNCT"/></mor></t>

    <a type="actions">outlines on page</a>
    <a type="gesture">points to page</a>
  </u>
  <u who="CHI" uID="u69">
    <w>a<mor type="mor"><mw><pos><c>det</c><s>art</s></pos><stem>a</stem></mw><gra type="gra" index="1" head="2" relation="DET"/></mor></w>
    <w>t<shortening>op</shortening><mor type="mor"><mw><pos><c>n</c></pos><stem>top</stem></mw><gra type="gra" index="2" head="0" relation="INCROOT"/></mor></w>
    <pause symbolic-length="simple"/>
    <w>a<mor type="mor"><mw><pos><c>det</c><s>art</s></pos><stem>a</stem></mw><gra type="gra" index="3" head="4" relation="DET"/></mor></w>
    <w>hat<mor type="mor"><mw><pos><c>n</c></pos><stem>hat</stem></mw><gra type="gra" index="4" head="2" relation="OBJ"/></mor></w>
    <t type="e"><mor type="mor"><mt type="e"/><gra type="gra" index="5" head="2" relation="PUNCT"/></mor></t>

    <a type="gesture">looks at book</a>
    <a type="actions">lying prone with head near Mother's lap , then on Mother's lap</a>
  </u>
  <u who="MOT" uID="u70">
    <w>yeah<mor type="mor"><mw><pos><c>co</c></pos><stem>yeah</stem></mw><gra type="gra" index="1" head="0" relation="INCROOT"/></mor></w>
    <t type="e"><mor type="mor"><mt type="e"/><gra type="gra" index="2" head="1" relation="PUNCT"/></mor></t>

    <a type="actions">&lt;1w&gt; turns page .</a>
    <a type="gesture">&lt;1w&gt; looks at book .</a>
  </u>
  <u who="MOT" uID="u71">
    <w>suddenly<mor type="mor"><mw><pos><c>adv</c></pos><stem>sudden</stem><mk type="sfxf">dadj</mk><mk type="sfx">LY</mk></mw><gra type="gra" index="1" head="3" relation="JCT"/></mor></w>
    <w>Miffy<mor type="mor"><mw><pos><c>n</c><s>prop</s></pos><stem>Miffy</stem></mw><gra type="gra" index="2" head="3" relation="SUBJ"/></mor></w>
    <w>heard<mor type="mor"><mw><pos><c>v</c></pos><stem>hear</stem><mk type="sfxf">PAST</mk></mw><gra type="gra" index="3" head="0" relation="ROOT"/></mor></w>
    <pause symbolic-length="simple"/>
    <t type="p"><mor type="mor"><mt type="p"/><gra type="gra" index="4" head="3" relation="PUNCT"/></mor></t>

    <a type="gesture">&lt;1w-4w&gt; looks at Mandy</a>
  </u>
  <u who="MOT" uID="u72">
    <w>what<mor type="mor"><mw><pos><c>pro</c><s>int</s></pos><stem>what</stem></mw><gra type="gra" index="1" head="4" relation="LINK"/></mor></w>
    <w>did<mor type="mor"><mw><pos><c>mod</c></pos><stem>do</stem><mk type="sfxf">PAST</mk></mw><gra type="gra" index="2" head="4" relation="AUX"/></mor></w>
    <w>she<mor type="mor"><mw><pos><c>pro</c><s>sub</s></pos><stem>she</stem></mw><gra type="gra" index="3" head="4" relation="SUBJ"/></mor></w>
    <w>hear<mor type="mor"><mw><pos><c>v</c></pos><stem>hear</stem></mw><gra type="gra" index="4" head="0" relation="ROOT"/></mor></w>
    <w>in<mor type="mor"><mw><pos><c>prep</c></pos><stem>in</stem></mw><gra type="gra" index="5" head="4" relation="JCT"/></mor></w>
    <w>the<mor type="mor"><mw><pos><c>det</c><s>art</s></pos><stem>the</stem></mw><gra type="gra" index="6" head="7" relation="DET"/></mor></w>
    <w>snow<mor type="mor"><mw><pos><c>n</c></pos><stem>snow</stem></mw><gra type="gra" index="7" head="5" relation="POBJ"/></mor></w>
    <t type="q"><mor type="mor"><mt type="q"/><gra type="gra" index="8" head="4" relation="PUNCT"/></mor></t>

    <a type="actions">&lt;1w&gt; strokes Mandy's head</a>
    <a type="gesture">&lt;1w-7w&gt; looks at Mandy</a>
  </u>
  <u who="CHI" uID="u73">
    <w>a<mor type="mor"><mw><pos><c>det</c><s>art</s></pos><stem>a</stem></mw><gra type="gra" index="1" head="2" relation="DET"/></mor></w>
    <w>bird<mor type="mor"><mw><pos><c>n</c></pos><stem>bird</stem></mw><gra type="gra" index="2" head="0" relation="INCROOT"/></mor></w>
    <t type="e"><mor type="mor"><mt type="e"/><gra type="gra" index="3" head="2" relation="PUNCT"/></mor></t>

    <a type="actions">&lt;aft&gt; raises head</a>
    <a type="gesture">looks at book</a>
    <a type="extension" flavor="pho">6 boIrd</a>
  </u>
  <u who="MOT" uID="u74">
    <w>yeah<mor type="mor"><mw><pos><c>co</c></pos><stem>yeah</stem></mw><gra type="gra" index="1" head="0" relation="INCROOT"/></mor></w>
    <t type="p"><mor type="mor"><mt type="p"/><gra type="gra" index="2" head="1" relation="PUNCT"/></mor></t>

    <a type="actions">&lt;1w&gt; attempts to remove pacifier from Mandy's mouth .</a>
    <a type="gesture">&lt;1w&gt; smiles . looks at Mandy</a>
  </u>
  <u who="MOT" uID="u75">
    <w>and<mor type="mor"><mw><pos><c>coord</c></pos><stem>and</stem></mw><gra type="gra" index="1" head="2" relation="LINK"/></mor></w>
    <w>was<mor type="mor"><mw><pos><c>cop</c></pos><stem>be</stem><mk type="sfxf">PAST</mk><mk type="sfxf">13S</mk></mw><gra type="gra" index="2" head="0" relation="ROOT"/></mor></w>
    <w>the<mor type="mor"><mw><pos><c>det</c><s>art</s></pos><stem>the</stem></mw><gra type="gra" index="3" head="4" relation="DET"/></mor></w>
    <w>birdie<mor type="mor"><mw><pos><c>n</c></pos><stem>bird</stem><mk type="sfx">DIM</mk></mw><gra type="gra" index="4" head="2" relation="PRED"/></mor></w>
    <w>happy<mor type="mor"><mw><pos><c>adj</c></pos><stem>happy</stem></mw><gra type="gra" index="5" head="4" relation="POSTMOD"/></mor></w>
    <t type="q"><mor type="mor"><mt type="q"/><gra type="gra" index="6" head="2" relation="PUNCT"/></mor></t>

    <a type="actions">&lt;1w&gt; pats Mandy's bottom</a>
  </u>
  <u who="CHI" uID="u76">
    <w>uhuh<mor type="mor"><mw><pos><c>co</c></pos><stem>uhuh</stem></mw><gra type="gra" index="1" head="0" relation="INCROOT"/></mor></w>
    <t type="p"><mor type="mor"><mt type="p"/><gra type="gra" index="2" head="1" relation="PUNCT"/></mor></t>

    <a type="actions">&lt;aft&gt; squirms</a>
    <a type="gesture">looks at book</a>
  </u>
  <u who="MOT" uID="u77">
    <w>she<mor type="mor"><mw><pos><c>pro</c><s>sub</s></pos><stem>she</stem></mw><gra type="gra" index="1" head="2" relation="SUBJ"/></mor></w>
    <w>heard<mor type="mor"><mw><pos><c>v</c></pos><stem>hear</stem><mk type="sfxf">PAST</mk></mw><gra type="gra" index="2" head="0" relation="ROOT"/></mor></w>
    <w>a<mor type="mor"><mw><pos><c>det</c><s>art</s></pos><stem>a</stem></mw><gra type="gra" index="3" head="4" relation="DET"/></mor></w>
    <w>soft<mor type="mor"><mw><pos><c>adj</c></pos><stem>soft</stem></mw><gra type="gra" index="4" head="2" relation="OBJ"/></mor></w>
    <g><w formType="onomatopoeia">cheep<mor type="mor"><mw><pos><c>on</c></pos><stem>cheep</stem></mw><gra type="gra" index="5" head="4" relation="CONJ"/></mor></w><k type="stressing"/></g>
    <g><w formType="onomatopoeia">cheep<mor type="mor"><mw><pos><c>on</c></pos><stem>cheep</stem></mw><gra type="gra" index="6" head="5" relation="COORD"/></mor></w><k type="stressing"/></g>
    <t type="p"><mor type="mor"><mt type="p"/><gra type="gra" index="7" head="2" relation="PUNCT"/></mor></t>

    <a type="gesture">looks at Mandy</a>
  </u>
  <u who="MOT" uID="u78">
    <w>half<mor type="mor"><mw><pos><c>n</c></pos><stem>half</stem></mw><gra type="gra" index="1" head="2" relation="SUBJ"/></mor></w>
    <w>buried<mor type="mor"><mw><pos><c>v</c></pos><stem>bury</stem><mk type="sfx">PAST</mk></mw><gra type="gra" index="2" head="0" relation="ROOT"/></mor></w>
    <w>in<mor type="mor"><mw><pos><c>prep</c></pos><stem>in</stem></mw><gra type="gra" index="3" head="2" relation="JCT"/></mor></w>
    <w>the<mor type="mor"><mw><pos><c>det</c><s>art</s></pos><stem>the</stem></mw><gra type="gra" index="4" head="5" relation="DET"/></mor></w>
    <w>snow<mor type="mor"><mw><pos><c>n</c></pos><stem>snow</stem></mw><gra type="gra" index="5" head="3" relation="POBJ"/></mor></w>
    <w>was<mor type="mor"><mw><pos><c>cop</c></pos><stem>be</stem><mk type="sfxf">PAST</mk><mk type="sfxf">13S</mk></mw><gra type="gra" index="6" head="2" relation="CJCT"/></mor></w>
    <w>a<mor type="mor"><mw><pos><c>det</c><s>art</s></pos><stem>a</stem></mw><gra type="gra" index="7" head="8" relation="DET"/></mor></w>
    <w>bird<mor type="mor"><mw><pos><c>n</c></pos><stem>bird</stem></mw><gra type="gra" index="8" head="6" relation="PRED"/></mor></w>
    <w>with<mor type="mor"><mw><pos><c>prep</c></pos><stem>with</stem></mw><gra type="gra" index="9" head="8" relation="NJCT"/></mor></w>
    <w>frozen<mor type="mor"><mw><pos><c>part</c></pos><stem>freeze</stem><mk type="sfxf">PASTP</mk></mw><gra type="gra" index="10" head="9" relation="POBJ"/></mor></w>
    <t type="trail off"><mor type="mor"><mt type="trail off"/><gra type="gra" index="11" head="2" relation="PUNCT"/></mor></t>

  </u>
  <u who="CHI" uID="u79">
    <w>eyes<mor type="mor"><mw><pos><c>n</c></pos><stem>eye</stem><mk type="sfx">PL</mk></mw><gra type="gra" index="1" head="0" relation="INCROOT"/></mor></w>
    <t type="e"><mor type="mor"><mt type="e"/><gra type="gra" index="2" head="1" relation="PUNCT"/></mor></t>

    <a type="gesture">looks at Mother</a>
    <a type="actions">&lt;aft&gt; squirms</a>
  </u>
  <u who="MOT" uID="u80">
    <w>frozen<mor type="mor"><mw><pos><c>part</c></pos><stem>freeze</stem><mk type="sfxf">PASTP</mk></mw><gra type="gra" index="1" head="2" relation="MOD"/></mor></w>
    <w>eyes<mor type="mor"><mw><pos><c>n</c></pos><stem>eye</stem><mk type="sfx">PL</mk></mw><gra type="gra" index="2" head="0" relation="INCROOT"/></mor></w>
    <t type="q"><mor type="mor"><mt type="q"/><gra type="gra" index="3" head="2" relation="PUNCT"/></mor></t>

    <a type="gesture">&lt;aft&gt; looks at Investigator</a>
  </u>
  <u who="CHI" uID="u81">
    <e><action/></e>
    <t type="p"></t>

    <a type="actions">rolls back prone</a>
    <a type="gesture">nods yes</a>
  </u>
  <u who="MOT" uID="u82">
    <w>Miffy<mor type="mor"><mw><pos><c>n</c><s>prop</s></pos><stem>Miffy</stem></mw><gra type="gra" index="1" head="2" relation="SUBJ"/></mor></w>
    <w>cried<mor type="mor"><mw><pos><c>v</c></pos><stem>cry</stem><mk type="sfx">PAST</mk></mw><gra type="gra" index="2" head="0" relation="ROOT"/></mor></w>
    <t type="e"><mor type="mor"><mt type="e"/><gra type="gra" index="3" head="2" relation="PUNCT"/></mor></t>

    <a type="gesture">&lt;1w&gt; glances at Mandy .</a>
    <a type="actions">&lt;1w&gt; turns page</a>
    <a type="paralinguistics">&lt;1w&gt; laughs to Investigator</a>
  </u>
  <u who="MOT" uID="u83">
    <w>look<mor type="mor"><mw><pos><c>v</c></pos><stem>look</stem></mw><gra type="gra" index="1" head="0" relation="ROOT"/></mor></w>
    <w>at<mor type="mor"><mw><pos><c>prep</c></pos><stem>at</stem></mw><gra type="gra" index="2" head="1" relation="JCT"/></mor></w>
    <w>Miffy<mor type="mor"><mw><pos><c>n</c><s>prop</s></pos><stem>Miffy</stem></mw><gra type="gra" index="3" head="2" relation="POBJ"/></mor></w>
    <t type="p"><mor type="mor"><mt type="p"/><gra type="gra" index="4" head="1" relation="PUNCT"/></mor></t>

    <a type="gesture">&lt;1w&gt; points to page .</a>
  </u>
  <u who="MOT" uID="u84">
    <w>what's<mor type="mor"><mw><pos><c>pro</c><s>int</s></pos><stem>what</stem></mw><gra type="gra" index="1" head="4" relation="SUBJ"/><mor-post><mw><pos><c>aux</c></pos><stem>be</stem><mk type="sfxf">3S</mk></mw><gra type="gra" index="2" head="4" relation="AUX"/></mor-post></mor></w>
    <w>Miffy<mor type="mor"><mw><pos><c>n</c><s>prop</s></pos><stem>Miffy</stem></mw><gra type="gra" index="3" head="4" relation="SUBJ"/></mor></w>
    <w>doing<mor type="mor"><mw><pos><c>part</c></pos><stem>do</stem><mk type="sfx">PRESP</mk></mw><gra type="gra" index="4" head="0" relation="ROOT"/></mor></w>
    <t type="q"><mor type="mor"><mt type="q"/><gra type="gra" index="5" head="4" relation="PUNCT"/></mor></t>

    <a type="gesture">&lt;1w&gt; looks at Mandy , at book</a>
  </u>
  <u who="CHI" uID="u85">
    <g><w>cry<mor type="mor"><mw><pos><c>n</c></pos><stem>cry</stem></mw><gra type="gra" index="1" head="0" relation="INCROOT"/></mor></w><error/></g>
    <t type="p"><mor type="mor"><mt type="p"/><gra type="gra" index="2" head="1" relation="PUNCT"/></mor></t>

    <a type="gesture">looks at book</a>
  </u>
  <u who="MOT" uID="u86">
    <w>is<mor type="mor"><mw><pos><c>cop</c></pos><stem>be</stem><mk type="sfxf">3S</mk></mw><gra type="gra" index="1" head="0" relation="ROOT"/></mor></w>
    <w>she<mor type="mor"><mw><pos><c>pro</c><s>sub</s></pos><stem>she</stem></mw><gra type="gra" index="2" head="1" relation="PRED"/></mor></w>
    <w>happy<mor type="mor"><mw><pos><c>adj</c></pos><stem>happy</stem></mw><gra type="gra" index="3" head="2" relation="OM"/></mor></w>
    <t type="q"><mor type="mor"><mt type="q"/><gra type="gra" index="4" head="1" relation="PUNCT"/></mor></t>

    <a type="gesture">looks at Mandy , at book</a>
  </u>
  <u who="CHI" uID="u87">
    <w>uhuh<mor type="mor"><mw><pos><c>co</c></pos><stem>uhuh</stem></mw><gra type="gra" index="1" head="0" relation="INCROOT"/></mor></w>
    <t type="p"><mor type="mor"><mt type="p"/><gra type="gra" index="2" head="1" relation="PUNCT"/></mor></t>

    <a type="gesture">looks at book</a>
  </u>
  <u who="MOT" uID="u88">
    <w>hm<p type="drawl"/><mor type="mor"><mw><pos><c>co</c></pos><stem>hm</stem></mw><gra type="gra" index="1" head="0" relation="INCROOT"/></mor></w>
    <t type="p"><mor type="mor"><mt type="p"/><gra type="gra" index="2" head="1" relation="PUNCT"/></mor></t>

    <a type="gesture">&lt;1w&gt; looks at book .</a>
  </u>
  <u who="MOT" uID="u89">
    <w>why's<mor type="mor"><mw><pos><c>pro</c><s>int</s></pos><stem>why</stem></mw><gra type="gra" index="1" head="2" relation="SUBJ"/><mor-post><mw><pos><c>cop</c></pos><stem>be</stem><mk type="sfxf">3S</mk></mw><gra type="gra" index="2" head="0" relation="ROOT"/></mor-post></mor></w>
    <w>she<mor type="mor"><mw><pos><c>pro</c><s>sub</s></pos><stem>she</stem></mw><gra type="gra" index="3" head="2" relation="PRED"/></mor></w>
    <t type="trail off"><mor type="mor"><mt type="trail off"/><gra type="gra" index="4" head="2" relation="PUNCT"/></mor></t>

    <a type="gesture">&lt;1w&gt; looks at Mandy</a>
  </u>
  <u who="CHI" uID="u90">
    <w>crying<mor type="mor"><mw><pos><c>part</c></pos><stem>cry</stem><mk type="sfx">PRESP</mk></mw><gra type="gra" index="1" head="0" relation="INCROOT"/></mor></w>
    <t type="e"><mor type="mor"><mt type="e"/><gra type="gra" index="2" head="1" relation="PUNCT"/></mor></t>

    <a type="actions">&lt;aft&gt; rolls on side</a>
    <a type="gesture">&lt;aft&gt; looks at book cover</a>
  </u>
  <u who="MOT" uID="u91">
    <w>why's<mor type="mor"><mw><pos><c>pro</c><s>int</s></pos><stem>why</stem></mw><gra type="gra" index="1" head="2" relation="LINK"/><mor-post><mw><pos><c>cop</c></pos><stem>be</stem><mk type="sfxf">3S</mk></mw><gra type="gra" index="2" head="0" relation="ROOT"/></mor-post></mor></w>
    <w>she<mor type="mor"><mw><pos><c>pro</c><s>sub</s></pos><stem>she</stem></mw><gra type="gra" index="3" head="2" relation="PRED"/></mor></w>
    <w>crying<mor type="mor"><mw><pos><c>part</c></pos><stem>cry</stem><mk type="sfx">PRESP</mk></mw><gra type="gra" index="4" head="3" relation="XMOD"/></mor></w>
    <t type="q"><mor type="mor"><mt type="q"/><gra type="gra" index="5" head="2" relation="PUNCT"/></mor></t>

    <a type="gesture">looks at Mandy</a>
  </u>
  <u who="CHI" uID="u92">
    <w>she<mor type="mor"><mw><pos><c>pro</c><s>sub</s></pos><stem>she</stem></mw><gra type="gra" index="1" head="2" relation="SUBJ"/></mor></w>
    <w>crying<mor type="mor"><mw><pos><c>part</c></pos><stem>cry</stem><mk type="sfx">PRESP</mk></mw><gra type="gra" index="2" head="0" relation="ROOT"/></mor></w>
    <w>to<mor type="mor"><mw><pos><c>inf</c></pos><stem>to</stem></mw><gra type="gra" index="3" head="4" relation="INF"/></mor></w>
    <w>go<mor type="mor"><mw><pos><c>v</c></pos><stem>go</stem></mw><gra type="gra" index="4" head="2" relation="COMP"/></mor></w>
    <g><w>home<mor type="mor"><mw><pos><c>adv</c></pos><stem>home</stem></mw><gra type="gra" index="5" head="4" relation="JCT"/></mor></w><error/></g>
    <t type="p"><mor type="mor"><mt type="p"/><gra type="gra" index="6" head="2" relation="PUNCT"/></mor></t>

    <a type="gesture">looks at book</a>
    <a type="actions">rolls back</a>
    <a type="extension" flavor="pho">i kraiIN tu go hom</a>
  </u>
  <u who="MOT" uID="u93">
    <w>to<mor type="mor"><mw><pos><c>inf</c></pos><stem>to</stem></mw><gra type="gra" index="1" head="2" relation="INF"/></mor></w>
    <w>go<mor type="mor"><mw><pos><c>v</c></pos><stem>go</stem></mw><gra type="gra" index="2" head="0" relation="ROOT"/></mor></w>
    <w>home<mor type="mor"><mw><pos><c>adv</c></pos><stem>home</stem></mw><gra type="gra" index="3" head="2" relation="JCT"/></mor></w>
    <t type="q"><mor type="mor"><mt type="q"/><gra type="gra" index="4" head="2" relation="PUNCT"/></mor></t>

    <a type="gesture">looks at Mandy</a>
  </u>
  <u who="CHI" uID="u94">
    <w>mhm<mor type="mor"><mw><pos><c>co</c></pos><stem>mhm</stem></mw><menx>yes</menx><gra type="gra" index="1" head="0" relation="INCROOT"/></mor></w>
    <t type="p"><mor type="mor"><mt type="p"/><gra type="gra" index="2" head="1" relation="PUNCT"/></mor></t>

    <a type="actions">&lt;aft&gt; rolls over</a>
    <a type="gesture">&lt;aft&gt; looks at Mother</a>
  </u>
  <u who="MOT" uID="u95">
    <w>poor<mor type="mor"><mw><pos><c>adj</c></pos><stem>poor</stem></mw><gra type="gra" index="1" head="3" relation="MOD"/></mor></w>
    <w>little<mor type="mor"><mw><pos><c>adj</c></pos><stem>little</stem></mw><gra type="gra" index="2" head="3" relation="MOD"/></mor></w>
    <w>bird<mor type="mor"><mw><pos><c>n</c></pos><stem>bird</stem></mw><gra type="gra" index="3" head="8" relation="SUBJ"/></mor></w>
    <pause symbolic-length="simple"/>
    <w>she<mor type="mor"><mw><pos><c>pro</c><s>sub</s></pos><stem>she</stem></mw><gra type="gra" index="4" head="5" relation="SUBJ"/></mor></w>
    <w>said<mor type="mor"><mw><pos><c>v</c></pos><stem>say</stem><mk type="sfxf">PAST</mk></mw><gra type="gra" index="5" head="3" relation="CMOD"/></mor></w>
    <pause symbolic-length="simple"/>
    <w>I<mor type="mor"><mw><pos><c>pro</c><s>sub</s></pos><stem>I</stem></mw><gra type="gra" index="6" head="8" relation="SUBJ"/></mor></w>
    <w>will<mor type="mor"><mw><pos><c>mod</c></pos><stem>will</stem></mw><gra type="gra" index="7" head="8" relation="AUX"/></mor></w>
    <w>build<mor type="mor"><mw><pos><c>v</c></pos><stem>build</stem></mw><gra type="gra" index="8" head="0" relation="ROOT"/></mor></w>
    <w>you<mor type="mor"><mw><pos><c>pro</c><s>per</s></pos><stem>you</stem></mw><gra type="gra" index="9" head="8" relation="OBJ2"/></mor></w>
    <w>a<mor type="mor"><mw><pos><c>det</c><s>art</s></pos><stem>a</stem></mw><gra type="gra" index="10" head="11" relation="DET"/></mor></w>
    <t type="trail off"><mor type="mor"><mt type="trail off"/><gra type="gra" index="11" head="8" relation="PUNCT"/></mor></t>

    <a type="actions">&lt;aft&gt; turns page</a>
    <a type="gesture">looks at book , at Mandy</a>
  </u>
  <u who="CHI" uID="u96">
    <w>house<mor type="mor"><mw><pos><c>n</c></pos><stem>house</stem></mw><gra type="gra" index="1" head="0" relation="INCROOT"/></mor></w>
    <t type="p"><mor type="mor"><mt type="p"/><gra type="gra" index="2" head="1" relation="PUNCT"/></mor></t>

    <a type="gesture">looks at book</a>
    <a type="paralinguistics">spoken softly</a>
  </u>
  <u who="MOT" uID="u97">
    <w>she<mor type="mor"><mw><pos><c>pro</c><s>sub</s></pos><stem>she</stem></mw><gra type="gra" index="1" head="2" relation="SUBJ"/></mor></w>
    <w>got<mor type="mor"><mw><pos><c>v</c></pos><stem>get</stem><mk type="sfxf">PAST</mk></mw><gra type="gra" index="2" head="0" relation="ROOT"/></mor></w>
    <w>some<mor type="mor"><mw><pos><c>qn</c></pos><stem>some</stem></mw><gra type="gra" index="3" head="4" relation="QUANT"/></mor></w>
    <w>wood<mor type="mor"><mw><pos><c>n</c></pos><stem>wood</stem></mw><gra type="gra" index="4" head="2" relation="OBJ"/></mor></w>
    <w>and<mor type="mor"><mw><pos><c>coord</c></pos><stem>and</stem></mw><gra type="gra" index="5" head="4" relation="CONJ"/></mor></w>
    <w>a<mor type="mor"><mw><pos><c>det</c><s>art</s></pos><stem>a</stem></mw><gra type="gra" index="6" head="5" relation="COORD"/></mor></w>
    <t type="trail off"><mor type="mor"><mt type="trail off"/><gra type="gra" index="7" head="2" relation="PUNCT"/></mor></t>

    <a type="gesture">looks at Mandy . points to book</a>
  </u>
  <u who="CHI" uID="u98">
    <w>a<mor type="mor"><mw><pos><c>det</c><s>art</s></pos><stem>a</stem></mw><gra type="gra" index="1" head="2" relation="DET"/></mor></w>
    <w>hammer<mor type="mor"><mw><pos><c>n</c></pos><stem>hammer</stem></mw><gra type="gra" index="2" head="0" relation="INCROOT"/></mor></w>
    <t type="e"><mor type="mor"><mt type="e"/><gra type="gra" index="3" head="2" relation="PUNCT"/></mor></t>

    <a type="gesture">looks at book</a>
  </u>
  <u who="MOT" uID="u99">
    <w>and<mor type="mor"><mw><pos><c>coord</c></pos><stem>and</stem></mw><gra type="gra" index="1" head="3" relation="LINK"/></mor></w>
    <w>some<mor type="mor"><mw><pos><c>qn</c></pos><stem>some</stem></mw><gra type="gra" index="2" head="3" relation="QUANT"/></mor></w>
    <w>nails<mor type="mor"><mw><pos><c>n</c></pos><stem>nail</stem><mk type="sfx">PL</mk></mw><gra type="gra" index="3" head="7" relation="JCT"/></mor></w>
    <w>and<mor type="mor"><mw><pos><c>coord</c></pos><stem>and</stem></mw><gra type="gra" index="4" head="3" relation="CONJ"/></mor></w>
    <w>soon<mor type="mor"><mw><pos><c>adv</c></pos><stem>soon</stem></mw><gra type="gra" index="5" head="4" relation="COORD"/></mor></w>
    <w>she<mor type="mor"><mw><pos><c>pro</c><s>sub</s></pos><stem>she</stem></mw><gra type="gra" index="6" head="7" relation="SUBJ"/></mor></w>
    <w>made<mor type="mor"><mw><pos><c>v</c></pos><stem>make</stem><mk type="sfxf">PAST</mk></mw><gra type="gra" index="7" head="0" relation="ROOT"/></mor></w>
    <w>a<mor type="mor"><mw><pos><c>det</c><s>art</s></pos><stem>a</stem></mw><gra type="gra" index="8" head="9" relation="DET"/></mor></w>
    <w>little<mor type="mor"><mw><pos><c>adj</c></pos><stem>little</stem></mw><gra type="gra" index="9" head="7" relation="OBJ"/></mor></w>
    <t type="trail off"><mor type="mor"><mt type="trail off"/><gra type="gra" index="10" head="7" relation="PUNCT"/></mor></t>

    <a type="actions">&lt;aft&gt; turns page</a>
    <a type="paralinguistics">smiles . looks at book . slightly nods . looks at Mandy</a>
  </u>
  <u who="CHI" uID="u100">
    <w>house<mor type="mor"><mw><pos><c>n</c></pos><stem>house</stem></mw><gra type="gra" index="1" head="0" relation="INCROOT"/></mor></w>
    <t type="e"><mor type="mor"><mt type="e"/><gra type="gra" index="2" head="1" relation="PUNCT"/></mor></t>

    <a type="gesture">looks at book</a>
    <a type="actions">&lt;aft&gt; puts head down</a>
  </u>
  <u who="MOT" uID="u101">
    <w>the<mor type="mor"><mw><pos><c>det</c><s>art</s></pos><stem>the</stem></mw><gra type="gra" index="1" head="2" relation="DET"/></mor></w>
    <w>bird<mor type="mor"><mw><pos><c>n</c></pos><stem>bird</stem></mw><gra type="gra" index="2" head="3" relation="SUBJ"/></mor></w>
    <w>flew<mor type="mor"><mw><pos><c>v</c></pos><stem>fly</stem><mk type="sfxf">PAST</mk></mw><gra type="gra" index="3" head="0" relation="ROOT"/></mor></w>
    <w>up<mor type="mor"><mw><pos><c>adv</c></pos><stem>up</stem></mw><gra type="gra" index="4" head="3" relation="JCT"/></mor></w>
    <w>to<mor type="mor"><mw><pos><c>prep</c></pos><stem>to</stem></mw><gra type="gra" index="5" head="3" relation="JCT"/></mor></w>
    <w>its<mor type="mor"><mw><pos><c>det</c><s>poss</s></pos><stem>its</stem></mw><gra type="gra" index="6" head="8" relation="DET"/></mor></w>
    <w>new<mor type="mor"><mw><pos><c>adj</c></pos><stem>new</stem></mw><gra type="gra" index="7" head="8" relation="MOD"/></mor></w>
    <w>home<mor type="mor"><mw><pos><c>n</c></pos><stem>home</stem></mw><gra type="gra" index="8" head="5" relation="POBJ"/></mor></w>
    <t type="p"><mor type="mor"><mt type="p"/><gra type="gra" index="9" head="3" relation="PUNCT"/></mor></t>

    <a type="actions">rubs Mandy's back</a>
    <a type="gesture">looks at book , at Mandy</a>
  </u>
  <u who="MOT" uID="u102">
    <w>it<mor type="mor"><mw><pos><c>pro</c><s>per</s></pos><stem>it</stem></mw><gra type="gra" index="1" head="2" relation="SUBJ"/></mor></w>
    <w>was<mor type="mor"><mw><pos><c>cop</c></pos><stem>be</stem><mk type="sfxf">PAST</mk><mk type="sfxf">13S</mk></mw><gra type="gra" index="2" head="0" relation="ROOT"/></mor></w>
    <w>so<mor type="mor"><mw><pos><c>adv</c></pos><stem>so</stem></mw><gra type="gra" index="3" head="2" relation="PRED"/></mor></w>
    <t type="trail off"><mor type="mor"><mt type="trail off"/><gra type="gra" index="4" head="2" relation="PUNCT"/></mor></t>

  </u>
  <u who="CHI" uID="u103">
    <w untranscribed="unintelligible">xxx</w>
    <t type="p"></t>

    <a type="gesture">&lt;bef&gt; looks at book . points to book . smiles at book and Mother</a>
    <a type="actions">&lt;bef&gt; raises head</a>
  </u>
  <u who="MOT" uID="u104">
    <w>what<mor type="mor"><mw><pos><c>pro</c><s>int</s></pos><stem>what</stem></mw><gra type="gra" index="1" head="0" relation="INCROOT"/></mor></w>
    <t type="q"><mor type="mor"><mt type="q"/><gra type="gra" index="2" head="1" relation="PUNCT"/></mor></t>

    <a type="actions">pulls pacifier out of Mandy's mouth and puts it down . continues to rub Mandy's back</a>
  </u>
  <u who="CHI" uID="u105">
    <w>got<mor type="mor"><mw><pos><c>v</c></pos><stem>get</stem><mk type="sfxf">PAST</mk></mw><gra type="gra" index="1" head="0" relation="ROOT"/></mor></w>
    <w>up<mor type="mor"><mw><pos><c>adv</c></pos><stem>up</stem></mw><gra type="gra" index="2" head="1" relation="JCT"/></mor></w>
    <t type="p"><mor type="mor"><mt type="p"/><gra type="gra" index="3" head="1" relation="PUNCT"/></mor></t>

    <a type="actions">rolls back</a>
    <a type="gesture">looks at Mother . smiles</a>
  </u>
  <u who="MOT" uID="u106">
    <w>he<mor type="mor"><mw><pos><c>pro</c><s>sub</s></pos><stem>he</stem></mw><gra type="gra" index="1" head="2" relation="SUBJ"/></mor></w>
    <w>got<mor type="mor"><mw><pos><c>v</c></pos><stem>get</stem><mk type="sfxf">PAST</mk></mw><gra type="gra" index="2" head="0" relation="ROOT"/></mor></w>
    <w>up<mor type="mor"><mw><pos><c>adv</c></pos><stem>up</stem></mw><gra type="gra" index="3" head="2" relation="JCT"/></mor></w>
    <w>into<mor type="mor"><mw><pos><c>prep</c></pos><stem>into</stem></mw><gra type="gra" index="4" head="2" relation="JCT"/></mor></w>
    <w>the<mor type="mor"><mw><pos><c>det</c><s>art</s></pos><stem>the</stem></mw><gra type="gra" index="5" head="6" relation="DET"/></mor></w>
    <w>house<mor type="mor"><mw><pos><c>n</c></pos><stem>house</stem></mw><gra type="gra" index="6" head="4" relation="POBJ"/></mor></w>
    <t type="q"><mor type="mor"><mt type="q"/><gra type="gra" index="7" head="2" relation="PUNCT"/></mor></t>

    <a type="actions">rubs Mandy's back</a>
    <a type="gesture">looks at Mandy</a>
  </u>
  <u who="CHI" uID="u107">
    <w>uhhuh<mor type="mor"><mw><pos><c>co</c></pos><stem>uhhuh</stem></mw><gra type="gra" index="1" head="0" relation="INCROOT"/></mor></w>
    <t type="p"><mor type="mor"><mt type="p"/><gra type="gra" index="2" head="1" relation="PUNCT"/></mor></t>

    <a type="gesture">looks at Mother .</a>
  </u>
  <u who="MOT" uID="u108">
    <w>and<mor type="mor"><mw><pos><c>coord</c></pos><stem>and</stem></mw><gra type="gra" index="1" head="7" relation="LINK"/></mor></w>
    <w>then<mor type="mor"><mw><pos><c>adv</c><s>tem</s></pos><stem>then</stem></mw><gra type="gra" index="2" head="7" relation="JCT"/></mor></w>
    <w>how<mor type="mor"><mw><pos><c>pro</c><s>int</s></pos><stem>how</stem></mw><gra type="gra" index="3" head="7" relation="JCT"/></mor></w>
    <w>did<mor type="mor"><mw><pos><c>mod</c></pos><stem>do</stem><mk type="sfxf">PAST</mk></mw><gra type="gra" index="4" head="7" relation="AUX"/></mor></w>
    <w>the<mor type="mor"><mw><pos><c>det</c><s>art</s></pos><stem>the</stem></mw><gra type="gra" index="5" head="7" relation="DET"/></mor></w>
    <w>bird<mor type="mor"><mw><pos><c>n</c></pos><stem>bird</stem></mw><gra type="gra" index="6" head="7" relation="MOD"/></mor></w>
    <w>feel<mor type="mor"><mw><pos><c>n</c></pos><stem>feel</stem></mw><gra type="gra" index="7" head="0" relation="INCROOT"/></mor></w>
    <t type="q"><mor type="mor"><mt type="q"/><gra type="gra" index="8" head="7" relation="PUNCT"/></mor></t>

    <a type="actions">rubs Mandy's back</a>
    <a type="gesture">looks at Mandy</a>
  </u>
  <u who="CHI" uID="u109">
    <g><w>feel</w><k type="retracing"/></g>
    <w>feel<mor type="mor"><mw><pos><c>v</c></pos><stem>feel</stem></mw><gra type="gra" index="1" head="0" relation="ROOT"/></mor></w>
    <w>better<mor type="mor"><mw><pos><c>adj</c></pos><stem>good</stem><mk type="sfxf">CP</mk></mw><gra type="gra" index="2" head="1" relation="JCT"/></mor></w>
    <t type="p"><mor type="mor"><mt type="p"/><gra type="gra" index="3" head="1" relation="PUNCT"/></mor></t>

    <a type="gesture">&lt;bef&gt; looks at book . &lt;dur&gt; looks at Mother . smiles . &lt;aft&gt; looks at book</a>
    <a type="actions">&lt;bef&gt; raises body up</a>
  </u>
  <u who="MOT" uID="u110">
    <w>uhhuh<mor type="mor"><mw><pos><c>co</c></pos><stem>uhhuh</stem></mw><gra type="gra" index="1" head="0" relation="INCROOT"/></mor></w>
    <t type="p"><mor type="mor"><mt type="p"/><gra type="gra" index="2" head="1" relation="PUNCT"/></mor></t>

    <a type="actions">rubs Mandy's back</a>
    <a type="gesture">&lt;bef&gt; smiles &lt;dur&gt; looks at book , Mandy</a>
  </u>
  <u who="MOT" uID="u111">
    <w>it<mor type="mor"><mw><pos><c>pro</c><s>per</s></pos><stem>it</stem></mw><gra type="gra" index="1" head="2" relation="SUBJ"/></mor></w>
    <w>was<mor type="mor"><mw><pos><c>cop</c></pos><stem>be</stem><mk type="sfxf">PAST</mk><mk type="sfxf">13S</mk></mw><gra type="gra" index="2" head="6" relation="CJCT"/></mor></w>
    <w>so<mor type="mor"><mw><pos><c>adv</c></pos><stem>so</stem></mw><gra type="gra" index="3" head="4" relation="JCT"/></mor></w>
    <w>happy<mor type="mor"><mw><pos><c>adj</c></pos><stem>happy</stem></mw><gra type="gra" index="4" head="2" relation="PRED"/></mor></w>
    <w>it<mor type="mor"><mw><pos><c>pro</c><s>per</s></pos><stem>it</stem></mw><gra type="gra" index="5" head="6" relation="SUBJ"/></mor></w>
    <g><w>sang<mor type="mor"><mw><pos><c>v</c></pos><stem>sing</stem><mk type="sfxf">PAST</mk></mw><gra type="gra" index="6" head="0" relation="ROOT"/></mor></w><k type="stressing"/></g>
    <w>and<mor type="mor"><mw><pos><c>coord</c></pos><stem>and</stem></mw><gra type="gra" index="7" head="6" relation="CONJ"/></mor></w>
    <w>sang<mor type="mor"><mw><pos><c>v</c></pos><stem>sing</stem><mk type="sfxf">PAST</mk></mw><gra type="gra" index="8" head="7" relation="COORD"/></mor></w>
    <t type="p"><mor type="mor"><mt type="p"/><gra type="gra" index="9" head="6" relation="PUNCT"/></mor></t>

    <a type="gesture">&lt;dur&gt; looks at book , Mandy</a>
    <a type="paralinguistics">&lt;8w&gt; spoken softly</a>
  </u>
  <u who="CHI" uID="u112">
    <w>yes<mor type="mor"><mw><pos><c>co</c></pos><stem>yes</stem></mw><gra type="gra" index="1" head="0" relation="INCROOT"/></mor></w>
    <t type="e"><mor type="mor"><mt type="e"/><gra type="gra" index="2" head="1" relation="PUNCT"/></mor></t>

    <a type="gesture">&lt;aft&gt; looks at book . smiles .</a>
    <a type="actions">&lt;aft&gt; sits up next to Mother . grabs pacifier and puts in mouth</a>
    <a type="extension" flavor="pho">jeD</a>
  </u>
  <u who="MOT" uID="u113">
    <linker type="quoted utterance next"/>
    <w>time<mor type="mor"><mw><pos><c>n</c></pos><stem>time</stem></mw><gra type="gra" index="1" head="0" relation="INCROOT"/></mor></w>
    <w>for<mor type="mor"><mw><pos><c>prep</c></pos><stem>for</stem></mw><gra type="gra" index="2" head="1" relation="NJCT"/></mor></w>
    <w>bed<mor type="mor"><mw><pos><c>n</c></pos><stem>bed</stem></mw><gra type="gra" index="3" head="4" relation="MOD"/></mor></w>
    <pause symbolic-length="simple"/>
    <w>Miffy<mor type="mor"><mw><pos><c>n</c><s>prop</s></pos><stem>Miffy</stem></mw><gra type="gra" index="4" head="2" relation="POBJ"/></mor></w>
    <t type="p"><mor type="mor"><mt type="p"/><gra type="gra" index="5" head="1" relation="PUNCT"/></mor></t>

  </u>
  <u who="MOT" uID="u114">
    <e><happening>laughs</happening></e>
    <e><happening>turns:page</happening></e>
    <w>called<mor type="mor"><mw><pos><c>v</c></pos><stem>call</stem><mk type="sfx">PAST</mk></mw><gra type="gra" index="1" head="0" relation="ROOT"/></mor></w>
    <w>Missus<mor type="mor"><mw><pos><c>n</c><s>prop</s></pos><stem>Missus</stem></mw><gra type="gra" index="2" head="3" relation="NAME"/></mor></w>
    <w>Rabbit<mor type="mor"><mw><pos><c>n</c><s>prop</s></pos><stem>Rabbit</stem></mw><gra type="gra" index="3" head="1" relation="SUBJ"/></mor></w>
    <t type="quotation precedes"><mor type="mor"><mt type="quotation precedes"/><gra type="gra" index="4" head="1" relation="PUNCT"/></mor></t>

  </u>
  <u who="MOT" uID="u115">
    <w>Miffy<mor type="mor"><mw><pos><c>n</c><s>prop</s></pos><stem>Miffy</stem></mw><gra type="gra" index="1" head="2" relation="SUBJ"/></mor></w>
    <w>ran<mor type="mor"><mw><pos><c>v</c></pos><stem>run</stem><mk type="sfxf">PAST</mk></mw><gra type="gra" index="2" head="0" relation="ROOT"/></mor></w>
    <w>indoors<mor type="mor"><mw><pos><c>adv</c></pos><stem>indoors</stem></mw><gra type="gra" index="3" head="2" relation="JCT"/></mor></w>
    <t type="p"><mor type="mor"><mt type="p"/><gra type="gra" index="4" head="2" relation="PUNCT"/></mor></t>

    <a type="gesture">&lt;1w&gt; glances at Mandy .</a>
  </u>
  <u who="MOT" uID="u116">
    <w>she<mor type="mor"><mw><pos><c>pro</c><s>sub</s></pos><stem>she</stem></mw><gra type="gra" index="1" head="2" relation="SUBJ"/></mor></w>
    <w>was<mor type="mor"><mw><pos><c>cop</c></pos><stem>be</stem><mk type="sfxf">PAST</mk><mk type="sfxf">13S</mk></mw><gra type="gra" index="2" head="0" relation="ROOT"/></mor></w>
    <pause symbolic-length="simple"/>
    <w>sleepy<mor type="mor"><mw><pos><c>adj</c></pos><stem>sleep</stem><mk type="sfxf">dn</mk><mk type="sfx">Y</mk></mw><gra type="gra" index="3" head="2" relation="PRED"/></mor></w>
    <w>now<mor type="mor"><mw><pos><c>adv</c><s>tem</s></pos><stem>now</stem></mw><gra type="gra" index="4" head="3" relation="JCT"/></mor></w>
    <t type="p"><mor type="mor"><mt type="p"/><gra type="gra" index="5" head="2" relation="PUNCT"/></mor></t>

    <a type="gesture">&lt;1w&gt; looks at Mandy , at book .</a>
    <a type="paralinguistics">&lt;3w-4w&gt; spoken softly .</a>
  </u>
  <u who="MOT" uID="u117">
    <w>who's<mor type="mor"><mw><pos><c>pro</c><s>int</s></pos><stem>who</stem></mw><gra type="gra" index="1" head="2" relation="LINK"/><mor-post><mw><pos><c>cop</c></pos><stem>be</stem><mk type="sfxf">3S</mk></mw><gra type="gra" index="2" head="0" relation="ROOT"/></mor-post></mor></w>
    <w>that<mor type="mor"><mw><pos><c>pro</c><s>dem</s></pos><stem>that</stem></mw><gra type="gra" index="3" head="2" relation="PRED"/></mor></w>
    <t type="q"><mor type="mor"><mt type="q"/><gra type="gra" index="4" head="2" relation="PUNCT"/></mor></t>

    <a type="actions">&lt;1w&gt; turns page</a>
    <a type="gesture">&lt;1w&gt; points to page</a>
    <a type="paralinguistics">&lt;1w&gt; whispers</a>
  </u>
  <u who="CHI" uID="u118">
    <w>Miffy<mor type="mor"><mw><pos><c>n</c><s>prop</s></pos><stem>Miffy</stem></mw><gra type="gra" index="1" head="0" relation="INCROOT"/></mor></w>
    <t type="p"><mor type="mor"><mt type="p"/><gra type="gra" index="2" head="1" relation="PUNCT"/></mor></t>

    <a type="gesture">looks at book</a>
    <a type="actions">reorients and is prone again</a>
  </u>
  <u who="MOT" uID="u119">
    <w>she<mor type="mor"><mw><pos><c>pro</c><s>sub</s></pos><stem>she</stem></mw><gra type="gra" index="1" head="2" relation="SUBJ"/></mor></w>
    <w>peeped<mor type="mor"><mw><pos><c>v</c></pos><stem>peep</stem><mk type="sfx">PAST</mk></mw><gra type="gra" index="2" head="0" relation="ROOT"/></mor></w>
    <w>through<mor type="mor"><mw><pos><c>prep</c></pos><stem>through</stem></mw><gra type="gra" index="3" head="2" relation="JCT"/></mor></w>
    <w>the<mor type="mor"><mw><pos><c>det</c><s>art</s></pos><stem>the</stem></mw><gra type="gra" index="4" head="3" relation="POBJ"/></mor></w>
    <t type="trail off"><mor type="mor"><mt type="trail off"/><gra type="gra" index="5" head="2" relation="PUNCT"/></mor></t>

    <a type="gesture">&lt;aft&gt; looks at book . smiles</a>
  </u>
  <u who="CHI" uID="u120">
    <w>window<mor type="mor"><mw><pos><c>n</c></pos><stem>window</stem></mw><gra type="gra" index="1" head="0" relation="INCROOT"/></mor></w>
    <t type="p"><mor type="mor"><mt type="p"/><gra type="gra" index="2" head="1" relation="PUNCT"/></mor></t>

    <a type="gesture">looks at book</a>
  </u>
  <u who="MOT" uID="u121">
    <w>at<mor type="mor"><mw><pos><c>prep</c></pos><stem>at</stem></mw><gra type="gra" index="1" head="0" relation="INCROOT"/></mor></w>
    <w>the<mor type="mor"><mw><pos><c>det</c><s>art</s></pos><stem>the</stem></mw><gra type="gra" index="2" head="4" relation="DET"/></mor></w>
    <w>snowy<mor type="mor"><mw><pos><c>adj</c></pos><stem>snow</stem><mk type="sfxf">dn</mk><mk type="sfx">Y</mk></mw><gra type="gra" index="3" head="4" relation="MOD"/></mor></w>
    <w>garden<mor type="mor"><mw><pos><c>n</c></pos><stem>garden</stem></mw><gra type="gra" index="4" head="1" relation="POBJ"/></mor></w>
    <t type="p"><mor type="mor"><mt type="p"/><gra type="gra" index="5" head="1" relation="PUNCT"/></mor></t>

    <a type="gesture">looks at Mandy</a>
  </u>
  <u who="MOT" uID="u122">
    <w>good_night<mor type="mor"><mw><pos><c>co</c></pos><stem>good_night</stem></mw><gra type="gra" index="1" head="2" relation="COM"/></mor></w>
    <w>little<mor type="mor"><mw><pos><c>adj</c></pos><stem>little</stem></mw><gra type="gra" index="2" head="0" relation="INCROOT"/></mor></w>
    <t type="trail off"><mor type="mor"><mt type="trail off"/><gra type="gra" index="3" head="2" relation="PUNCT"/></mor></t>

    <a type="paralinguistics">&lt;1w&gt; spoken in a high pitch</a>
  </u>
  <u who="CHI" uID="u123">
    <w>Miffy<mor type="mor"><mw><pos><c>n</c><s>prop</s></pos><stem>Miffy</stem></mw><gra type="gra" index="1" head="0" relation="INCROOT"/></mor></w>
    <t type="p"><mor type="mor"><mt type="p"/><gra type="gra" index="2" head="1" relation="PUNCT"/></mor></t>

    <a type="gesture">&lt;aft&gt; looks at Mother , at book . smiles at Mother</a>
  </u>
  <u who="MOT" uID="u124">
    <w>good_night<mor type="mor"><mw><pos><c>co</c></pos><stem>good_night</stem></mw><gra type="gra" index="1" head="3" relation="COM"/></mor></w>
    <pause symbolic-length="simple"/>
    <w>little<mor type="mor"><mw><pos><c>adj</c></pos><stem>little</stem></mw><gra type="gra" index="2" head="3" relation="MOD"/></mor></w>
    <w>bird<mor type="mor"><mw><pos><c>n</c></pos><stem>bird</stem></mw><gra type="gra" index="3" head="0" relation="INCROOT"/></mor></w>
    <pause symbolic-length="simple"/>
    <w>she<mor type="mor"><mw><pos><c>pro</c><s>sub</s></pos><stem>she</stem></mw><gra type="gra" index="4" head="5" relation="SUBJ"/></mor></w>
    <w>called<mor type="mor"><mw><pos><c>v</c></pos><stem>call</stem><mk type="sfx">PAST</mk></mw><gra type="gra" index="5" head="3" relation="CMOD"/></mor></w>
    <t type="p"><mor type="mor"><mt type="p"/><gra type="gra" index="6" head="3" relation="PUNCT"/></mor></t>

    <a type="gesture">looks at book , at Mandy</a>
    <a type="actions">&lt;bef&gt; rubs Mandy's head . &lt;dur&gt; rubs Mandy's back</a>
    <a type="paralinguistics">&lt;1w&gt; laughs</a>
  </u>
  <u who="MOT" uID="u125">
    <w>I'll<mor type="mor"><mw><pos><c>pro</c><s>sub</s></pos><stem>I</stem></mw><gra type="gra" index="1" head="3" relation="SUBJ"/><mor-post><mw><pos><c>mod</c></pos><stem>will</stem></mw><gra type="gra" index="2" head="3" relation="AUX"/></mor-post></mor></w>
    <w>play<mor type="mor"><mw><pos><c>v</c></pos><stem>play</stem></mw><gra type="gra" index="3" head="0" relation="ROOT"/></mor></w>
    <w>with<mor type="mor"><mw><pos><c>prep</c></pos><stem>with</stem></mw><gra type="gra" index="4" head="3" relation="JCT"/></mor></w>
    <w>you<mor type="mor"><mw><pos><c>pro</c><s>per</s></pos><stem>you</stem></mw><gra type="gra" index="5" head="6" relation="SUBJ"/></mor></w>
    <pause symbolic-length="simple"/>
    <w>tomorrow<mor type="mor"><mw><pos><c>adv</c><s>tem</s></pos><stem>tomorrow</stem></mw><gra type="gra" index="6" head="4" relation="POBJ"/></mor></w>
    <t type="p"><mor type="mor"><mt type="p"/><gra type="gra" index="7" head="3" relation="PUNCT"/></mor></t>

    <a type="actions">&lt;aft&gt; final pat on Mandy</a>
    <a type="gesture">&lt;aft&gt; looks at book</a>
    <a type="paralinguistics">&lt;5w&gt; spoken softly</a>
  </u>
  <u who="CHI" uID="u126">
    <e><action/></e>
    <t type="p"></t>

    <a type="gesture">smiles at book</a>
    <a type="actions">squirms</a>
  </u>
  <u who="MOT" uID="u127">
    <w>I'll<mor type="mor"><mw><pos><c>pro</c><s>sub</s></pos><stem>I</stem></mw><gra type="gra" index="1" head="3" relation="SUBJ"/><mor-post><mw><pos><c>mod</c></pos><stem>will</stem></mw><gra type="gra" index="2" head="3" relation="AUX"/></mor-post></mor></w>
    <w>play<mor type="mor"><mw><pos><c>v</c></pos><stem>play</stem></mw><gra type="gra" index="3" head="0" relation="ROOT"/></mor></w>
    <w>with<mor type="mor"><mw><pos><c>prep</c></pos><stem>with</stem></mw><gra type="gra" index="4" head="3" relation="JCT"/></mor></w>
    <w>you<mor type="mor"><mw><pos><c>pro</c><s>per</s></pos><stem>you</stem></mw><gra type="gra" index="5" head="6" relation="SUBJ"/></mor></w>
    <w>tomorrow<mor type="mor"><mw><pos><c>adv</c><s>tem</s></pos><stem>tomorrow</stem></mw><gra type="gra" index="6" head="4" relation="POBJ"/></mor></w>
    <t type="e"><mor type="mor"><mt type="e"/><gra type="gra" index="7" head="3" relation="PUNCT"/></mor></t>

    <a type="gesture">&lt;1w&gt; looks at book .</a>
  </u>
  <u who="MOT" uID="u128">
    <w>that's<mor type="mor"><mw><pos><c>pro</c><s>dem</s></pos><stem>that</stem></mw><gra type="gra" index="1" head="2" relation="SUBJ"/><mor-post><mw><pos><c>cop</c></pos><stem>be</stem><mk type="sfxf">3S</mk></mw><gra type="gra" index="2" head="0" relation="ROOT"/></mor-post></mor></w>
    <w>the<mor type="mor"><mw><pos><c>det</c><s>art</s></pos><stem>the</stem></mw><gra type="gra" index="3" head="4" relation="DET"/></mor></w>
    <w>end<mor type="mor"><mw><pos><c>n</c></pos><stem>end</stem></mw><gra type="gra" index="4" head="2" relation="PRED"/></mor></w>
    <t type="p"><mor type="mor"><mt type="p"/><gra type="gra" index="5" head="2" relation="PUNCT"/></mor></t>

    <a type="actions">&lt;1w&gt; shuts book</a>
    <a type="gesture">&lt;1w-3w&gt; looks at Mandy</a>
  </u>
  <u who="MOT" uID="u129">
    <w>did<mor type="mor"><mw><pos><c>mod</c></pos><stem>do</stem><mk type="sfxf">PAST</mk></mw><gra type="gra" index="1" head="3" relation="AUX"/></mor></w>
    <w>you<mor type="mor"><mw><pos><c>pro</c><s>per</s></pos><stem>you</stem></mw><gra type="gra" index="2" head="3" relation="SUBJ"/></mor></w>
    <w>like<mor type="mor"><mw><pos><c>v</c></pos><stem>like</stem></mw><gra type="gra" index="3" head="0" relation="ROOT"/></mor></w>
    <w>that<mor type="mor"><mw><pos><c>det</c><s>dem</s></pos><stem>that</stem></mw><gra type="gra" index="4" head="5" relation="DET"/></mor></w>
    <w>book<mor type="mor"><mw><pos><c>n</c></pos><stem>book</stem></mw><gra type="gra" index="5" head="3" relation="OBJ"/></mor></w>
    <t type="q"><mor type="mor"><mt type="q"/><gra type="gra" index="6" head="3" relation="PUNCT"/></mor></t>

    <a type="gesture">&lt;1w-5w&gt; looks at Mandy</a>
  </u>
  <u who="CHI" uID="u130">
    <w>uhhuh<mor type="mor"><mw><pos><c>co</c></pos><stem>uhhuh</stem></mw><gra type="gra" index="1" head="0" relation="INCROOT"/></mor></w>
    <t type="p"><mor type="mor"><mt type="p"/><gra type="gra" index="2" head="1" relation="PUNCT"/></mor></t>

    <a type="gesture">looks around . smiles</a>
  </u>
  <u who="CHI" uID="u131">
    <w>I<mor type="mor"><mw><pos><c>pro</c><s>sub</s></pos><stem>I</stem></mw><gra type="gra" index="1" head="2" relation="SUBJ"/></mor></w>
    <w>want<mor type="mor"><mw><pos><c>v</c></pos><stem>want</stem></mw><gra type="gra" index="2" head="0" relation="ROOT"/></mor></w>
    <w>another<mor type="mor"><mw><pos><c>qn</c></pos><stem>another</stem></mw><gra type="gra" index="3" head="4" relation="QUANT"/></mor></w>
    <w>book<mor type="mor"><mw><pos><c>n</c></pos><stem>book</stem></mw><gra type="gra" index="4" head="2" relation="OBJ"/></mor></w>
    <t type="p"><mor type="mor"><mt type="p"/><gra type="gra" index="5" head="2" relation="PUNCT"/></mor></t>

  </u>
</CHAT>