<?xml version="1.0" encoding="UTF-8"?>

<CHAT xmlns:xsi="http://www.w3.org/2001/XMLSchema-instance"
      xmlns="http://www.talkbank.org/ns/talkbank"
      xsi:schemaLocation="http://www.talkbank.org/ns/talkbank https://talkbank.org/software/talkbank.xsd"
            DesignType="cross"
            ActivityType="toyplay"
            GroupType="TD"
      PID="11312/c-00015326-1"
      Version="2.16.0"
      Lang="eng"
      Corpus="Bates"
      >
  <Participants>
    <participant
      id="CHI"
    name="Rick"
      role="Target_Child"
      language="eng"
      age="P2Y04M"
      sex="male"
      group="TD"
      SES="MC"

    />
    <participant
      id="MOT"
      role="Mother"
      language="eng"
      sex="female"

    />
    <participant
      id="INV"
      role="Investigator"
      language="eng"

    />
  </Participants>
  <comment type="Types">cross, toyplay, TD</comment>
  <u who="INV" uID="u0">
    <w>can<mor type="mor"><mw><pos><c>mod</c></pos><stem>can</stem></mw><gra type="gra" index="1" head="3" relation="AUX"/></mor></w>
    <w>you<mor type="mor"><mw><pos><c>pro</c><s>per</s></pos><stem>you</stem></mw><gra type="gra" index="2" head="3" relation="SUBJ"/></mor></w>
    <w>tell<mor type="mor"><mw><pos><c>v</c></pos><stem>tell</stem></mw><gra type="gra" index="3" head="0" relation="ROOT"/></mor></w>
    <w>that<mor type="mor"><mw><pos><c>det</c><s>dem</s></pos><stem>that</stem></mw><gra type="gra" index="4" head="5" relation="DET"/></mor></w>
    <w>story<mor type="mor"><mw><pos><c>n</c></pos><stem>story</stem></mw><gra type="gra" index="5" head="3" relation="OBJ"/></mor></w>
    <w>to<mor type="mor"><mw><pos><c>prep</c></pos><stem>to</stem></mw><gra type="gra" index="6" head="3" relation="JCT"/></mor></w>
    <w>your<mor type="mor"><mw><pos><c>det</c><s>poss</s></pos><stem>your</stem></mw><gra type="gra" index="7" head="8" relation="DET"/></mor></w>
    <w>Mommy<mor type="mor"><mw><pos><c>n</c><s>prop</s></pos><stem>Mommy</stem></mw><gra type="gra" index="8" head="6" relation="POBJ"/></mor></w>
    <t type="q"><mor type="mor"><mt type="q"/><gra type="gra" index="9" head="3" relation="PUNCT"/></mor></t>

    <a type="actions">&lt;1w&gt; hands book to Rick .</a>
  </u>
  <u who="INV" uID="u1">
    <w>do<mor type="mor"><mw><pos><c>mod</c></pos><stem>do</stem></mw><gra type="gra" index="1" head="3" relation="AUX"/></mor></w>
    <w>you<mor type="mor"><mw><pos><c>pro</c><s>per</s></pos><stem>you</stem></mw><gra type="gra" index="2" head="3" relation="SUBJ"/></mor></w>
    <w>want<mor type="mor"><mw><pos><c>v</c></pos><stem>want</stem></mw><gra type="gra" index="3" head="0" relation="ROOT"/></mor></w>
    <w>these<mor type="mor"><mw><pos><c>det</c><s>dem</s></pos><stem>these</stem></mw><gra type="gra" index="4" head="5" relation="DET"/></mor></w>
    <w>here<mor type="mor"><mw><pos><c>n</c></pos><stem>here</stem></mw><gra type="gra" index="5" head="3" relation="OBJ"/></mor></w>
    <t type="q"><mor type="mor"><mt type="q"/><gra type="gra" index="6" head="3" relation="PUNCT"/></mor></t>

    <a type="explanation">&lt;1w&gt; these refers to pretzels .</a>
  </u>
  <u who="INV" uID="u2">
    <w>why<mor type="mor"><mw><pos><c>pro</c><s>int</s></pos><stem>why</stem></mw><gra type="gra" index="1" head="6" relation="LINK"/></mor></w>
    <w>don't<mor type="mor"><mw><pos><c>mod</c></pos><stem>do</stem></mw><gra type="gra" index="2" head="6" relation="AUX"/><mor-post><mw><pos><c>neg</c></pos><stem>not</stem></mw><gra type="gra" index="3" head="2" relation="NEG"/></mor-post></mor></w>
    <w>we<mor type="mor"><mw><pos><c>pro</c><s>sub</s></pos><stem>we</stem></mw><gra type="gra" index="4" head="6" relation="SUBJ"/></mor></w>
    <w>just<mor type="mor"><mw><pos><c>adv</c></pos><stem>just</stem></mw><gra type="gra" index="5" head="6" relation="JCT"/></mor></w>
    <w>keep<mor type="mor"><mw><pos><c>v</c></pos><stem>keep</stem></mw><gra type="gra" index="6" head="0" relation="ROOT"/></mor></w>
    <w>them<mor type="mor"><mw><pos><c>pro</c><s>obj</s></pos><stem>them</stem></mw><gra type="gra" index="7" head="6" relation="OBJ"/></mor></w>
    <w>back<mor type="mor"><mw><pos><c>adv</c></pos><stem>back</stem></mw><gra type="gra" index="8" head="6" relation="JCT"/></mor></w>
    <w>here<mor type="mor"><mw><pos><c>adv</c></pos><stem>here</stem></mw><gra type="gra" index="9" head="6" relation="JCT"/></mor></w>
    <t type="p"><mor type="mor"><mt type="p"/><gra type="gra" index="10" head="6" relation="PUNCT"/></mor></t>

    <a type="actions">&lt;1w&gt; moves snack</a>
  </u>
  <u who="INV" uID="u3">
    <w>okay<mor type="mor"><mw><pos><c>co</c></pos><stem>okay</stem></mw><gra type="gra" index="1" head="0" relation="INCROOT"/></mor></w>
    <t type="p"><mor type="mor"><mt type="p"/><gra type="gra" index="2" head="1" relation="PUNCT"/></mor></t>

    <a type="gesture">&lt;1w&gt; looks at Rick</a>
    <a type="explanation">&lt;1w&gt; other children talk to Mother</a>
  </u>
  <u who="CHI" uID="u4">
    <w>Mommy<mor type="mor"><mw><pos><c>n</c><s>prop</s></pos><stem>Mommy</stem></mw><gra type="gra" index="1" head="0" relation="INCROOT"/></mor></w>
    <t type="p"><mor type="mor"><mt type="p"/><gra type="gra" index="2" head="1" relation="PUNCT"/></mor></t>

    <a type="actions">opens book</a>
  </u>
  <u who="CHI" uID="u5">
    <w>oh<mor type="mor"><mw><pos><c>co</c></pos><stem>oh</stem></mw><gra type="gra" index="1" head="0" relation="INCROOT"/></mor></w>
    <t type="p"><mor type="mor"><mt type="p"/><gra type="gra" index="2" head="1" relation="PUNCT"/></mor></t>

    <a type="gesture">&lt;aft&gt; points to book</a>
  </u>
  <u who="MOT" uID="u6">
    <w>is<mor type="mor"><mw><pos><c>cop</c></pos><stem>be</stem><mk type="sfxf">3S</mk></mw><gra type="gra" index="1" head="0" relation="ROOT"/></mor></w>
    <w>that<mor type="mor"><mw><pos><c>comp</c></pos><stem>that</stem></mw><gra type="gra" index="2" head="1" relation="PRED"/></mor></w>
    <w>a<mor type="mor"><mw><pos><c>det</c><s>art</s></pos><stem>a</stem></mw><gra type="gra" index="3" head="4" relation="DET"/></mor></w>
    <w>house<mor type="mor"><mw><pos><c>n</c></pos><stem>house</stem></mw><gra type="gra" index="4" head="2" relation="OM"/></mor></w>
    <t type="q"><mor type="mor"><mt type="q"/><gra type="gra" index="5" head="1" relation="PUNCT"/></mor></t>

    <a type="gesture">looks at book</a>
  </u>
  <u who="CHI" uID="u7">
    <e><action/><ga type="paralinguistics">whines</ga></e>
    <t type="p"></t>

    <a type="actions">turns page</a>
    <a type="gesture">looks at book</a>
  </u>
  <u who="MOT" uID="u8">
    <w>what's<mor type="mor"><mw><pos><c>pro</c><s>int</s></pos><stem>what</stem></mw><gra type="gra" index="1" head="2" relation="SUBJ"/><mor-post><mw><pos><c>cop</c></pos><stem>be</stem><mk type="sfxf">3S</mk></mw><gra type="gra" index="2" head="0" relation="ROOT"/></mor-post></mor></w>
    <w>that<mor type="mor"><mw><pos><c>pro</c><s>dem</s></pos><stem>that</stem></mw><gra type="gra" index="3" head="2" relation="PRED"/></mor></w>
    <t type="q"><mor type="mor"><mt type="q"/><gra type="gra" index="4" head="2" relation="PUNCT"/></mor></t>

    <a type="gesture">looks at book</a>
    <a type="actions">turns page</a>
  </u>
  <u who="CHI" uID="u9">
    <w>room<mor type="mor"><mw><pos><c>n</c></pos><stem>room</stem></mw><gra type="gra" index="1" head="0" relation="INCROOT"/></mor></w>
    <t type="p"><mor type="mor"><mt type="p"/><gra type="gra" index="2" head="1" relation="PUNCT"/></mor></t>

    <a type="gesture">looks at book</a>
  </u>
  <u who="MOT" uID="u10">
    <w>is<mor type="mor"><mw><pos><c>cop</c></pos><stem>be</stem><mk type="sfxf">3S</mk></mw><gra type="gra" index="1" head="0" relation="ROOT"/></mor></w>
    <w>that<mor type="mor"><mw><pos><c>comp</c></pos><stem>that</stem></mw><gra type="gra" index="2" head="1" relation="PRED"/></mor></w>
    <w>a<mor type="mor"><mw><pos><c>det</c><s>art</s></pos><stem>a</stem></mw><gra type="gra" index="3" head="4" relation="DET"/></mor></w>
    <w>room<mor type="mor"><mw><pos><c>n</c></pos><stem>room</stem></mw><gra type="gra" index="4" head="2" relation="OM"/></mor></w>
    <t type="q"><mor type="mor"><mt type="q"/><gra type="gra" index="5" head="1" relation="PUNCT"/></mor></t>

    <a type="gesture">looks at book</a>
  </u>
  <u who="CHI" uID="u11">
    <w>yeah<mor type="mor"><mw><pos><c>co</c></pos><stem>yeah</stem></mw><gra type="gra" index="1" head="0" relation="INCROOT"/></mor></w>
    <w untranscribed="unintelligible">xxx</w>
    <w>there<mor type="mor"><mw><pos><c>adv</c></pos><stem>there</stem></mw><gra type="gra" index="2" head="1" relation="JCT"/></mor></w>
    <t type="p"><mor type="mor"><mt type="p"/><gra type="gra" index="3" head="1" relation="PUNCT"/></mor></t>

    <a type="actions">points to book</a>
    <a type="extension" flavor="pho">jeh des tSo dar</a>
    <a type="alternative">yeah echoes there</a>
  </u>
  <u who="MOT" uID="u12">
    <w>uhhum<mor type="mor"><mw><pos><c>co</c></pos><stem>uhhum</stem></mw><gra type="gra" index="1" head="0" relation="INCROOT"/></mor></w>
    <t type="p"><mor type="mor"><mt type="p"/><gra type="gra" index="2" head="1" relation="PUNCT"/></mor></t>

    <a type="gesture">looks at book</a>
  </u>
  <u who="CHI" uID="u13">
    <w untranscribed="unintelligible-with-pho">yyy</w>
    <t type="p"></t>

    <a type="actions">turns page</a>
    <a type="extension" flavor="pho">da tSoz</a>
    <a type="alternative">echoes</a>
  </u>
  <u who="MOT" uID="u14">
    <w>echoes<mor type="mor"><mw><pos><c>n</c></pos><stem>echo</stem><mk type="sfx">PL</mk></mw><gra type="gra" index="1" head="0" relation="INCROOT"/></mor></w>
    <t type="p"><mor type="mor"><mt type="p"/><gra type="gra" index="2" head="1" relation="PUNCT"/></mor></t>

    <a type="gesture">looks at book</a>
  </u>
  <u who="CHI" uID="u15">
    <w>real<mor type="mor"><mw><pos><c>adj</c></pos><stem>real</stem></mw><gra type="gra" index="1" head="2" relation="MOD"/></mor></w>
    <w>hat<mor type="mor"><mw><pos><c>n</c></pos><stem>hat</stem></mw><gra type="gra" index="2" head="0" relation="INCROOT"/></mor></w>
    <t type="p"><mor type="mor"><mt type="p"/><gra type="gra" index="3" head="2" relation="PUNCT"/></mor></t>

    <a type="actions">&lt;aft&gt; turns page</a>
    <a type="gesture">looks at book</a>
    <a type="extension" flavor="pho">ri &amp;ha</a>
  </u>
  <u who="MOT" uID="u16">
    <w>uhhuh<mor type="mor"><mw><pos><c>co</c></pos><stem>uhhuh</stem></mw><gra type="gra" index="1" head="0" relation="INCROOT"/></mor></w>
    <t type="p"><mor type="mor"><mt type="p"/><gra type="gra" index="2" head="1" relation="PUNCT"/></mor></t>

    <a type="gesture">looks at book</a>
    <a type="actions">turns page</a>
  </u>
  <u who="MOT" uID="u17">
    <w>a<mor type="mor"><mw><pos><c>det</c><s>art</s></pos><stem>a</stem></mw><gra type="gra" index="1" head="3" relation="DET"/></mor></w>
    <w>real<mor type="mor"><mw><pos><c>adj</c></pos><stem>real</stem></mw><gra type="gra" index="2" head="3" relation="MOD"/></mor></w>
    <w>hat<mor type="mor"><mw><pos><c>n</c></pos><stem>hat</stem></mw><gra type="gra" index="3" head="0" relation="INCROOT"/></mor></w>
    <t type="p"><mor type="mor"><mt type="p"/><gra type="gra" index="4" head="3" relation="PUNCT"/></mor></t>

  </u>
  <u who="MOT" uID="u18">
    <w>let's<mor type="mor"><mw><pos><c>v</c></pos><stem>let</stem></mw><gra type="gra" index="1" head="0" relation="ROOT"/><mor-post><mw><pos><c>pro</c><s>obj</s></pos><stem>us</stem></mw><gra type="gra" index="2" head="3" relation="SUBJ"/></mor-post></mor></w>
    <w>look<mor type="mor"><mw><pos><c>v</c></pos><stem>look</stem></mw><gra type="gra" index="3" head="1" relation="COMP"/></mor></w>
    <w>at<mor type="mor"><mw><pos><c>prep</c></pos><stem>at</stem></mw><gra type="gra" index="4" head="3" relation="JCT"/></mor></w>
    <w>this<mor type="mor"><mw><pos><c>det</c><s>dem</s></pos><stem>this</stem></mw><gra type="gra" index="5" head="7" relation="DET"/></mor></w>
    <w>one<mor type="mor"><mw><pos><c>det</c><s>num</s></pos><stem>one</stem></mw><gra type="gra" index="6" head="7" relation="QUANT"/></mor></w>
    <w>page<mor type="mor"><mw><pos><c>n</c></pos><stem>page</stem></mw><gra type="gra" index="7" head="4" relation="POBJ"/></mor></w>
    <w>here<mor type="mor"><mw><pos><c>adv</c></pos><stem>here</stem></mw><gra type="gra" index="8" head="3" relation="JCT"/></mor></w>
    <t type="p"><mor type="mor"><mt type="p"/><gra type="gra" index="9" head="1" relation="PUNCT"/></mor></t>

  </u>
  <u who="INV" uID="u19">
    <w>there's<mor type="mor"><mw><pos><c>pro</c><s>exist</s></pos><stem>there</stem></mw><gra type="gra" index="1" head="2" relation="SUBJ"/><mor-post><mw><pos><c>cop</c></pos><stem>be</stem><mk type="sfxf">3S</mk></mw><gra type="gra" index="2" head="0" relation="ROOT"/></mor-post></mor></w>
    <w>one<mor type="mor"><mw><pos><c>pro</c><s>indef</s></pos><stem>one</stem></mw><gra type="gra" index="3" head="2" relation="PRED"/></mor></w>
    <w>that's<mor type="mor"><mw><pos><c>pro</c><s>dem</s></pos><stem>that</stem></mw><gra type="gra" index="4" head="5" relation="SUBJ"/><mor-post><mw><pos><c>cop</c></pos><stem>be</stem><mk type="sfxf">3S</mk></mw><gra type="gra" index="5" head="3" relation="CMOD"/></mor-post></mor></w>
    <w>stuck<mor type="mor"><mw><pos><c>v</c></pos><stem>stick</stem><mk type="sfxf">PAST</mk></mw><gra type="gra" index="6" head="5" relation="CPRED"/></mor></w>
    <t type="p"><mor type="mor"><mt type="p"/><gra type="gra" index="7" head="2" relation="PUNCT"/></mor></t>

  </u>
  <u who="CHI" uID="u20">
    <e><action/><ga type="paralinguistics">coughs</ga></e>
    <t type="p"></t>

    <a type="gesture">looks at book</a>
  </u>
  <u who="MOT" uID="u21">
    <w>what's<mor type="mor"><mw><pos><c>pro</c><s>int</s></pos><stem>what</stem></mw><gra type="gra" index="1" head="2" relation="SUBJ"/><mor-post><mw><pos><c>cop</c></pos><stem>be</stem><mk type="sfxf">3S</mk></mw><gra type="gra" index="2" head="0" relation="ROOT"/></mor-post></mor></w>
    <w>that<mor type="mor"><mw><pos><c>pro</c><s>dem</s></pos><stem>that</stem></mw><gra type="gra" index="3" head="2" relation="PRED"/></mor></w>
    <t type="q"><mor type="mor"><mt type="q"/><gra type="gra" index="4" head="2" relation="PUNCT"/></mor></t>

    <a type="gesture">looks at book</a>
  </u>
  <u who="MOT" uID="u22">
    <w>is<mor type="mor"><mw><pos><c>cop</c></pos><stem>be</stem><mk type="sfxf">3S</mk></mw><gra type="gra" index="1" head="0" relation="ROOT"/></mor></w>
    <w>that<mor type="mor"><mw><pos><c>comp</c></pos><stem>that</stem></mw><gra type="gra" index="2" head="1" relation="PRED"/></mor></w>
    <w>a<mor type="mor"><mw><pos><c>det</c><s>art</s></pos><stem>a</stem></mw><gra type="gra" index="3" head="4" relation="DET"/></mor></w>
    <w>bird<mor type="mor"><mw><pos><c>n</c></pos><stem>bird</stem></mw><gra type="gra" index="4" head="2" relation="OM"/></mor></w>
    <t type="q"><mor type="mor"><mt type="q"/><gra type="gra" index="5" head="1" relation="PUNCT"/></mor></t>

  </u>
  <u who="CHI" uID="u23">
    <w>bird<mor type="mor"><mw><pos><c>n</c></pos><stem>bird</stem></mw><gra type="gra" index="1" head="0" relation="INCROOT"/></mor></w>
    <t type="p"><mor type="mor"><mt type="p"/><gra type="gra" index="2" head="1" relation="PUNCT"/></mor></t>

    <a type="gesture">looks at book</a>
    <a type="extension" flavor="pho">b3rd b3rd b3rd dar b3rd b3rd jeh b3r b3rd bur</a>
  </u>
  <u who="CHI" uID="u24">
    <w>bird<mor type="mor"><mw><pos><c>n</c></pos><stem>bird</stem></mw><gra type="gra" index="1" head="0" relation="INCROOT"/></mor></w>
    <t type="p"><mor type="mor"><mt type="p"/><gra type="gra" index="2" head="1" relation="PUNCT"/></mor></t>

  </u>
  <u who="CHI" uID="u25">
    <w>bird<mor type="mor"><mw><pos><c>n</c></pos><stem>bird</stem></mw><gra type="gra" index="1" head="0" relation="INCROOT"/></mor></w>
    <t type="p"><mor type="mor"><mt type="p"/><gra type="gra" index="2" head="1" relation="PUNCT"/></mor></t>

  </u>
  <u who="CHI" uID="u26">
    <w>there<mor type="mor"><mw><pos><c>adv</c></pos><stem>there</stem></mw><gra type="gra" index="1" head="2" relation="SUBJ"/></mor></w>
    <g><w>bird<mor type="mor"><mw><pos><c>n</c></pos><stem>bird</stem></mw><gra type="gra" index="2" head="0" relation="INCROOT"/></mor></w><error/></g>
    <t type="p"><mor type="mor"><mt type="p"/><gra type="gra" index="3" head="2" relation="PUNCT"/></mor></t>

  </u>
  <u who="CHI" uID="u27">
    <w>bird<mor type="mor"><mw><pos><c>n</c></pos><stem>bird</stem></mw><gra type="gra" index="1" head="0" relation="INCROOT"/></mor></w>
    <t type="p"><mor type="mor"><mt type="p"/><gra type="gra" index="2" head="1" relation="PUNCT"/></mor></t>

  </u>
  <u who="CHI" uID="u28">
    <w>yeah<mor type="mor"><mw><pos><c>co</c></pos><stem>yeah</stem></mw><gra type="gra" index="1" head="4" relation="COM"/></mor></w>
    <pause symbolic-length="simple"/>
    <w>bird<mor type="mor"><mw><pos><c>n</c></pos><stem>bird</stem></mw><gra type="gra" index="2" head="4" relation="MOD"/></mor></w>
    <pause symbolic-length="simple"/>
    <w>bird<mor type="mor"><mw><pos><c>n</c></pos><stem>bird</stem></mw><gra type="gra" index="3" head="4" relation="MOD"/></mor></w>
    <pause symbolic-length="simple"/>
    <w>bird<mor type="mor"><mw><pos><c>n</c></pos><stem>bird</stem></mw><gra type="gra" index="4" head="0" relation="INCROOT"/></mor></w>
    <t type="p"><mor type="mor"><mt type="p"/><gra type="gra" index="5" head="4" relation="PUNCT"/></mor></t>

    <a type="actions">&lt;aft&gt; turns page again</a>
  </u>
  <u who="MOT" uID="u29">
    <w>uhhuh<mor type="mor"><mw><pos><c>co</c></pos><stem>uhhuh</stem></mw><gra type="gra" index="1" head="0" relation="INCROOT"/></mor></w>
    <t type="p"><mor type="mor"><mt type="p"/><gra type="gra" index="2" head="1" relation="PUNCT"/></mor></t>

    <a type="gesture">looks at book . smiles</a>
    <a type="paralinguistics">&lt;aft&gt; laughs</a>
  </u>
  <u who="CHI" uID="u30">
    <w formType="word play">rin_my_my_my_my<mor type="mor"><mw><pos><c>wplay</c></pos><stem>rin_my_my_my_my</stem></mw><gra type="gra" index="1" head="0" relation="INCROOT"/></mor></w>
    <t type="p"><mor type="mor"><mt type="p"/><gra type="gra" index="2" head="1" relation="PUNCT"/></mor></t>

    <a type="actions">&lt;aft&gt; closes book and hands to Investigator</a>
  </u>
  <u who="INV" uID="u31">
    <w>you<mor type="mor"><mw><pos><c>pro</c><s>per</s></pos><stem>you</stem></mw><gra type="gra" index="1" head="3" relation="SUBJ"/></mor></w>
    <w>all<mor type="mor"><mw><pos><c>adv</c></pos><stem>all</stem></mw><gra type="gra" index="2" head="3" relation="JCT"/></mor></w>
    <w>done<mor type="mor"><mw><pos><c>part</c></pos><stem>do</stem><mk type="sfxf">PASTP</mk></mw><gra type="gra" index="3" head="0" relation="ROOT"/></mor></w>
    <t type="q"><mor type="mor"><mt type="q"/><gra type="gra" index="4" head="3" relation="PUNCT"/></mor></t>

  </u>
  <u who="INV" uID="u32">
    <w>okay<mor type="mor"><mw><pos><c>co</c></pos><stem>okay</stem></mw><gra type="gra" index="1" head="0" relation="INCROOT"/></mor></w>
    <t type="p"><mor type="mor"><mt type="p"/><gra type="gra" index="2" head="1" relation="PUNCT"/></mor></t>

  </u>
  <u who="INV" uID="u33">
    <w>okay<mor type="mor"><mw><pos><c>co</c></pos><stem>okay</stem></mw><gra type="gra" index="1" head="0" relation="INCROOT"/></mor></w>
    <t type="p"><mor type="mor"><mt type="p"/><gra type="gra" index="2" head="1" relation="PUNCT"/></mor></t>

  </u>
  <u who="INV" uID="u34">
    <w>here's<mor type="mor"><mw><pos><c>pro</c><s>exist</s></pos><stem>here</stem></mw><gra type="gra" index="1" head="2" relation="SUBJ"/><mor-post><mw><pos><c>cop</c></pos><stem>be</stem><mk type="sfxf">3S</mk></mw><gra type="gra" index="2" head="0" relation="ROOT"/></mor-post></mor></w>
    <w>your<mor type="mor"><mw><pos><c>det</c><s>poss</s></pos><stem>your</stem></mw><gra type="gra" index="3" head="4" relation="DET"/></mor></w>
    <w>pretzels<mor type="mor"><mw><pos><c>n</c></pos><stem>pretzel</stem><mk type="sfx">PL</mk></mw><gra type="gra" index="4" head="2" relation="PRED"/></mor></w>
    <t type="p"><mor type="mor"><mt type="p"/><gra type="gra" index="5" head="2" relation="PUNCT"/></mor></t>

  </u>
  <u who="INV" uID="u35">
    <w>have<mor type="mor"><mw><pos><c>v</c></pos><stem>have</stem></mw><gra type="gra" index="1" head="0" relation="ROOT"/></mor></w>
    <w>another<mor type="mor"><mw><pos><c>qn</c></pos><stem>another</stem></mw><gra type="gra" index="2" head="3" relation="QUANT"/></mor></w>
    <w>book<mor type="mor"><mw><pos><c>n</c></pos><stem>book</stem></mw><gra type="gra" index="3" head="1" relation="OBJ"/></mor></w>
    <t type="p"><mor type="mor"><mt type="p"/><gra type="gra" index="4" head="1" relation="PUNCT"/></mor></t>

  </u>
</CHAT>