<?xml version="1.0" encoding="UTF-8"?>

<CHAT xmlns:xsi="http://www.w3.org/2001/XMLSchema-instance"
      xmlns="http://www.talkbank.org/ns/talkbank"
      xsi:schemaLocation="http://www.talkbank.org/ns/talkbank https://talkbank.org/software/talkbank.xsd"
            DesignType="cross"
            ActivityType="toyplay"
            GroupType="TD"
      PID="11312/c-00015220-1"
      Version="2.16.0"
      Lang="eng"
      Corpus="Bates"
      >
  <Participants>
    <participant
      id="CHI"
    name="Chuck"
      role="Target_Child"
      language="eng"
      age="P1Y08M"
      sex="male"
      group="TD"
      SES="MC"

    />
    <participant
      id="MOT"
      role="Mother"
      language="eng"
      sex="female"

    />
  </Participants>
  <comment type="Types">cross, toyplay, TD</comment>
  <u who="MOT" uID="u0">
    <w>try<mor type="mor"><mw><pos><c>v</c></pos><stem>try</stem></mw><gra type="gra" index="1" head="0" relation="ROOT"/></mor></w>
    <w>another<mor type="mor"><mw><pos><c>qn</c></pos><stem>another</stem></mw><gra type="gra" index="2" head="3" relation="QUANT"/></mor></w>
    <w>one<mor type="mor"><mw><pos><c>pro</c><s>indef</s></pos><stem>one</stem></mw><gra type="gra" index="3" head="1" relation="OBJ"/></mor></w>
    <t type="p"><mor type="mor"><mt type="p"/><gra type="gra" index="4" head="1" relation="PUNCT"/></mor></t>

  </u>
  <u who="CHI" uID="u1">
    <w>ball<mor type="mor"><mw><pos><c>n</c></pos><stem>ball</stem></mw><gra type="gra" index="1" head="0" relation="INCROOT"/></mor></w>
    <t type="e"><mor type="mor"><mt type="e"/><gra type="gra" index="2" head="1" relation="PUNCT"/></mor></t>

    <a type="actions">&lt;aft&gt; rubs hand on lid &lt;dur&gt; drops object . &lt;bef&gt; attempts to put shape box object in shape box . puts hands down .</a>
  </u>
  <u who="CHI" uID="u2">
    <w>ball<mor type="mor"><mw><pos><c>n</c></pos><stem>ball</stem></mw><gra type="gra" index="1" head="0" relation="INCROOT"/></mor></w>
    <t type="p"><mor type="mor"><mt type="p"/><gra type="gra" index="2" head="1" relation="PUNCT"/></mor></t>

    <a type="actions">&lt;aft&gt; opens lid again</a>
  </u>
  <u who="CHI" uID="u3">
    <w>ball<mor type="mor"><mw><pos><c>n</c></pos><stem>ball</stem></mw><gra type="gra" index="1" head="0" relation="INCROOT"/></mor></w>
    <w>oh<mor type="mor"><mw><pos><c>co</c></pos><stem>oh</stem></mw><gra type="gra" index="2" head="1" relation="COM"/></mor></w>
    <t type="e"><mor type="mor"><mt type="e"/><gra type="gra" index="3" head="1" relation="PUNCT"/></mor></t>

  </u>
  <u who="CHI" uID="u4">
    <w>ball<mor type="mor"><mw><pos><c>n</c></pos><stem>ball</stem></mw><gra type="gra" index="1" head="0" relation="INCROOT"/></mor></w>
    <t type="e"><mor type="mor"><mt type="e"/><gra type="gra" index="2" head="1" relation="PUNCT"/></mor></t>

    <a type="actions">&lt;aft&gt; holds objects &lt;dur&gt; shuts lid . &lt;bef&gt; reaches in shape box and takes out object .</a>
  </u>
  <u who="MOT" uID="u5">
    <w>those<mor type="mor"><mw><pos><c>pro</c><s>dem</s></pos><stem>those</stem></mw><gra type="gra" index="1" head="2" relation="SUBJ"/></mor></w>
    <w>are<mor type="mor"><mw><pos><c>cop</c></pos><stem>be</stem><mk type="sfxf">PRES</mk></mw><gra type="gra" index="2" head="0" relation="ROOT"/></mor></w>
    <w>very<mor type="mor"><mw><pos><c>adv</c></pos><stem>very</stem></mw><gra type="gra" index="3" head="4" relation="JCT"/></mor></w>
    <w>hard<mor type="mor"><mw><pos><c>adv</c></pos><stem>hard</stem></mw><gra type="gra" index="4" head="2" relation="PRED"/></mor></w>
    <t type="p"><mor type="mor"><mt type="p"/><gra type="gra" index="5" head="2" relation="PUNCT"/></mor></t>

    <a type="paralinguistics">&lt;1w-3w&gt; spoken softly</a>
  </u>
  <u who="MOT" uID="u6">
    <w>let<mor type="mor"><mw><pos><c>v</c></pos><stem>let</stem><mk type="sfxf">ZERO</mk></mw><gra type="gra" index="1" head="0" relation="ROOT"/></mor></w>
    <g><w>me</w><k type="retracing with correction"/></g>
    <g><w>can</w>
    <w>I</w><k type="retracing"/></g>
    <w>can<mor type="mor"><mw><pos><c>mod</c></pos><stem>can</stem></mw><gra type="gra" index="2" head="4" relation="AUX"/></mor></w>
    <w>I<mor type="mor"><mw><pos><c>pro</c><s>sub</s></pos><stem>I</stem></mw><gra type="gra" index="3" head="4" relation="SUBJ"/></mor></w>
    <w>get<mor type="mor"><mw><pos><c>v</c></pos><stem>get</stem></mw><gra type="gra" index="4" head="1" relation="COMP"/></mor></w>
    <w>one<mor type="mor"><mw><pos><c>pro</c><s>indef</s></pos><stem>one</stem></mw><gra type="gra" index="5" head="4" relation="OBJ"/></mor></w>
    <w>out<mor type="mor"><mw><pos><c>adv</c></pos><stem>out</stem></mw><gra type="gra" index="6" head="4" relation="JCT"/></mor></w>
    <t type="q"><mor type="mor"><mt type="q"/><gra type="gra" index="7" head="1" relation="PUNCT"/></mor></t>

    <a type="actions">&lt;1w&gt; attempts to open shape box . puts hands back</a>
  </u>
  <u who="CHI" uID="u7">
    <w>ball<mor type="mor"><mw><pos><c>n</c></pos><stem>ball</stem></mw><gra type="gra" index="1" head="0" relation="INCROOT"/></mor></w>
    <t type="e"><mor type="mor"><mt type="e"/><gra type="gra" index="2" head="1" relation="PUNCT"/></mor></t>

    <a type="actions">opens lid and reaches in</a>
    <a type="extension" flavor="pho">bA</a>
  </u>
  <u who="MOT" uID="u8">
    <w>I'm<mor type="mor"><mw><pos><c>pro</c><s>sub</s></pos><stem>I</stem></mw><gra type="gra" index="1" head="3" relation="SUBJ"/><mor-post><mw><pos><c>aux</c></pos><stem>be</stem><mk type="sfxf">1S</mk></mw><gra type="gra" index="2" head="3" relation="AUX"/></mor-post></mor></w>
    <w>gonna<mor type="mor"><mw><pos><c>part</c></pos><stem>go</stem><mk type="sfx">PRESP</mk></mw><gra type="gra" index="3" head="0" relation="ROOT"/><mor-post><mw><pos><c>inf</c></pos><stem>to</stem></mw><gra type="gra" index="4" head="5" relation="INF"/></mor-post></mor></w>
    <g><w>get<mor type="mor"><mw><pos><c>v</c></pos><stem>get</stem></mw><gra type="gra" index="5" head="3" relation="COMP"/></mor></w><k type="best guess"/></g>
    <w>the<mor type="mor"><mw><pos><c>det</c><s>art</s></pos><stem>the</stem></mw><gra type="gra" index="6" head="8" relation="DET"/></mor></w>
    <w>square<mor type="mor"><mw><pos><c>adj</c></pos><stem>square</stem></mw><gra type="gra" index="7" head="8" relation="MOD"/></mor></w>
    <w>one<mor type="mor"><mw><pos><c>pro</c><s>indef</s></pos><stem>one</stem></mw><gra type="gra" index="8" head="5" relation="PRED"/></mor></w>
    <pause symbolic-length="simple"/>
    <w>okay<mor type="mor"><mw><pos><c>adj</c></pos><stem>okay</stem></mw><gra type="gra" index="9" head="8" relation="POSTMOD"/></mor></w>
    <t type="e"><mor type="mor"><mt type="e"/><gra type="gra" index="10" head="3" relation="PUNCT"/></mor></t>

    <a type="actions">reaches in shape box , takes out object and holds</a>
  </u>
  <u who="CHI" uID="u9">
    <e><action/></e>
    <t type="p"></t>

    <a type="actions">takes Mother's object . shuts lid</a>
  </u>
  <u who="MOT" uID="u10">
    <w>okay<mor type="mor"><mw><pos><c>co</c></pos><stem>okay</stem></mw><gra type="gra" index="1" head="0" relation="INCROOT"/></mor></w>
    <t type="p"><mor type="mor"><mt type="p"/><gra type="gra" index="2" head="1" relation="PUNCT"/></mor></t>

    <a type="actions">begins to shut lid</a>
  </u>
  <u who="CHI" uID="u11">
    <w untranscribed="unintelligible-with-pho">yyy</w>
    <t type="e"></t>

    <a type="actions">&lt;1w&gt; attempts to put in wrong hole .</a>
    <a type="extension" flavor="pho">&lt;1w&gt; e_e</a>
  </u>
  <u who="CHI" uID="u12">
    <w type="filler">uh</w>
    <t type="e"></t>

    <a type="actions">&lt;1w&gt; tries correct hole</a>
    <a type="paralinguistics">&lt;1w&gt; frustrated tone</a>
  </u>
  <u who="MOT" uID="u13">
    <w>there<mor type="mor"><mw><pos><c>adv</c></pos><stem>there</stem></mw><gra type="gra" index="1" head="0" relation="INCROOT"/></mor></w>
    <t type="e"><mor type="mor"><mt type="e"/><gra type="gra" index="2" head="1" relation="PUNCT"/></mor></t>

    <a type="paralinguistics">&lt;1w&gt; spoken loudly</a>
  </u>
  <u who="MOT" uID="u14">
    <w>good<mor type="mor"><mw><pos><c>adj</c></pos><stem>good</stem></mw><gra type="gra" index="1" head="2" relation="MOD"/></mor></w>
    <g><w>boy<mor type="mor"><mw><pos><c>n</c></pos><stem>boy</stem></mw><gra type="gra" index="2" head="0" relation="INCROOT"/></mor></w><k type="stressing"/></g>
    <t type="e"><mor type="mor"><mt type="e"/><gra type="gra" index="3" head="2" relation="PUNCT"/></mor></t>

  </u>
  <u who="CHI" uID="u15">
    <g><w untranscribed="unintelligible-with-pho">yyy</w><overlap type="overlap follows"/></g>
    <t type="e"></t>

    <a type="actions">&lt;1w&gt; puts ball in</a>
    <a type="extension" flavor="pho">e A</a>
  </u>
  <u who="CHI" uID="u16">
    <g><w untranscribed="unintelligible-with-pho">yyy</w><overlap type="overlap follows"/></g>
    <t type="e"></t>

    <a type="gesture">&lt;1w&gt; smiles at Mother</a>
  </u>
  <u who="MOT" uID="u17">
    <g><w>that<mor type="mor"><mw><pos><c>pro</c><s>dem</s></pos><stem>that</stem></mw><gra type="gra" index="1" head="2" relation="SUBJ"/></mor></w>
    <w>was<mor type="mor"><mw><pos><c>cop</c></pos><stem>be</stem><mk type="sfxf">PAST</mk><mk type="sfxf">13S</mk></mw><gra type="gra" index="2" head="0" relation="ROOT"/></mor></w>
    <w>a<mor type="mor"><mw><pos><c>det</c><s>art</s></pos><stem>a</stem></mw><gra type="gra" index="3" head="5" relation="DET"/></mor></w>
    <w>good<mor type="mor"><mw><pos><c>adj</c></pos><stem>good</stem></mw><gra type="gra" index="4" head="5" relation="MOD"/></mor></w>
    <w>boy<mor type="mor"><mw><pos><c>n</c></pos><stem>boy</stem></mw><gra type="gra" index="5" head="2" relation="PRED"/></mor></w><overlap type="overlap precedes"/></g>
    <t type="e"><mor type="mor"><mt type="e"/><gra type="gra" index="6" head="2" relation="PUNCT"/></mor></t>

  </u>
  <u who="MOT" uID="u18">
    <w>yeah<mor type="mor"><mw><pos><c>co</c></pos><stem>yeah</stem></mw><gra type="gra" index="1" head="2" relation="COM"/></mor></w>
    <pause symbolic-length="simple"/>
    <w>neat<mor type="mor"><mw><pos><c>adj</c></pos><stem>neat</stem></mw><gra type="gra" index="2" head="0" relation="INCROOT"/></mor></w>
    <t type="e"><mor type="mor"><mt type="e"/><gra type="gra" index="3" head="2" relation="PUNCT"/></mor></t>

    <a type="paralinguistics">laughs</a>
  </u>
  <u who="CHI" uID="u19">
    <w>ball<mor type="mor"><mw><pos><c>n</c></pos><stem>ball</stem></mw><gra type="gra" index="1" head="0" relation="INCROOT"/></mor></w>
    <t type="e"><mor type="mor"><mt type="e"/><gra type="gra" index="2" head="1" relation="PUNCT"/></mor></t>

    <a type="actions">&lt;dur&gt; opens shape box &lt;bef&gt; puts object in shape box correctly .</a>
    <a type="extension" flavor="pho">bA</a>
  </u>
  <u who="MOT" uID="u20">
    <g><w>balls<mor type="mor"><mw><pos><c>n</c></pos><stem>ball</stem><mk type="sfx">PL</mk></mw><gra type="gra" index="1" head="2" relation="SUBJ"/></mor></w><k type="stressing"/></g>
    <w>go<mor type="mor"><mw><pos><c>v</c></pos><stem>go</stem></mw><gra type="gra" index="2" head="0" relation="ROOT"/></mor></w>
    <w>right<mor type="mor"><mw><pos><c>adv</c></pos><stem>right</stem></mw><gra type="gra" index="3" head="2" relation="JCT"/></mor></w>
    <w>through<mor type="mor"><mw><pos><c>prep</c></pos><stem>through</stem></mw><gra type="gra" index="4" head="2" relation="JCT"/></mor></w>
    <w>there<mor type="mor"><mw><pos><c>n</c></pos><stem>there</stem></mw><gra type="gra" index="5" head="4" relation="POBJ"/></mor></w>
    <pause symbolic-length="simple"/>
    <w>so<mor type="mor"><mw><pos><c>adv</c></pos><stem>so</stem></mw><gra type="gra" index="6" head="7" relation="JCT"/></mor></w>
    <w>neat<mor type="mor"><mw><pos><c>adj</c></pos><stem>neat</stem></mw><gra type="gra" index="7" head="2" relation="JCT"/></mor></w>
    <t type="e"><mor type="mor"><mt type="e"/><gra type="gra" index="8" head="2" relation="PUNCT"/></mor></t>

    <a type="speech act">$IMIT</a>
  </u>
  <u who="MOT" uID="u21">
    <w>don't<mor type="mor"><mw><pos><c>mod</c></pos><stem>do</stem></mw><gra type="gra" index="1" head="3" relation="AUX"/><mor-post><mw><pos><c>neg</c></pos><stem>not</stem></mw><gra type="gra" index="2" head="1" relation="NEG"/></mor-post></mor></w>
    <w>they<mor type="mor"><mw><pos><c>pro</c><s>sub</s></pos><stem>they</stem></mw><gra type="gra" index="3" head="0" relation="INCROOT"/></mor></w>
    <t type="q"><mor type="mor"><mt type="q"/><gra type="gra" index="4" head="3" relation="PUNCT"/></mor></t>

  </u>
  <u who="CHI" uID="u22">
    <w>ball<mor type="mor"><mw><pos><c>n</c></pos><stem>ball</stem></mw><gra type="gra" index="1" head="0" relation="INCROOT"/></mor></w>
    <w untranscribed="unintelligible-with-pho">yyy</w>
    <t type="p"><mor type="mor"><mt type="p"/><gra type="gra" index="2" head="1" relation="PUNCT"/></mor></t>

    <a type="actions">&lt;aft&gt; shuts lid . puts object in hand and holds over correct hole , then puts down on wrong hole</a>
    <a type="extension" flavor="pho">bA 6+6</a>
  </u>
  <u who="MOT" uID="u23">
    <w>uhhu<p type="drawl"/>h<mor type="mor"><mw><pos><c>co</c></pos><stem>uhhuh</stem></mw><gra type="gra" index="1" head="0" relation="INCROOT"/></mor></w>
    <t type="p"><mor type="mor"><mt type="p"/><gra type="gra" index="2" head="1" relation="PUNCT"/></mor></t>

    <a type="paralinguistics">spoken softly</a>
  </u>
  <u who="CHI" uID="u24">
    <e><action/></e>
    <t type="p"></t>

    <a type="actions">presses object briefly on lid . picks up ball object then puts down on floor</a>
  </u>
  <u who="CHI" uID="u25">
    <w untranscribed="unintelligible-with-pho">yyy</w>
    <t type="p"></t>

    <a type="paralinguistics">frustrated tone</a>
    <a type="extension" flavor="pho">e_e hi e_e</a>
  </u>
  <u who="MOT" uID="u26">
    <w>that<mor type="mor"><mw><pos><c>pro</c><s>dem</s></pos><stem>that</stem></mw><gra type="gra" index="1" head="5" relation="SUBJ"/></mor></w>
    <w>just<mor type="mor"><mw><pos><c>adv</c></pos><stem>just</stem></mw><gra type="gra" index="2" head="5" relation="JCT"/></mor></w>
    <w>doesn't<mor type="mor"><mw><pos><c>mod</c></pos><stem>do</stem><mk type="sfxf">3S</mk></mw><gra type="gra" index="3" head="5" relation="AUX"/><mor-post><mw><pos><c>neg</c></pos><stem>not</stem></mw><gra type="gra" index="4" head="3" relation="NEG"/></mor-post></mor></w>
    <w>go<mor type="mor"><mw><pos><c>v</c></pos><stem>go</stem></mw><gra type="gra" index="5" head="0" relation="ROOT"/></mor></w>
    <w>there<mor type="mor"><mw><pos><c>adv</c></pos><stem>there</stem></mw><gra type="gra" index="6" head="5" relation="JCT"/></mor></w>
    <pause symbolic-length="simple"/>
    <w>does<mor type="mor"><mw><pos><c>mod</c></pos><stem>do</stem><mk type="sfxf">3S</mk></mw><gra type="gra" index="7" head="8" relation="AUX"/></mor></w>
    <w>it<mor type="mor"><mw><pos><c>pro</c><s>per</s></pos><stem>it</stem></mw><gra type="gra" index="8" head="5" relation="OBJ"/></mor></w>
    <t type="q"><mor type="mor"><mt type="q"/><gra type="gra" index="9" head="5" relation="PUNCT"/></mor></t>

  </u>
  <u who="MOT" uID="u27">
    <w>try<mor type="mor"><mw><pos><c>v</c></pos><stem>try</stem></mw><gra type="gra" index="1" head="0" relation="ROOT"/></mor></w>
    <w>another<mor type="mor"><mw><pos><c>qn</c></pos><stem>another</stem></mw><gra type="gra" index="2" head="3" relation="QUANT"/></mor></w>
    <w>one<mor type="mor"><mw><pos><c>pro</c><s>indef</s></pos><stem>one</stem></mw><gra type="gra" index="3" head="1" relation="OBJ"/></mor></w>
    <t type="p"><mor type="mor"><mt type="p"/><gra type="gra" index="4" head="1" relation="PUNCT"/></mor></t>

  </u>
  <u who="CHI" uID="u28">
    <e><action/></e>
    <t type="p"></t>

    <a type="actions">tries another hole but wrong</a>
  </u>
  <u who="MOT" uID="u29">
    <w>try<mor type="mor"><mw><pos><c>v</c></pos><stem>try</stem></mw><gra type="gra" index="1" head="0" relation="ROOT"/></mor></w>
    <w>another<mor type="mor"><mw><pos><c>qn</c></pos><stem>another</stem></mw><gra type="gra" index="2" head="3" relation="QUANT"/></mor></w>
    <w>one<mor type="mor"><mw><pos><c>pro</c><s>indef</s></pos><stem>one</stem></mw><gra type="gra" index="3" head="1" relation="OBJ"/></mor></w>
    <t type="p"><mor type="mor"><mt type="p"/><gra type="gra" index="4" head="1" relation="PUNCT"/></mor></t>

  </u>
  <u who="CHI" uID="u30">
    <g><w>uhuh<mor type="mor"><mw><pos><c>co</c></pos><stem>uhuh</stem></mw><gra type="gra" index="1" head="0" relation="INCROOT"/></mor></w><overlap type="overlap follows"/></g>
    <t type="p"><mor type="mor"><mt type="p"/><gra type="gra" index="2" head="1" relation="PUNCT"/></mor></t>

    <a type="actions">&lt;aft&gt; examines object in hand and drops</a>
  </u>
  <u who="MOT" uID="u31">
    <g><w>oops<mor type="mor"><mw><pos><c>co</c></pos><stem>oops</stem></mw><gra type="gra" index="1" head="0" relation="INCROOT"/></mor></w><overlap type="overlap precedes"/></g>
    <t type="p"><mor type="mor"><mt type="p"/><gra type="gra" index="2" head="1" relation="PUNCT"/></mor></t>

    <a type="paralinguistics">spoken softly</a>
  </u>
  <u who="CHI" uID="u32">
    <w>ball<mor type="mor"><mw><pos><c>n</c></pos><stem>ball</stem></mw><gra type="gra" index="1" head="0" relation="INCROOT"/></mor></w>
    <t type="p"><mor type="mor"><mt type="p"/><gra type="gra" index="2" head="1" relation="PUNCT"/></mor></t>

    <a type="actions">&lt;aft&gt; puts object in shape box</a>
  </u>
  <u who="CHI" uID="u33">
    <w untranscribed="unintelligible-with-pho">yyy</w>
    <w>ball<mor type="mor"><mw><pos><c>n</c></pos><stem>ball</stem></mw><gra type="gra" index="1" head="0" relation="INCROOT"/></mor></w>
    <t type="p"><mor type="mor"><mt type="p"/><gra type="gra" index="2" head="1" relation="PUNCT"/></mor></t>

    <a type="alternative">&lt;1w&gt; a</a>
    <a type="extension" flavor="pho">&lt;1w&gt; 6</a>
  </u>
  <u who="CHI" uID="u34">
    <w>ball<mor type="mor"><mw><pos><c>n</c></pos><stem>ball</stem></mw><gra type="gra" index="1" head="0" relation="INCROOT"/></mor></w>
    <t type="e"><mor type="mor"><mt type="e"/><gra type="gra" index="2" head="1" relation="PUNCT"/></mor></t>

    <a type="actions">&lt;1w&gt; puts in correct hole .</a>
    <a type="paralinguistics">&lt;1w&gt; spoken loudly</a>
  </u>
  <u who="CHI" uID="u35">
    <w untranscribed="unintelligible-with-pho">yyy</w>
    <w>ball<mor type="mor"><mw><pos><c>n</c></pos><stem>ball</stem></mw><gra type="gra" index="1" head="0" relation="INCROOT"/></mor></w>
    <t type="p"><mor type="mor"><mt type="p"/><gra type="gra" index="2" head="1" relation="PUNCT"/></mor></t>

    <a type="actions">&lt;aft&gt; briefly examines &lt;1w&gt; picks up dropped object .</a>
    <a type="alternative">&lt;1w&gt; a</a>
    <a type="extension" flavor="pho">&lt;1w&gt; 6</a>
  </u>
  <u who="MOT" uID="u36">
    <w>that's<mor type="mor"><mw><pos><c>pro</c><s>dem</s></pos><stem>that</stem></mw><gra type="gra" index="1" head="2" relation="SUBJ"/><mor-post><mw><pos><c>cop</c></pos><stem>be</stem><mk type="sfxf">3S</mk></mw><gra type="gra" index="2" head="0" relation="ROOT"/></mor-post></mor></w>
    <w>right<mor type="mor"><mw><pos><c>co</c></pos><stem>right</stem></mw><gra type="gra" index="3" head="2" relation="PRED"/></mor></w>
    <t type="p"><mor type="mor"><mt type="p"/><gra type="gra" index="4" head="2" relation="PUNCT"/></mor></t>

    <a type="paralinguistics">spoken softly</a>
  </u>
  <u who="CHI" uID="u37">
    <e><action/></e>
    <t type="p"></t>

    <a type="actions">puts object in shape box</a>
  </u>
  <u who="MOT" uID="u38">
    <g><w>that's<mor type="mor"><mw><pos><c>pro</c><s>dem</s></pos><stem>that</stem></mw><gra type="gra" index="1" head="2" relation="SUBJ"/><mor-post><mw><pos><c>cop</c></pos><stem>be</stem><mk type="sfxf">3S</mk></mw><gra type="gra" index="2" head="0" relation="ROOT"/></mor-post></mor></w><k type="stressing"/></g>
    <w>right<mor type="mor"><mw><pos><c>co</c></pos><stem>right</stem></mw><gra type="gra" index="3" head="2" relation="PRED"/></mor></w>
    <t type="e"><mor type="mor"><mt type="e"/><gra type="gra" index="4" head="2" relation="PUNCT"/></mor></t>

  </u>
  <u who="CHI" uID="u39">
    <w untranscribed="unintelligible-with-pho">yyy</w>
    <t type="e"></t>

    <a type="actions">&lt;aft&gt; takes out objects . some drop .</a>
    <a type="paralinguistics">strange noise</a>
    <a type="extension" flavor="pho">e</a>
  </u>
  <u who="CHI" uID="u40">
    <w untranscribed="unintelligible-with-pho">yyy</w>
    <t type="e"></t>

    <a type="paralinguistics">spoken loudly</a>
    <a type="extension" flavor="pho">ye+e_e</a>
  </u>
  <u who="MOT" uID="u41">
    <w>what<mor type="mor"><mw><pos><c>pro</c><s>int</s></pos><stem>what</stem></mw><gra type="gra" index="1" head="0" relation="INCROOT"/></mor></w>
    <t type="q"><mor type="mor"><mt type="q"/><gra type="gra" index="2" head="1" relation="PUNCT"/></mor></t>

  </u>
  <u who="CHI" uID="u42">
    <e><happening>laughs</happening></e>
    <t type="p"></t>

  </u>
  <u who="CHI" uID="u43">
    <w>where<mor type="mor"><mw><pos><c>pro</c><s>int</s></pos><stem>where</stem></mw><gra type="gra" index="1" head="2" relation="MOD"/></mor></w>
    <w>ball<mor type="mor"><mw><pos><c>n</c></pos><stem>ball</stem></mw><gra type="gra" index="2" head="0" relation="INCROOT"/></mor></w>
    <w untranscribed="unintelligible-with-pho">yyy</w>
    <t type="q"><mor type="mor"><mt type="q"/><gra type="gra" index="3" head="2" relation="PUNCT"/></mor></t>

    <a type="gesture">looks inside shape box</a>
    <a type="actions">leans over shape box</a>
    <a type="alternative">&lt;3w&gt; go</a>
    <a type="extension" flavor="pho">we bA moU</a>
  </u>
  <u who="MOT" uID="u44">
    <w>ball<mor type="mor"><mw><pos><c>n</c></pos><stem>ball</stem></mw><gra type="gra" index="1" head="0" relation="INCROOT"/></mor></w>
    <t type="p"><mor type="mor"><mt type="p"/><gra type="gra" index="2" head="1" relation="PUNCT"/></mor></t>

    <a type="actions">reaches in shape box . rummages around</a>
    <a type="extension" flavor="pho">bA we bA bA</a>
  </u>
  <u who="MOT" uID="u45">
    <w>where<mor type="mor"><mw><pos><c>pro</c><s>int</s></pos><stem>where</stem></mw><gra type="gra" index="1" head="2" relation="MOD"/></mor></w>
    <g><w>ball</w><k type="retracing"/></g>
    <w>ball<mor type="mor"><mw><pos><c>n</c></pos><stem>ball</stem></mw><gra type="gra" index="2" head="0" relation="INCROOT"/></mor></w>
    <t type="q"><mor type="mor"><mt type="q"/><gra type="gra" index="3" head="2" relation="PUNCT"/></mor></t>

  </u>
  <u who="MOT" uID="u46">
    <w>look<mor type="mor"><mw><pos><c>v</c></pos><stem>look</stem></mw><gra type="gra" index="1" head="0" relation="ROOT"/></mor></w>
    <w>on<mor type="mor"><mw><pos><c>prep</c></pos><stem>on</stem></mw><gra type="gra" index="2" head="1" relation="JCT"/></mor></w>
    <w>the<mor type="mor"><mw><pos><c>det</c><s>art</s></pos><stem>the</stem></mw><gra type="gra" index="3" head="4" relation="DET"/></mor></w>
    <w>outside<mor type="mor"><mw><pos><c>adj</c></pos><stem>outside</stem></mw><gra type="gra" index="4" head="2" relation="POBJ"/></mor></w>
    <t type="p"><mor type="mor"><mt type="p"/><gra type="gra" index="5" head="1" relation="PUNCT"/></mor></t>

  </u>
  <u who="MOT" uID="u47">
    <w>is<mor type="mor"><mw><pos><c>cop</c></pos><stem>be</stem><mk type="sfxf">3S</mk></mw><gra type="gra" index="1" head="0" relation="ROOT"/></mor></w>
    <w>it<mor type="mor"><mw><pos><c>pro</c><s>per</s></pos><stem>it</stem></mw><gra type="gra" index="2" head="5" relation="MOD"/></mor></w>
    <w>outside<mor type="mor"><mw><pos><c>adj</c></pos><stem>outside</stem></mw><gra type="gra" index="3" head="5" relation="MOD"/></mor></w>
    <w>the<mor type="mor"><mw><pos><c>det</c><s>art</s></pos><stem>the</stem></mw><gra type="gra" index="4" head="5" relation="DET"/></mor></w>
    <w>box<mor type="mor"><mw><pos><c>n</c></pos><stem>box</stem></mw><gra type="gra" index="5" head="1" relation="PRED"/></mor></w>
    <t type="q"><mor type="mor"><mt type="q"/><gra type="gra" index="6" head="1" relation="PUNCT"/></mor></t>

  </u>
  <u who="CHI" uID="u48">
    <e><action/></e>
    <t type="p"></t>

    <a type="actions">holds objects . shuts shape box slowly</a>
  </u>
  <u who="MOT" uID="u49">
    <w>outside<mor type="mor"><mw><pos><c>prep</c></pos><stem>outside</stem></mw><gra type="gra" index="1" head="0" relation="INCROOT"/></mor></w>
    <w>the<mor type="mor"><mw><pos><c>det</c><s>art</s></pos><stem>the</stem></mw><gra type="gra" index="2" head="3" relation="DET"/></mor></w>
    <w>box<mor type="mor"><mw><pos><c>n</c></pos><stem>box</stem></mw><gra type="gra" index="3" head="1" relation="POBJ"/></mor></w>
    <t type="q"><mor type="mor"><mt type="q"/><gra type="gra" index="4" head="1" relation="PUNCT"/></mor></t>

  </u>
  <u who="MOT" uID="u50">
    <w>hm<p type="drawl"/><mor type="mor"><mw><pos><c>co</c></pos><stem>hm</stem></mw><gra type="gra" index="1" head="0" relation="INCROOT"/></mor></w>
    <t type="q"><mor type="mor"><mt type="q"/><gra type="gra" index="2" head="1" relation="PUNCT"/></mor></t>

  </u>
  <u who="CHI" uID="u51">
    <w>where<mor type="mor"><mw><pos><c>pro</c><s>int</s></pos><stem>where</stem></mw><gra type="gra" index="1" head="2" relation="MOD"/></mor></w>
    <w>ball<mor type="mor"><mw><pos><c>n</c></pos><stem>ball</stem></mw><gra type="gra" index="2" head="0" relation="INCROOT"/></mor></w>
    <w untranscribed="unintelligible-with-pho">yyy</w>
    <t type="q"><mor type="mor"><mt type="q"/><gra type="gra" index="3" head="2" relation="PUNCT"/></mor></t>

    <a type="gesture">looks puzzled</a>
    <a type="actions">rests hand on shape box</a>
    <a type="extension" flavor="pho">we bA be</a>
  </u>
  <u who="MOT" uID="u52">
    <w>look<mor type="mor"><mw><pos><c>v</c></pos><stem>look</stem></mw><gra type="gra" index="1" head="0" relation="ROOT"/></mor></w>
    <w>around<mor type="mor"><mw><pos><c>adv</c></pos><stem>around</stem></mw><gra type="gra" index="2" head="1" relation="JCT"/></mor></w>
    <t type="p"><mor type="mor"><mt type="p"/><gra type="gra" index="3" head="1" relation="PUNCT"/></mor></t>

  </u>
  <u who="CHI" uID="u53">
    <e><action/></e>
    <t type="p"></t>

    <a type="actions">opens shape box</a>
  </u>
  <u who="MOT" uID="u54">
    <w>that's<mor type="mor"><mw><pos><c>pro</c><s>dem</s></pos><stem>that</stem></mw><gra type="gra" index="1" head="2" relation="SUBJ"/><mor-post><mw><pos><c>cop</c></pos><stem>be</stem><mk type="sfxf">3S</mk></mw><gra type="gra" index="2" head="0" relation="ROOT"/></mor-post></mor></w>
    <g><w>inside</w><k type="retracing"/></g>
    <w>inside<mor type="mor"><mw><pos><c>adv</c></pos><stem>inside</stem></mw><gra type="gra" index="3" head="2" relation="JCT"/></mor></w>
    <t type="p"><mor type="mor"><mt type="p"/><gra type="gra" index="4" head="2" relation="PUNCT"/></mor></t>

    <a type="intonation">&lt;2w-3w&gt; emphasizes in</a>
    <a type="paralinguistics">spoken softly in sing song fashion</a>
  </u>
  <u who="CHI" uID="u55">
    <w>where<mor type="mor"><mw><pos><c>pro</c><s>int</s></pos><stem>where</stem></mw><gra type="gra" index="1" head="2" relation="MOD"/></mor></w>
    <w>ball<mor type="mor"><mw><pos><c>n</c></pos><stem>ball</stem></mw><gra type="gra" index="2" head="0" relation="INCROOT"/></mor></w>
    <g><w untranscribed="unintelligible-with-pho">yyy</w><overlap type="overlap follows"/></g>
    <t type="p"><mor type="mor"><mt type="p"/><gra type="gra" index="3" head="2" relation="PUNCT"/></mor></t>

    <a type="extension" flavor="pho">we bA be</a>
  </u>
  <u who="MOT" uID="u56">
    <g><w>outside<mor type="mor"><mw><pos><c>adv</c></pos><stem>outside</stem></mw><gra type="gra" index="1" head="0" relation="INCROOT"/></mor></w><overlap type="overlap precedes"/></g>
    <t type="p"><mor type="mor"><mt type="p"/><gra type="gra" index="2" head="1" relation="PUNCT"/></mor></t>

    <a type="paralinguistics">spoken in sing song fashion</a>
  </u>
  <u who="CHI" uID="u57">
    <w type="filler">uh</w>
    <w>where<mor type="mor"><mw><pos><c>pro</c><s>int</s></pos><stem>where</stem></mw><gra type="gra" index="1" head="2" relation="MOD"/></mor></w>
    <w>ball<mor type="mor"><mw><pos><c>n</c></pos><stem>ball</stem></mw><gra type="gra" index="2" head="0" relation="INCROOT"/></mor></w>
    <w untranscribed="unintelligible-with-pho">yyy</w>
    <t type="q"><mor type="mor"><mt type="q"/><gra type="gra" index="3" head="2" relation="PUNCT"/></mor></t>

    <a type="extension" flavor="pho">6 we bA be</a>
  </u>
  <u who="MOT" uID="u58">
    <w>look<mor type="mor"><mw><pos><c>v</c></pos><stem>look</stem></mw><gra type="gra" index="1" head="0" relation="ROOT"/></mor></w>
    <w>outside<mor type="mor"><mw><pos><c>adv</c></pos><stem>outside</stem></mw><gra type="gra" index="2" head="1" relation="JCT"/></mor></w>
    <t type="p"><mor type="mor"><mt type="p"/><gra type="gra" index="3" head="1" relation="PUNCT"/></mor></t>

    <a type="intonation">&lt;2w&gt; emphasizes out</a>
    <a type="paralinguistics">spoken softly</a>
  </u>
  <u who="CHI" uID="u59">
    <w>where<mor type="mor"><mw><pos><c>pro</c><s>int</s></pos><stem>where</stem></mw><gra type="gra" index="1" head="2" relation="MOD"/></mor></w>
    <w>ball<mor type="mor"><mw><pos><c>n</c></pos><stem>ball</stem></mw><gra type="gra" index="2" head="0" relation="INCROOT"/></mor></w>
    <w untranscribed="unintelligible-with-pho">yyy</w>
    <t type="q"><mor type="mor"><mt type="q"/><gra type="gra" index="3" head="2" relation="PUNCT"/></mor></t>

    <a type="extension" flavor="pho">&lt;1w&gt; we &lt;3w&gt; be</a>
  </u>
  <u who="MOT" uID="u60">
    <w>you<mor type="mor"><mw><pos><c>pro</c><s>per</s></pos><stem>you</stem></mw><gra type="gra" index="1" head="3" relation="SUBJ"/></mor></w>
    <g><w>almost<mor type="mor"><mw><pos><c>adv</c></pos><stem>almost</stem></mw><gra type="gra" index="2" head="3" relation="JCT"/></mor></w><k type="stressing"/></g>
    <w>had<mor type="mor"><mw><pos><c>v</c></pos><stem>have</stem><mk type="sfxf">PAST</mk></mw><gra type="gra" index="3" head="0" relation="ROOT"/></mor></w>
    <w>it<mor type="mor"><mw><pos><c>pro</c><s>per</s></pos><stem>it</stem></mw><gra type="gra" index="4" head="3" relation="OBJ"/></mor></w>
    <t type="p"><mor type="mor"><mt type="p"/><gra type="gra" index="5" head="3" relation="PUNCT"/></mor></t>

  </u>
  <u who="CHI" uID="u61">
    <e><action/></e>
    <t type="p"></t>

    <a type="actions">reaches in shape box . rummages . drops object</a>
  </u>
  <u who="MOT" uID="u62">
    <w>look<mor type="mor"><mw><pos><c>v</c></pos><stem>look</stem></mw><gra type="gra" index="1" head="0" relation="ROOT"/></mor></w>
    <w>around<mor type="mor"><mw><pos><c>adv</c></pos><stem>around</stem></mw><gra type="gra" index="2" head="1" relation="JCT"/></mor></w>
    <t type="p"><mor type="mor"><mt type="p"/><gra type="gra" index="3" head="1" relation="PUNCT"/></mor></t>

  </u>
  <u who="MOT" uID="u63">
    <w>it's<mor type="mor"><mw><pos><c>pro</c><s>per</s></pos><stem>it</stem></mw><gra type="gra" index="1" head="2" relation="SUBJ"/><mor-post><mw><pos><c>cop</c></pos><stem>be</stem><mk type="sfxf">3S</mk></mw><gra type="gra" index="2" head="0" relation="ROOT"/></mor-post></mor></w>
    <w>on<mor type="mor"><mw><pos><c>prep</c></pos><stem>on</stem></mw><gra type="gra" index="3" head="2" relation="JCT"/></mor></w>
    <w>the<mor type="mor"><mw><pos><c>det</c><s>art</s></pos><stem>the</stem></mw><gra type="gra" index="4" head="5" relation="DET"/></mor></w>
    <w>outside<mor type="mor"><mw><pos><c>adj</c></pos><stem>outside</stem></mw><gra type="gra" index="5" head="3" relation="POBJ"/></mor></w>
    <t type="p"><mor type="mor"><mt type="p"/><gra type="gra" index="6" head="2" relation="PUNCT"/></mor></t>

    <a type="intonation">&lt;4w&gt; emphasizes out</a>
  </u>
  <u who="CHI" uID="u64">
    <w>where<mor type="mor"><mw><pos><c>pro</c><s>int</s></pos><stem>where</stem></mw><gra type="gra" index="1" head="2" relation="MOD"/></mor></w>
    <w>ball<mor type="mor"><mw><pos><c>n</c></pos><stem>ball</stem></mw><gra type="gra" index="2" head="0" relation="INCROOT"/></mor></w>
    <w untranscribed="unintelligible-with-pho">yyy</w>
    <t type="q"><mor type="mor"><mt type="q"/><gra type="gra" index="3" head="2" relation="PUNCT"/></mor></t>

    <a type="actions">&lt;bef&gt; shuts shape box lid .</a>
    <a type="extension" flavor="pho">&lt;1w&gt; we bA be</a>
  </u>
  <u who="CHI" uID="u65">
    <w>oh<mor type="mor"><mw><pos><c>co</c></pos><stem>oh</stem></mw><gra type="gra" index="1" head="0" relation="INCROOT"/></mor></w>
    <t type="e"><mor type="mor"><mt type="e"/><gra type="gra" index="2" head="1" relation="PUNCT"/></mor></t>

    <a type="actions">&lt;aft&gt; attempts to pick up ball</a>
  </u>
  <u who="MOT" uID="u66">
    <g><w>there<mor type="mor"><mw><pos><c>adv</c></pos><stem>there</stem></mw><gra type="gra" index="1" head="0" relation="INCROOT"/></mor></w><overlap type="overlap follows"/></g>
    <t type="p"><mor type="mor"><mt type="p"/><gra type="gra" index="2" head="1" relation="PUNCT"/></mor></t>

    <a type="actions">claps</a>
    <a type="paralinguistics">&lt;aft&gt; laughs</a>
  </u>
  <u who="CHI" uID="u67">
    <g><w>ball<mor type="mor"><mw><pos><c>n</c></pos><stem>ball</stem></mw><gra type="gra" index="1" head="0" relation="INCROOT"/></mor></w><overlap type="overlap precedes"/></g>
    <t type="p"><mor type="mor"><mt type="p"/><gra type="gra" index="2" head="1" relation="PUNCT"/></mor></t>

    <a type="extension" flavor="pho">bA</a>
    <a type="actions">&lt;aft&gt; shuts dollhouse door</a>
  </u>
  <u who="MOT" uID="u68">
    <w>you<mor type="mor"><mw><pos><c>pro</c><s>per</s></pos><stem>you</stem></mw><gra type="gra" index="1" head="2" relation="SUBJ"/></mor></w>
    <w>found<mor type="mor"><mw><pos><c>v</c></pos><stem>find</stem><mk type="sfxf">PAST</mk></mw><gra type="gra" index="2" head="0" relation="ROOT"/></mor></w>
    <w>it<mor type="mor"><mw><pos><c>pro</c><s>per</s></pos><stem>it</stem></mw><gra type="gra" index="3" head="2" relation="OBJ"/></mor></w>
    <t type="e"><mor type="mor"><mt type="e"/><gra type="gra" index="4" head="2" relation="PUNCT"/></mor></t>

  </u>
  <u who="CHI" uID="u69">
    <w>ball<mor type="mor"><mw><pos><c>n</c></pos><stem>ball</stem></mw><gra type="gra" index="1" head="0" relation="INCROOT"/></mor></w>
    <t type="p"><mor type="mor"><mt type="p"/><gra type="gra" index="2" head="1" relation="PUNCT"/></mor></t>

    <a type="extension" flavor="pho">bA</a>
  </u>
  <u who="MOT" uID="u70">
    <w>yeah<mor type="mor"><mw><pos><c>co</c></pos><stem>yeah</stem></mw><gra type="gra" index="1" head="3" relation="COM"/></mor></w>
    <pause symbolic-length="simple"/>
    <w>it<mor type="mor"><mw><pos><c>pro</c><s>per</s></pos><stem>it</stem></mw><gra type="gra" index="2" head="3" relation="SUBJ"/></mor></w>
    <w>was<mor type="mor"><mw><pos><c>cop</c></pos><stem>be</stem><mk type="sfxf">PAST</mk><mk type="sfxf">13S</mk></mw><gra type="gra" index="3" head="0" relation="ROOT"/></mor></w>
    <w>outside<mor type="mor"><mw><pos><c>adv</c></pos><stem>outside</stem></mw><gra type="gra" index="4" head="5" relation="JCT"/></mor></w>
    <w>wasn't<mor type="mor"><mw><pos><c>cop</c></pos><stem>be</stem><mk type="sfxf">PAST</mk><mk type="sfxf">13S</mk></mw><gra type="gra" index="5" head="3" relation="PRED"/><mor-post><mw><pos><c>neg</c></pos><stem>not</stem></mw><gra type="gra" index="6" head="5" relation="NEG"/></mor-post></mor></w>
    <w>it<mor type="mor"><mw><pos><c>pro</c><s>per</s></pos><stem>it</stem></mw><gra type="gra" index="7" head="5" relation="PRED"/></mor></w>
    <t type="q"><mor type="mor"><mt type="q"/><gra type="gra" index="8" head="3" relation="PUNCT"/></mor></t>

    <a type="intonation">&lt;4w&gt; emphasizes out</a>
  </u>
  <u who="CHI" uID="u71">
    <w>where<mor type="mor"><mw><pos><c>pro</c><s>int</s></pos><stem>where</stem></mw><gra type="gra" index="1" head="2" relation="MOD"/></mor></w>
    <w>ball<mor type="mor"><mw><pos><c>n</c></pos><stem>ball</stem></mw><gra type="gra" index="2" head="0" relation="INCROOT"/></mor></w>
    <w untranscribed="unintelligible-with-pho">yyy</w>
    <t type="q"><mor type="mor"><mt type="q"/><gra type="gra" index="3" head="2" relation="PUNCT"/></mor></t>

    <a type="actions">&lt;bef&gt; puts ball in shape box hole firmly</a>
    <a type="paralinguistics">&lt;bef&gt; gasps</a>
    <a type="extension" flavor="pho">we bA be</a>
  </u>
  <u who="MOT" uID="u72">
    <w>where'd<mor type="mor"><mw><pos><c>pro</c><s>rel</s></pos><stem>where</stem></mw><gra type="gra" index="1" head="4" relation="LINK"/><mor-post><mw><pos><c>mod</c></pos><stem>genmod</stem></mw><gra type="gra" index="2" head="4" relation="AUX"/></mor-post></mor></w>
    <w>it<mor type="mor"><mw><pos><c>pro</c><s>per</s></pos><stem>it</stem></mw><gra type="gra" index="3" head="4" relation="SUBJ"/></mor></w>
    <w>go<mor type="mor"><mw><pos><c>v</c></pos><stem>go</stem></mw><gra type="gra" index="4" head="0" relation="ROOT"/></mor></w>
    <t type="q"><mor type="mor"><mt type="q"/><gra type="gra" index="5" head="4" relation="PUNCT"/></mor></t>

    <a type="paralinguistics">&lt;aft&gt; laughs</a>
  </u>
  <u who="CHI" uID="u73">
    <w>right<mor type="mor"><mw><pos><c>adv</c></pos><stem>right</stem></mw><gra type="gra" index="1" head="2" relation="JCT"/></mor></w>
    <w>in<mor type="mor"><mw><pos><c>prep</c></pos><stem>in</stem></mw><gra type="gra" index="2" head="0" relation="INCROOT"/></mor></w>
    <g><w>there<mor type="mor"><mw><pos><c>n</c></pos><stem>there</stem></mw><gra type="gra" index="3" head="2" relation="POBJ"/></mor></w><k type="stressing"/></g>
    <t type="e"><mor type="mor"><mt type="e"/><gra type="gra" index="4" head="2" relation="PUNCT"/></mor></t>

    <a type="gesture">points to shape box hole</a>
    <a type="extension" flavor="pho">&lt;3w&gt; dA</a>
  </u>
  <u who="MOT" uID="u74">
    <w>inside<mor type="mor"><mw><pos><c>adj</c></pos><stem>inside</stem></mw><gra type="gra" index="1" head="0" relation="INCROOT"/></mor></w>
    <t type="p"><mor type="mor"><mt type="p"/><gra type="gra" index="2" head="1" relation="PUNCT"/></mor></t>

    <a type="gesture">&lt;1w&gt; nods</a>
    <a type="intonation">&lt;1w&gt; emphasizes in</a>
    <a type="extension" flavor="pho">oU ooo</a>
  </u>
  <u who="MOT" uID="u75">
    <g><w>in<mor type="mor"><mw><pos><c>prep</c></pos><stem>in</stem></mw><gra type="gra" index="1" head="0" relation="INCROOT"/></mor></w><k type="stressing"/></g>
    <w>ball<mor type="mor"><mw><pos><c>n</c></pos><stem>ball</stem></mw><gra type="gra" index="2" head="1" relation="POBJ"/></mor></w>
    <t type="p"><mor type="mor"><mt type="p"/><gra type="gra" index="3" head="1" relation="PUNCT"/></mor></t>

  </u>
  <u who="MOT" uID="u76">
    <w untranscribed="unintelligible-with-pho">yyy</w>
    <t type="p"></t>

    <a type="paralinguistics">&lt;1w&gt; spoken softly</a>
  </u>
  <u who="CHI" uID="u77">
    <w>where<mor type="mor"><mw><pos><c>pro</c><s>int</s></pos><stem>where</stem></mw><gra type="gra" index="1" head="2" relation="MOD"/></mor></w>
    <w>ball<mor type="mor"><mw><pos><c>n</c></pos><stem>ball</stem></mw><gra type="gra" index="2" head="0" relation="INCROOT"/></mor></w>
    <w type="filler">uh</w>
    <w untranscribed="unintelligible-with-pho">yyy</w>
    <t type="q"><mor type="mor"><mt type="q"/><gra type="gra" index="3" head="2" relation="PUNCT"/></mor></t>

    <a type="actions">&lt;1w&gt; opens lid . &lt;bef&gt; tosses in other shape box objects .</a>
    <a type="extension" flavor="pho">&lt;1w&gt; we bA 6 boU</a>
  </u>
  <u who="CHI" uID="u78">
    <w>out<mor type="mor"><mw><pos><c>prep</c></pos><stem>out</stem></mw><gra type="gra" index="1" head="3" relation="JCT"/></mor></w>
    <w>ball<mor type="mor"><mw><pos><c>n</c></pos><stem>ball</stem></mw><gra type="gra" index="2" head="1" relation="POBJ"/></mor></w>
    <w>huh<mor type="mor"><mw><pos><c>co</c></pos><stem>huh</stem></mw><gra type="gra" index="3" head="0" relation="INCROOT"/></mor></w>
    <t type="q"><mor type="mor"><mt type="q"/><gra type="gra" index="4" head="3" relation="PUNCT"/></mor></t>

    <a type="actions">&lt;1w&gt; reaches inside , takes out objects and holds to chest</a>
    <a type="extension" flavor="pho">&lt;1w&gt; aUt bA h6</a>
  </u>
  <u who="MOT" uID="u79">
    <w>ball<mor type="mor"><mw><pos><c>n</c></pos><stem>ball</stem></mw><gra type="gra" index="1" head="0" relation="INCROOT"/></mor></w>
    <g><w>out<mor type="mor"><mw><pos><c>adv</c></pos><stem>out</stem></mw><gra type="gra" index="2" head="1" relation="NJCT"/></mor></w><k type="stressing"/></g>
    <t type="e"><mor type="mor"><mt type="e"/><gra type="gra" index="3" head="1" relation="PUNCT"/></mor></t>

  </u>
  <u who="CHI" uID="u80">
    <e><action/><ga type="paralinguistics">gasps</ga></e>
    <t type="p"></t>

    <a type="actions">shuts shape box lid</a>
  </u>
  <u who="CHI" uID="u81">
    <w>ball<mor type="mor"><mw><pos><c>n</c></pos><stem>ball</stem></mw><gra type="gra" index="1" head="0" relation="INCROOT"/></mor></w>
    <w untranscribed="unintelligible-with-pho">yyy</w>
    <t type="trail off"><mor type="mor"><mt type="trail off"/><gra type="gra" index="2" head="1" relation="PUNCT"/></mor></t>

    <a type="actions">holds out objects toward Mother</a>
    <a type="extension" flavor="pho">bA e bA</a>
  </u>
  <u who="CHI" uID="u82">
    <g><w>ball<mor type="mor"><mw><pos><c>n</c></pos><stem>ball</stem></mw><gra type="gra" index="1" head="0" relation="INCROOT"/></mor></w><k type="stressing"/></g>
    <t type="e"><mor type="mor"><mt type="e"/><gra type="gra" index="2" head="1" relation="PUNCT"/></mor></t>

  </u>
  <u who="MOT" uID="u83">
    <w>ball<mor type="mor"><mw><pos><c>n</c></pos><stem>ball</stem></mw><gra type="gra" index="1" head="0" relation="INCROOT"/></mor></w>
    <pause symbolic-length="simple"/>
    <w>right<mor type="mor"><mw><pos><c>adj</c></pos><stem>right</stem></mw><gra type="gra" index="2" head="1" relation="POSTMOD"/></mor></w>
    <t type="p"><mor type="mor"><mt type="p"/><gra type="gra" index="3" head="1" relation="PUNCT"/></mor></t>

    <a type="gesture">nods</a>
  </u>
  <u who="CHI" uID="u84">
    <w>out<mor type="mor"><mw><pos><c>adv</c></pos><stem>out</stem></mw><gra type="gra" index="1" head="0" relation="INCROOT"/></mor></w>
    <t type="e"><mor type="mor"><mt type="e"/><gra type="gra" index="2" head="1" relation="PUNCT"/></mor></t>

    <a type="actions">puts objects in shape box</a>
    <a type="extension" flavor="pho">aU</a>
  </u>
  <u who="MOT" uID="u85">
    <w>in<mor type="mor"><mw><pos><c>adv</c></pos><stem>in</stem></mw><gra type="gra" index="1" head="0" relation="INCROOT"/></mor></w>
    <t type="p"><mor type="mor"><mt type="p"/><gra type="gra" index="2" head="1" relation="PUNCT"/></mor></t>

    <a type="gesture">nods</a>
  </u>
  <u who="CHI" uID="u86">
    <w formType="interjection">aht<mor type="mor"><mw><pos><c>co</c></pos><stem>aht</stem></mw><gra type="gra" index="1" head="0" relation="INCROOT"/></mor></w>
    <t type="e"><mor type="mor"><mt type="e"/><gra type="gra" index="2" head="1" relation="PUNCT"/></mor></t>

    <a type="actions">&lt;1w&gt; holds out another object . tosses hard toward hole . misses .</a>
  </u>
  <u who="CHI" uID="u87">
    <w>ball<mor type="mor"><mw><pos><c>n</c></pos><stem>ball</stem></mw><gra type="gra" index="1" head="0" relation="INCROOT"/></mor></w>
    <t type="p"><mor type="mor"><mt type="p"/><gra type="gra" index="2" head="1" relation="PUNCT"/></mor></t>

    <a type="actions">&lt;1w&gt; puts in shape box &lt;1w&gt; retrieves .</a>
    <a type="paralinguistics">&lt;aft&gt; pants</a>
    <a type="extension" flavor="pho">&lt;1w&gt; bA</a>
  </u>
  <u who="CHI" uID="u88">
    <w untranscribed="unintelligible-with-pho">yyy</w>
    <t type="e"></t>

    <a type="actions">reaches for and picks up nesting cups</a>
    <a type="extension" flavor="pho">A A A</a>
  </u>
  <u who="CHI" uID="u89">
    <w untranscribed="unintelligible-with-pho">yyy</w>
    <t type="p"></t>

  </u>
  <u who="MOT" uID="u90">
    <w>what'd<mor type="mor"><mw><pos><c>pro</c><s>int</s></pos><stem>what</stem></mw><gra type="gra" index="1" head="4" relation="OBJ"/><mor-post><mw><pos><c>mod</c></pos><stem>genmod</stem></mw><gra type="gra" index="2" head="4" relation="AUX"/></mor-post></mor></w>
    <w>you<mor type="mor"><mw><pos><c>pro</c><s>per</s></pos><stem>you</stem></mw><gra type="gra" index="3" head="4" relation="SUBJ"/></mor></w>
    <w>find<mor type="mor"><mw><pos><c>v</c></pos><stem>find</stem></mw><gra type="gra" index="4" head="0" relation="ROOT"/></mor></w>
    <t type="q"><mor type="mor"><mt type="q"/><gra type="gra" index="5" head="4" relation="PUNCT"/></mor></t>

  </u>
  <u who="MOT" uID="u91">
    <w>huh<mor type="mor"><mw><pos><c>co</c></pos><stem>huh</stem></mw><gra type="gra" index="1" head="0" relation="INCROOT"/></mor></w>
    <t type="q"><mor type="mor"><mt type="q"/><gra type="gra" index="2" head="1" relation="PUNCT"/></mor></t>

  </u>
  <u who="CHI" uID="u92">
    <w untranscribed="unintelligible-with-pho">yyy</w>
    <t type="p"></t>

    <a type="actions">holds nesting cups</a>
    <a type="extension" flavor="pho">bui</a>
  </u>
  <u who="MOT" uID="u93">
    <w>hm<p type="drawl"/><mor type="mor"><mw><pos><c>co</c></pos><stem>hm</stem></mw><gra type="gra" index="1" head="0" relation="INCROOT"/></mor></w>
    <t type="q"><mor type="mor"><mt type="q"/><gra type="gra" index="2" head="1" relation="PUNCT"/></mor></t>

    <a type="actions">&lt;1w&gt; discards shape box</a>
  </u>
  <u who="MOT" uID="u94">
    <w>what<mor type="mor"><mw><pos><c>pro</c><s>int</s></pos><stem>what</stem></mw><gra type="gra" index="1" head="2" relation="SUBJ"/></mor></w>
    <w>are<mor type="mor"><mw><pos><c>cop</c></pos><stem>be</stem><mk type="sfxf">PRES</mk></mw><gra type="gra" index="2" head="0" relation="ROOT"/></mor></w>
    <w>those<mor type="mor"><mw><pos><c>pro</c><s>dem</s></pos><stem>those</stem></mw><gra type="gra" index="3" head="2" relation="PRED"/></mor></w>
    <t type="q"><mor type="mor"><mt type="q"/><gra type="gra" index="4" head="2" relation="PUNCT"/></mor></t>

  </u>
  <u who="CHI" uID="u95">
    <w untranscribed="unintelligible-with-pho">yyy</w>
    <t type="q"></t>

    <a type="extension" flavor="pho">&lt;1w&gt; e</a>
  </u>
  <u who="CHI" uID="u96">
    <w untranscribed="unintelligible-with-pho">yyy</w>
    <t type="p"></t>

    <a type="extension" flavor="pho">&lt;1w&gt; 6</a>
  </u>
  <u who="CHI" uID="u97">
    <w untranscribed="unintelligible-with-pho">yyy</w>
    <w type="filler">uh</w>
    <w>Daddy<mor type="mor"><mw><pos><c>n</c><s>prop</s></pos><stem>Daddy</stem></mw><gra type="gra" index="1" head="0" relation="INCROOT"/></mor></w>
    <t type="q"><mor type="mor"><mt type="q"/><gra type="gra" index="2" head="1" relation="PUNCT"/></mor></t>

    <a type="actions">manipulates nesting cups</a>
    <a type="extension" flavor="pho">&lt;1w&gt; e dIdI</a>
  </u>
  <u who="MOT" uID="u98">
    <w>Daddy<mor type="mor"><mw><pos><c>n</c><s>prop</s></pos><stem>Daddy</stem></mw><gra type="gra" index="1" head="2" relation="SUBJ"/></mor></w>
    <w>is<mor type="mor"><mw><pos><c>cop</c></pos><stem>be</stem><mk type="sfxf">3S</mk></mw><gra type="gra" index="2" head="0" relation="ROOT"/></mor></w>
    <w>at<mor type="mor"><mw><pos><c>prep</c></pos><stem>at</stem></mw><gra type="gra" index="3" head="2" relation="JCT"/></mor></w>
    <w>home<mor type="mor"><mw><pos><c>n</c></pos><stem>home</stem></mw><gra type="gra" index="4" head="3" relation="POBJ"/></mor></w>
    <t type="p"><mor type="mor"><mt type="p"/><gra type="gra" index="5" head="2" relation="PUNCT"/></mor></t>

  </u>
  <u who="MOT" uID="u99">
    <w>Daddy<mor type="mor"><mw><pos><c>n</c><s>prop</s></pos><stem>Daddy</stem></mw><gra type="gra" index="1" head="2" relation="SUBJ"/></mor></w>
    <w>is<mor type="mor"><mw><pos><c>cop</c></pos><stem>be</stem><mk type="sfxf">3S</mk></mw><gra type="gra" index="2" head="0" relation="ROOT"/></mor></w>
    <w>with<mor type="mor"><mw><pos><c>prep</c></pos><stem>with</stem></mw><gra type="gra" index="3" head="2" relation="JCT"/></mor></w>
    <w>Curtis<mor type="mor"><mw><pos><c>n</c><s>prop</s></pos><stem>Curtis</stem></mw><gra type="gra" index="4" head="3" relation="POBJ"/></mor></w>
    <t type="p"><mor type="mor"><mt type="p"/><gra type="gra" index="5" head="2" relation="PUNCT"/></mor></t>

  </u>
  <u who="CHI" uID="u100">
    <w>a<mor type="mor"><mw><pos><c>det</c><s>art</s></pos><stem>a</stem></mw><gra type="gra" index="1" head="0" relation="INCROOT"/></mor></w>
    <t type="e"><mor type="mor"><mt type="e"/><gra type="gra" index="2" head="1" relation="PUNCT"/></mor></t>

    <a type="actions">&lt;1w&gt; stops &lt;1w&gt; nests and unnests top nesting cup rapidly .</a>
  </u>
  <u who="CHI" uID="u101">
    <w>a<mor type="mor"><mw><pos><c>det</c><s>art</s></pos><stem>a</stem></mw><gra type="gra" index="1" head="0" relation="INCROOT"/></mor></w>
    <s type="semicolon"/>
    <t type="e"><mor type="mor"><mt type="e"/><gra type="gra" index="2" head="1" relation="PUNCT"/></mor></t>

    <a type="actions">&lt;1w&gt; stops</a>
  </u>
  <u who="CHI" uID="u102">
    <w>a<p type="drawl"/><mor type="mor"><mw><pos><c>det</c><s>art</s></pos><stem>a</stem></mw><gra type="gra" index="1" head="0" relation="INCROOT"/></mor></w>
    <t type="e"><mor type="mor"><mt type="e"/><gra type="gra" index="2" head="1" relation="PUNCT"/></mor></t>

    <a type="actions">&lt;1w&gt; stops</a>
    <a type="intonation">&lt;1w&gt; second ah emphasized</a>
  </u>
  <u who="MOT" uID="u103">
    <w formType="child-invented">ah_ah<mor type="mor"><mw><pos><c>chi</c></pos><stem>ah_ah</stem></mw><gra type="gra" index="1" head="0" relation="INCROOT"/></mor></w>
    <t type="e"><mor type="mor"><mt type="e"/><gra type="gra" index="2" head="1" relation="PUNCT"/></mor></t>

    <a type="speech act">$IMIT</a>
    <a type="intonation">second ah emphasized</a>
  </u>
  <u who="CHI" uID="u104">
    <e><action/></e>
    <t type="p"></t>

    <a type="actions">holds out nesting cup to Mother . puts cup in her hands . drops</a>
  </u>
  <u who="MOT" uID="u105">
    <g><w>thank_you<mor type="mor"><mw><pos><c>co</c></pos><stem>thank_you</stem></mw><gra type="gra" index="1" head="0" relation="INCROOT"/></mor></w><k type="stressing"/></g>
    <t type="e"><mor type="mor"><mt type="e"/><gra type="gra" index="2" head="1" relation="PUNCT"/></mor></t>

    <a type="actions">holds out open palms</a>
  </u>
  <u who="CHI" uID="u106">
    <g><w untranscribed="unintelligible-with-pho">yyy</w><overlap type="overlap follows"/></g>
    <t type="p"></t>

    <a type="actions">picks up another nesting cup</a>
    <a type="extension" flavor="pho">A</a>
  </u>
  <u who="MOT" uID="u107">
    <g><w>put<mor type="mor"><mw><pos><c>v</c></pos><stem>put</stem><mk type="sfxf">ZERO</mk></mw><gra type="gra" index="1" head="0" relation="ROOT"/></mor></w>
    <w><shortening>th</shortening>em<mor type="mor"><mw><pos><c>pro</c><s>obj</s></pos><stem>them</stem></mw><gra type="gra" index="2" head="1" relation="OBJ"/></mor></w>
    <w>in<mor type="mor"><mw><pos><c>adv</c></pos><stem>in</stem></mw><gra type="gra" index="3" head="1" relation="JCT"/></mor></w><overlap type="overlap precedes"/></g>
    <t type="p"><mor type="mor"><mt type="p"/><gra type="gra" index="4" head="1" relation="PUNCT"/></mor></t>

    <a type="actions">retrieves nesting cup and puts on floor</a>
  </u>
  <u who="CHI" uID="u108">
    <w>ah<mor type="mor"><mw><pos><c>co</c></pos><stem>ah</stem></mw><gra type="gra" index="1" head="2" relation="COM"/></mor></w>
    <w>ah<mor type="mor"><mw><pos><c>co</c></pos><stem>ah</stem></mw><gra type="gra" index="2" head="0" relation="INCROOT"/></mor></w>
    <t type="e"><mor type="mor"><mt type="e"/><gra type="gra" index="3" head="2" relation="PUNCT"/></mor></t>

    <a type="actions">&lt;aft&gt; manipulates nesting cup stack</a>
  </u>
  <u who="MOT" uID="u109">
    <w>what<mor type="mor"><mw><pos><c>pro</c><s>int</s></pos><stem>what</stem></mw><gra type="gra" index="1" head="4" relation="LINK"/></mor></w>
    <w>do<mor type="mor"><mw><pos><c>mod</c></pos><stem>do</stem></mw><gra type="gra" index="2" head="4" relation="AUX"/></mor></w>
    <w>you<mor type="mor"><mw><pos><c>pro</c><s>per</s></pos><stem>you</stem></mw><gra type="gra" index="3" head="4" relation="SUBJ"/></mor></w>
    <w>want<mor type="mor"><mw><pos><c>v</c></pos><stem>want</stem></mw><gra type="gra" index="4" head="0" relation="ROOT"/></mor></w>
    <w>me<mor type="mor"><mw><pos><c>pro</c><s>obj</s></pos><stem>me</stem></mw><gra type="gra" index="5" head="4" relation="OBJ"/></mor></w>
    <w>to<mor type="mor"><mw><pos><c>inf</c></pos><stem>to</stem></mw><gra type="gra" index="6" head="7" relation="INF"/></mor></w>
    <w>do<mor type="mor"><mw><pos><c>v</c></pos><stem>do</stem></mw><gra type="gra" index="7" head="4" relation="COMP"/></mor></w>
    <t type="q"><mor type="mor"><mt type="q"/><gra type="gra" index="8" head="4" relation="PUNCT"/></mor></t>

    <a type="actions">&lt;dur&gt; holds out palms &lt;bef&gt; takes cup . builds tower .</a>
    <a type="paralinguistics">spoken softly</a>
  </u>
  <u who="CHI" uID="u110">
    <w>oh<mor type="mor"><mw><pos><c>co</c></pos><stem>oh</stem></mw><gra type="gra" index="1" head="0" relation="INCROOT"/></mor></w>
    <t type="e"><mor type="mor"><mt type="e"/><gra type="gra" index="2" head="1" relation="PUNCT"/></mor></t>

    <a type="actions">&lt;1w&gt; holds out stack to Mother . unnests onto Mother's hands .</a>
  </u>
  <u who="CHI" uID="u111">
    <w type="filler">uh</w>
    <t type="p"></t>

    <a type="actions">&lt;aft&gt; bangs Mother's nesting cup with own</a>
  </u>
  <u who="MOT" uID="u112">
    <w>wait<mor type="mor"><mw><pos><c>v</c></pos><stem>wait</stem></mw><gra type="gra" index="1" head="0" relation="ROOT"/></mor></w>
    <w>a<mor type="mor"><mw><pos><c>det</c><s>art</s></pos><stem>a</stem></mw><gra type="gra" index="2" head="3" relation="DET"/></mor></w>
    <w>moment<mor type="mor"><mw><pos><c>n</c></pos><stem>moment</stem></mw><gra type="gra" index="3" head="1" relation="OBJ"/></mor></w>
    <t type="p"><mor type="mor"><mt type="p"/><gra type="gra" index="4" head="1" relation="PUNCT"/></mor></t>

    <a type="gesture">points to nesting cup</a>
  </u>
  <u who="MOT" uID="u113">
    <w>put<mor type="mor"><mw><pos><c>v</c></pos><stem>put</stem><mk type="sfxf">ZERO</mk></mw><gra type="gra" index="1" head="0" relation="ROOT"/></mor></w>
    <w>the<mor type="mor"><mw><pos><c>det</c><s>art</s></pos><stem>the</stem></mw><gra type="gra" index="2" head="3" relation="DET"/></mor></w>
    <w>yellow<mor type="mor"><mw><pos><c>n</c></pos><stem>yellow</stem></mw><gra type="gra" index="3" head="1" relation="OBJ"/></mor></w>
    <w>one<mor type="mor"><mw><pos><c>det</c><s>num</s></pos><stem>one</stem></mw><gra type="gra" index="4" head="5" relation="QUANT"/></mor></w>
    <w>down<mor type="mor"><mw><pos><c>adv</c></pos><stem>down</stem></mw><gra type="gra" index="5" head="3" relation="NJCT"/></mor></w>
    <t type="p"><mor type="mor"><mt type="p"/><gra type="gra" index="6" head="1" relation="PUNCT"/></mor></t>

  </u>
  <u who="CHI" uID="u114">
    <e><action/></e>
    <t type="p"></t>

    <a type="actions">puts down yellow nesting cup</a>
  </u>
  <u who="MOT" uID="u115">
    <w>put<mor type="mor"><mw><pos><c>v</c></pos><stem>put</stem><mk type="sfxf">ZERO</mk></mw><gra type="gra" index="1" head="0" relation="ROOT"/></mor></w>
    <w>the<mor type="mor"><mw><pos><c>det</c><s>art</s></pos><stem>the</stem></mw><gra type="gra" index="2" head="3" relation="DET"/></mor></w>
    <w>green<mor type="mor"><mw><pos><c>n</c></pos><stem>green</stem></mw><gra type="gra" index="3" head="1" relation="OBJ"/></mor></w>
    <w>one<mor type="mor"><mw><pos><c>det</c><s>num</s></pos><stem>one</stem></mw><gra type="gra" index="4" head="5" relation="QUANT"/></mor></w>
    <w>down<mor type="mor"><mw><pos><c>adv</c></pos><stem>down</stem></mw><gra type="gra" index="5" head="3" relation="NJCT"/></mor></w>
    <t type="p"><mor type="mor"><mt type="p"/><gra type="gra" index="6" head="1" relation="PUNCT"/></mor></t>

    <a type="gesture">points to Chuck's nesting cup</a>
    <a type="actions">&lt;bef&gt; puts nesting cup on top</a>
  </u>
  <u who="CHI" uID="u116">
    <e><action/></e>
    <t type="p"></t>

    <a type="actions">puts nesting cup on tower . taps</a>
  </u>
  <u who="MOT" uID="u117">
    <w>that's<mor type="mor"><mw><pos><c>pro</c><s>dem</s></pos><stem>that</stem></mw><gra type="gra" index="1" head="2" relation="SUBJ"/><mor-post><mw><pos><c>cop</c></pos><stem>be</stem><mk type="sfxf">3S</mk></mw><gra type="gra" index="2" head="0" relation="ROOT"/></mor-post></mor></w>
    <w>a<mor type="mor"><mw><pos><c>det</c><s>art</s></pos><stem>a</stem></mw><gra type="gra" index="3" head="4" relation="DET"/></mor></w>
    <w>boy<mor type="mor"><mw><pos><c>n</c></pos><stem>boy</stem></mw><gra type="gra" index="4" head="2" relation="PRED"/></mor></w>
    <t type="p"><mor type="mor"><mt type="p"/><gra type="gra" index="5" head="2" relation="PUNCT"/></mor></t>

  </u>
  <u who="MOT" uID="u118">
    <w>put<mor type="mor"><mw><pos><c>v</c></pos><stem>put</stem><mk type="sfxf">ZERO</mk></mw><gra type="gra" index="1" head="0" relation="ROOT"/></mor></w>
    <w>it<mor type="mor"><mw><pos><c>pro</c><s>per</s></pos><stem>it</stem></mw><gra type="gra" index="2" head="1" relation="OBJ"/></mor></w>
    <w>on<mor type="mor"><mw><pos><c>prep</c></pos><stem>on</stem></mw><gra type="gra" index="3" head="1" relation="JCT"/></mor></w>
    <w>there<mor type="mor"><mw><pos><c>n</c></pos><stem>there</stem></mw><gra type="gra" index="4" head="3" relation="POBJ"/></mor></w>
    <t type="p"><mor type="mor"><mt type="p"/><gra type="gra" index="5" head="1" relation="PUNCT"/></mor></t>

  </u>
  <u who="MOT" uID="u119">
    <w>now<mor type="mor"><mw><pos><c>adv</c></pos><stem>now</stem></mw><gra type="gra" index="1" head="2" relation="JCT"/></mor></w>
    <pause symbolic-length="simple"/>
    <w>try<mor type="mor"><mw><pos><c>v</c></pos><stem>try</stem></mw><gra type="gra" index="2" head="0" relation="ROOT"/></mor></w>
    <w>the<mor type="mor"><mw><pos><c>det</c><s>art</s></pos><stem>the</stem></mw><gra type="gra" index="3" head="5" relation="DET"/></mor></w>
    <w>orange<mor type="mor"><mw><pos><c>n</c></pos><stem>orange</stem></mw><gra type="gra" index="4" head="5" relation="MOD"/></mor></w>
    <w>one<mor type="mor"><mw><pos><c>pro</c><s>indef</s></pos><stem>one</stem></mw><gra type="gra" index="5" head="2" relation="OBJ"/></mor></w>
    <t type="p"><mor type="mor"><mt type="p"/><gra type="gra" index="6" head="2" relation="PUNCT"/></mor></t>

    <a type="actions">orients nesting cups in hands so orange one is near Chuck's hand and holds out to Chuck</a>
  </u>
  <u who="CHI" uID="u120">
    <e><action/></e>
    <t type="p"></t>

    <a type="actions">reaches for Mother's nesting cups . takes cup and holds</a>
  </u>
  <u who="MOT" uID="u121">
    <w>see<mor type="mor"><mw><pos><c>v</c></pos><stem>see</stem></mw><gra type="gra" index="1" head="0" relation="ROOT"/></mor></w>
    <w>if<mor type="mor"><mw><pos><c>conj</c></pos><stem>if</stem></mw><gra type="gra" index="2" head="5" relation="LINK"/></mor></w>
    <w>we<mor type="mor"><mw><pos><c>pro</c><s>sub</s></pos><stem>we</stem></mw><gra type="gra" index="3" head="5" relation="SUBJ"/></mor></w>
    <w>can<mor type="mor"><mw><pos><c>mod</c></pos><stem>can</stem></mw><gra type="gra" index="4" head="5" relation="AUX"/></mor></w>
    <w>build<mor type="mor"><mw><pos><c>v</c></pos><stem>build</stem></mw><gra type="gra" index="5" head="1" relation="COMP"/></mor></w>
    <w>a<mor type="mor"><mw><pos><c>det</c><s>art</s></pos><stem>a</stem></mw><gra type="gra" index="6" head="7" relation="DET"/></mor></w>
    <w>tower<mor type="mor"><mw><pos><c>n</c></pos><stem>tower</stem></mw><gra type="gra" index="7" head="5" relation="OBJ"/></mor></w>
    <t type="p"><mor type="mor"><mt type="p"/><gra type="gra" index="8" head="1" relation="PUNCT"/></mor></t>

    <a type="actions">straightens tower</a>
  </u>
  <u who="CHI" uID="u122">
    <e><action/></e>
    <t type="p"></t>

    <a type="actions">puts nesting cup on tower</a>
  </u>
  <u who="MOT" uID="u123">
    <w>there<mor type="mor"><mw><pos><c>adv</c></pos><stem>there</stem></mw><gra type="gra" index="1" head="3" relation="JCT"/></mor></w>
    <w>we<mor type="mor"><mw><pos><c>pro</c><s>sub</s></pos><stem>we</stem></mw><gra type="gra" index="2" head="3" relation="SUBJ"/></mor></w>
    <w>go<mor type="mor"><mw><pos><c>v</c></pos><stem>go</stem></mw><gra type="gra" index="3" head="0" relation="ROOT"/></mor></w>
    <t type="p"><mor type="mor"><mt type="p"/><gra type="gra" index="4" head="3" relation="PUNCT"/></mor></t>

    <a type="actions">helps Chuck</a>
  </u>
  <u who="MOT" uID="u124">
    <g><w>blue<mor type="mor"><mw><pos><c>adj</c></pos><stem>blue</stem></mw><gra type="gra" index="1" head="0" relation="INCROOT"/></mor></w><overlap type="overlap follows"/></g>
    <t type="q"><mor type="mor"><mt type="q"/><gra type="gra" index="2" head="1" relation="PUNCT"/></mor></t>

    <a type="actions">holds nesting cup toward Chuck</a>
  </u>
  <u who="CHI" uID="u125">
    <g><w untranscribed="unintelligible-with-pho">yyy</w><overlap type="overlap precedes"/></g>
    <w untranscribed="unintelligible-with-pho">yyy</w>
    <t type="e"></t>

    <a type="actions">&lt;aft&gt; puts on tower</a>
    <a type="alternative">&lt;2w&gt; good</a>
    <a type="extension" flavor="pho">A guIt</a>
  </u>
  <u who="MOT" uID="u126">
    <w>yeah<mor type="mor"><mw><pos><c>co</c></pos><stem>yeah</stem></mw><gra type="gra" index="1" head="3" relation="COM"/></mor></w>
    <pause symbolic-length="simple"/>
    <w>that's<mor type="mor"><mw><pos><c>pro</c><s>dem</s></pos><stem>that</stem></mw><gra type="gra" index="2" head="3" relation="SUBJ"/><mor-post><mw><pos><c>cop</c></pos><stem>be</stem><mk type="sfxf">3S</mk></mw><gra type="gra" index="3" head="0" relation="ROOT"/></mor-post></mor></w>
    <w>a<mor type="mor"><mw><pos><c>det</c><s>art</s></pos><stem>a</stem></mw><gra type="gra" index="4" head="6" relation="DET"/></mor></w>
    <w>good<mor type="mor"><mw><pos><c>adj</c></pos><stem>good</stem></mw><gra type="gra" index="5" head="6" relation="MOD"/></mor></w>
    <w>one<mor type="mor"><mw><pos><c>pro</c><s>indef</s></pos><stem>one</stem></mw><gra type="gra" index="6" head="3" relation="PRED"/></mor></w>
    <t type="e"><mor type="mor"><mt type="e"/><gra type="gra" index="7" head="3" relation="PUNCT"/></mor></t>

    <a type="actions">&lt;aft&gt; holds out nesting cup to Chuck</a>
  </u>
  <u who="CHI" uID="u127">
    <e><action/></e>
    <t type="p"></t>

    <a type="actions">takes cup . puts on tower</a>
  </u>
  <u who="MOT" uID="u128">
    <w>o<p type="drawl"/>h<mor type="mor"><mw><pos><c>co</c></pos><stem>oh</stem></mw><gra type="gra" index="1" head="2" relation="COM"/></mor></w>
    <pause symbolic-length="simple"/>
    <w>crash<mor type="mor"><mw><pos><c>adj</c></pos><stem>crash</stem></mw><gra type="gra" index="2" head="0" relation="INCROOT"/></mor></w>
    <t type="e"><mor type="mor"><mt type="e"/><gra type="gra" index="3" head="2" relation="PUNCT"/></mor></t>

    <a type="actions">tries to prevent tower from falling . succeeds</a>
    <a type="paralinguistics">&lt;aft&gt; laughs</a>
  </u>
  <u who="CHI" uID="u129">
    <g><w>o<p type="drawl"/>h<mor type="mor"><mw><pos><c>co</c></pos><stem>oh</stem></mw><gra type="gra" index="1" head="0" relation="INCROOT"/></mor></w><overlap type="overlap follows"/></g>
    <t type="p"><mor type="mor"><mt type="p"/><gra type="gra" index="2" head="1" relation="PUNCT"/></mor></t>

    <a type="actions">knocks over tower</a>
  </u>
  <u who="MOT" uID="u130">
    <g><w>o<p type="drawl"/>h<mor type="mor"><mw><pos><c>co</c></pos><stem>oh</stem></mw><gra type="gra" index="1" head="2" relation="COM"/></mor></w><overlap type="overlap precedes"/></g>
    <w>crash<mor type="mor"><mw><pos><c>adj</c></pos><stem>crash</stem></mw><gra type="gra" index="2" head="0" relation="INCROOT"/></mor></w>
    <t type="p"><mor type="mor"><mt type="p"/><gra type="gra" index="3" head="2" relation="PUNCT"/></mor></t>

  </u>
  <u who="MOT" uID="u131">
    <w formType="interjection">boingo<mor type="mor"><mw><pos><c>co</c></pos><stem>boingo</stem></mw><gra type="gra" index="1" head="0" relation="INCROOT"/></mor></w>
    <t type="e"><mor type="mor"><mt type="e"/><gra type="gra" index="2" head="1" relation="PUNCT"/></mor></t>

  </u>
  <u who="CHI" uID="u132">
    <w>o<p type="drawl"/>h<mor type="mor"><mw><pos><c>co</c></pos><stem>oh</stem></mw><gra type="gra" index="1" head="0" relation="INCROOT"/></mor></w>
    <w untranscribed="unintelligible-with-pho">yyy</w>
    <t type="e"><mor type="mor"><mt type="e"/><gra type="gra" index="2" head="1" relation="PUNCT"/></mor></t>

    <a type="actions">flails nesting cups on floor . begins to build tower again . nesting cup falls</a>
    <a type="paralinguistics">gasp</a>
    <a type="extension" flavor="pho">&lt;2w&gt; e_e+e</a>
  </u>
  <u who="MOT" uID="u133">
    <w>down<mor type="mor"><mw><pos><c>adv</c></pos><stem>down</stem></mw><gra type="gra" index="1" head="3" relation="JCT"/></mor></w>
    <w>it<mor type="mor"><mw><pos><c>pro</c><s>per</s></pos><stem>it</stem></mw><gra type="gra" index="2" head="3" relation="SUBJ"/></mor></w>
    <w>went<mor type="mor"><mw><pos><c>v</c></pos><stem>go</stem><mk type="sfxf">PAST</mk></mw><gra type="gra" index="3" head="0" relation="ROOT"/></mor></w>
    <w>again<mor type="mor"><mw><pos><c>adv</c></pos><stem>again</stem></mw><gra type="gra" index="4" head="3" relation="JCT"/></mor></w>
    <t type="e"><mor type="mor"><mt type="e"/><gra type="gra" index="5" head="3" relation="PUNCT"/></mor></t>

  </u>
  <u who="CHI" uID="u134">
    <w>a<p type="drawl"/><mor type="mor"><mw><pos><c>det</c><s>art</s></pos><stem>a</stem></mw><gra type="gra" index="1" head="0" relation="INCROOT"/></mor></w>
    <w type="fragment">ha</w>
    <t type="p"><mor type="mor"><mt type="p"/><gra type="gra" index="2" head="1" relation="PUNCT"/></mor></t>

    <a type="actions">attempts to put cup on tower</a>
    <a type="paralinguistics">frustrated tone</a>
  </u>
  <u who="MOT" uID="u135">
    <w>try<mor type="mor"><mw><pos><c>v</c></pos><stem>try</stem></mw><gra type="gra" index="1" head="0" relation="ROOT"/></mor></w>
    <w>again<mor type="mor"><mw><pos><c>adv</c></pos><stem>again</stem></mw><gra type="gra" index="2" head="1" relation="JCT"/></mor></w>
    <t type="p"><mor type="mor"><mt type="p"/><gra type="gra" index="3" head="1" relation="PUNCT"/></mor></t>

  </u>
  <u who="CHI" uID="u136">
    <w untranscribed="unintelligible-with-pho">yyy</w>
    <t type="p"></t>

    <a type="actions">attempts to put another cup on but fails as cup flies off</a>
    <a type="extension" flavor="pho">hA</a>
  </u>
  <u who="MOT" uID="u137">
    <e><action/><ga type="paralinguistics">soft laugh</ga></e>
    <t type="p"></t>

    <a type="actions">&lt;aft&gt; holds out nesting cup to Chuck</a>
  </u>
  <u who="CHI" uID="u138">
    <w untranscribed="unintelligible-with-pho">yyy</w>
    <t type="e"></t>

    <a type="actions">&lt;dur&gt; takes Mother's nesting cup . puts on tower &lt;bef&gt; tries to put cup on again . nests two nesting cups on tower .</a>
    <a type="paralinguistics">1u proud tone</a>
    <a type="intonation">2u emphasized</a>
    <a type="extension" flavor="pho">e e</a>
  </u>
  <u who="MOT" uID="u139">
    <w><shortening>o</shortening>kay<mor type="mor"><mw><pos><c>co</c></pos><stem>okay</stem></mw><gra type="gra" index="1" head="0" relation="INCROOT"/></mor></w>
    <t type="p"><mor type="mor"><mt type="p"/><gra type="gra" index="2" head="1" relation="PUNCT"/></mor></t>

    <a type="actions">&lt;aft&gt; holds out nesting cup to Chuck &lt;bef&gt; rights tower a bit .</a>
  </u>
  <u who="CHI" uID="u140">
    <w untranscribed="unintelligible-with-pho">yyy</w>
    <t type="p"></t>

    <a type="actions">&lt;aft&gt; clasps hands and accidently knocks off nesting cup</a>
    <a type="extension" flavor="pho">e_e</a>
  </u>
  <u who="MOT" uID="u141">
    <w>yeah<mor type="mor"><mw><pos><c>co</c></pos><stem>yeah</stem></mw><gra type="gra" index="1" head="2" relation="COM"/></mor></w>
    <w>oopsie<mor type="mor"><mw><pos><c>co</c></pos><stem>oopsie</stem></mw><gra type="gra" index="2" head="0" relation="INCROOT"/></mor></w>
    <t type="e"><mor type="mor"><mt type="e"/><gra type="gra" index="3" head="2" relation="PUNCT"/></mor></t>

    <a type="actions">unnests more cups and holds</a>
    <a type="paralinguistics">&lt;1w&gt; laughs</a>
  </u>
  <u who="CHI" uID="u142">
    <w>uhuh<mor type="mor"><mw><pos><c>co</c></pos><stem>uhuh</stem></mw><gra type="gra" index="1" head="0" relation="INCROOT"/></mor></w>
    <t type="p"><mor type="mor"><mt type="p"/><gra type="gra" index="2" head="1" relation="PUNCT"/></mor></t>

    <a type="actions">&lt;aft&gt; attempts to put on tower</a>
    <a type="intonation">emphasizes second uh</a>
  </u>
  <u who="CHI" uID="u143">
    <w>uhoh<mor type="mor"><mw><pos><c>co</c></pos><stem>uhoh</stem></mw><gra type="gra" index="1" head="0" relation="INCROOT"/></mor></w>
    <t type="e"><mor type="mor"><mt type="e"/><gra type="gra" index="2" head="1" relation="PUNCT"/></mor></t>

    <a type="actions">rights cup on top first</a>
  </u>
  <u who="MOT" uID="u144">
    <w>uhoh<mor type="mor"><mw><pos><c>co</c></pos><stem>uhoh</stem></mw><gra type="gra" index="1" head="0" relation="INCROOT"/></mor></w>
    <t type="p"><mor type="mor"><mt type="p"/><gra type="gra" index="2" head="1" relation="PUNCT"/></mor></t>

  </u>
  <u who="CHI" uID="u145">
    <w untranscribed="unintelligible-with-pho">yyy</w>
    <t type="p"></t>

    <a type="gesture">glances at Mother's nesting cups , at tower</a>
    <a type="actions">&lt;dur&gt; manipulates nesting cup in hand &lt;bef&gt; puts nesting cup on tower .</a>
    <a type="extension" flavor="pho">e_e</a>
  </u>
  <u who="MOT" uID="u146">
    <w>say<mor type="mor"><mw><pos><c>co</c></pos><stem>say</stem></mw><gra type="gra" index="1" head="0" relation="INCROOT"/></mor></w>
    <pause symbolic-length="simple"/>
    <t type="quotation next line"><mor type="mor"><mt type="quotation next line"/><gra type="gra" index="2" head="1" relation="PUNCT"/></mor></t>

    <a type="actions">manipulates nesting cup</a>
  </u>
  <u who="MOT" uID="u147">
    <linker type="quoted utterance next"/>
    <w>stay<mor type="mor"><mw><pos><c>v</c></pos><stem>stay</stem></mw><gra type="gra" index="1" head="0" relation="ROOT"/></mor></w>
    <w>there<mor type="mor"><mw><pos><c>adv</c></pos><stem>there</stem></mw><gra type="gra" index="2" head="1" relation="JCT"/></mor></w>
    <t type="p"><mor type="mor"><mt type="p"/><gra type="gra" index="3" head="1" relation="PUNCT"/></mor></t>

  </u>
  <u who="CHI" uID="u148">
    <e><action/></e>
    <t type="p"></t>

    <a type="actions">puts cup on tower</a>
  </u>
  <u who="MOT" uID="u149">
    <e><action/></e>
    <t type="p"></t>

    <a type="actions">holds out nesting cup to Chuck</a>
  </u>
  <u who="CHI" uID="u150">
    <w untranscribed="unintelligible-with-pho">yyy</w>
    <t type="p"></t>

    <a type="actions">&lt;aft&gt; begins to put on tower</a>
    <a type="paralinguistics">&lt;bef&gt; laughs</a>
    <a type="extension" flavor="pho">A+e</a>
  </u>
  <u who="CHI" uID="u151">
    <w>uhoh<mor type="mor"><mw><pos><c>co</c></pos><stem>uhoh</stem></mw><gra type="gra" index="1" head="0" relation="INCROOT"/></mor></w>
    <t type="p"><mor type="mor"><mt type="p"/><gra type="gra" index="2" head="1" relation="PUNCT"/></mor></t>

    <a type="actions">knocks one cup away . attempts to right but it falls</a>
  </u>
  <u who="CHI" uID="u152">
    <w type="filler">uh</w>
    <w type="filler">uh</w>
    <t type="e"></t>

    <a type="actions">&lt;aft&gt; bangs tower with nesting cup . tower falls</a>
    <a type="paralinguistics">&lt;1w&gt; frustrated tone</a>
  </u>
  <u who="MOT" uID="u153">
    <w>build<mor type="mor"><mw><pos><c>v</c></pos><stem>build</stem></mw><gra type="gra" index="1" head="0" relation="ROOT"/></mor></w>
    <w>another<mor type="mor"><mw><pos><c>qn</c></pos><stem>another</stem></mw><gra type="gra" index="2" head="3" relation="QUANT"/></mor></w>
    <w>tower<mor type="mor"><mw><pos><c>n</c></pos><stem>tower</stem></mw><gra type="gra" index="3" head="1" relation="OBJ"/></mor></w>
    <t type="p"><mor type="mor"><mt type="p"/><gra type="gra" index="4" head="1" relation="PUNCT"/></mor></t>

    <a type="actions">holds out nesting cups</a>
  </u>
  <u who="CHI" uID="u154">
    <w>oh<mor type="mor"><mw><pos><c>co</c></pos><stem>oh</stem></mw><gra type="gra" index="1" head="0" relation="INCROOT"/></mor></w>
    <t type="p"><mor type="mor"><mt type="p"/><gra type="gra" index="2" head="1" relation="PUNCT"/></mor></t>

    <a type="actions">puts nesting cups (not Mother's) on top one another</a>
  </u>
  <u who="MOT" uID="u155">
    <w>build<mor type="mor"><mw><pos><c>v</c></pos><stem>build</stem></mw><gra type="gra" index="1" head="0" relation="ROOT"/></mor></w>
    <w>another<mor type="mor"><mw><pos><c>qn</c></pos><stem>another</stem></mw><gra type="gra" index="2" head="3" relation="QUANT"/></mor></w>
    <w>one<mor type="mor"><mw><pos><c>pro</c><s>indef</s></pos><stem>one</stem></mw><gra type="gra" index="3" head="1" relation="OBJ"/></mor></w>
    <w>over<mor type="mor"><mw><pos><c>prep</c></pos><stem>over</stem></mw><gra type="gra" index="4" head="3" relation="NJCT"/></mor></w>
    <w>here<mor type="mor"><mw><pos><c>n</c></pos><stem>here</stem></mw><gra type="gra" index="5" head="4" relation="POBJ"/></mor></w>
    <t type="p"><mor type="mor"><mt type="p"/><gra type="gra" index="6" head="1" relation="PUNCT"/></mor></t>

    <a type="actions">puts nesting cups on floor to initiate</a>
  </u>
  <u who="CHI" uID="u156">
    <w type="filler">uh</w>
    <w type="fragment">ha</w>
    <t type="p"></t>

    <a type="actions">knocks tower . picks up nesting cup and puts down by shape box</a>
  </u>
  <u who="MOT" uID="u157">
    <e><action/></e>
    <t type="p"></t>

    <a type="actions">rights tower</a>
  </u>
  <u who="CHI" uID="u158">
    <w>oh<mor type="mor"><mw><pos><c>co</c></pos><stem>oh</stem></mw><gra type="gra" index="1" head="3" relation="COM"/></mor></w>
    <pause symbolic-length="simple"/>
    <w type="filler">uh</w>
    <pause symbolic-length="simple"/>
    <w>ball<mor type="mor"><mw><pos><c>n</c></pos><stem>ball</stem></mw><gra type="gra" index="2" head="3" relation="SUBJ"/></mor></w>
    <w>go<mor type="mor"><mw><pos><c>v</c></pos><stem>go</stem></mw><gra type="gra" index="3" head="0" relation="ROOT"/></mor></w>
    <t type="e"><mor type="mor"><mt type="e"/><gra type="gra" index="4" head="3" relation="PUNCT"/></mor></t>

    <a type="gesture">&lt;3w-4w&gt; points to correct hole</a>
    <a type="actions">&lt;1w&gt; picks up shape box object</a>
    <a type="extension" flavor="pho">&lt;3w-4w&gt; bA boU</a>
  </u>
  <u who="MOT" uID="u159">
    <g><w>that's<mor type="mor"><mw><pos><c>pro</c><s>dem</s></pos><stem>that</stem></mw><gra type="gra" index="1" head="2" relation="SUBJ"/><mor-post><mw><pos><c>cop</c></pos><stem>be</stem><mk type="sfxf">3S</mk></mw><gra type="gra" index="2" head="0" relation="ROOT"/></mor-post></mor></w><k type="stressing"/></g>
    <w>right<mor type="mor"><mw><pos><c>co</c></pos><stem>right</stem></mw><gra type="gra" index="3" head="2" relation="PRED"/></mor></w>
    <t type="e"><mor type="mor"><mt type="e"/><gra type="gra" index="4" head="2" relation="PUNCT"/></mor></t>

    <a type="gesture">nods</a>
  </u>
  <u who="MOT" uID="u160">
    <w>that's<mor type="mor"><mw><pos><c>pro</c><s>dem</s></pos><stem>that</stem></mw><gra type="gra" index="1" head="2" relation="SUBJ"/><mor-post><mw><pos><c>cop</c></pos><stem>be</stem><mk type="sfxf">3S</mk></mw><gra type="gra" index="2" head="0" relation="ROOT"/></mor-post></mor></w>
    <w>where<mor type="mor"><mw><pos><c>pro</c><s>int</s></pos><stem>where</stem></mw><gra type="gra" index="3" head="5" relation="LINK"/></mor></w>
    <w>it<mor type="mor"><mw><pos><c>pro</c><s>per</s></pos><stem>it</stem></mw><gra type="gra" index="4" head="5" relation="SUBJ"/></mor></w>
    <w>goes<mor type="mor"><mw><pos><c>v</c></pos><stem>go</stem><mk type="sfx">3S</mk></mw><gra type="gra" index="5" head="2" relation="CPRED"/></mor></w>
    <t type="e"><mor type="mor"><mt type="e"/><gra type="gra" index="6" head="2" relation="PUNCT"/></mor></t>

  </u>
  <u who="MOT" uID="u161">
    <w>good<mor type="mor"><mw><pos><c>adj</c></pos><stem>good</stem></mw><gra type="gra" index="1" head="0" relation="INCROOT"/></mor></w>
    <t type="e"><mor type="mor"><mt type="e"/><gra type="gra" index="2" head="1" relation="PUNCT"/></mor></t>

  </u>
  <u who="CHI" uID="u162">
    <w>where<mor type="mor"><mw><pos><c>pro</c><s>rel</s></pos><stem>where</stem></mw><gra type="gra" index="1" head="3" relation="LINK"/></mor></w>
    <w>ball<mor type="mor"><mw><pos><c>n</c></pos><stem>ball</stem></mw><gra type="gra" index="2" head="3" relation="SUBJ"/></mor></w>
    <w>go<mor type="mor"><mw><pos><c>v</c></pos><stem>go</stem></mw><gra type="gra" index="3" head="0" relation="ROOT"/></mor></w>
    <t type="q"><mor type="mor"><mt type="q"/><gra type="gra" index="4" head="3" relation="PUNCT"/></mor></t>

    <a type="actions">opens shape box . continues to hold object</a>
    <a type="extension" flavor="pho">we bA boU</a>
  </u>
  <u who="MOT" uID="u163">
    <e><action/></e>
    <t type="p"></t>

    <a type="actions">stacks nesting cups</a>
  </u>
  <u who="CHI" uID="u164">
    <w type="filler">uh</w>
    <w>ball<mor type="mor"><mw><pos><c>n</c></pos><stem>ball</stem></mw><gra type="gra" index="1" head="0" relation="INCROOT"/></mor></w>
    <t type="p"><mor type="mor"><mt type="p"/><gra type="gra" index="2" head="1" relation="PUNCT"/></mor></t>

    <a type="actions">rummages in shape box</a>
    <a type="alternative">&lt;1w&gt; a</a>
    <a type="extension" flavor="pho">&lt;2w&gt; bA</a>
  </u>
  <u who="CHI" uID="u165">
    <w>ball<mor type="mor"><mw><pos><c>n</c></pos><stem>ball</stem></mw><gra type="gra" index="1" head="2" relation="MOD"/></mor></w>
    <w>ball<mor type="mor"><mw><pos><c>n</c></pos><stem>ball</stem></mw><gra type="gra" index="2" head="0" relation="INCROOT"/></mor></w>
    <t type="p"><mor type="mor"><mt type="p"/><gra type="gra" index="3" head="2" relation="PUNCT"/></mor></t>

    <a type="actions">continues to rummage</a>
    <a type="extension" flavor="pho">bA bA</a>
  </u>
  <u who="CHI" uID="u166">
    <g><w>ball<mor type="mor"><mw><pos><c>n</c></pos><stem>ball</stem></mw><gra type="gra" index="1" head="0" relation="INCROOT"/></mor></w><k type="stressing"/></g>
    <t type="p"><mor type="mor"><mt type="p"/><gra type="gra" index="2" head="1" relation="PUNCT"/></mor></t>

    <a type="extension" flavor="pho">bA</a>
  </u>
</CHAT>