<?xml version="1.0" encoding="UTF-8"?>

<CHAT xmlns:xsi="http://www.w3.org/2001/XMLSchema-instance"
      xmlns="http://www.talkbank.org/ns/talkbank"
      xsi:schemaLocation="http://www.talkbank.org/ns/talkbank https://talkbank.org/software/talkbank.xsd"
            DesignType="cross"
            ActivityType="toyplay"
            GroupType="TD"
      PID="11312/c-00015224-1"
      Version="2.16.0"
      Lang="eng"
      Corpus="Bates"
      >
  <Participants>
    <participant
      id="CHI"
    name="Gloria"
      role="Target_Child"
      language="eng"
      age="P1Y10M"
      sex="female"
      group="TD"
      SES="MC"

    />
    <participant
      id="MOT"
      role="Mother"
      language="eng"
      sex="female"

    />
  </Participants>
  <comment type="Types">cross, toyplay, TD</comment>
  <u who="CHI" uID="u0">
    <e><action/></e>
    <t type="p"></t>

    <a type="actions">bangs two balls together . puts ball in nesting cup and then throws in dollhouse . throws another in dollhouse . takes another ball from shape box . closes shape box and tries to fit ball through holes</a>
  </u>
  <u who="MOT" uID="u1">
    <w>where's<mor type="mor"><mw><pos><c>pro</c><s>int</s></pos><stem>where</stem></mw><gra type="gra" index="1" head="2" relation="SUBJ"/><mor-post><mw><pos><c>cop</c></pos><stem>be</stem><mk type="sfxf">3S</mk></mw><gra type="gra" index="2" head="0" relation="ROOT"/></mor-post></mor></w>
    <w>that<mor type="mor"><mw><pos><c>pro</c><s>rel</s></pos><stem>that</stem></mw><gra type="gra" index="3" head="4" relation="LINK"/></mor></w>
    <w>go<mor type="mor"><mw><pos><c>v</c></pos><stem>go</stem></mw><gra type="gra" index="4" head="2" relation="ROOT"/></mor></w>
    <t type="q"><mor type="mor"><mt type="q"/><gra type="gra" index="5" head="4" relation="PUNCT"/></mor></t>

    <a type="paralinguistics">whispers</a>
  </u>
  <u who="CHI" uID="u2">
    <e><action/></e>
    <t type="p"></t>

    <a type="actions">fits ball in hole</a>
  </u>
  <u who="MOT" uID="u3">
    <w>o<p type="drawl"/>h<mor type="mor"><mw><pos><c>co</c></pos><stem>oh</stem></mw><gra type="gra" index="1" head="0" relation="INCROOT"/></mor></w>
    <t type="p"><mor type="mor"><mt type="p"/><gra type="gra" index="2" head="1" relation="PUNCT"/></mor></t>

    <a type="actions">&lt;aft&gt; covers mouth with hand</a>
    <a type="paralinguistics">&lt;aft&gt; laughs</a>
  </u>
  <u who="CHI" uID="u4">
    <w>Mommy<mor type="mor"><mw><pos><c>n</c><s>prop</s></pos><stem>Mommy</stem></mw><gra type="gra" index="1" head="0" relation="INCROOT"/></mor></w>
    <t type="p"><mor type="mor"><mt type="p"/><gra type="gra" index="2" head="1" relation="PUNCT"/></mor></t>

    <a type="actions">&lt;dur&gt; fits nesting cups together &lt;bef&gt; opens shape box and closes it . takes nesting cups apart .</a>
    <a type="paralinguistics">&lt;bef&gt; laughs and screams</a>
  </u>
  <u who="MOT" uID="u5">
    <w>what<mor type="mor"><mw><pos><c>pro</c><s>int</s></pos><stem>what</stem></mw><gra type="gra" index="1" head="0" relation="INCROOT"/></mor></w>
    <t type="q"><mor type="mor"><mt type="q"/><gra type="gra" index="2" head="1" relation="PUNCT"/></mor></t>

  </u>
  <u who="CHI" uID="u6">
    <w untranscribed="unintelligible-with-pho">yyy</w>
    <w>Mommy<mor type="mor"><mw><pos><c>n</c><s>prop</s></pos><stem>Mommy</stem></mw><gra type="gra" index="1" head="0" relation="INCROOT"/></mor></w>
    <t type="p"><mor type="mor"><mt type="p"/><gra type="gra" index="2" head="1" relation="PUNCT"/></mor></t>

    <a type="actions">continues fitting nesting cups together</a>
    <a type="extension" flavor="pho">&lt;1w&gt; y3rd6m</a>
  </u>
  <u who="CHI" uID="u7">
    <w>good<mor type="mor"><mw><pos><c>adj</c></pos><stem>good</stem></mw><gra type="gra" index="1" head="2" relation="MOD"/></mor></w>
    <pause symbolic-length="simple"/>
    <w>Mommy<mor type="mor"><mw><pos><c>n</c><s>prop</s></pos><stem>Mommy</stem></mw><gra type="gra" index="2" head="0" relation="INCROOT"/></mor></w>
    <t type="e"><mor type="mor"><mt type="e"/><gra type="gra" index="3" head="2" relation="PUNCT"/></mor></t>

  </u>
  <u who="CHI" uID="u8">
    <w>no<mor type="mor"><mw><pos><c>co</c></pos><stem>no</stem></mw><gra type="gra" index="1" head="2" relation="COM"/></mor></w>
    <w>Mommy<mor type="mor"><mw><pos><c>n</c><s>prop</s></pos><stem>Mommy</stem></mw><gra type="gra" index="2" head="0" relation="INCROOT"/></mor></w>
    <t type="e"><mor type="mor"><mt type="e"/><gra type="gra" index="3" head="2" relation="PUNCT"/></mor></t>

  </u>
  <u who="MOT" uID="u9">
    <w>I<mor type="mor"><mw><pos><c>pro</c><s>sub</s></pos><stem>I</stem></mw><gra type="gra" index="1" head="4" relation="SUBJ"/></mor></w>
    <w>didn't<mor type="mor"><mw><pos><c>mod</c></pos><stem>do</stem><mk type="sfxf">PAST</mk></mw><gra type="gra" index="2" head="4" relation="AUX"/><mor-post><mw><pos><c>neg</c></pos><stem>not</stem></mw><gra type="gra" index="3" head="2" relation="NEG"/></mor-post></mor></w>
    <w>do<mor type="mor"><mw><pos><c>v</c></pos><stem>do</stem></mw><gra type="gra" index="4" head="0" relation="ROOT"/></mor></w>
    <w>anything<mor type="mor"><mw><pos><c>pro</c><s>indef</s></pos><stem>anything</stem></mw><gra type="gra" index="5" head="4" relation="OBJ"/></mor></w>
    <t type="e"><mor type="mor"><mt type="e"/><gra type="gra" index="6" head="4" relation="PUNCT"/></mor></t>

    <a type="actions">&lt;aft&gt; takes car and people from dollhouse . puts people in car</a>
  </u>
  <u who="CHI" uID="u10">
    <w untranscribed="unintelligible-with-pho">yyy</w>
    <t type="p"></t>

    <a type="actions">&lt;dur&gt; leans over dollhouse and looks inside &lt;bef&gt; puts cup in mouth .</a>
    <a type="extension" flavor="pho">&amp;-eh</a>
  </u>
  <u who="MOT" uID="u11">
    <w type="filler">um</w>
    <w>where<mor type="mor"><mw><pos><c>pro</c><s>rel</s></pos><stem>where</stem></mw><gra type="gra" index="1" head="0" relation="INCROOT"/></mor></w>
    <t type="q"><mor type="mor"><mt type="q"/><gra type="gra" index="2" head="1" relation="PUNCT"/></mor></t>

    <a type="actions">&lt;1w&gt; puts another person in car .</a>
  </u>
  <u who="MOT" uID="u12">
    <w>what<mor type="mor"><mw><pos><c>pro</c><s>int</s></pos><stem>what</stem></mw><gra type="gra" index="1" head="4" relation="OBJ"/></mor></w>
    <w>do<mor type="mor"><mw><pos><c>mod</c></pos><stem>do</stem></mw><gra type="gra" index="2" head="4" relation="AUX"/></mor></w>
    <w>you<mor type="mor"><mw><pos><c>pro</c><s>per</s></pos><stem>you</stem></mw><gra type="gra" index="3" head="4" relation="SUBJ"/></mor></w>
    <w>see<mor type="mor"><mw><pos><c>v</c></pos><stem>see</stem></mw><gra type="gra" index="4" head="0" relation="ROOT"/></mor></w>
    <t type="q"><mor type="mor"><mt type="q"/><gra type="gra" index="5" head="4" relation="PUNCT"/></mor></t>

    <a type="actions">&lt;1w&gt; slides dollhouse closer to Gloria</a>
  </u>
  <u who="CHI" uID="u13">
    <e><action/></e>
    <t type="p"></t>

    <a type="actions">reaches in dollhouse and takes person out</a>
  </u>
  <u who="MOT" uID="u14">
    <w>vroom<mor type="mor"><mw><pos><c>co</c></pos><stem>vroom</stem></mw><gra type="gra" index="1" head="0" relation="INCROOT"/></mor></w>
    <t type="p"><mor type="mor"><mt type="p"/><gra type="gra" index="2" head="1" relation="PUNCT"/></mor></t>

    <a type="actions">&lt;1w&gt; runs car over Gloria's stomach .</a>
    <a type="explanation">&lt;1w&gt; car noises</a>
  </u>
  <u who="MOT" uID="u15">
    <w formType="onomatopoeia">neear<mor type="mor"><mw><pos><c>on</c></pos><stem>neear</stem></mw><gra type="gra" index="1" head="0" relation="INCROOT"/></mor></w>
    <t type="p"><mor type="mor"><mt type="p"/><gra type="gra" index="2" head="1" relation="PUNCT"/></mor></t>

    <a type="explanation">&lt;1w&gt; car noises</a>
  </u>
  <u who="MOT" uID="u16">
    <w>whoops<mor type="mor"><mw><pos><c>co</c></pos><stem>whoops</stem></mw><gra type="gra" index="1" head="0" relation="INCROOT"/></mor></w>
    <t type="p"><mor type="mor"><mt type="p"/><gra type="gra" index="2" head="1" relation="PUNCT"/></mor></t>

    <a type="actions">&lt;1w&gt; reseats person in car</a>
  </u>
  <u who="CHI" uID="u17">
    <w untranscribed="unintelligible-with-pho">yyy</w>
    <t type="p"></t>

    <a type="actions">holds up person to Mother</a>
    <a type="extension" flavor="pho">&amp;-eh</a>
  </u>
  <u who="MOT" uID="u18">
    <w>here<mor type="mor"><mw><pos><c>adv</c></pos><stem>here</stem></mw><gra type="gra" index="1" head="0" relation="INCROOT"/></mor></w>
    <t type="p"><mor type="mor"><mt type="p"/><gra type="gra" index="2" head="1" relation="PUNCT"/></mor></t>

    <a type="actions">&lt;1w&gt; takes person .</a>
  </u>
  <u who="MOT" uID="u19">
    <w>okay<mor type="mor"><mw><pos><c>co</c></pos><stem>okay</stem></mw><gra type="gra" index="1" head="5" relation="COM"/></mor></w>
    <pause symbolic-length="simple"/>
    <w>where<mor type="mor"><mw><pos><c>pro</c><s>int</s></pos><stem>where</stem></mw><gra type="gra" index="2" head="5" relation="JCT"/></mor></w>
    <w>should<mor type="mor"><mw><pos><c>mod</c></pos><stem>should</stem></mw><gra type="gra" index="3" head="5" relation="AUX"/></mor></w>
    <w>we<mor type="mor"><mw><pos><c>pro</c><s>sub</s></pos><stem>we</stem></mw><gra type="gra" index="4" head="5" relation="SUBJ"/></mor></w>
    <w>put<mor type="mor"><mw><pos><c>v</c></pos><stem>put</stem><mk type="sfxf">ZERO</mk></mw><gra type="gra" index="5" head="0" relation="ROOT"/></mor></w>
    <w>this<mor type="mor"><mw><pos><c>pro</c><s>dem</s></pos><stem>this</stem></mw><gra type="gra" index="6" head="5" relation="OBJ"/></mor></w>
    <t type="q"><mor type="mor"><mt type="q"/><gra type="gra" index="7" head="5" relation="PUNCT"/></mor></t>

    <a type="actions">&lt;1w&gt; holds out person then puts on hood of car</a>
  </u>
  <u who="CHI" uID="u20">
    <e><action/><ga type="paralinguistics">giggles</ga></e>
    <t type="p"></t>

    <a type="gesture">looks at cups</a>
    <a type="actions">picks up cup</a>
  </u>
  <u who="MOT" uID="u21">
    <e><action/></e>
    <t type="p"></t>

    <a type="actions">unstacks cups</a>
  </u>
  <u who="CHI" uID="u22">
    <w>uhoh<mor type="mor"><mw><pos><c>co</c></pos><stem>uhoh</stem></mw><gra type="gra" index="1" head="0" relation="INCROOT"/></mor></w>
    <t type="p"><mor type="mor"><mt type="p"/><gra type="gra" index="2" head="1" relation="PUNCT"/></mor></t>

    <a type="gesture">looks at person</a>
  </u>
  <u who="MOT" uID="u23">
    <w>uhoh<mor type="mor"><mw><pos><c>co</c></pos><stem>uhoh</stem></mw><gra type="gra" index="1" head="2" relation="COM"/></mor></w>
    <w>what<mor type="mor"><mw><pos><c>pro</c><s>int</s></pos><stem>what</stem></mw><gra type="gra" index="2" head="0" relation="INCROOT"/></mor></w>
    <t type="q"><mor type="mor"><mt type="q"/><gra type="gra" index="3" head="2" relation="PUNCT"/></mor></t>

  </u>
  <u who="CHI" uID="u24">
    <w>uhoh<mor type="mor"><mw><pos><c>co</c></pos><stem>uhoh</stem></mw><gra type="gra" index="1" head="0" relation="INCROOT"/></mor></w>
    <t type="p"><mor type="mor"><mt type="p"/><gra type="gra" index="2" head="1" relation="PUNCT"/></mor></t>

    <a type="gesture">glances at Mother</a>
    <a type="actions">holds up person to Mother</a>
  </u>
  <u who="MOT" uID="u25">
    <w>fall<mor type="mor"><mw><pos><c>v</c></pos><stem>fall</stem></mw><gra type="gra" index="1" head="0" relation="ROOT"/></mor></w>
    <w>off<mor type="mor"><mw><pos><c>adv</c></pos><stem>off</stem></mw><gra type="gra" index="2" head="1" relation="JCT"/></mor></w>
    <t type="q"><mor type="mor"><mt type="q"/><gra type="gra" index="3" head="1" relation="PUNCT"/></mor></t>

    <a type="paralinguistics">whispers</a>
  </u>
  <u who="CHI" uID="u26">
    <e><action/><ga type="paralinguistics">groans</ga></e>
    <t type="p"></t>

    <a type="actions">tries to fit person in car</a>
  </u>
  <u who="MOT" uID="u27">
    <e><action/></e>
    <t type="p"></t>

    <a type="actions">picks up bench and shows to Gloria</a>
  </u>
  <u who="CHI" uID="u28">
    <e><action/></e>
    <t type="p"></t>

    <a type="gesture">looks at Mother , at dollhouse</a>
    <a type="actions">takes people out of car . reaches in dollhouse</a>
  </u>
  <u who="MOT" uID="u29">
    <w>you<mor type="mor"><mw><pos><c>pro</c><s>per</s></pos><stem>you</stem></mw><gra type="gra" index="1" head="4" relation="LINK"/></mor></w>
    <w>sure<mor type="mor"><mw><pos><c>adj</c></pos><stem>sure</stem></mw><gra type="gra" index="2" head="4" relation="SUBJ"/></mor></w>
    <w>are<mor type="mor"><mw><pos><c>aux</c></pos><stem>be</stem><mk type="sfxf">PRES</mk></mw><gra type="gra" index="3" head="4" relation="AUX"/></mor></w>
    <w>makin<shortening>g</shortening><mor type="mor"><mw><pos><c>part</c></pos><stem>make</stem><mk type="sfx">PRESP</mk></mw><gra type="gra" index="4" head="0" relation="ROOT"/></mor></w>
    <w>a_lot_of<mor type="mor"><mw><pos><c>qn</c></pos><stem>a_lot_of</stem></mw><gra type="gra" index="5" head="6" relation="QUANT"/></mor></w>
    <w>noise<mor type="mor"><mw><pos><c>n</c></pos><stem>noise</stem></mw><gra type="gra" index="6" head="4" relation="OBJ"/></mor></w>
    <t type="p"><mor type="mor"><mt type="p"/><gra type="gra" index="7" head="4" relation="PUNCT"/></mor></t>

    <a type="actions">&lt;aft&gt; takes out toy</a>
    <a type="paralinguistics">&lt;bef&gt; smiles . laughs</a>
  </u>
  <u who="CHI" uID="u30">
    <w>alright<mor type="mor"><mw><pos><c>co</c></pos><stem>alright</stem></mw><gra type="gra" index="1" head="0" relation="INCROOT"/></mor></w>
    <t type="e"><mor type="mor"><mt type="e"/><gra type="gra" index="2" head="1" relation="PUNCT"/></mor></t>

    <a type="actions">&lt;bef&gt; drops person in shape box</a>
    <a type="extension" flavor="pho">&lt;2w&gt; waIt</a>
  </u>
  <u who="MOT" uID="u31">
    <w>alright<mor type="mor"><mw><pos><c>co</c></pos><stem>alright</stem></mw><gra type="gra" index="1" head="0" relation="INCROOT"/></mor></w>
    <t type="p"><mor type="mor"><mt type="p"/><gra type="gra" index="2" head="1" relation="PUNCT"/></mor></t>

  </u>
  <u who="CHI" uID="u32">
    <w untranscribed="unintelligible-with-pho">yyy</w>
    <t type="p"></t>

    <a type="gesture">&lt;aft&gt; raises shoulders</a>
    <a type="actions">&lt;aft&gt; tries to fit person in shape box . person drops in shape box</a>
    <a type="extension" flavor="pho">rA rA</a>
  </u>
  <u who="MOT" uID="u33">
    <e><action/></e>
    <t type="p"></t>

    <a type="gesture">purses lips and smiles</a>
  </u>
  <u who="CHI" uID="u34">
    <w>Gramma<mor type="mor"><mw><pos><c>n</c><s>prop</s></pos><stem>Gramma</stem></mw><gra type="gra" index="1" head="0" relation="INCROOT"/></mor></w>
    <t type="p"><mor type="mor"><mt type="p"/><gra type="gra" index="2" head="1" relation="PUNCT"/></mor></t>

    <a type="gesture">glances at Mother , at shape box</a>
    <a type="actions">&lt;aft&gt; drops in dollhouse</a>
  </u>
  <u who="MOT" uID="u35">
    <w>is<mor type="mor"><mw><pos><c>cop</c></pos><stem>be</stem><mk type="sfxf">3S</mk></mw><gra type="gra" index="1" head="0" relation="ROOT"/></mor></w>
    <w>that<mor type="mor"><mw><pos><c>comp</c></pos><stem>that</stem></mw><gra type="gra" index="2" head="4" relation="LINK"/></mor></w>
    <w>Gramma<mor type="mor"><mw><pos><c>n</c><s>prop</s></pos><stem>Gramma</stem></mw><gra type="gra" index="3" head="4" relation="SUBJ"/></mor></w>
    <w>huh<mor type="mor"><mw><pos><c>co</c></pos><stem>huh</stem></mw><gra type="gra" index="4" head="1" relation="PRED"/></mor></w>
    <t type="q"><mor type="mor"><mt type="q"/><gra type="gra" index="5" head="1" relation="PUNCT"/></mor></t>

  </u>
  <u who="MOT" uID="u36">
    <w>is<mor type="mor"><mw><pos><c>cop</c></pos><stem>be</stem><mk type="sfxf">3S</mk></mw><gra type="gra" index="1" head="0" relation="ROOT"/></mor></w>
    <w>that<mor type="mor"><mw><pos><c>comp</c></pos><stem>that</stem></mw><gra type="gra" index="2" head="1" relation="PRED"/></mor></w>
    <w>Gramma<mor type="mor"><mw><pos><c>n</c><s>prop</s></pos><stem>Gramma</stem></mw><gra type="gra" index="3" head="2" relation="OM"/></mor></w>
    <t type="q"><mor type="mor"><mt type="q"/><gra type="gra" index="4" head="1" relation="PUNCT"/></mor></t>

  </u>
  <u who="CHI" uID="u37">
    <e><action/></e>
    <t type="p"></t>

    <a type="gesture">looks at people</a>
    <a type="actions">takes out person</a>
  </u>
  <u who="MOT" uID="u38">
    <w>who's<mor type="mor"><mw><pos><c>pro</c><s>int</s></pos><stem>who</stem></mw><gra type="gra" index="1" head="2" relation="SUBJ"/><mor-post><mw><pos><c>cop</c></pos><stem>be</stem><mk type="sfxf">3S</mk></mw><gra type="gra" index="2" head="0" relation="ROOT"/></mor-post></mor></w>
    <w>that<mor type="mor"><mw><pos><c>pro</c><s>dem</s></pos><stem>that</stem></mw><gra type="gra" index="3" head="2" relation="PRED"/></mor></w>
    <t type="q"><mor type="mor"><mt type="q"/><gra type="gra" index="4" head="2" relation="PUNCT"/></mor></t>

  </u>
  <u who="CHI" uID="u39">
    <w untranscribed="unintelligible-with-pho">yyy</w>
    <t type="p"></t>

    <a type="extension" flavor="pho">heS6</a>
    <a type="alternative">Marsha</a>
  </u>
  <u who="MOT" uID="u40">
    <w>Marsha<mor type="mor"><mw><pos><c>n</c><s>prop</s></pos><stem>Marsha</stem></mw><gra type="gra" index="1" head="0" relation="INCROOT"/></mor></w>
    <t type="q"><mor type="mor"><mt type="q"/><gra type="gra" index="2" head="1" relation="PUNCT"/></mor></t>

  </u>
  <u who="MOT" uID="u41">
    <w>is<mor type="mor"><mw><pos><c>cop</c></pos><stem>be</stem><mk type="sfxf">3S</mk></mw><gra type="gra" index="1" head="0" relation="ROOT"/></mor></w>
    <w>that<mor type="mor"><mw><pos><c>comp</c></pos><stem>that</stem></mw><gra type="gra" index="2" head="1" relation="PRED"/></mor></w>
    <w>Marsha<mor type="mor"><mw><pos><c>n</c><s>prop</s></pos><stem>Marsha</stem></mw><gra type="gra" index="3" head="2" relation="OM"/></mor></w>
    <t type="q"><mor type="mor"><mt type="q"/><gra type="gra" index="4" head="1" relation="PUNCT"/></mor></t>

  </u>
  <u who="MOT" uID="u42">
    <w>okay<mor type="mor"><mw><pos><c>co</c></pos><stem>okay</stem></mw><gra type="gra" index="1" head="0" relation="INCROOT"/></mor></w>
    <t type="p"><mor type="mor"><mt type="p"/><gra type="gra" index="2" head="1" relation="PUNCT"/></mor></t>

  </u>
  <u who="CHI" uID="u43">
    <w untranscribed="unintelligible-with-pho">yyy</w>
    <t type="p"></t>

    <a type="extension" flavor="pho">yAS6</a>
    <a type="alternative">Marsha</a>
  </u>
  <u who="MOT" uID="u44">
    <w>mhm<mor type="mor"><mw><pos><c>co</c></pos><stem>mhm</stem></mw><menx>yes</menx><gra type="gra" index="1" head="0" relation="INCROOT"/></mor></w>
    <t type="p"><mor type="mor"><mt type="p"/><gra type="gra" index="2" head="1" relation="PUNCT"/></mor></t>

  </u>
  <u who="CHI" uID="u45">
    <w untranscribed="unintelligible-with-pho">yyy</w>
    <t type="p"></t>

    <a type="extension" flavor="pho">yAS6</a>
    <a type="alternative">Marsha</a>
  </u>
  <u who="MOT" uID="u46">
    <w>Marsha<mor type="mor"><mw><pos><c>n</c><s>prop</s></pos><stem>Marsha</stem></mw><gra type="gra" index="1" head="0" relation="INCROOT"/></mor></w>
    <t type="q"><mor type="mor"><mt type="q"/><gra type="gra" index="2" head="1" relation="PUNCT"/></mor></t>

  </u>
  <u who="CHI" uID="u47">
    <e><action/></e>
    <t type="p"></t>

    <a type="actions">picks up another person</a>
  </u>
  <u who="MOT" uID="u48">
    <w>who's<mor type="mor"><mw><pos><c>pro</c><s>int</s></pos><stem>who</stem></mw><gra type="gra" index="1" head="2" relation="SUBJ"/><mor-post><mw><pos><c>cop</c></pos><stem>be</stem><mk type="sfxf">3S</mk></mw><gra type="gra" index="2" head="0" relation="ROOT"/></mor-post></mor></w>
    <w>that<mor type="mor"><mw><pos><c>pro</c><s>dem</s></pos><stem>that</stem></mw><gra type="gra" index="3" head="2" relation="PRED"/></mor></w>
    <t type="q"><mor type="mor"><mt type="q"/><gra type="gra" index="4" head="2" relation="PUNCT"/></mor></t>

  </u>
  <u who="CHI" uID="u49">
    <w untranscribed="unintelligible-with-pho">yyy</w>
    <t type="p"></t>

    <a type="actions">shows to Mother</a>
    <a type="extension" flavor="pho">yAS6</a>
    <a type="alternative">Marsha</a>
  </u>
  <u who="MOT" uID="u50">
    <w>no<mor type="mor"><mw><pos><c>co</c></pos><stem>no</stem></mw><gra type="gra" index="1" head="3" relation="COM"/></mor></w>
    <w>that's<mor type="mor"><mw><pos><c>pro</c><s>dem</s></pos><stem>that</stem></mw><gra type="gra" index="2" head="3" relation="SUBJ"/><mor-post><mw><pos><c>cop</c></pos><stem>be</stem><mk type="sfxf">3S</mk></mw><gra type="gra" index="3" head="0" relation="ROOT"/></mor-post></mor></w>
    <w>not<mor type="mor"><mw><pos><c>neg</c></pos><stem>not</stem></mw><gra type="gra" index="4" head="3" relation="NEG"/></mor></w>
    <w>Marsha<mor type="mor"><mw><pos><c>n</c><s>prop</s></pos><stem>Marsha</stem></mw><gra type="gra" index="5" head="3" relation="PRED"/></mor></w>
    <t type="p"><mor type="mor"><mt type="p"/><gra type="gra" index="6" head="3" relation="PUNCT"/></mor></t>

  </u>
  <u who="MOT" uID="u51">
    <w>this<mor type="mor"><mw><pos><c>pro</c><s>dem</s></pos><stem>this</stem></mw><gra type="gra" index="1" head="2" relation="SUBJ"/></mor></w>
    <w>is<mor type="mor"><mw><pos><c>cop</c></pos><stem>be</stem><mk type="sfxf">3S</mk></mw><gra type="gra" index="2" head="0" relation="ROOT"/></mor></w>
    <w>Marsha<mor type="mor"><mw><pos><c>n</c><s>prop</s></pos><stem>Marsha</stem></mw><gra type="gra" index="3" head="2" relation="PRED"/></mor></w>
    <t type="p"><mor type="mor"><mt type="p"/><gra type="gra" index="4" head="2" relation="PUNCT"/></mor></t>

    <a type="gesture">&lt;1w&gt; points .</a>
    <a type="actions">&lt;1w&gt; puts person down &lt;1w&gt; picks up another person .</a>
  </u>
  <u who="MOT" uID="u52">
    <w>who's<mor type="mor"><mw><pos><c>pro</c><s>int</s></pos><stem>who</stem></mw><gra type="gra" index="1" head="2" relation="SUBJ"/><mor-post><mw><pos><c>cop</c></pos><stem>be</stem><mk type="sfxf">3S</mk></mw><gra type="gra" index="2" head="0" relation="ROOT"/></mor-post></mor></w>
    <w>this<mor type="mor"><mw><pos><c>pro</c><s>dem</s></pos><stem>this</stem></mw><gra type="gra" index="3" head="2" relation="PRED"/></mor></w>
    <t type="q"><mor type="mor"><mt type="q"/><gra type="gra" index="4" head="2" relation="PUNCT"/></mor></t>

    <a type="gesture">&lt;1w&gt; points to person Gloria is holding</a>
  </u>
  <u who="CHI" uID="u53">
    <w untranscribed="unintelligible-with-pho">yyy</w>
    <t type="p"></t>

    <a type="extension" flavor="pho">yAS6</a>
    <a type="alternative">Marsha</a>
  </u>
  <u who="MOT" uID="u54">
    <w>is<mor type="mor"><mw><pos><c>cop</c></pos><stem>be</stem><mk type="sfxf">3S</mk></mw><gra type="gra" index="1" head="0" relation="ROOT"/></mor></w>
    <w>that<mor type="mor"><mw><pos><c>comp</c></pos><stem>that</stem></mw><gra type="gra" index="2" head="1" relation="PRED"/></mor></w>
    <w>Jill<mor type="mor"><mw><pos><c>n</c><s>prop</s></pos><stem>Jill</stem></mw><gra type="gra" index="3" head="2" relation="OM"/></mor></w>
    <t type="q"><mor type="mor"><mt type="q"/><gra type="gra" index="4" head="1" relation="PUNCT"/></mor></t>

  </u>
  <u who="CHI" uID="u55">
    <w>Jill<mor type="mor"><mw><pos><c>n</c><s>prop</s></pos><stem>Jill</stem></mw><gra type="gra" index="1" head="0" relation="INCROOT"/></mor></w>
    <t type="p"><mor type="mor"><mt type="p"/><gra type="gra" index="2" head="1" relation="PUNCT"/></mor></t>

    <a type="actions">&lt;aft&gt; picks up dog</a>
  </u>
  <u who="MOT" uID="u56">
    <w>who's<mor type="mor"><mw><pos><c>pro</c><s>int</s></pos><stem>who</stem></mw><gra type="gra" index="1" head="2" relation="SUBJ"/><mor-post><mw><pos><c>cop</c></pos><stem>be</stem><mk type="sfxf">3S</mk></mw><gra type="gra" index="2" head="0" relation="ROOT"/></mor-post></mor></w>
    <w>that<mor type="mor"><mw><pos><c>pro</c><s>dem</s></pos><stem>that</stem></mw><gra type="gra" index="3" head="2" relation="PRED"/></mor></w>
    <t type="q"><mor type="mor"><mt type="q"/><gra type="gra" index="4" head="2" relation="PUNCT"/></mor></t>

  </u>
  <u who="CHI" uID="u57">
    <w>Jill<mor type="mor"><mw><pos><c>n</c><s>prop</s></pos><stem>Jill</stem></mw><gra type="gra" index="1" head="0" relation="INCROOT"/></mor></w>
    <t type="p"><mor type="mor"><mt type="p"/><gra type="gra" index="2" head="1" relation="PUNCT"/></mor></t>

  </u>
  <u who="MOT" uID="u58">
    <w>is<mor type="mor"><mw><pos><c>cop</c></pos><stem>be</stem><mk type="sfxf">3S</mk></mw><gra type="gra" index="1" head="0" relation="ROOT"/></mor></w>
    <w>that<mor type="mor"><mw><pos><c>comp</c></pos><stem>that</stem></mw><gra type="gra" index="2" head="1" relation="PRED"/></mor></w>
    <w>Jill<mor type="mor"><mw><pos><c>n</c><s>prop</s></pos><stem>Jill</stem></mw><gra type="gra" index="3" head="2" relation="OM"/></mor></w>
    <t type="q"><mor type="mor"><mt type="q"/><gra type="gra" index="4" head="1" relation="PUNCT"/></mor></t>

  </u>
  <u who="MOT" uID="u59">
    <w>I<mor type="mor"><mw><pos><c>pro</c><s>sub</s></pos><stem>I</stem></mw><gra type="gra" index="1" head="2" relation="SUBJ"/></mor></w>
    <w>thought<mor type="mor"><mw><pos><c>n</c></pos><stem>thought</stem></mw><gra type="gra" index="2" head="4" relation="SUBJ"/></mor></w>
    <w>that<mor type="mor"><mw><pos><c>adv</c></pos><stem>that</stem></mw><gra type="gra" index="3" head="4" relation="JCT"/></mor></w>
    <w>was<mor type="mor"><mw><pos><c>cop</c></pos><stem>be</stem><mk type="sfxf">PAST</mk><mk type="sfxf">13S</mk></mw><gra type="gra" index="4" head="0" relation="ROOT"/></mor></w>
    <w>Mitsy<mor type="mor"><mw><pos><c>n</c><s>prop</s></pos><stem>Mitsy</stem></mw><gra type="gra" index="5" head="4" relation="PRED"/></mor></w>
    <t type="p"><mor type="mor"><mt type="p"/><gra type="gra" index="6" head="4" relation="PUNCT"/></mor></t>

  </u>
  <u who="CHI" uID="u60">
    <e><action/></e>
    <t type="p"></t>

    <a type="gesture">looks at dolls , at Mother</a>
    <a type="actions">holds up dog to Mother</a>
  </u>
  <u who="MOT" uID="u61">
    <w>who's<mor type="mor"><mw><pos><c>pro</c><s>int</s></pos><stem>who</stem></mw><gra type="gra" index="1" head="2" relation="SUBJ"/><mor-post><mw><pos><c>cop</c></pos><stem>be</stem><mk type="sfxf">3S</mk></mw><gra type="gra" index="2" head="0" relation="ROOT"/></mor-post></mor></w>
    <w>that<mor type="mor"><mw><pos><c>pro</c><s>dem</s></pos><stem>that</stem></mw><gra type="gra" index="3" head="2" relation="PRED"/></mor></w>
    <t type="q"><mor type="mor"><mt type="q"/><gra type="gra" index="4" head="2" relation="PUNCT"/></mor></t>

  </u>
  <u who="CHI" uID="u62">
    <w untranscribed="unintelligible-with-pho">yyy</w>
    <t type="p"></t>

    <a type="actions">shows dog to Mother</a>
    <a type="extension" flavor="pho">bebet</a>
  </u>
  <u who="MOT" uID="u63">
    <w>Bridget<mor type="mor"><mw><pos><c>n</c><s>prop</s></pos><stem>Bridget</stem></mw><gra type="gra" index="1" head="0" relation="INCROOT"/></mor></w>
    <t type="q"><mor type="mor"><mt type="q"/><gra type="gra" index="2" head="1" relation="PUNCT"/></mor></t>

  </u>
  <u who="MOT" uID="u64">
    <w>oh<mor type="mor"><mw><pos><c>co</c></pos><stem>oh</stem></mw><gra type="gra" index="1" head="2" relation="COM"/></mor></w>
    <w>okay<mor type="mor"><mw><pos><c>co</c></pos><stem>okay</stem></mw><gra type="gra" index="2" head="0" relation="INCROOT"/></mor></w>
    <t type="p"><mor type="mor"><mt type="p"/><gra type="gra" index="3" head="2" relation="PUNCT"/></mor></t>

  </u>
  <u who="MOT" uID="u65">
    <w>that<mor type="mor"><mw><pos><c>pro</c><s>rel</s></pos><stem>that</stem></mw><gra type="gra" index="1" head="3" relation="LINK"/></mor></w>
    <w>can<mor type="mor"><mw><pos><c>mod</c></pos><stem>can</stem></mw><gra type="gra" index="2" head="3" relation="AUX"/></mor></w>
    <w>be<mor type="mor"><mw><pos><c>cop</c></pos><stem>be</stem></mw><gra type="gra" index="3" head="0" relation="ROOT"/></mor></w>
    <w>Bridget<mor type="mor"><mw><pos><c>n</c><s>prop</s></pos><stem>Bridget</stem></mw><gra type="gra" index="4" head="3" relation="PRED"/></mor></w>
    <t type="p"><mor type="mor"><mt type="p"/><gra type="gra" index="5" head="3" relation="PUNCT"/></mor></t>

  </u>
  <u who="CHI" uID="u66">
    <w untranscribed="unintelligible-with-pho">yyy</w>
    <t type="p"></t>

    <a type="actions">&lt;aft&gt; picks up another person</a>
    <a type="extension" flavor="pho">bebet</a>
  </u>
  <u who="MOT" uID="u67">
    <w>who's<mor type="mor"><mw><pos><c>pro</c><s>int</s></pos><stem>who</stem></mw><gra type="gra" index="1" head="2" relation="SUBJ"/><mor-post><mw><pos><c>cop</c></pos><stem>be</stem><mk type="sfxf">3S</mk></mw><gra type="gra" index="2" head="0" relation="ROOT"/></mor-post></mor></w>
    <w>that<mor type="mor"><mw><pos><c>pro</c><s>dem</s></pos><stem>that</stem></mw><gra type="gra" index="3" head="2" relation="PRED"/></mor></w>
    <t type="q"><mor type="mor"><mt type="q"/><gra type="gra" index="4" head="2" relation="PUNCT"/></mor></t>

    <a type="gesture">points to person in Gloria's hand</a>
  </u>
  <u who="CHI" uID="u68">
    <w untranscribed="unintelligible-with-pho">yyy</w>
    <t type="p"></t>

    <a type="actions">&lt;aft&gt; puts person in mouth</a>
    <a type="extension" flavor="pho">bebet</a>
  </u>
  <u who="MOT" uID="u69">
    <w>who's<mor type="mor"><mw><pos><c>pro</c><s>int</s></pos><stem>who</stem></mw><gra type="gra" index="1" head="2" relation="SUBJ"/><mor-post><mw><pos><c>cop</c></pos><stem>be</stem><mk type="sfxf">3S</mk></mw><gra type="gra" index="2" head="0" relation="ROOT"/></mor-post></mor></w>
    <w>that<mor type="mor"><mw><pos><c>pro</c><s>dem</s></pos><stem>that</stem></mw><gra type="gra" index="3" head="2" relation="PRED"/></mor></w>
    <t type="q"><mor type="mor"><mt type="q"/><gra type="gra" index="4" head="2" relation="PUNCT"/></mor></t>

  </u>
  <u who="MOT" uID="u70">
    <w>is<mor type="mor"><mw><pos><c>cop</c></pos><stem>be</stem><mk type="sfxf">3S</mk></mw><gra type="gra" index="1" head="0" relation="ROOT"/></mor></w>
    <w>that<mor type="mor"><mw><pos><c>comp</c></pos><stem>that</stem></mw><gra type="gra" index="2" head="1" relation="PRED"/></mor></w>
    <w>Brett<mor type="mor"><mw><pos><c>n</c><s>prop</s></pos><stem>Brett</stem></mw><gra type="gra" index="3" head="2" relation="OM"/></mor></w>
    <t type="q"><mor type="mor"><mt type="q"/><gra type="gra" index="4" head="1" relation="PUNCT"/></mor></t>

  </u>
  <u who="CHI" uID="u71">
    <w>that<mor type="mor"><mw><pos><c>comp</c></pos><stem>that</stem></mw><gra type="gra" index="1" head="0" relation="INCROOT"/></mor></w>
    <t type="p"><mor type="mor"><mt type="p"/><gra type="gra" index="2" head="1" relation="PUNCT"/></mor></t>

    <a type="actions">puts down "Brett" , picks up another person</a>
    <a type="extension" flavor="pho">dat</a>
  </u>
  <u who="MOT" uID="u72">
    <w>Brett<mor type="mor"><mw><pos><c>n</c><s>prop</s></pos><stem>Brett</stem></mw><gra type="gra" index="1" head="0" relation="INCROOT"/></mor></w>
    <t type="q"><mor type="mor"><mt type="q"/><gra type="gra" index="2" head="1" relation="PUNCT"/></mor></t>

    <a type="actions">picks up person</a>
  </u>
  <u who="MOT" uID="u73">
    <w>mm<p type="drawl"/><mor type="mor"><mw><pos><c>co</c></pos><stem>mm</stem></mw><gra type="gra" index="1" head="2" relation="COM"/></mor></w>
    <w><shortening>o</shortening>kay<mor type="mor"><mw><pos><c>co</c></pos><stem>okay</stem></mw><gra type="gra" index="2" head="0" relation="INCROOT"/></mor></w>
    <t type="p"><mor type="mor"><mt type="p"/><gra type="gra" index="3" head="2" relation="PUNCT"/></mor></t>

  </u>
  <u who="MOT" uID="u74">
    <w>who's<mor type="mor"><mw><pos><c>pro</c><s>int</s></pos><stem>who</stem></mw><gra type="gra" index="1" head="2" relation="SUBJ"/><mor-post><mw><pos><c>cop</c></pos><stem>be</stem><mk type="sfxf">3S</mk></mw><gra type="gra" index="2" head="0" relation="ROOT"/></mor-post></mor></w>
    <w>this<mor type="mor"><mw><pos><c>pro</c><s>dem</s></pos><stem>this</stem></mw><gra type="gra" index="3" head="2" relation="PRED"/></mor></w>
    <t type="q"><mor type="mor"><mt type="q"/><gra type="gra" index="4" head="2" relation="PUNCT"/></mor></t>

  </u>
  <u who="CHI" uID="u75">
    <w untranscribed="unintelligible-with-pho">yyy</w>
    <t type="p"></t>

    <a type="actions">puts doll in mouth</a>
    <a type="extension" flavor="pho">bik</a>
  </u>
  <u who="MOT" uID="u76">
    <w>who's<mor type="mor"><mw><pos><c>pro</c><s>int</s></pos><stem>who</stem></mw><gra type="gra" index="1" head="2" relation="SUBJ"/><mor-post><mw><pos><c>cop</c></pos><stem>be</stem><mk type="sfxf">3S</mk></mw><gra type="gra" index="2" head="0" relation="ROOT"/></mor-post></mor></w>
    <w>this<mor type="mor"><mw><pos><c>pro</c><s>dem</s></pos><stem>this</stem></mw><gra type="gra" index="3" head="2" relation="PRED"/></mor></w>
    <t type="q"><mor type="mor"><mt type="q"/><gra type="gra" index="4" head="2" relation="PUNCT"/></mor></t>

    <a type="actions">holds up to Gloria</a>
  </u>
  <u who="CHI" uID="u77">
    <w>Bridget<mor type="mor"><mw><pos><c>n</c><s>prop</s></pos><stem>Bridget</stem></mw><gra type="gra" index="1" head="0" relation="INCROOT"/></mor></w>
    <t type="p"><mor type="mor"><mt type="p"/><gra type="gra" index="2" head="1" relation="PUNCT"/></mor></t>

    <a type="extension" flavor="pho">bibit</a>
  </u>
  <u who="MOT" uID="u78">
    <w>how<mor type="mor"><mw><pos><c>pro</c><s>int</s></pos><stem>how</stem></mw><gra type="gra" index="1" head="4" relation="LINK"/></mor></w>
    <w><shortening>a</shortening>bout<mor type="mor"><mw><pos><c>prep</c></pos><stem>about</stem></mw><gra type="gra" index="2" head="4" relation="JCT"/></mor></w>
    <w>this<mor type="mor"><mw><pos><c>det</c><s>dem</s></pos><stem>this</stem></mw><gra type="gra" index="3" head="4" relation="DET"/></mor></w>
    <w>be<mor type="mor"><mw><pos><c>cop</c></pos><stem>be</stem></mw><gra type="gra" index="4" head="0" relation="ROOT"/></mor></w>
    <w>Papa<mor type="mor"><mw><pos><c>n</c><s>prop</s></pos><stem>Papa</stem></mw><gra type="gra" index="5" head="4" relation="PRED"/></mor></w>
    <t type="q"><mor type="mor"><mt type="q"/><gra type="gra" index="6" head="4" relation="PUNCT"/></mor></t>

  </u>
  <u who="MOT" uID="u79">
    <w>should<mor type="mor"><mw><pos><c>mod</c></pos><stem>should</stem></mw><gra type="gra" index="1" head="3" relation="AUX"/></mor></w>
    <w>we<mor type="mor"><mw><pos><c>pro</c><s>sub</s></pos><stem>we</stem></mw><gra type="gra" index="2" head="3" relation="SUBJ"/></mor></w>
    <w>have<mor type="mor"><mw><pos><c>v</c></pos><stem>have</stem></mw><gra type="gra" index="3" head="0" relation="ROOT"/></mor></w>
    <w>this<mor type="mor"><mw><pos><c>pro</c><s>dem</s></pos><stem>this</stem></mw><gra type="gra" index="4" head="5" relation="SUBJ"/></mor></w>
    <w>be<mor type="mor"><mw><pos><c>cop</c></pos><stem>be</stem></mw><gra type="gra" index="5" head="3" relation="COMP"/></mor></w>
    <w>Papa<mor type="mor"><mw><pos><c>n</c><s>prop</s></pos><stem>Papa</stem></mw><gra type="gra" index="6" head="5" relation="PRED"/></mor></w>
    <t type="q"><mor type="mor"><mt type="q"/><gra type="gra" index="7" head="3" relation="PUNCT"/></mor></t>

  </u>
  <u who="CHI" uID="u80">
    <w>Papa<mor type="mor"><mw><pos><c>n</c><s>prop</s></pos><stem>Papa</stem></mw><gra type="gra" index="1" head="0" relation="INCROOT"/></mor></w>
    <t type="p"><mor type="mor"><mt type="p"/><gra type="gra" index="2" head="1" relation="PUNCT"/></mor></t>

    <a type="actions">shakes doll in hand</a>
  </u>
  <u who="MOT" uID="u81">
    <w>yeah<mor type="mor"><mw><pos><c>co</c></pos><stem>yeah</stem></mw><gra type="gra" index="1" head="0" relation="INCROOT"/></mor></w>
    <t type="p"><mor type="mor"><mt type="p"/><gra type="gra" index="2" head="1" relation="PUNCT"/></mor></t>

    <a type="gesture">points to doll in Gloria's hand</a>
    <a type="actions">puts doll down</a>
  </u>
  <u who="MOT" uID="u82">
    <w>and<mor type="mor"><mw><pos><c>coord</c></pos><stem>and</stem></mw><gra type="gra" index="1" head="5" relation="LINK"/></mor></w>
    <w>who<mor type="mor"><mw><pos><c>pro</c><s>int</s></pos><stem>who</stem></mw><gra type="gra" index="2" head="5" relation="SUBJ"/></mor></w>
    <w>should<mor type="mor"><mw><pos><c>mod</c></pos><stem>should</stem></mw><gra type="gra" index="3" head="5" relation="AUX"/></mor></w>
    <w>this<mor type="mor"><mw><pos><c>pro</c><s>dem</s></pos><stem>this</stem></mw><gra type="gra" index="4" head="5" relation="SUBJ"/></mor></w>
    <w>be<mor type="mor"><mw><pos><c>cop</c></pos><stem>be</stem></mw><gra type="gra" index="5" head="0" relation="ROOT"/></mor></w>
    <t type="q"><mor type="mor"><mt type="q"/><gra type="gra" index="6" head="5" relation="PUNCT"/></mor></t>

  </u>
  <u who="MOT" uID="u83">
    <w>who's<mor type="mor"><mw><pos><c>pro</c><s>int</s></pos><stem>who</stem></mw><gra type="gra" index="1" head="2" relation="SUBJ"/><mor-post><mw><pos><c>cop</c></pos><stem>be</stem><mk type="sfxf">3S</mk></mw><gra type="gra" index="2" head="0" relation="ROOT"/></mor-post></mor></w>
    <w>this<mor type="mor"><mw><pos><c>pro</c><s>dem</s></pos><stem>this</stem></mw><gra type="gra" index="3" head="2" relation="PRED"/></mor></w>
    <t type="q"><mor type="mor"><mt type="q"/><gra type="gra" index="4" head="2" relation="PUNCT"/></mor></t>

  </u>
  <u who="CHI" uID="u84">
    <w>Papa<mor type="mor"><mw><pos><c>n</c><s>prop</s></pos><stem>Papa</stem></mw><gra type="gra" index="1" head="0" relation="INCROOT"/></mor></w>
    <t type="p"><mor type="mor"><mt type="p"/><gra type="gra" index="2" head="1" relation="PUNCT"/></mor></t>

  </u>
  <u who="MOT" uID="u85">
    <w>no<mor type="mor"><mw><pos><c>co</c></pos><stem>no</stem></mw><gra type="gra" index="1" head="3" relation="COM"/></mor></w>
    <pause symbolic-length="simple"/>
    <w>who's<mor type="mor"><mw><pos><c>pro</c><s>int</s></pos><stem>who</stem></mw><gra type="gra" index="2" head="3" relation="SUBJ"/><mor-post><mw><pos><c>cop</c></pos><stem>be</stem><mk type="sfxf">3S</mk></mw><gra type="gra" index="3" head="0" relation="ROOT"/></mor-post></mor></w>
    <w>this<mor type="mor"><mw><pos><c>pro</c><s>dem</s></pos><stem>this</stem></mw><gra type="gra" index="4" head="3" relation="PRED"/></mor></w>
    <t type="q"><mor type="mor"><mt type="q"/><gra type="gra" index="5" head="3" relation="PUNCT"/></mor></t>

    <a type="gesture">points to doll in Gloria's hand</a>
  </u>
  <u who="MOT" uID="u86">
    <w>could<mor type="mor"><mw><pos><c>mod</c></pos><stem>could</stem></mw><gra type="gra" index="1" head="2" relation="AUX"/></mor></w>
    <w>be<mor type="mor"><mw><pos><c>cop</c></pos><stem>be</stem></mw><gra type="gra" index="2" head="0" relation="ROOT"/></mor></w>
    <w>Marsha<mor type="mor"><mw><pos><c>n</c><s>prop</s></pos><stem>Marsha</stem></mw><gra type="gra" index="3" head="2" relation="PRED"/></mor></w>
    <t type="p"><mor type="mor"><mt type="p"/><gra type="gra" index="4" head="2" relation="PUNCT"/></mor></t>

    <a type="extension" flavor="pho">cu bi yAS6</a>
  </u>
  <u who="MOT" uID="u87">
    <w>Marsha<mor type="mor"><mw><pos><c>n</c><s>prop</s></pos><stem>Marsha</stem></mw><gra type="gra" index="1" head="0" relation="INCROOT"/></mor></w>
    <pause symbolic-length="simple"/>
    <w>yeah<mor type="mor"><mw><pos><c>co</c></pos><stem>yeah</stem></mw><gra type="gra" index="2" head="1" relation="COM"/></mor></w>
    <t type="p"><mor type="mor"><mt type="p"/><gra type="gra" index="3" head="1" relation="PUNCT"/></mor></t>

  </u>
  <u who="CHI" uID="u88">
    <e><action/></e>
    <t type="p"></t>

    <a type="actions">throws doll in dollhouse</a>
  </u>
  <u who="MOT" uID="u89">
    <w>who's<mor type="mor"><mw><pos><c>pro</c><s>int</s></pos><stem>who</stem></mw><gra type="gra" index="1" head="2" relation="SUBJ"/><mor-post><mw><pos><c>cop</c></pos><stem>be</stem><mk type="sfxf">3S</mk></mw><gra type="gra" index="2" head="0" relation="ROOT"/></mor-post></mor></w>
    <w>this<mor type="mor"><mw><pos><c>pro</c><s>dem</s></pos><stem>this</stem></mw><gra type="gra" index="3" head="2" relation="PRED"/></mor></w>
    <t type="q"><mor type="mor"><mt type="q"/><gra type="gra" index="4" head="2" relation="PUNCT"/></mor></t>

    <a type="actions">picks up person and holds up to Gloria</a>
  </u>
  <u who="CHI" uID="u90">
    <w>Marsha<mor type="mor"><mw><pos><c>n</c><s>prop</s></pos><stem>Marsha</stem></mw><gra type="gra" index="1" head="0" relation="INCROOT"/></mor></w>
    <t type="p"><mor type="mor"><mt type="p"/><gra type="gra" index="2" head="1" relation="PUNCT"/></mor></t>

    <a type="gesture">points to person</a>
    <a type="extension" flavor="pho">yAS6</a>
  </u>
  <u who="MOT" uID="u91">
    <w>no<mor type="mor"><mw><pos><c>co</c></pos><stem>no</stem></mw><gra type="gra" index="1" head="3" relation="COM"/></mor></w>
    <pause symbolic-length="simple"/>
    <w>it's<mor type="mor"><mw><pos><c>pro</c><s>per</s></pos><stem>it</stem></mw><gra type="gra" index="2" head="3" relation="SUBJ"/><mor-post><mw><pos><c>cop</c></pos><stem>be</stem><mk type="sfxf">3S</mk></mw><gra type="gra" index="3" head="0" relation="ROOT"/></mor-post></mor></w>
    <w>Jill<mor type="mor"><mw><pos><c>n</c><s>prop</s></pos><stem>Jill</stem></mw><gra type="gra" index="4" head="3" relation="PRED"/></mor></w>
    <t type="p"><mor type="mor"><mt type="p"/><gra type="gra" index="5" head="3" relation="PUNCT"/></mor></t>

  </u>
  <u who="CHI" uID="u92">
    <w>alright<mor type="mor"><mw><pos><c>co</c></pos><stem>alright</stem></mw><gra type="gra" index="1" head="0" relation="INCROOT"/></mor></w>
    <t type="p"><mor type="mor"><mt type="p"/><gra type="gra" index="2" head="1" relation="PUNCT"/></mor></t>

    <a type="actions">sits down . picks up nesting cups</a>
    <a type="extension" flavor="pho">oU raI</a>
  </u>
  <u who="MOT" uID="u93">
    <w>alright<mor type="mor"><mw><pos><c>co</c></pos><stem>alright</stem></mw><gra type="gra" index="1" head="0" relation="INCROOT"/></mor></w>
    <t type="p"><mor type="mor"><mt type="p"/><gra type="gra" index="2" head="1" relation="PUNCT"/></mor></t>

  </u>
  <u who="MOT" uID="u94">
    <w>here<mor type="mor"><mw><pos><c>adv</c></pos><stem>here</stem></mw><gra type="gra" index="1" head="2" relation="JCT"/></mor></w>
    <w>comes<mor type="mor"><mw><pos><c>v</c></pos><stem>come</stem><mk type="sfx">3S</mk></mw><gra type="gra" index="2" head="0" relation="ROOT"/></mor></w>
    <w>Uncle<mor type="mor"><mw><pos><c>n</c><s>prop</s></pos><stem>Uncle</stem></mw><gra type="gra" index="3" head="2" relation="SUBJ"/></mor></w>
    <w>Larry's<mor type="mor"><mw><pos><c>adj</c></pos><stem>Larry</stem><mk type="sfxf">dn</mk><mk type="sfx">POSS</mk></mw><gra type="gra" index="4" head="5" relation="MOD"/></mor></w>
    <w>chickens<mor type="mor"><mw><pos><c>n</c></pos><stem>chicken</stem><mk type="sfx">PL</mk></mw><gra type="gra" index="5" head="2" relation="OBJ"/></mor></w>
    <t type="p"><mor type="mor"><mt type="p"/><gra type="gra" index="6" head="2" relation="PUNCT"/></mor></t>

    <a type="actions">&lt;1w&gt; moves chicken towards Gloria and then up on Gloria's stomach</a>
    <a type="paralinguistics">&lt;aft&gt; makes chicken noises</a>
  </u>
  <u who="CHI" uID="u95">
    <e><happening>laughs</happening></e>
    <t type="p"></t>

  </u>
  <u who="MOT" uID="u96">
    <w>here<mor type="mor"><mw><pos><c>adv</c></pos><stem>here</stem></mw><gra type="gra" index="1" head="2" relation="JCT"/></mor></w>
    <w>comes<mor type="mor"><mw><pos><c>v</c></pos><stem>come</stem><mk type="sfx">3S</mk></mw><gra type="gra" index="2" head="0" relation="ROOT"/></mor></w>
    <w>the<mor type="mor"><mw><pos><c>det</c><s>art</s></pos><stem>the</stem></mw><gra type="gra" index="3" head="4" relation="DET"/></mor></w>
    <w>chickens<mor type="mor"><mw><pos><c>n</c></pos><stem>chicken</stem><mk type="sfx">PL</mk></mw><gra type="gra" index="4" head="2" relation="OBJ"/></mor></w>
    <t type="p"><mor type="mor"><mt type="p"/><gra type="gra" index="5" head="2" relation="PUNCT"/></mor></t>

    <a type="actions">puts chicken on Gloria's stomach</a>
  </u>
  <u who="CHI" uID="u97">
    <w untranscribed="unintelligible-with-pho">yyy</w>
    <t type="p"></t>

    <a type="gesture">looks around at dog</a>
    <a type="actions">fits cup inside stack</a>
    <a type="paralinguistics">&lt;bef&gt; laughs . screams</a>
    <a type="extension" flavor="pho">3r</a>
  </u>
  <u who="MOT" uID="u98">
    <w>here<mor type="mor"><mw><pos><c>adv</c></pos><stem>here</stem></mw><gra type="gra" index="1" head="2" relation="JCT"/></mor></w>
    <w>comes<mor type="mor"><mw><pos><c>v</c></pos><stem>come</stem><mk type="sfx">3S</mk></mw><gra type="gra" index="2" head="0" relation="ROOT"/></mor></w>
    <w>another<mor type="mor"><mw><pos><c>pro</c><s>indef</s></pos><stem>another</stem></mw><gra type="gra" index="3" head="4" relation="MOD"/></mor></w>
    <w>doggie<mor type="mor"><mw><pos><c>n</c></pos><stem>dog</stem><mk type="sfx">DIM</mk></mw><gra type="gra" index="4" head="2" relation="OBJ"/></mor></w>
    <t type="p"><mor type="mor"><mt type="p"/><gra type="gra" index="5" head="2" relation="PUNCT"/></mor></t>

    <a type="actions">takes dog from dollhouse , walks it toward Gloria and tickles her</a>
  </u>
  <u who="CHI" uID="u99">
    <e><happening>laughs</happening></e>
    <t type="p"></t>

    <a type="gesture">glances at Mother</a>
  </u>
  <u who="MOT" uID="u100">
    <w>here<mor type="mor"><mw><pos><c>adv</c></pos><stem>here</stem></mw><gra type="gra" index="1" head="2" relation="JCT"/></mor></w>
    <w>comes<mor type="mor"><mw><pos><c>v</c></pos><stem>come</stem><mk type="sfx">3S</mk></mw><gra type="gra" index="2" head="0" relation="ROOT"/></mor></w>
    <w>the<mor type="mor"><mw><pos><c>det</c><s>art</s></pos><stem>the</stem></mw><gra type="gra" index="3" head="4" relation="DET"/></mor></w>
    <w>doggie<mor type="mor"><mw><pos><c>n</c></pos><stem>dog</stem><mk type="sfx">DIM</mk></mw><gra type="gra" index="4" head="2" relation="OBJ"/></mor></w>
    <t type="p"><mor type="mor"><mt type="p"/><gra type="gra" index="5" head="2" relation="PUNCT"/></mor></t>

    <a type="actions">walks dog toward Gloria and tickles her again</a>
  </u>
  <u who="CHI" uID="u101">
    <w untranscribed="unintelligible-with-pho">yyy</w>
    <t type="p"></t>

    <a type="extension" flavor="pho">e</a>
  </u>
  <u who="MOT" uID="u102">
    <w>hm<p type="drawl"/><mor type="mor"><mw><pos><c>co</c></pos><stem>hm</stem></mw><gra type="gra" index="1" head="0" relation="INCROOT"/></mor></w>
    <t type="q"><mor type="mor"><mt type="q"/><gra type="gra" index="2" head="1" relation="PUNCT"/></mor></t>

  </u>
  <u who="MOT" uID="u103">
    <w>what<mor type="mor"><mw><pos><c>pro</c><s>int</s></pos><stem>what</stem></mw><gra type="gra" index="1" head="0" relation="INCROOT"/></mor></w>
    <t type="q"><mor type="mor"><mt type="q"/><gra type="gra" index="2" head="1" relation="PUNCT"/></mor></t>

  </u>
  <u who="CHI" uID="u104">
    <w>uhoh<mor type="mor"><mw><pos><c>co</c></pos><stem>uhoh</stem></mw><gra type="gra" index="1" head="0" relation="INCROOT"/></mor></w>
    <t type="p"><mor type="mor"><mt type="p"/><gra type="gra" index="2" head="1" relation="PUNCT"/></mor></t>

    <a type="paralinguistics">&lt;aft&gt; giggles</a>
    <a type="gesture">&lt;dur&gt; glances at Mother &lt;bef&gt; glances at dollhouse , at cup .</a>
    <a type="actions">&lt;bef&gt; drops cup</a>
    <a type="extension" flavor="pho">6+oU</a>
  </u>
  <u who="MOT" uID="u105">
    <w>what'd<mor type="mor"><mw><pos><c>pro</c><s>int</s></pos><stem>what</stem></mw><gra type="gra" index="1" head="4" relation="OBJ"/><mor-post><mw><pos><c>mod</c></pos><stem>genmod</stem></mw><gra type="gra" index="2" head="4" relation="AUX"/></mor-post></mor></w>
    <w>you<mor type="mor"><mw><pos><c>pro</c><s>per</s></pos><stem>you</stem></mw><gra type="gra" index="3" head="4" relation="SUBJ"/></mor></w>
    <w>do<mor type="mor"><mw><pos><c>v</c></pos><stem>do</stem></mw><gra type="gra" index="4" head="0" relation="ROOT"/></mor></w>
    <t type="q"><mor type="mor"><mt type="q"/><gra type="gra" index="5" head="4" relation="PUNCT"/></mor></t>

    <a type="paralinguistics">&lt;1w&gt; laughs</a>
    <a type="gesture">covers mouth in surprise</a>
  </u>
  <u who="MOT" uID="u106">
    <w type="fragment">a<p type="drawl"/>h</w>
    <t type="p"></t>

  </u>
  <u who="CHI" uID="u107">
    <e><action/><ga type="paralinguistics">laughs , screams</ga></e>
    <t type="p"></t>

    <a type="actions">drops cup again</a>
  </u>
  <u who="MOT" uID="u108">
    <w>what<mor type="mor"><mw><pos><c>pro</c><s>int</s></pos><stem>what</stem></mw><gra type="gra" index="1" head="4" relation="LINK"/></mor></w>
    <w>a<shortening>re</shortening><mor type="mor"><mw><pos><c>aux</c></pos><stem>be</stem><mk type="sfxf">PRES</mk></mw><gra type="gra" index="2" head="4" relation="AUX"/></mor></w>
    <w>ya<mor type="mor"><mw><pos><c>pro</c><s>per</s></pos><stem>you</stem></mw><gra type="gra" index="3" head="4" relation="SUBJ"/></mor></w>
    <w>doin<shortening>g</shortening><mor type="mor"><mw><pos><c>part</c></pos><stem>do</stem><mk type="sfx">PRESP</mk></mw><gra type="gra" index="4" head="0" relation="ROOT"/></mor></w>
    <pause symbolic-length="simple"/>
    <w>huh<mor type="mor"><mw><pos><c>co</c></pos><stem>huh</stem></mw><gra type="gra" index="5" head="4" relation="COM"/></mor></w>
    <t type="q"><mor type="mor"><mt type="q"/><gra type="gra" index="6" head="4" relation="PUNCT"/></mor></t>

  </u>
  <u who="CHI" uID="u109">
    <e><action/><ga type="paralinguistics">screams laughs</ga></e>
    <t type="p"></t>

    <a type="actions">&lt;aft&gt; fits cups together</a>
  </u>
  <u who="CHI" uID="u110">
    <w untranscribed="unintelligible-with-pho">yyy</w>
    <t type="p"></t>

    <a type="extension" flavor="pho">yoU goUlbi</a>
  </u>
</CHAT>