<?xml version="1.0" encoding="UTF-8"?>

<CHAT xmlns:xsi="http://www.w3.org/2001/XMLSchema-instance"
      xmlns="http://www.talkbank.org/ns/talkbank"
      xsi:schemaLocation="http://www.talkbank.org/ns/talkbank https://talkbank.org/software/talkbank.xsd"
            DesignType="cross"
            ActivityType="toyplay"
            GroupType="TD"
      PID="11312/c-00015229-1"
      Version="2.16.0"
      Lang="eng"
      Corpus="Bates"
      >
  <Participants>
    <participant
      id="CHI"
    name="Kathy"
      role="Target_Child"
      language="eng"
      age="P1Y08M"
      sex="female"
      group="TD"
      SES="MC"

    />
    <participant
      id="MOT"
      role="Mother"
      language="eng"
      sex="female"

    />
  </Participants>
  <comment type="Types">cross, toyplay, TD</comment>
  <u who="CHI" uID="u0">
    <w>all<mor type="mor"><mw><pos><c>post</c></pos><stem>all</stem></mw><gra type="gra" index="1" head="0" relation="INCROOT"/></mor></w>
    <w untranscribed="unintelligible-with-pho">yyy</w>
    <t type="e"><mor type="mor"><mt type="e"/><gra type="gra" index="2" head="1" relation="PUNCT"/></mor></t>

    <a type="actions">&lt;dur&gt; puts shape box down &lt;bef&gt; emptying shape box .</a>
    <a type="alternative">&lt;2w&gt; done</a>
    <a type="extension" flavor="pho">&lt;2w&gt; d6</a>
  </u>
  <u who="MOT" uID="u1">
    <w>all<mor type="mor"><mw><pos><c>post</c></pos><stem>all</stem></mw><gra type="gra" index="1" head="2" relation="JCT"/></mor></w>
    <w>done<mor type="mor"><mw><pos><c>part</c></pos><stem>do</stem><mk type="sfxf">PASTP</mk></mw><gra type="gra" index="2" head="0" relation="ROOT"/></mor></w>
    <t type="q"><mor type="mor"><mt type="q"/><gra type="gra" index="3" head="2" relation="PUNCT"/></mor></t>

    <a type="actions">&lt;dur&gt; shuts lid &lt;1w&gt; pulls shape box toward self .</a>
  </u>
  <u who="MOT" uID="u2">
    <w>okay<mor type="mor"><mw><pos><c>co</c></pos><stem>okay</stem></mw><gra type="gra" index="1" head="0" relation="INCROOT"/></mor></w>
    <t type="p"><mor type="mor"><mt type="p"/><gra type="gra" index="2" head="1" relation="PUNCT"/></mor></t>

    <a type="actions">&lt;dur&gt; shuts lid</a>
  </u>
  <u who="MOT" uID="u3">
    <w>can<mor type="mor"><mw><pos><c>mod</c></pos><stem>can</stem></mw><gra type="gra" index="1" head="3" relation="AUX"/></mor></w>
    <w>you<mor type="mor"><mw><pos><c>pro</c><s>per</s></pos><stem>you</stem></mw><gra type="gra" index="2" head="3" relation="SUBJ"/></mor></w>
    <w>put<mor type="mor"><mw><pos><c>v</c></pos><stem>put</stem><mk type="sfxf">ZERO</mk></mw><gra type="gra" index="3" head="0" relation="ROOT"/></mor></w>
    <w><shortening>th</shortening>em<mor type="mor"><mw><pos><c>pro</c><s>obj</s></pos><stem>them</stem></mw><gra type="gra" index="4" head="3" relation="OBJ"/></mor></w>
    <w>back<mor type="mor"><mw><pos><c>adv</c></pos><stem>back</stem></mw><gra type="gra" index="5" head="3" relation="JCT"/></mor></w>
    <w>now<mor type="mor"><mw><pos><c>adv</c></pos><stem>now</stem></mw><gra type="gra" index="6" head="3" relation="JCT"/></mor></w>
    <t type="q"><mor type="mor"><mt type="q"/><gra type="gra" index="7" head="3" relation="PUNCT"/></mor></t>

    <a type="actions">&lt;dur&gt; shuts lid</a>
  </u>
  <u who="CHI" uID="u4">
    <e><action/></e>
    <t type="p"></t>

    <a type="actions">fingers shape box objects and picks one up</a>
  </u>
  <u who="MOT" uID="u5">
    <w>can<mor type="mor"><mw><pos><c>mod</c></pos><stem>can</stem></mw><gra type="gra" index="1" head="3" relation="AUX"/></mor></w>
    <w>you<mor type="mor"><mw><pos><c>pro</c><s>per</s></pos><stem>you</stem></mw><gra type="gra" index="2" head="3" relation="SUBJ"/></mor></w>
    <w>put<mor type="mor"><mw><pos><c>v</c></pos><stem>put</stem><mk type="sfxf">ZERO</mk></mw><gra type="gra" index="3" head="0" relation="ROOT"/></mor></w>
    <w><shortening>th</shortening>em<mor type="mor"><mw><pos><c>pro</c><s>obj</s></pos><stem>them</stem></mw><gra type="gra" index="4" head="3" relation="OBJ"/></mor></w>
    <w>back<mor type="mor"><mw><pos><c>adv</c></pos><stem>back</stem></mw><gra type="gra" index="5" head="3" relation="JCT"/></mor></w>
    <t type="q"><mor type="mor"><mt type="q"/><gra type="gra" index="6" head="3" relation="PUNCT"/></mor></t>

  </u>
  <u who="CHI" uID="u6">
    <g><w untranscribed="unintelligible-with-pho">yyy</w><overlap type="overlap follows"/></g>
    <t type="e"></t>

    <a type="actions">&lt;dur&gt; puts arm up &lt;bef&gt; brings object over shape box lid and puts in box .</a>
    <a type="extension" flavor="pho">i</a>
  </u>
  <u who="MOT" uID="u7">
    <g><w>good<mor type="mor"><mw><pos><c>adj</c></pos><stem>good</stem></mw><gra type="gra" index="1" head="2" relation="MOD"/></mor></w>
    <w>one<mor type="mor"><mw><pos><c>pro</c><s>indef</s></pos><stem>one</stem></mw><gra type="gra" index="2" head="0" relation="INCROOT"/></mor></w><overlap type="overlap precedes"/></g>
    <t type="e"><mor type="mor"><mt type="e"/><gra type="gra" index="3" head="2" relation="PUNCT"/></mor></t>

  </u>
  <u who="CHI" uID="u8">
    <w type="filler">uh</w>
    <t type="e"></t>

    <a type="actions">&lt;1w&gt; picks up shape box object .</a>
  </u>
  <u who="CHI" uID="u9">
    <w type="filler">uh</w>
    <t type="e"></t>

    <a type="actions">&lt;1w&gt; puts object on lid and in shape box . puts arms up &lt;1w&gt; shakes shape box object .</a>
  </u>
  <u who="MOT" uID="u10">
    <w>good<mor type="mor"><mw><pos><c>adj</c></pos><stem>good</stem></mw><gra type="gra" index="1" head="0" relation="INCROOT"/></mor></w>
    <t type="e"><mor type="mor"><mt type="e"/><gra type="gra" index="2" head="1" relation="PUNCT"/></mor></t>

    <a type="intonation">high pitch</a>
  </u>
  <u who="CHI" uID="u11">
    <w type="filler">uh</w>
    <t type="e"></t>

    <a type="actions">flails arms and lowers them near shape box objects</a>
  </u>
  <u who="MOT" uID="u12">
    <w>what<mor type="mor"><mw><pos><c>pro</c><s>int</s></pos><stem>what</stem></mw><gra type="gra" index="1" head="0" relation="INCROOT"/></mor></w>
    <t type="q"><mor type="mor"><mt type="q"/><gra type="gra" index="2" head="1" relation="PUNCT"/></mor></t>

    <a type="actions">touches objects and pushes one toward Kathy</a>
  </u>
  <u who="MOT" uID="u13">
    <w>put<mor type="mor"><mw><pos><c>part</c></pos><stem>put</stem><mk type="sfxf">PASTP</mk></mw><gra type="gra" index="1" head="0" relation="INCROOT"/></mor></w>
    <w>some<mor type="mor"><mw><pos><c>qn</c></pos><stem>some</stem></mw><gra type="gra" index="2" head="1" relation="OBJ"/></mor></w>
    <w>of<mor type="mor"><mw><pos><c>prep</c></pos><stem>of</stem></mw><gra type="gra" index="3" head="2" relation="JCT"/></mor></w>
    <w>these<mor type="mor"><mw><pos><c>det</c><s>dem</s></pos><stem>these</stem></mw><gra type="gra" index="4" head="5" relation="DET"/></mor></w>
    <w>in<mor type="mor"><mw><pos><c>adv</c></pos><stem>in</stem></mw><gra type="gra" index="5" head="3" relation="POBJ"/></mor></w>
    <t type="p"><mor type="mor"><mt type="p"/><gra type="gra" index="6" head="1" relation="PUNCT"/></mor></t>

  </u>
  <u who="CHI" uID="u14">
    <e><action/></e>
    <t type="p"></t>

    <a type="actions">picks up shape box object , holds in hand , and attempts to put in wrong hole</a>
  </u>
  <u who="MOT" uID="u15">
    <w>no<mor type="mor"><mw><pos><c>co</c></pos><stem>no</stem></mw><gra type="gra" index="1" head="6" relation="COM"/></mor></w>
    <pause symbolic-length="simple"/>
    <w>where<mor type="mor"><mw><pos><c>pro</c><s>rel</s></pos><stem>where</stem></mw><gra type="gra" index="2" head="6" relation="LINK"/></mor></w>
    <w>does<mor type="mor"><mw><pos><c>mod</c></pos><stem>do</stem><mk type="sfxf">3S</mk></mw><gra type="gra" index="3" head="6" relation="AUX"/></mor></w>
    <w>that<mor type="mor"><mw><pos><c>adv</c></pos><stem>that</stem></mw><gra type="gra" index="4" head="6" relation="JCT"/></mor></w>
    <w>one<mor type="mor"><mw><pos><c>det</c><s>num</s></pos><stem>one</stem></mw><gra type="gra" index="5" head="6" relation="SUBJ"/></mor></w>
    <w>go<mor type="mor"><mw><pos><c>v</c></pos><stem>go</stem></mw><gra type="gra" index="6" head="0" relation="ROOT"/></mor></w>
    <t type="q"><mor type="mor"><mt type="q"/><gra type="gra" index="7" head="6" relation="PUNCT"/></mor></t>

  </u>
  <u who="MOT" uID="u16">
    <w>that's<mor type="mor"><mw><pos><c>pro</c><s>dem</s></pos><stem>that</stem></mw><gra type="gra" index="1" head="2" relation="SUBJ"/><mor-post><mw><pos><c>cop</c></pos><stem>be</stem><mk type="sfxf">3S</mk></mw><gra type="gra" index="2" head="0" relation="ROOT"/></mor-post></mor></w>
    <w>a<mor type="mor"><mw><pos><c>det</c><s>art</s></pos><stem>a</stem></mw><gra type="gra" index="3" head="4" relation="DET"/></mor></w>
    <w>girl<mor type="mor"><mw><pos><c>n</c></pos><stem>girl</stem></mw><gra type="gra" index="4" head="2" relation="PRED"/></mor></w>
    <t type="e"><mor type="mor"><mt type="e"/><gra type="gra" index="5" head="2" relation="PUNCT"/></mor></t>

  </u>
  <u who="CHI" uID="u17">
    <e><action/></e>
    <t type="p"></t>

    <a type="actions">attempts right hole and succeeds</a>
  </u>
  <u who="MOT" uID="u18">
    <w>yeah<mor type="mor"><mw><pos><c>co</c></pos><stem>yeah</stem></mw><gra type="gra" index="1" head="0" relation="INCROOT"/></mor></w>
    <t type="e"><mor type="mor"><mt type="e"/><gra type="gra" index="2" head="1" relation="PUNCT"/></mor></t>

  </u>
  <u who="CHI" uID="u19">
    <w type="filler">uh</w>
    <pause symbolic-length="simple"/>
    <w>me<mor type="mor"><mw><pos><c>pro</c><s>obj</s></pos><stem>me</stem></mw><gra type="gra" index="1" head="0" relation="INCROOT"/></mor></w>
    <t type="e"><mor type="mor"><mt type="e"/><gra type="gra" index="2" head="1" relation="PUNCT"/></mor></t>

  </u>
  <u who="MOT" uID="u20">
    <w>here's<mor type="mor"><mw><pos><c>pro</c><s>exist</s></pos><stem>here</stem></mw><gra type="gra" index="1" head="2" relation="SUBJ"/><mor-post><mw><pos><c>cop</c></pos><stem>be</stem><mk type="sfxf">3S</mk></mw><gra type="gra" index="2" head="0" relation="ROOT"/></mor-post></mor></w>
    <w>one<mor type="mor"><mw><pos><c>pro</c><s>indef</s></pos><stem>one</stem></mw><gra type="gra" index="3" head="2" relation="PRED"/></mor></w>
    <t type="p"><mor type="mor"><mt type="p"/><gra type="gra" index="4" head="2" relation="PUNCT"/></mor></t>

    <a type="actions">picks up object and holds it out</a>
  </u>
  <u who="CHI" uID="u21">
    <e><action/></e>
    <t type="p"></t>

    <a type="actions">takes object from Mother</a>
  </u>
  <u who="MOT" uID="u22">
    <w>put<mor type="mor"><mw><pos><c>v</c></pos><stem>put</stem><mk type="sfxf">ZERO</mk></mw><gra type="gra" index="1" head="0" relation="ROOT"/></mor></w>
    <w>the<mor type="mor"><mw><pos><c>det</c><s>art</s></pos><stem>the</stem></mw><gra type="gra" index="2" head="3" relation="DET"/></mor></w>
    <w>ball<mor type="mor"><mw><pos><c>n</c></pos><stem>ball</stem></mw><gra type="gra" index="3" head="1" relation="OBJ"/></mor></w>
    <w>in<mor type="mor"><mw><pos><c>adv</c></pos><stem>in</stem></mw><gra type="gra" index="4" head="1" relation="JCT"/></mor></w>
    <t type="e"><mor type="mor"><mt type="e"/><gra type="gra" index="5" head="1" relation="PUNCT"/></mor></t>

  </u>
  <u who="CHI" uID="u23">
    <e><action/></e>
    <t type="p"></t>

    <a type="actions">brings object to lid and puts in shape box but it sticks . holds hand on block in hole , then brings hand back</a>
  </u>
  <u who="MOT" uID="u24">
    <w>here<mor type="mor"><mw><pos><c>adv</c></pos><stem>here</stem></mw><gra type="gra" index="1" head="0" relation="INCROOT"/></mor></w>
    <t type="p"><mor type="mor"><mt type="p"/><gra type="gra" index="2" head="1" relation="PUNCT"/></mor></t>

    <a type="actions">&lt;aft&gt; opens lid , rearranges shape box objects , then shuts lid and pats it</a>
  </u>
  <u who="MOT" uID="u25">
    <w>okay<mor type="mor"><mw><pos><c>co</c></pos><stem>okay</stem></mw><gra type="gra" index="1" head="0" relation="INCROOT"/></mor></w>
    <t type="p"><mor type="mor"><mt type="p"/><gra type="gra" index="2" head="1" relation="PUNCT"/></mor></t>

    <a type="actions">picks up shape box object and holds out to Kathy</a>
  </u>
  <u who="MOT" uID="u26">
    <w>here<mor type="mor"><mw><pos><c>adv</c></pos><stem>here</stem></mw><gra type="gra" index="1" head="0" relation="INCROOT"/></mor></w>
    <t type="e"><mor type="mor"><mt type="e"/><gra type="gra" index="2" head="1" relation="PUNCT"/></mor></t>

  </u>
  <u who="CHI" uID="u27">
    <w>ow<mor type="mor"><mw><pos><c>co</c></pos><stem>ow</stem></mw><gra type="gra" index="1" head="0" relation="INCROOT"/></mor></w>
    <w type="filler">uh</w>
    <t type="e"><mor type="mor"><mt type="e"/><gra type="gra" index="2" head="1" relation="PUNCT"/></mor></t>

    <a type="actions">&lt;aft&gt; shuts lid , then opens again</a>
  </u>
  <u who="MOT" uID="u28">
    <w>you<mor type="mor"><mw><pos><c>pro</c><s>per</s></pos><stem>you</stem></mw><gra type="gra" index="1" head="2" relation="SUBJ"/></mor></w>
    <w>wanna<mor type="mor"><mw><pos><c>v</c></pos><stem>want</stem></mw><gra type="gra" index="2" head="0" relation="ROOT"/><mor-post><mw><pos><c>inf</c></pos><stem>to</stem></mw><gra type="gra" index="3" head="4" relation="INF"/></mor-post></mor></w>
    <w>try<mor type="mor"><mw><pos><c>v</c></pos><stem>try</stem></mw><gra type="gra" index="4" head="2" relation="COMP"/></mor></w>
    <w>that<mor type="mor"><mw><pos><c>comp</c></pos><stem>that</stem></mw><gra type="gra" index="5" head="6" relation="DATE"/></mor></w>
    <w>one<mor type="mor"><mw><pos><c>det</c><s>num</s></pos><stem>one</stem></mw><gra type="gra" index="6" head="4" relation="COMP"/></mor></w>
    <w>again<mor type="mor"><mw><pos><c>adv</c></pos><stem>again</stem></mw><gra type="gra" index="7" head="6" relation="JCT"/></mor></w>
    <t type="q"><mor type="mor"><mt type="q"/><gra type="gra" index="8" head="2" relation="PUNCT"/></mor></t>

  </u>
  <u who="CHI" uID="u29">
    <e><action/></e>
    <t type="p"></t>

    <a type="gesture">looks at shape box object in Mother's hand</a>
    <a type="actions">takes object out of shape box and shuts lid</a>
  </u>
  <u who="MOT" uID="u30">
    <w>bet<mor type="mor"><mw><pos><c>v</c></pos><stem>bet</stem><mk type="sfxf">ZERO</mk></mw><gra type="gra" index="1" head="4" relation="LINK"/></mor></w>
    <w>the<mor type="mor"><mw><pos><c>det</c><s>art</s></pos><stem>the</stem></mw><gra type="gra" index="2" head="3" relation="DET"/></mor></w>
    <w>block<mor type="mor"><mw><pos><c>n</c></pos><stem>block</stem></mw><gra type="gra" index="3" head="4" relation="SUBJ"/></mor></w>
    <w>fits<mor type="mor"><mw><pos><c>v</c></pos><stem>fit</stem><mk type="sfx">3S</mk></mw><gra type="gra" index="4" head="0" relation="ROOT"/></mor></w>
    <w>the<mor type="mor"><mw><pos><c>det</c><s>art</s></pos><stem>the</stem></mw><gra type="gra" index="5" head="6" relation="DET"/></mor></w>
    <w>square<mor type="mor"><mw><pos><c>n</c></pos><stem>square</stem></mw><gra type="gra" index="6" head="4" relation="OBJ"/></mor></w>
    <t type="p"><mor type="mor"><mt type="p"/><gra type="gra" index="7" head="4" relation="PUNCT"/></mor></t>

  </u>
  <u who="CHI" uID="u31">
    <e><action/></e>
    <t type="p"></t>

    <a type="gesture">nods</a>
    <a type="actions">takes object from Mother's hand , puts over correct hole and succeeds</a>
  </u>
  <u who="MOT" uID="u32">
    <w>okay<mor type="mor"><mw><pos><c>co</c></pos><stem>okay</stem></mw><gra type="gra" index="1" head="0" relation="INCROOT"/></mor></w>
    <t type="p"><mor type="mor"><mt type="p"/><gra type="gra" index="2" head="1" relation="PUNCT"/></mor></t>

    <a type="actions">picks up shape box object and holds toward Kathy</a>
    <a type="gesture">&lt;1w&gt; nods</a>
  </u>
  <u who="MOT" uID="u33">
    <w>how<mor type="mor"><mw><pos><c>pro</c><s>int</s></pos><stem>how</stem></mw><gra type="gra" index="1" head="0" relation="INCROOT"/></mor></w>
    <w><shortening>a</shortening>bout<mor type="mor"><mw><pos><c>prep</c></pos><stem>about</stem></mw><gra type="gra" index="2" head="1" relation="JCT"/></mor></w>
    <w>this<mor type="mor"><mw><pos><c>det</c><s>dem</s></pos><stem>this</stem></mw><gra type="gra" index="3" head="4" relation="DET"/></mor></w>
    <w>one<mor type="mor"><mw><pos><c>pro</c><s>indef</s></pos><stem>one</stem></mw><gra type="gra" index="4" head="2" relation="POBJ"/></mor></w>
    <t type="q"><mor type="mor"><mt type="q"/><gra type="gra" index="5" head="1" relation="PUNCT"/></mor></t>

  </u>
  <u who="MOT" uID="u34">
    <w>that's<mor type="mor"><mw><pos><c>pro</c><s>dem</s></pos><stem>that</stem></mw><gra type="gra" index="1" head="2" relation="SUBJ"/><mor-post><mw><pos><c>cop</c></pos><stem>be</stem><mk type="sfxf">3S</mk></mw><gra type="gra" index="2" head="0" relation="ROOT"/></mor-post></mor></w>
    <w>a<mor type="mor"><mw><pos><c>det</c><s>art</s></pos><stem>a</stem></mw><gra type="gra" index="3" head="5" relation="DET"/></mor></w>
    <w>hard<mor type="mor"><mw><pos><c>adj</c></pos><stem>hard</stem></mw><gra type="gra" index="4" head="5" relation="MOD"/></mor></w>
    <w>one<mor type="mor"><mw><pos><c>pro</c><s>indef</s></pos><stem>one</stem></mw><gra type="gra" index="5" head="2" relation="PRED"/></mor></w>
    <t type="p"><mor type="mor"><mt type="p"/><gra type="gra" index="6" head="2" relation="PUNCT"/></mor></t>

  </u>
  <u who="CHI" uID="u35">
    <e><action/></e>
    <t type="p"></t>

    <a type="actions">takes object from Mother and attempts to put in wrong hole</a>
  </u>
  <u who="MOT" uID="u36">
    <w>hm<p type="drawl"/><mor type="mor"><mw><pos><c>co</c></pos><stem>hm</stem></mw><gra type="gra" index="1" head="0" relation="INCROOT"/></mor></w>
    <t type="p"><mor type="mor"><mt type="p"/><gra type="gra" index="2" head="1" relation="PUNCT"/></mor></t>

  </u>
  <u who="CHI" uID="u37">
    <e><action/></e>
    <t type="p"></t>

    <a type="actions">puts hand on shape box object</a>
  </u>
  <u who="MOT" uID="u38">
    <w>where<mor type="mor"><mw><pos><c>pro</c><s>rel</s></pos><stem>where</stem></mw><gra type="gra" index="1" head="2" relation="LINK"/></mor></w>
    <w>go<mor type="mor"><mw><pos><c>v</c></pos><stem>go</stem></mw><gra type="gra" index="2" head="0" relation="ROOT"/></mor></w>
    <t type="q"><mor type="mor"><mt type="q"/><gra type="gra" index="3" head="2" relation="PUNCT"/></mor></t>

  </u>
  <u who="MOT" uID="u39">
    <w>where<mor type="mor"><mw><pos><c>pro</c><s>int</s></pos><stem>where</stem></mw><gra type="gra" index="1" head="4" relation="JCT"/></mor></w>
    <w>does<mor type="mor"><mw><pos><c>mod</c></pos><stem>do</stem><mk type="sfxf">3S</mk></mw><gra type="gra" index="2" head="4" relation="AUX"/></mor></w>
    <w>it<mor type="mor"><mw><pos><c>pro</c><s>per</s></pos><stem>it</stem></mw><gra type="gra" index="3" head="4" relation="SUBJ"/></mor></w>
    <w>go<mor type="mor"><mw><pos><c>v</c></pos><stem>go</stem></mw><gra type="gra" index="4" head="0" relation="ROOT"/></mor></w>
    <t type="q"><mor type="mor"><mt type="q"/><gra type="gra" index="5" head="4" relation="PUNCT"/></mor></t>

  </u>
  <u who="MOT" uID="u40">
    <w>no<mor type="mor"><mw><pos><c>co</c></pos><stem>no</stem></mw><gra type="gra" index="1" head="5" relation="COM"/></mor></w>
    <pause symbolic-length="simple"/>
    <w>it<mor type="mor"><mw><pos><c>pro</c><s>per</s></pos><stem>it</stem></mw><gra type="gra" index="2" head="5" relation="SUBJ"/></mor></w>
    <w>doesn't<mor type="mor"><mw><pos><c>mod</c></pos><stem>do</stem><mk type="sfxf">3S</mk></mw><gra type="gra" index="3" head="5" relation="AUX"/><mor-post><mw><pos><c>neg</c></pos><stem>not</stem></mw><gra type="gra" index="4" head="3" relation="NEG"/></mor-post></mor></w>
    <w>go<mor type="mor"><mw><pos><c>v</c></pos><stem>go</stem></mw><gra type="gra" index="5" head="0" relation="ROOT"/></mor></w>
    <w>in<mor type="mor"><mw><pos><c>prep</c></pos><stem>in</stem></mw><gra type="gra" index="6" head="5" relation="JCT"/></mor></w>
    <w>that<mor type="mor"><mw><pos><c>det</c><s>dem</s></pos><stem>that</stem></mw><gra type="gra" index="7" head="8" relation="DET"/></mor></w>
    <w>one<mor type="mor"><mw><pos><c>pro</c><s>indef</s></pos><stem>one</stem></mw><gra type="gra" index="8" head="6" relation="POBJ"/></mor></w>
    <t type="p"><mor type="mor"><mt type="p"/><gra type="gra" index="9" head="5" relation="PUNCT"/></mor></t>

    <a type="gesture">&lt;1w&gt; shakes head</a>
  </u>
  <u who="CHI" uID="u41">
    <e><action/></e>
    <t type="p"></t>

    <a type="actions">takes object away and holds</a>
  </u>
  <u who="MOT" uID="u42">
    <w>look<mor type="mor"><mw><pos><c>v</c></pos><stem>look</stem></mw><gra type="gra" index="1" head="0" relation="ROOT"/></mor></w>
    <w>at<mor type="mor"><mw><pos><c>prep</c></pos><stem>at</stem></mw><gra type="gra" index="2" head="1" relation="JCT"/></mor></w>
    <w>the<mor type="mor"><mw><pos><c>det</c><s>art</s></pos><stem>the</stem></mw><gra type="gra" index="3" head="4" relation="DET"/></mor></w>
    <w>box<mor type="mor"><mw><pos><c>n</c></pos><stem>box</stem></mw><gra type="gra" index="4" head="2" relation="POBJ"/></mor></w>
    <t type="e"><mor type="mor"><mt type="e"/><gra type="gra" index="5" head="1" relation="PUNCT"/></mor></t>

    <a type="gesture">points to shape box</a>
  </u>
  <u who="CHI" uID="u43">
    <e><action/></e>
    <t type="p"></t>

    <a type="actions">attempts to put in correct hole , pushing with both hands . takes hands away and holds object</a>
  </u>
  <u who="MOT" uID="u44">
    <w>turn<mor type="mor"><mw><pos><c>v</c></pos><stem>turn</stem></mw><gra type="gra" index="1" head="0" relation="ROOT"/></mor></w>
    <w>it<mor type="mor"><mw><pos><c>pro</c><s>per</s></pos><stem>it</stem></mw><gra type="gra" index="2" head="1" relation="OBJ"/></mor></w>
    <w>sideways<mor type="mor"><mw><pos><c>adv</c></pos><stem>sideways</stem></mw><gra type="gra" index="3" head="1" relation="JCT"/></mor></w>
    <pause symbolic-length="simple"/>
    <w>like<mor type="mor"><mw><pos><c>prep</c></pos><stem>like</stem></mw><gra type="gra" index="4" head="1" relation="JCT"/></mor></w>
    <w>this<mor type="mor"><mw><pos><c>pro</c><s>dem</s></pos><stem>this</stem></mw><gra type="gra" index="5" head="4" relation="POBJ"/></mor></w>
    <t type="p"><mor type="mor"><mt type="p"/><gra type="gra" index="6" head="1" relation="PUNCT"/></mor></t>

  </u>
  <u who="MOT" uID="u45">
    <w>like<mor type="mor"><mw><pos><c>prep</c></pos><stem>like</stem></mw><gra type="gra" index="1" head="3" relation="LINK"/></mor></w>
    <w>this<mor type="mor"><mw><pos><c>pro</c><s>dem</s></pos><stem>this</stem></mw><gra type="gra" index="2" head="3" relation="SUBJ"/></mor></w>
    <pause symbolic-length="simple"/>
    <w>see<mor type="mor"><mw><pos><c>v</c></pos><stem>see</stem></mw><gra type="gra" index="3" head="0" relation="ROOT"/></mor></w>
    <t type="q"><mor type="mor"><mt type="q"/><gra type="gra" index="4" head="3" relation="PUNCT"/></mor></t>

    <a type="actions">&lt;1w&gt; positions object over hole</a>
  </u>
  <u who="CHI" uID="u46">
    <w>yeah<mor type="mor"><mw><pos><c>co</c></pos><stem>yeah</stem></mw><gra type="gra" index="1" head="0" relation="INCROOT"/></mor></w>
    <t type="p"><mor type="mor"><mt type="p"/><gra type="gra" index="2" head="1" relation="PUNCT"/></mor></t>

  </u>
  <u who="MOT" uID="u47">
    <e><action/></e>
    <t type="p"></t>

    <a type="actions">demonstrates letting go . repeats . holds object up toward Kathy</a>
  </u>
  <u who="CHI" uID="u48">
    <e><action/></e>
    <t type="p"></t>

    <a type="actions">takes object and puts in shape box</a>
  </u>
  <u who="MOT" uID="u49">
    <g><w>there<mor type="mor"><mw><pos><c>adv</c></pos><stem>there</stem></mw><gra type="gra" index="1" head="3" relation="JCT"/></mor></w><k type="stressing"/></g>
    <w>you<mor type="mor"><mw><pos><c>pro</c><s>per</s></pos><stem>you</stem></mw><gra type="gra" index="2" head="3" relation="SUBJ"/></mor></w>
    <w>go<mor type="mor"><mw><pos><c>v</c></pos><stem>go</stem></mw><gra type="gra" index="3" head="0" relation="ROOT"/></mor></w>
    <t type="e"><mor type="mor"><mt type="e"/><gra type="gra" index="4" head="3" relation="PUNCT"/></mor></t>

  </u>
  <u who="CHI" uID="u50">
    <e><action/></e>
    <t type="p"></t>

    <a type="actions">puts finger in hole . lifts finger and lid closes . pats lid</a>
  </u>
  <u who="MOT" uID="u51">
    <w>try<mor type="mor"><mw><pos><c>v</c></pos><stem>try</stem></mw><gra type="gra" index="1" head="0" relation="ROOT"/></mor></w>
    <w>this<mor type="mor"><mw><pos><c>det</c><s>dem</s></pos><stem>this</stem></mw><gra type="gra" index="2" head="3" relation="DET"/></mor></w>
    <w>kind<mor type="mor"><mw><pos><c>adj</c></pos><stem>kind</stem></mw><gra type="gra" index="3" head="1" relation="JCT"/></mor></w>
    <t type="p"><mor type="mor"><mt type="p"/><gra type="gra" index="4" head="1" relation="PUNCT"/></mor></t>

    <a type="actions">picks up shape box object and holds out to Kathy</a>
  </u>
  <u who="CHI" uID="u52">
    <e><action/></e>
    <t type="p"></t>

    <a type="actions">takes object and attempts to put in wrong hole . takes hand off shape box</a>
  </u>
  <u who="MOT" uID="u53">
    <w>put<mor type="mor"><mw><pos><c>v</c></pos><stem>put</stem><mk type="sfxf">ZERO</mk></mw><gra type="gra" index="1" head="0" relation="ROOT"/></mor></w>
    <w>it<mor type="mor"><mw><pos><c>pro</c><s>per</s></pos><stem>it</stem></mw><gra type="gra" index="2" head="1" relation="OBJ"/></mor></w>
    <w>in<mor type="mor"><mw><pos><c>adv</c></pos><stem>in</stem></mw><gra type="gra" index="3" head="1" relation="JCT"/></mor></w>
    <t type="e"><mor type="mor"><mt type="e"/><gra type="gra" index="4" head="1" relation="PUNCT"/></mor></t>

  </u>
  <u who="CHI" uID="u54">
    <w>no<mor type="mor"><mw><pos><c>co</c></pos><stem>no</stem></mw><gra type="gra" index="1" head="0" relation="INCROOT"/></mor></w>
    <t type="p"><mor type="mor"><mt type="p"/><gra type="gra" index="2" head="1" relation="PUNCT"/></mor></t>

    <a type="actions">&lt;aft&gt; holds object &lt;dur&gt; takes hand off shape box . &lt;bef&gt; attempts another wrong hole .</a>
  </u>
  <u who="MOT" uID="u55">
    <w>no<mor type="mor"><mw><pos><c>co</c></pos><stem>no</stem></mw><gra type="gra" index="1" head="0" relation="INCROOT"/></mor></w>
    <t type="p"><mor type="mor"><mt type="p"/><gra type="gra" index="2" head="1" relation="PUNCT"/></mor></t>

    <a type="gesture">shakes head</a>
  </u>
  <u who="MOT" uID="u56">
    <w>put<mor type="mor"><mw><pos><c>v</c></pos><stem>put</stem><mk type="sfxf">ZERO</mk></mw><gra type="gra" index="1" head="0" relation="ROOT"/></mor></w>
    <w>it<mor type="mor"><mw><pos><c>pro</c><s>per</s></pos><stem>it</stem></mw><gra type="gra" index="2" head="1" relation="OBJ"/></mor></w>
    <w>in<mor type="mor"><mw><pos><c>adv</c></pos><stem>in</stem></mw><gra type="gra" index="3" head="1" relation="JCT"/></mor></w>
    <t type="e"><mor type="mor"><mt type="e"/><gra type="gra" index="4" head="1" relation="PUNCT"/></mor></t>

  </u>
  <u who="CHI" uID="u57">
    <e><action/></e>
    <t type="p"></t>

    <a type="actions">holds object over shape box lid . attempts to put in wrong hole</a>
  </u>
  <u who="MOT" uID="u58">
    <w>it<mor type="mor"><mw><pos><c>pro</c><s>per</s></pos><stem>it</stem></mw><gra type="gra" index="1" head="2" relation="SUBJ"/></mor></w>
    <w>goes<mor type="mor"><mw><pos><c>v</c></pos><stem>go</stem><mk type="sfx">3S</mk></mw><gra type="gra" index="2" head="0" relation="ROOT"/></mor></w>
    <w>in<mor type="mor"><mw><pos><c>prep</c></pos><stem>in</stem></mw><gra type="gra" index="3" head="2" relation="JCT"/></mor></w>
    <w>there<mor type="mor"><mw><pos><c>n</c></pos><stem>there</stem></mw><gra type="gra" index="4" head="3" relation="POBJ"/></mor></w>
    <t type="p"><mor type="mor"><mt type="p"/><gra type="gra" index="5" head="2" relation="PUNCT"/></mor></t>

    <a type="gesture">points to correct hole</a>
  </u>
  <u who="CHI" uID="u59">
    <e><action/></e>
    <t type="p"></t>

    <a type="actions">slides shape box object toward correct hole . attempts to put in correct hole</a>
  </u>
  <u who="MOT" uID="u60">
    <w>stand<mor type="mor"><mw><pos><c>v</c></pos><stem>stand</stem></mw><gra type="gra" index="1" head="0" relation="ROOT"/></mor></w>
    <w>it<mor type="mor"><mw><pos><c>pro</c><s>per</s></pos><stem>it</stem></mw><gra type="gra" index="2" head="1" relation="OBJ"/></mor></w>
    <w>up<mor type="mor"><mw><pos><c>adv</c></pos><stem>up</stem></mw><gra type="gra" index="3" head="1" relation="JCT"/></mor></w>
    <t type="e"><mor type="mor"><mt type="e"/><gra type="gra" index="4" head="1" relation="PUNCT"/></mor></t>

  </u>
  <u who="CHI" uID="u61">
    <e><action/></e>
    <t type="p"></t>

    <a type="actions">continues to try to put in correct hole</a>
  </u>
  <u who="MOT" uID="u62">
    <w>you<mor type="mor"><mw><pos><c>pro</c><s>per</s></pos><stem>you</stem></mw><gra type="gra" index="1" head="2" relation="SUBJ"/></mor></w>
    <w>got<mor type="mor"><mw><pos><c>v</c></pos><stem>get</stem><mk type="sfxf">PAST</mk></mw><gra type="gra" index="2" head="0" relation="ROOT"/></mor></w>
    <w>to<mor type="mor"><mw><pos><c>inf</c></pos><stem>to</stem></mw><gra type="gra" index="3" head="4" relation="INF"/></mor></w>
    <w>stand<mor type="mor"><mw><pos><c>v</c></pos><stem>stand</stem></mw><gra type="gra" index="4" head="2" relation="COMP"/></mor></w>
    <w>it<mor type="mor"><mw><pos><c>pro</c><s>per</s></pos><stem>it</stem></mw><gra type="gra" index="5" head="4" relation="OBJ"/></mor></w>
    <w>up<mor type="mor"><mw><pos><c>adv</c></pos><stem>up</stem></mw><gra type="gra" index="6" head="4" relation="JCT"/></mor></w>
    <t type="p"><mor type="mor"><mt type="p"/><gra type="gra" index="7" head="2" relation="PUNCT"/></mor></t>

  </u>
  <u who="CHI" uID="u63">
    <e><action/></e>
    <t type="p"></t>

    <a type="gesture">looks at Mother</a>
    <a type="actions">slides object on shape box lid</a>
  </u>
  <u who="MOT" uID="u64">
    <w>like<mor type="mor"><mw><pos><c>prep</c></pos><stem>like</stem></mw><gra type="gra" index="1" head="0" relation="INCROOT"/></mor></w>
    <w>this<mor type="mor"><mw><pos><c>pro</c><s>dem</s></pos><stem>this</stem></mw><gra type="gra" index="2" head="1" relation="POBJ"/></mor></w>
    <t type="p"><mor type="mor"><mt type="p"/><gra type="gra" index="3" head="1" relation="PUNCT"/></mor></t>

    <a type="actions">&lt;aft&gt; holds object out to Kathy</a>
  </u>
  <u who="CHI" uID="u65">
    <e><action/></e>
    <t type="p"></t>

    <a type="actions">takes object and puts in shape box . puts hand up and down on shape box</a>
  </u>
  <u who="CHI" uID="u66">
    <w>uhhuh<mor type="mor"><mw><pos><c>co</c></pos><stem>uhhuh</stem></mw><gra type="gra" index="1" head="0" relation="INCROOT"/></mor></w>
    <t type="p"><mor type="mor"><mt type="p"/><gra type="gra" index="2" head="1" relation="PUNCT"/></mor></t>

    <a type="actions">&lt;aft&gt; attempts to put in hole using both hands . repositions object and succeeds putting it in with one hand</a>
  </u>
  <u who="CHI" uID="u67">
    <w untranscribed="unintelligible-with-pho">yyy</w>
    <t type="e"></t>

    <a type="actions">&lt;aft&gt; puts in shape box</a>
    <a type="extension" flavor="pho">oU+wA</a>
  </u>
  <u who="MOT" uID="u68">
    <w type="filler">uh</w>
    <pause symbolic-length="simple"/>
    <w>yeah<mor type="mor"><mw><pos><c>co</c></pos><stem>yeah</stem></mw><gra type="gra" index="1" head="0" relation="INCROOT"/></mor></w>
    <t type="e"><mor type="mor"><mt type="e"/><gra type="gra" index="2" head="1" relation="PUNCT"/></mor></t>

    <a type="actions">touches shape box objects on floor</a>
  </u>
  <u who="CHI" uID="u69">
    <e><action/></e>
    <t type="p"></t>

    <a type="actions">picks up another shape box object and puts in shape box . repeats</a>
  </u>
  <u who="CHI" uID="u70">
    <w type="filler">uh</w>
    <t type="e"></t>

    <a type="actions">&lt;aft&gt; picks up round object and brings to shape box</a>
  </u>
  <u who="MOT" uID="u71">
    <w>pretty<mor type="mor"><mw><pos><c>adv</c></pos><stem>pretty</stem></mw><gra type="gra" index="1" head="2" relation="JCT"/></mor></w>
    <w>good<mor type="mor"><mw><pos><c>adj</c></pos><stem>good</stem></mw><gra type="gra" index="2" head="0" relation="INCROOT"/></mor></w>
    <t type="e"><mor type="mor"><mt type="e"/><gra type="gra" index="3" head="2" relation="PUNCT"/></mor></t>

  </u>
  <u who="CHI" uID="u72">
    <w untranscribed="unintelligible-with-pho">yyy</w>
    <t type="p"></t>

    <a type="actions">puts round object in shape box</a>
    <a type="extension" flavor="pho">hA</a>
  </u>
  <u who="MOT" uID="u73">
    <w>circle<mor type="mor"><mw><pos><c>n</c></pos><stem>circle</stem></mw><gra type="gra" index="1" head="0" relation="INCROOT"/></mor></w>
    <t type="q"><mor type="mor"><mt type="q"/><gra type="gra" index="2" head="1" relation="PUNCT"/></mor></t>

  </u>
  <u who="CHI" uID="u74">
    <e><action/><ga type="paralinguistics">whines</ga></e>
    <t type="p"></t>

    <a type="actions">flails arms over objects . picks up object</a>
  </u>
  <u who="MOT" uID="u75">
    <w>can<mor type="mor"><mw><pos><c>mod</c></pos><stem>can</stem></mw><gra type="gra" index="1" head="3" relation="AUX"/></mor></w>
    <w>you<mor type="mor"><mw><pos><c>pro</c><s>per</s></pos><stem>you</stem></mw><gra type="gra" index="2" head="3" relation="SUBJ"/></mor></w>
    <w>put<mor type="mor"><mw><pos><c>part</c></pos><stem>put</stem><mk type="sfxf">PASTP</mk></mw><gra type="gra" index="3" head="0" relation="ROOT"/></mor></w>
    <w>that<mor type="mor"><mw><pos><c>adv</c></pos><stem>that</stem></mw><gra type="gra" index="4" head="5" relation="JCT"/></mor></w>
    <w>one<mor type="mor"><mw><pos><c>det</c><s>num</s></pos><stem>one</stem></mw><gra type="gra" index="5" head="3" relation="COMP"/></mor></w>
    <w>in<mor type="mor"><mw><pos><c>adv</c></pos><stem>in</stem></mw><gra type="gra" index="6" head="5" relation="JCT"/></mor></w>
    <t type="q"><mor type="mor"><mt type="q"/><gra type="gra" index="7" head="3" relation="PUNCT"/></mor></t>

  </u>
  <u who="CHI" uID="u76">
    <e><action/><ga type="paralinguistics">whines louder</ga></e>
    <t type="p"></t>

    <a type="actions">brings object to shape box lid , flailing arms . puts on wrong hole and attempts to put in</a>
  </u>
  <u who="MOT" uID="u77">
    <w>where<mor type="mor"><mw><pos><c>pro</c><s>int</s></pos><stem>where</stem></mw><gra type="gra" index="1" head="5" relation="JCT"/></mor></w>
    <w>does<mor type="mor"><mw><pos><c>mod</c></pos><stem>do</stem><mk type="sfxf">3S</mk></mw><gra type="gra" index="2" head="5" relation="AUX"/></mor></w>
    <w>that<mor type="mor"><mw><pos><c>adv</c></pos><stem>that</stem></mw><gra type="gra" index="3" head="5" relation="JCT"/></mor></w>
    <w>one<mor type="mor"><mw><pos><c>det</c><s>num</s></pos><stem>one</stem></mw><gra type="gra" index="4" head="5" relation="SUBJ"/></mor></w>
    <w>go<mor type="mor"><mw><pos><c>v</c></pos><stem>go</stem></mw><gra type="gra" index="5" head="0" relation="ROOT"/></mor></w>
    <t type="q"><mor type="mor"><mt type="q"/><gra type="gra" index="6" head="5" relation="PUNCT"/></mor></t>

  </u>
  <u who="MOT" uID="u78">
    <w>where<mor type="mor"><mw><pos><c>pro</c><s>int</s></pos><stem>where</stem></mw><gra type="gra" index="1" head="4" relation="JCT"/></mor></w>
    <w>does<mor type="mor"><mw><pos><c>mod</c></pos><stem>do</stem><mk type="sfxf">3S</mk></mw><gra type="gra" index="2" head="4" relation="AUX"/></mor></w>
    <w>it<mor type="mor"><mw><pos><c>pro</c><s>per</s></pos><stem>it</stem></mw><gra type="gra" index="3" head="4" relation="SUBJ"/></mor></w>
    <w>go<mor type="mor"><mw><pos><c>v</c></pos><stem>go</stem></mw><gra type="gra" index="4" head="0" relation="ROOT"/></mor></w>
    <t type="q"><mor type="mor"><mt type="q"/><gra type="gra" index="5" head="4" relation="PUNCT"/></mor></t>

  </u>
  <u who="CHI" uID="u79">
    <e><action/></e>
    <t type="p"></t>

    <a type="actions">changes holes to correct one and attempts to put object in shape box</a>
  </u>
  <u who="MOT" uID="u80">
    <w>tha<p type="drawl"/>t's<mor type="mor"><mw><pos><c>pro</c><s>dem</s></pos><stem>that</stem></mw><gra type="gra" index="1" head="2" relation="SUBJ"/><mor-post><mw><pos><c>cop</c></pos><stem>be</stem><mk type="sfxf">3S</mk></mw><gra type="gra" index="2" head="0" relation="ROOT"/></mor-post></mor></w>
    <w>a<mor type="mor"><mw><pos><c>det</c><s>art</s></pos><stem>a</stem></mw><gra type="gra" index="3" head="4" relation="DET"/></mor></w>
    <w>girl<mor type="mor"><mw><pos><c>n</c></pos><stem>girl</stem></mw><gra type="gra" index="4" head="2" relation="PRED"/></mor></w>
    <t type="p"><mor type="mor"><mt type="p"/><gra type="gra" index="5" head="2" relation="PUNCT"/></mor></t>

  </u>
  <u who="MOT" uID="u81">
    <w>turn<mor type="mor"><mw><pos><c>v</c></pos><stem>turn</stem></mw><gra type="gra" index="1" head="0" relation="ROOT"/></mor></w>
    <w>it<mor type="mor"><mw><pos><c>pro</c><s>per</s></pos><stem>it</stem></mw><gra type="gra" index="2" head="1" relation="OBJ"/></mor></w>
    <t type="e"><mor type="mor"><mt type="e"/><gra type="gra" index="3" head="1" relation="PUNCT"/></mor></t>

  </u>
  <u who="MOT" uID="u82">
    <w>turn<mor type="mor"><mw><pos><c>v</c></pos><stem>turn</stem></mw><gra type="gra" index="1" head="0" relation="ROOT"/></mor></w>
    <w>it<mor type="mor"><mw><pos><c>pro</c><s>per</s></pos><stem>it</stem></mw><gra type="gra" index="2" head="1" relation="OBJ"/></mor></w>
    <w>a<mor type="mor"><mw><pos><c>det</c><s>art</s></pos><stem>a</stem></mw><gra type="gra" index="3" head="5" relation="DET"/></mor></w>
    <w>little<mor type="mor"><mw><pos><c>adj</c></pos><stem>little</stem></mw><gra type="gra" index="4" head="5" relation="MOD"/></mor></w>
    <w>more<mor type="mor"><mw><pos><c>pro</c><s>indef</s></pos><stem>more</stem></mw><gra type="gra" index="5" head="1" relation="OBJ"/></mor></w>
    <t type="e"><mor type="mor"><mt type="e"/><gra type="gra" index="6" head="1" relation="PUNCT"/></mor></t>

  </u>
  <u who="CHI" uID="u83">
    <e><action/></e>
    <t type="p"></t>

    <a type="actions">repositions object and uses both hands</a>
  </u>
  <u who="MOT" uID="u84">
    <w>turn<mor type="mor"><mw><pos><c>n</c></pos><stem>turn</stem></mw><gra type="gra" index="1" head="4" relation="SUBJ"/></mor></w>
    <pause symbolic-length="simple"/>
    <w>there<mor type="mor"><mw><pos><c>adv</c></pos><stem>there</stem></mw><gra type="gra" index="2" head="4" relation="JCT"/></mor></w>
    <w>you<mor type="mor"><mw><pos><c>pro</c><s>per</s></pos><stem>you</stem></mw><gra type="gra" index="3" head="4" relation="SUBJ"/></mor></w>
    <w>go<mor type="mor"><mw><pos><c>v</c></pos><stem>go</stem></mw><gra type="gra" index="4" head="0" relation="ROOT"/></mor></w>
    <t type="e"><mor type="mor"><mt type="e"/><gra type="gra" index="5" head="4" relation="PUNCT"/></mor></t>

  </u>
  <u who="CHI" uID="u85">
    <e><action/></e>
    <t type="p"></t>

    <a type="actions">succeeds . puts hands up . picks up shape box object and puts over correct hole . attempts to put in shape box but stops and begins to reposition</a>
  </u>
  <u who="MOT" uID="u86">
    <w>how<mor type="mor"><mw><pos><c>pro</c><s>int</s></pos><stem>how</stem></mw><gra type="gra" index="1" head="0" relation="INCROOT"/></mor></w>
    <w><shortening>a</shortening>bout<mor type="mor"><mw><pos><c>prep</c></pos><stem>about</stem></mw><gra type="gra" index="2" head="1" relation="JCT"/></mor></w>
    <g><w>this<mor type="mor"><mw><pos><c>det</c><s>dem</s></pos><stem>this</stem></mw><gra type="gra" index="3" head="4" relation="DET"/></mor></w><k type="stressing"/></g>
    <w>one<mor type="mor"><mw><pos><c>pro</c><s>indef</s></pos><stem>one</stem></mw><gra type="gra" index="4" head="2" relation="POBJ"/></mor></w>
    <t type="q"><mor type="mor"><mt type="q"/><gra type="gra" index="5" head="1" relation="PUNCT"/></mor></t>

    <a type="actions">picks up shape box object and holds out to Kathy</a>
  </u>
  <u who="CHI" uID="u87">
    <e><action/></e>
    <t type="p"></t>

    <a type="actions">tosses away her shape box object and takes Mother's object</a>
  </u>
  <u who="CHI" uID="u88">
    <w untranscribed="unintelligible-with-pho">yyy</w>
    <t type="e"></t>

    <a type="actions">attempts to put object in wrong hole on shape box</a>
    <a type="extension" flavor="pho">aI-y6</a>
  </u>
  <u who="MOT" uID="u89">
    <w>no<p type="drawl"/><mor type="mor"><mw><pos><c>co</c></pos><stem>no</stem></mw><gra type="gra" index="1" head="0" relation="INCROOT"/></mor></w>
    <t type="p"><mor type="mor"><mt type="p"/><gra type="gra" index="2" head="1" relation="PUNCT"/></mor></t>

  </u>
  <u who="CHI" uID="u90">
    <e><action/><ga type="paralinguistics">sigh</ga></e>
    <t type="p"></t>

    <a type="actions">&lt;aft&gt; picks up shape box object and holds it</a>
  </u>
  <u who="MOT" uID="u91">
    <w>it<mor type="mor"><mw><pos><c>pro</c><s>per</s></pos><stem>it</stem></mw><gra type="gra" index="1" head="2" relation="SUBJ"/></mor></w>
    <w>goes<mor type="mor"><mw><pos><c>v</c></pos><stem>go</stem><mk type="sfx">3S</mk></mw><gra type="gra" index="2" head="0" relation="ROOT"/></mor></w>
    <w>in<mor type="mor"><mw><pos><c>prep</c></pos><stem>in</stem></mw><gra type="gra" index="3" head="2" relation="JCT"/></mor></w>
    <w>here<mor type="mor"><mw><pos><c>n</c></pos><stem>here</stem></mw><gra type="gra" index="4" head="3" relation="POBJ"/></mor></w>
    <t type="p"><mor type="mor"><mt type="p"/><gra type="gra" index="5" head="2" relation="PUNCT"/></mor></t>

    <a type="actions">taps correct hole</a>
    <a type="gesture">begins to point toward hole</a>
  </u>
  <u who="CHI" uID="u92">
    <e><action/></e>
    <t type="p"></t>

    <a type="actions">positions shape box object over hole and attempts to put in</a>
  </u>
  <u who="MOT" uID="u93">
    <w>stand<mor type="mor"><mw><pos><c>v</c></pos><stem>stand</stem></mw><gra type="gra" index="1" head="0" relation="ROOT"/></mor></w>
    <w>it<mor type="mor"><mw><pos><c>pro</c><s>per</s></pos><stem>it</stem></mw><gra type="gra" index="2" head="1" relation="OBJ"/></mor></w>
    <w>up<mor type="mor"><mw><pos><c>adv</c></pos><stem>up</stem></mw><gra type="gra" index="3" head="1" relation="JCT"/></mor></w>
    <t type="p"><mor type="mor"><mt type="p"/><gra type="gra" index="4" head="1" relation="PUNCT"/></mor></t>

  </u>
  <u who="CHI" uID="u94">
    <e><action/></e>
    <t type="p"></t>

    <a type="actions">presses on shape box with hand . takes hands away</a>
  </u>
  <u who="MOT" uID="u95">
    <w>like<mor type="mor"><mw><pos><c>prep</c></pos><stem>like</stem></mw><gra type="gra" index="1" head="0" relation="INCROOT"/></mor></w>
    <w>this<mor type="mor"><mw><pos><c>pro</c><s>dem</s></pos><stem>this</stem></mw><gra type="gra" index="2" head="1" relation="POBJ"/></mor></w>
    <t type="p"><mor type="mor"><mt type="p"/><gra type="gra" index="3" head="1" relation="PUNCT"/></mor></t>

    <a type="actions">&lt;aft&gt; puts down on shape box lid</a>
  </u>
  <u who="CHI" uID="u96">
    <e><action/></e>
    <t type="p"></t>

    <a type="actions">picks up shape box object and puts in other hand . attempts to put in shape box . changes hands . presses on object . picks object up and moves to another hole . attempts to put it in hole briefly . picks object up and repositions in hand . attempts to put in another hole</a>
  </u>
  <u who="MOT" uID="u97">
    <w>here<mor type="mor"><mw><pos><c>adv</c></pos><stem>here</stem></mw><gra type="gra" index="1" head="0" relation="INCROOT"/></mor></w>
    <t type="p"><mor type="mor"><mt type="p"/><gra type="gra" index="2" head="1" relation="PUNCT"/></mor></t>

    <a type="actions">takes object from Kathy , object falls , picks it up and puts in shape box</a>
  </u>
  <u who="MOT" uID="u98">
    <g><w>here's<mor type="mor"><mw><pos><c>pro</c><s>exist</s></pos><stem>here</stem></mw><gra type="gra" index="1" head="2" relation="SUBJ"/><mor-post><mw><pos><c>cop</c></pos><stem>be</stem><mk type="sfxf">3S</mk></mw><gra type="gra" index="2" head="0" relation="ROOT"/></mor-post></mor></w>
    <w>another<mor type="mor"><mw><pos><c>qn</c></pos><stem>another</stem></mw><gra type="gra" index="3" head="4" relation="QUANT"/></mor></w>
    <w>one<mor type="mor"><mw><pos><c>pro</c><s>indef</s></pos><stem>one</stem></mw><gra type="gra" index="4" head="2" relation="PRED"/></mor></w><overlap type="overlap follows"/></g>
    <t type="p"><mor type="mor"><mt type="p"/><gra type="gra" index="5" head="2" relation="PUNCT"/></mor></t>

    <a type="actions">&lt;aft&gt; picks up object and holds out to Kathy</a>
  </u>
  <u who="CHI" uID="u99">
    <g><w type="filler">uh</w><overlap type="overlap precedes"/></g>
    <t type="p"></t>

    <a type="actions">&lt;aft&gt; almost picks up shape box object . takes object from Mother and attempts to put in shape box hole . attempts a different hole . tosses shape box object away . lifts shape box lid , holds , takes out object and tosses it behind self . repeats many times</a>
  </u>
  <u who="MOT" uID="u100">
    <e><action/><ga type="paralinguistics">soft vocalizations</ga></e>
    <t type="p"></t>

    <a type="actions">puts finger in nesting cup and pulls it toward self slightly</a>
  </u>
  <u who="CHI" uID="u101">
    <e><action/></e>
    <t type="p"></t>

    <a type="actions">pushes lid of shape box all the way open and reaches in with other hand . takes out object and holds it in both hands briefly . tosses object and shuts lid</a>
  </u>
  <u who="CHI" uID="u102">
    <g><w>up<mor type="mor"><mw><pos><c>adv</c></pos><stem>up</stem></mw><gra type="gra" index="1" head="0" relation="INCROOT"/></mor></w><overlap type="overlap follows"/></g>
    <t type="p"><mor type="mor"><mt type="p"/><gra type="gra" index="2" head="1" relation="PUNCT"/></mor></t>

    <a type="actions">&lt;aft&gt; picks up shape box object and brings it to shape box but it flies off to side</a>
  </u>
  <u who="MOT" uID="u103">
    <g><w>can<mor type="mor"><mw><pos><c>mod</c></pos><stem>can</stem></mw><gra type="gra" index="1" head="3" relation="AUX"/></mor></w>
    <w>you<mor type="mor"><mw><pos><c>pro</c><s>per</s></pos><stem>you</stem></mw><gra type="gra" index="2" head="3" relation="SUBJ"/></mor></w>
    <w>put<mor type="mor"><mw><pos><c>v</c></pos><stem>put</stem><mk type="sfxf">ZERO</mk></mw><gra type="gra" index="3" head="0" relation="ROOT"/></mor></w>
    <w><shortening>th</shortening>em<mor type="mor"><mw><pos><c>pro</c><s>obj</s></pos><stem>them</stem></mw><gra type="gra" index="4" head="3" relation="OBJ"/></mor></w>
    <w>in<mor type="mor"><mw><pos><c>prep</c></pos><stem>in</stem></mw><gra type="gra" index="5" head="3" relation="JCT"/></mor></w>
    <w>and<mor type="mor"><mw><pos><c>coord</c></pos><stem>and</stem></mw><gra type="gra" index="6" head="8" relation="LINK"/></mor></w>
    <w>then<mor type="mor"><mw><pos><c>adv</c><s>tem</s></pos><stem>then</stem></mw><gra type="gra" index="7" head="8" relation="JCT"/></mor></w>
    <w>play<mor type="mor"><mw><pos><c>v</c></pos><stem>play</stem></mw><gra type="gra" index="8" head="5" relation="POBJ"/></mor></w>
    <w>with<mor type="mor"><mw><pos><c>prep</c></pos><stem>with</stem></mw><gra type="gra" index="9" head="8" relation="JCT"/></mor></w>
    <w>the<mor type="mor"><mw><pos><c>det</c><s>art</s></pos><stem>the</stem></mw><gra type="gra" index="10" head="11" relation="DET"/></mor></w>
    <w>truck<mor type="mor"><mw><pos><c>n</c></pos><stem>truck</stem></mw><gra type="gra" index="11" head="9" relation="POBJ"/></mor></w><overlap type="overlap precedes"/></g>
    <t type="q"><mor type="mor"><mt type="q"/><gra type="gra" index="12" head="3" relation="PUNCT"/></mor></t>

  </u>
  <u who="MOT" uID="u104">
    <w>play<mor type="mor"><mw><pos><c>n</c></pos><stem>play</stem></mw><gra type="gra" index="1" head="0" relation="INCROOT"/></mor></w>
    <w>with<mor type="mor"><mw><pos><c>prep</c></pos><stem>with</stem></mw><gra type="gra" index="2" head="1" relation="NJCT"/></mor></w>
    <w>the<mor type="mor"><mw><pos><c>det</c><s>art</s></pos><stem>the</stem></mw><gra type="gra" index="3" head="4" relation="DET"/></mor></w>
    <w>car<mor type="mor"><mw><pos><c>n</c></pos><stem>car</stem></mw><gra type="gra" index="4" head="2" relation="POBJ"/></mor></w>
    <w>or<mor type="mor"><mw><pos><c>coord</c></pos><stem>or</stem></mw><gra type="gra" index="5" head="1" relation="ENUM"/></mor></w>
    <w untranscribed="unintelligible">xxx</w>
    <t type="p"><mor type="mor"><mt type="p"/><gra type="gra" index="6" head="1" relation="PUNCT"/></mor></t>

    <a type="actions">retrieves fallen object and holds it out to Kathy</a>
  </u>
  <u who="CHI" uID="u105">
    <e><action/></e>
    <t type="p"></t>

    <a type="actions">takes object from Mother and puts in shape box</a>
  </u>
  <u who="CHI" uID="u106">
    <e><action/><ga type="paralinguistics">whines</ga></e>
    <t type="p"></t>

    <a type="actions">flails arms . touches shape box object</a>
  </u>
  <u who="MOT" uID="u107">
    <e><action/></e>
    <t type="p"></t>

    <a type="actions">picks up shape box object</a>
  </u>
  <u who="CHI" uID="u108">
    <w untranscribed="unintelligible-with-pho">yyy</w>
    <t type="e"></t>

    <a type="paralinguistics">whines</a>
    <a type="extension" flavor="pho">maI-i</a>
  </u>
  <u who="MOT" uID="u109">
    <w>here<mor type="mor"><mw><pos><c>adv</c></pos><stem>here</stem></mw><gra type="gra" index="1" head="0" relation="INCROOT"/></mor></w>
    <t type="e"><mor type="mor"><mt type="e"/><gra type="gra" index="2" head="1" relation="PUNCT"/></mor></t>

    <a type="actions">holds object out to Kathy</a>
  </u>
  <u who="MOT" uID="u110">
    <w>Kari<mor type="mor"><mw><pos><c>n</c><s>prop</s></pos><stem>Kari</stem></mw><gra type="gra" index="1" head="0" relation="INCROOT"/></mor></w>
    <t type="e"><mor type="mor"><mt type="e"/><gra type="gra" index="2" head="1" relation="PUNCT"/></mor></t>

  </u>
  <u who="CHI" uID="u111">
    <e><action/></e>
    <t type="p"></t>

    <a type="actions">picks up object . takes object from Mother . puts down own object in shape box . takes other object from other hand and puts in shape box</a>
  </u>
  <u who="MOT" uID="u112">
    <e><action/></e>
    <t type="p"></t>

    <a type="actions">picks up shape box objects . holds one out to Kathy</a>
  </u>
  <u who="CHI" uID="u113">
    <w>no<mor type="mor"><mw><pos><c>co</c></pos><stem>no</stem></mw><gra type="gra" index="1" head="0" relation="INCROOT"/></mor></w>
    <t type="e"><mor type="mor"><mt type="e"/><gra type="gra" index="2" head="1" relation="PUNCT"/></mor></t>

    <a type="actions">picks up shape box object and holds . shakes head and pushes Mother's object away</a>
    <a type="extension" flavor="pho">n6-yA</a>
  </u>
  <u who="MOT" uID="u114">
    <w>yeah<mor type="mor"><mw><pos><c>co</c></pos><stem>yeah</stem></mw><gra type="gra" index="1" head="0" relation="INCROOT"/></mor></w>
    <t type="e"><mor type="mor"><mt type="e"/><gra type="gra" index="2" head="1" relation="PUNCT"/></mor></t>

    <a type="actions">holds shape box object out to Kathy</a>
  </u>
  <u who="MOT" uID="u115">
    <w>no<mor type="mor"><mw><pos><c>co</c></pos><stem>no</stem></mw><gra type="gra" index="1" head="0" relation="INCROOT"/></mor></w>
    <t type="q"><mor type="mor"><mt type="q"/><gra type="gra" index="2" head="1" relation="PUNCT"/></mor></t>

  </u>
  <u who="MOT" uID="u116">
    <w>you<mor type="mor"><mw><pos><c>pro</c><s>per</s></pos><stem>you</stem></mw><gra type="gra" index="1" head="4" relation="SUBJ"/></mor></w>
    <w>hafta<mor type="mor"><mw><pos><c>mod</c></pos><stem>have</stem></mw><gra type="gra" index="2" head="4" relation="AUX"/><mor-post><mw><pos><c>inf</c></pos><stem>to</stem></mw><gra type="gra" index="3" head="4" relation="INF"/></mor-post></mor></w>
    <w>put<mor type="mor"><mw><pos><c>part</c></pos><stem>put</stem><mk type="sfxf">PASTP</mk></mw><gra type="gra" index="4" head="0" relation="ROOT"/></mor></w>
    <w>that<mor type="mor"><mw><pos><c>adv</c></pos><stem>that</stem></mw><gra type="gra" index="5" head="6" relation="JCT"/></mor></w>
    <w>one<mor type="mor"><mw><pos><c>det</c><s>num</s></pos><stem>one</stem></mw><gra type="gra" index="6" head="4" relation="COMP"/></mor></w>
    <w>in<mor type="mor"><mw><pos><c>adv</c></pos><stem>in</stem></mw><gra type="gra" index="7" head="6" relation="JCT"/></mor></w>
    <t type="p"><mor type="mor"><mt type="p"/><gra type="gra" index="8" head="4" relation="PUNCT"/></mor></t>

  </u>
  <u who="CHI" uID="u117">
    <e><action/></e>
    <t type="p"></t>

    <a type="actions">attempts to put own object in shape box and succeeds</a>
  </u>
  <u who="CHI" uID="u118">
    <w type="filler">uh</w>
    <w type="filler">uh</w>
    <t type="e"></t>

    <a type="actions">&lt;aft&gt; puts hand on shape box object</a>
  </u>
  <u who="MOT" uID="u119">
    <w>put<mor type="mor"><mw><pos><c>v</c></pos><stem>put</stem><mk type="sfxf">ZERO</mk></mw><gra type="gra" index="1" head="0" relation="ROOT"/></mor></w>
    <w>it<mor type="mor"><mw><pos><c>pro</c><s>per</s></pos><stem>it</stem></mw><gra type="gra" index="2" head="1" relation="OBJ"/></mor></w>
    <w>in<mor type="mor"><mw><pos><c>prep</c></pos><stem>in</stem></mw><gra type="gra" index="3" head="1" relation="JCT"/></mor></w>
    <w>there<mor type="mor"><mw><pos><c>n</c></pos><stem>there</stem></mw><gra type="gra" index="4" head="3" relation="POBJ"/></mor></w>
    <t type="e"><mor type="mor"><mt type="e"/><gra type="gra" index="5" head="1" relation="PUNCT"/></mor></t>

    <a type="actions">continues holding shape box object out to Kathy</a>
  </u>
  <u who="MOT" uID="u120">
    <w>yeah<mor type="mor"><mw><pos><c>co</c></pos><stem>yeah</stem></mw><gra type="gra" index="1" head="0" relation="INCROOT"/></mor></w>
    <t type="e"><mor type="mor"><mt type="e"/><gra type="gra" index="2" head="1" relation="PUNCT"/></mor></t>

  </u>
  <u who="CHI" uID="u121">
    <e><action/></e>
    <t type="p"></t>

    <a type="actions">reaches for another shape box object , picks one up and holds it</a>
  </u>
  <u who="MOT" uID="u122">
    <w>put<mor type="mor"><mw><pos><c>v</c></pos><stem>put</stem><mk type="sfxf">ZERO</mk></mw><gra type="gra" index="1" head="0" relation="ROOT"/></mor></w>
    <w>this<mor type="mor"><mw><pos><c>det</c><s>dem</s></pos><stem>this</stem></mw><gra type="gra" index="2" head="3" relation="DET"/></mor></w>
    <w>one<mor type="mor"><mw><pos><c>pro</c><s>indef</s></pos><stem>one</stem></mw><gra type="gra" index="3" head="1" relation="OBJ"/></mor></w>
    <w>in<mor type="mor"><mw><pos><c>adv</c></pos><stem>in</stem></mw><gra type="gra" index="4" head="1" relation="JCT"/></mor></w>
    <t type="e"><mor type="mor"><mt type="e"/><gra type="gra" index="5" head="1" relation="PUNCT"/></mor></t>

    <a type="actions">continues holding shape box object out to Kathy</a>
  </u>
  <u who="CHI" uID="u123">
    <w>no<mor type="mor"><mw><pos><c>co</c></pos><stem>no</stem></mw><gra type="gra" index="1" head="0" relation="INCROOT"/></mor></w>
    <t type="e"><mor type="mor"><mt type="e"/><gra type="gra" index="2" head="1" relation="PUNCT"/></mor></t>

    <a type="actions">puts own object in shape box successfully</a>
  </u>
  <u who="MOT" uID="u124">
    <w>yeah<mor type="mor"><mw><pos><c>co</c></pos><stem>yeah</stem></mw><gra type="gra" index="1" head="0" relation="INCROOT"/></mor></w>
    <t type="p"><mor type="mor"><mt type="p"/><gra type="gra" index="2" head="1" relation="PUNCT"/></mor></t>

    <a type="actions">&lt;aft&gt; puts hand down</a>
  </u>
  <u who="CHI" uID="u125">
    <w>no<mor type="mor"><mw><pos><c>co</c></pos><stem>no</stem></mw><gra type="gra" index="1" head="0" relation="INCROOT"/></mor></w>
    <t type="e"><mor type="mor"><mt type="e"/><gra type="gra" index="2" head="1" relation="PUNCT"/></mor></t>

    <a type="extension" flavor="pho">&lt;1w&gt; noU</a>
  </u>
  <u who="CHI" uID="u126">
    <w>no<mor type="mor"><mw><pos><c>co</c></pos><stem>no</stem></mw><gra type="gra" index="1" head="0" relation="INCROOT"/></mor></w>
    <t type="e"><mor type="mor"><mt type="e"/><gra type="gra" index="2" head="1" relation="PUNCT"/></mor></t>

    <a type="extension" flavor="pho">&lt;1w&gt; nA</a>
  </u>
  <u who="CHI" uID="u127">
    <w>no<mor type="mor"><mw><pos><c>co</c></pos><stem>no</stem></mw><gra type="gra" index="1" head="0" relation="INCROOT"/></mor></w>
    <t type="e"><mor type="mor"><mt type="e"/><gra type="gra" index="2" head="1" relation="PUNCT"/></mor></t>

    <a type="extension" flavor="pho">&lt;1w&gt; neI</a>
  </u>
  <u who="CHI" uID="u128">
    <w untranscribed="unintelligible-with-pho">yyy</w>
    <t type="p"></t>

    <a type="actions">&lt;1w&gt; attempts to put shape box object in shape box &lt;1w&gt; picks up nesting cup and shape box object and holds them up .</a>
    <a type="extension" flavor="pho">&lt;1w&gt; 6 n6 boUen</a>
  </u>
  <u who="MOT" uID="u129">
    <w>put<mor type="mor"><mw><pos><c>v</c></pos><stem>put</stem><mk type="sfxf">ZERO</mk></mw><gra type="gra" index="1" head="0" relation="ROOT"/></mor></w>
    <w>this<mor type="mor"><mw><pos><c>det</c><s>dem</s></pos><stem>this</stem></mw><gra type="gra" index="2" head="3" relation="DET"/></mor></w>
    <w>one<mor type="mor"><mw><pos><c>pro</c><s>indef</s></pos><stem>one</stem></mw><gra type="gra" index="3" head="1" relation="OBJ"/></mor></w>
    <w>in<mor type="mor"><mw><pos><c>adv</c></pos><stem>in</stem></mw><gra type="gra" index="4" head="1" relation="JCT"/></mor></w>
    <t type="e"><mor type="mor"><mt type="e"/><gra type="gra" index="5" head="1" relation="PUNCT"/></mor></t>

    <a type="actions">holds out object to Kathy</a>
  </u>
  <u who="CHI" uID="u130">
    <w>ah<mor type="mor"><mw><pos><c>co</c></pos><stem>ah</stem></mw><gra type="gra" index="1" head="0" relation="INCROOT"/></mor></w>
    <t type="e"><mor type="mor"><mt type="e"/><gra type="gra" index="2" head="1" relation="PUNCT"/></mor></t>

    <a type="actions">&lt;dur&gt; puts hands back sharply &lt;1w&gt; successfully puts object in shape box .</a>
  </u>
  <u who="CHI" uID="u131">
    <w untranscribed="unintelligible-with-pho">yyy</w>
    <t type="e"></t>

    <a type="actions">&lt;dur&gt; puts hands back sharply</a>
    <a type="extension" flavor="pho">&lt;1w&gt; n6+naIn</a>
  </u>
  <u who="CHI" uID="u132">
    <w untranscribed="unintelligible-with-pho">yyy</w>
    <t type="e"></t>

    <a type="actions">&lt;1w&gt; takes object out of shape box and tosses behind her .</a>
    <a type="extension" flavor="pho">nA nA</a>
  </u>
  <u who="CHI" uID="u133">
    <w untranscribed="unintelligible-with-pho">yyy</w>
    <t type="e"></t>

    <a type="actions">&lt;1w&gt; repeats</a>
  </u>
  <u who="MOT" uID="u134">
    <w type="fragment">a<p type="drawl"/>h</w>
    <t type="e"></t>

  </u>
  <u who="MOT" uID="u135">
    <w>look<mor type="mor"><mw><pos><c>v</c></pos><stem>look</stem></mw><gra type="gra" index="1" head="0" relation="ROOT"/></mor></w>
    <w>what<mor type="mor"><mw><pos><c>pro</c><s>int</s></pos><stem>what</stem></mw><gra type="gra" index="2" head="4" relation="LINK"/></mor></w>
    <w>you<mor type="mor"><mw><pos><c>pro</c><s>per</s></pos><stem>you</stem></mw><gra type="gra" index="3" head="4" relation="SUBJ"/></mor></w>
    <w>did<mor type="mor"><mw><pos><c>v</c></pos><stem>do</stem><mk type="sfxf">PAST</mk></mw><gra type="gra" index="4" head="1" relation="COMP"/></mor></w>
    <t type="e"><mor type="mor"><mt type="e"/><gra type="gra" index="5" head="1" relation="PUNCT"/></mor></t>

  </u>
  <u who="MOT" uID="u136">
    <w>you<mor type="mor"><mw><pos><c>pro</c><s>per</s></pos><stem>you</stem></mw><gra type="gra" index="1" head="2" relation="SUBJ"/></mor></w>
    <w>got<mor type="mor"><mw><pos><c>part</c></pos><stem>get</stem><mk type="sfxf">PASTP</mk></mw><gra type="gra" index="2" head="0" relation="ROOT"/></mor></w>
    <w>one<mor type="mor"><mw><pos><c>pro</c><s>indef</s></pos><stem>one</stem></mw><gra type="gra" index="3" head="2" relation="OBJ"/></mor></w>
    <w>way<mor type="mor"><mw><pos><c>adv</c></pos><stem>way</stem></mw><gra type="gra" index="4" head="5" relation="JCT"/></mor></w>
    <w>over<mor type="mor"><mw><pos><c>prep</c></pos><stem>over</stem></mw><gra type="gra" index="5" head="3" relation="NJCT"/></mor></w>
    <w>there<mor type="mor"><mw><pos><c>n</c></pos><stem>there</stem></mw><gra type="gra" index="6" head="5" relation="POBJ"/></mor></w>
    <t type="e"><mor type="mor"><mt type="e"/><gra type="gra" index="7" head="2" relation="PUNCT"/></mor></t>

  </u>
  <u who="CHI" uID="u137">
    <e><action/></e>
    <t type="p"></t>

    <a type="actions">takes object out of shape box and puts down behind her . puts hands on shape box rim and pushes herself up</a>
  </u>
  <u who="MOT" uID="u138">
    <w>how<mor type="mor"><mw><pos><c>pro</c><s>int</s></pos><stem>how</stem></mw><gra type="gra" index="1" head="4" relation="LINK"/></mor></w>
    <w>about<mor type="mor"><mw><pos><c>adv</c></pos><stem>about</stem></mw><gra type="gra" index="2" head="4" relation="JCT"/></mor></w>
    <w>the<mor type="mor"><mw><pos><c>det</c><s>art</s></pos><stem>the</stem></mw><gra type="gra" index="3" head="4" relation="DET"/></mor></w>
    <w>car<mor type="mor"><mw><pos><c>n</c></pos><stem>car</stem></mw><gra type="gra" index="4" head="0" relation="INCROOT"/></mor></w>
    <w>and<mor type="mor"><mw><pos><c>coord</c></pos><stem>and</stem></mw><gra type="gra" index="5" head="4" relation="CONJ"/></mor></w>
    <w>the<mor type="mor"><mw><pos><c>det</c><s>art</s></pos><stem>the</stem></mw><gra type="gra" index="6" head="7" relation="DET"/></mor></w>
    <w>people<mor type="mor"><mw><pos><c>n</c></pos><stem>person</stem><mk type="sfxf">PL</mk></mw><gra type="gra" index="7" head="5" relation="COORD"/></mor></w>
    <t type="q"><mor type="mor"><mt type="q"/><gra type="gra" index="8" head="4" relation="PUNCT"/></mor></t>

    <a type="actions">reaches in dollhouse and touches car . takes people out and puts man in shape box</a>
  </u>
  <u who="MOT" uID="u139">
    <w>play<mor type="mor"><mw><pos><c>n</c></pos><stem>play</stem></mw><gra type="gra" index="1" head="0" relation="INCROOT"/></mor></w>
    <w>with<mor type="mor"><mw><pos><c>prep</c></pos><stem>with</stem></mw><gra type="gra" index="2" head="1" relation="JCT"/></mor></w>
    <w>the<mor type="mor"><mw><pos><c>det</c><s>art</s></pos><stem>the</stem></mw><gra type="gra" index="3" head="4" relation="DET"/></mor></w>
    <w>cars<mor type="mor"><mw><pos><c>n</c></pos><stem>car</stem><mk type="sfx">PL</mk></mw><gra type="gra" index="4" head="2" relation="POBJ"/></mor></w>
    <w>and<mor type="mor"><mw><pos><c>coord</c></pos><stem>and</stem></mw><gra type="gra" index="5" head="4" relation="CONJ"/></mor></w>
    <w>the<mor type="mor"><mw><pos><c>det</c><s>art</s></pos><stem>the</stem></mw><gra type="gra" index="6" head="7" relation="DET"/></mor></w>
    <w>people<mor type="mor"><mw><pos><c>n</c></pos><stem>person</stem><mk type="sfxf">PL</mk></mw><gra type="gra" index="7" head="5" relation="COORD"/></mor></w>
    <t type="q"><mor type="mor"><mt type="q"/><gra type="gra" index="8" head="1" relation="PUNCT"/></mor></t>

  </u>
  <u who="CHI" uID="u140">
    <e><action/></e>
    <t type="p"></t>

    <a type="actions">pulls dollhouse toward self . holds onto dollhouse rim</a>
  </u>
  <u who="CHI" uID="u141">
    <e><action/><ga type="paralinguistics">whines</ga></e>
    <t type="p"></t>

    <a type="actions">&lt;aft&gt; picks up car , lets drop</a>
    <a type="extension" flavor="pho">06-ni</a>
  </u>
  <u who="CHI" uID="u142">
    <w>uhoh<mor type="mor"><mw><pos><c>co</c></pos><stem>uhoh</stem></mw><gra type="gra" index="1" head="0" relation="INCROOT"/></mor></w>
    <t type="e"><mor type="mor"><mt type="e"/><gra type="gra" index="2" head="1" relation="PUNCT"/></mor></t>

  </u>
  <u who="CHI" uID="u143">
    <w>up<mor type="mor"><mw><pos><c>adv</c></pos><stem>up</stem></mw><gra type="gra" index="1" head="0" relation="INCROOT"/></mor></w>
    <t type="e"><mor type="mor"><mt type="e"/><gra type="gra" index="2" head="1" relation="PUNCT"/></mor></t>

    <a type="gesture">&lt;aft&gt; smiles at Mother</a>
    <a type="actions">&lt;aft&gt; takes hand off</a>
  </u>
  <u who="MOT" uID="u144">
    <w>what<mor type="mor"><mw><pos><c>pro</c><s>int</s></pos><stem>what</stem></mw><gra type="gra" index="1" head="0" relation="INCROOT"/></mor></w>
    <t type="q"><mor type="mor"><mt type="q"/><gra type="gra" index="2" head="1" relation="PUNCT"/></mor></t>

    <a type="gesture">points to car holes for the people</a>
  </u>
  <u who="MOT" uID="u145">
    <w>play<mor type="mor"><mw><pos><c>n</c></pos><stem>play</stem></mw><gra type="gra" index="1" head="0" relation="INCROOT"/></mor></w>
    <w>with<mor type="mor"><mw><pos><c>prep</c></pos><stem>with</stem></mw><gra type="gra" index="2" head="1" relation="JCT"/></mor></w>
    <w>the<mor type="mor"><mw><pos><c>det</c><s>art</s></pos><stem>the</stem></mw><gra type="gra" index="3" head="4" relation="DET"/></mor></w>
    <w>car<mor type="mor"><mw><pos><c>n</c></pos><stem>car</stem></mw><gra type="gra" index="4" head="2" relation="POBJ"/></mor></w>
    <t type="q"><mor type="mor"><mt type="q"/><gra type="gra" index="5" head="1" relation="PUNCT"/></mor></t>

  </u>
  <u who="MOT" uID="u146">
    <w>put<mor type="mor"><mw><pos><c>v</c></pos><stem>put</stem><mk type="sfxf">ZERO</mk></mw><gra type="gra" index="1" head="0" relation="ROOT"/></mor></w>
    <w>the<mor type="mor"><mw><pos><c>det</c><s>art</s></pos><stem>the</stem></mw><gra type="gra" index="2" head="3" relation="DET"/></mor></w>
    <w>people<mor type="mor"><mw><pos><c>n</c></pos><stem>person</stem><mk type="sfxf">PL</mk></mw><gra type="gra" index="3" head="1" relation="OBJ"/></mor></w>
    <w>in<mor type="mor"><mw><pos><c>prep</c></pos><stem>in</stem></mw><gra type="gra" index="4" head="1" relation="JCT"/></mor></w>
    <w>the<mor type="mor"><mw><pos><c>det</c><s>art</s></pos><stem>the</stem></mw><gra type="gra" index="5" head="6" relation="DET"/></mor></w>
    <w>car<mor type="mor"><mw><pos><c>n</c></pos><stem>car</stem></mw><gra type="gra" index="6" head="4" relation="POBJ"/></mor></w>
    <t type="p"><mor type="mor"><mt type="p"/><gra type="gra" index="7" head="1" relation="PUNCT"/></mor></t>

  </u>
  <u who="MOT" uID="u147">
    <w>and<mor type="mor"><mw><pos><c>coord</c></pos><stem>and</stem></mw><gra type="gra" index="1" head="2" relation="LINK"/></mor></w>
    <w>take<mor type="mor"><mw><pos><c>v</c></pos><stem>take</stem></mw><gra type="gra" index="2" head="0" relation="ROOT"/></mor></w>
    <w><shortening>th</shortening>em<mor type="mor"><mw><pos><c>pro</c><s>obj</s></pos><stem>them</stem></mw><gra type="gra" index="3" head="2" relation="OBJ"/></mor></w>
    <w>for<mor type="mor"><mw><pos><c>prep</c></pos><stem>for</stem></mw><gra type="gra" index="4" head="2" relation="JCT"/></mor></w>
    <w>a<mor type="mor"><mw><pos><c>det</c><s>art</s></pos><stem>a</stem></mw><gra type="gra" index="5" head="6" relation="DET"/></mor></w>
    <w>ride<mor type="mor"><mw><pos><c>n</c></pos><stem>ride</stem></mw><gra type="gra" index="6" head="4" relation="POBJ"/></mor></w>
    <t type="p"><mor type="mor"><mt type="p"/><gra type="gra" index="7" head="2" relation="PUNCT"/></mor></t>

    <a type="actions">&lt;1w&gt; drives car , stops</a>
  </u>
  <u who="CHI" uID="u148">
    <e><action/></e>
    <t type="p"></t>

    <a type="actions">takes ladder out of dollhouse and puts down . takes table out , examines , and holds out to Mother</a>
  </u>
  <u who="MOT" uID="u149">
    <w>is<mor type="mor"><mw><pos><c>cop</c></pos><stem>be</stem><mk type="sfxf">3S</mk></mw><gra type="gra" index="1" head="0" relation="ROOT"/></mor></w>
    <w>that<mor type="mor"><mw><pos><c>comp</c></pos><stem>that</stem></mw><gra type="gra" index="2" head="1" relation="PRED"/></mor></w>
    <w>a<mor type="mor"><mw><pos><c>det</c><s>art</s></pos><stem>a</stem></mw><gra type="gra" index="3" head="4" relation="DET"/></mor></w>
    <w>table<mor type="mor"><mw><pos><c>n</c></pos><stem>table</stem></mw><gra type="gra" index="4" head="2" relation="OM"/></mor></w>
    <t type="q"><mor type="mor"><mt type="q"/><gra type="gra" index="5" head="1" relation="PUNCT"/></mor></t>

  </u>
  <u who="MOT" uID="u150">
    <w>is<mor type="mor"><mw><pos><c>cop</c></pos><stem>be</stem><mk type="sfxf">3S</mk></mw><gra type="gra" index="1" head="0" relation="ROOT"/></mor></w>
    <w>that<mor type="mor"><mw><pos><c>comp</c></pos><stem>that</stem></mw><gra type="gra" index="2" head="1" relation="PRED"/></mor></w>
    <w>a<mor type="mor"><mw><pos><c>det</c><s>art</s></pos><stem>a</stem></mw><gra type="gra" index="3" head="4" relation="DET"/></mor></w>
    <w>table<mor type="mor"><mw><pos><c>n</c></pos><stem>table</stem></mw><gra type="gra" index="4" head="2" relation="OM"/></mor></w>
    <t type="q"><mor type="mor"><mt type="q"/><gra type="gra" index="5" head="1" relation="PUNCT"/></mor></t>

  </u>
  <u who="CHI" uID="u151">
    <e><action/></e>
    <t type="p"></t>

    <a type="actions">puts ladder on floor</a>
  </u>
  <u who="MOT" uID="u152">
    <w>set<mor type="mor"><mw><pos><c>v</c></pos><stem>set</stem><mk type="sfxf">ZERO</mk></mw><gra type="gra" index="1" head="0" relation="ROOT"/></mor></w>
    <w>the<mor type="mor"><mw><pos><c>det</c><s>art</s></pos><stem>the</stem></mw><gra type="gra" index="2" head="3" relation="DET"/></mor></w>
    <w>people<mor type="mor"><mw><pos><c>n</c></pos><stem>person</stem><mk type="sfxf">PL</mk></mw><gra type="gra" index="3" head="1" relation="OBJ"/></mor></w>
    <w>up<mor type="mor"><mw><pos><c>adv</c></pos><stem>up</stem></mw><gra type="gra" index="4" head="3" relation="NJCT"/></mor></w>
    <w>and<mor type="mor"><mw><pos><c>coord</c></pos><stem>and</stem></mw><gra type="gra" index="5" head="4" relation="POBJ"/></mor></w>
    <w untranscribed="unintelligible">xxx</w>
    <t type="p"><mor type="mor"><mt type="p"/><gra type="gra" index="6" head="1" relation="PUNCT"/></mor></t>

    <a type="actions">&lt;1w&gt; pulls table toward self . picks up man from dollhouse and puts down by table</a>
  </u>
  <u who="MOT" uID="u153">
    <w untranscribed="unintelligible">xxx</w>
    <w>they<mor type="mor"><mw><pos><c>pro</c><s>sub</s></pos><stem>they</stem></mw><gra type="gra" index="1" head="3" relation="SUBJ"/></mor></w>
    <w>can<mor type="mor"><mw><pos><c>mod</c></pos><stem>can</stem></mw><gra type="gra" index="2" head="3" relation="AUX"/></mor></w>
    <w>eat<mor type="mor"><mw><pos><c>v</c></pos><stem>eat</stem></mw><gra type="gra" index="3" head="0" relation="ROOT"/></mor></w>
    <t type="p"><mor type="mor"><mt type="p"/><gra type="gra" index="4" head="3" relation="PUNCT"/></mor></t>

  </u>
  <u who="CHI" uID="u154">
    <e><action/></e>
    <t type="p"></t>

    <a type="actions">takes chair out of dollhouse and puts down</a>
  </u>
  <u who="MOT" uID="u155">
    <w>and<mor type="mor"><mw><pos><c>coord</c></pos><stem>and</stem></mw><gra type="gra" index="1" head="0" relation="INCROOT"/></mor></w>
    <w>food<mor type="mor"><mw><pos><c>n</c></pos><stem>food</stem></mw><gra type="gra" index="2" head="1" relation="COORD"/></mor></w>
    <pause symbolic-length="simple"/>
    <w>the<mor type="mor"><mw><pos><c>det</c><s>art</s></pos><stem>the</stem></mw><gra type="gra" index="3" head="4" relation="DET"/></mor></w>
    <w>plates<mor type="mor"><mw><pos><c>n</c></pos><stem>plate</stem><mk type="sfx">PL</mk></mw><gra type="gra" index="4" head="5" relation="SUBJ"/></mor></w>
    <w untranscribed="unintelligible">xxx</w>
    <w>have<mor type="mor"><mw><pos><c>v</c></pos><stem>have</stem></mw><gra type="gra" index="5" head="2" relation="CMOD"/></mor></w>
    <w>food<mor type="mor"><mw><pos><c>n</c></pos><stem>food</stem></mw><gra type="gra" index="6" head="5" relation="OBJ"/></mor></w>
    <t type="p"><mor type="mor"><mt type="p"/><gra type="gra" index="7" head="1" relation="PUNCT"/></mor></t>

    <a type="actions">takes out another man and puts down at table</a>
  </u>
  <u who="CHI" uID="u156">
    <e><action/></e>
    <t type="p"></t>

    <a type="actions">takes beds out of dollhouse , examines briefly and tosses behind . takes chicken out and holds</a>
  </u>
  <u who="CHI" uID="u157">
    <w untranscribed="unintelligible-with-pho">yyy</w>
    <t type="p"></t>

    <a type="actions">&lt;dur&gt; shows to Mother &lt;bef&gt; takes out another chicken and examines .</a>
    <a type="extension" flavor="pho">6m</a>
  </u>
  <u who="MOT" uID="u158">
    <w>what<mor type="mor"><mw><pos><c>pro</c><s>int</s></pos><stem>what</stem></mw><gra type="gra" index="1" head="2" relation="SUBJ"/></mor></w>
    <w>are<mor type="mor"><mw><pos><c>cop</c></pos><stem>be</stem><mk type="sfxf">PRES</mk></mw><gra type="gra" index="2" head="0" relation="ROOT"/></mor></w>
    <w>those<mor type="mor"><mw><pos><c>pro</c><s>dem</s></pos><stem>those</stem></mw><gra type="gra" index="3" head="2" relation="PRED"/></mor></w>
    <t type="q"><mor type="mor"><mt type="q"/><gra type="gra" index="4" head="2" relation="PUNCT"/></mor></t>

  </u>
  <u who="CHI" uID="u159">
    <e><action/></e>
    <t type="p"></t>

    <a type="actions">holds one chicken toward Mother</a>
  </u>
  <u who="MOT" uID="u160">
    <w>chicken<mor type="mor"><mw><pos><c>n</c></pos><stem>chicken</stem></mw><gra type="gra" index="1" head="0" relation="INCROOT"/></mor></w>
    <t type="q"><mor type="mor"><mt type="q"/><gra type="gra" index="2" head="1" relation="PUNCT"/></mor></t>

    <a type="actions">extends palm</a>
  </u>
  <u who="CHI" uID="u161">
    <e><action/></e>
    <t type="p"></t>

    <a type="actions">puts chicken in Mother's palm</a>
  </u>
  <u who="MOT" uID="u162">
    <w>is<mor type="mor"><mw><pos><c>cop</c></pos><stem>be</stem><mk type="sfxf">3S</mk></mw><gra type="gra" index="1" head="0" relation="ROOT"/></mor></w>
    <w>that<mor type="mor"><mw><pos><c>comp</c></pos><stem>that</stem></mw><gra type="gra" index="2" head="1" relation="PRED"/></mor></w>
    <w>a<mor type="mor"><mw><pos><c>det</c><s>art</s></pos><stem>a</stem></mw><gra type="gra" index="3" head="4" relation="DET"/></mor></w>
    <w>chicken<mor type="mor"><mw><pos><c>n</c></pos><stem>chicken</stem></mw><gra type="gra" index="4" head="2" relation="OM"/></mor></w>
    <t type="q"><mor type="mor"><mt type="q"/><gra type="gra" index="5" head="1" relation="PUNCT"/></mor></t>

    <a type="actions">holds up to Kathy</a>
  </u>
  <u who="CHI" uID="u163">
    <e><action/></e>
    <t type="p"></t>

    <a type="actions">manipulates her chicken . puts down . takes bed out of dollhouse and tosses down</a>
  </u>
  <u who="MOT" uID="u164">
    <w>let's<mor type="mor"><mw><pos><c>v</c></pos><stem>let</stem></mw><gra type="gra" index="1" head="0" relation="ROOT"/><mor-post><mw><pos><c>pro</c><s>obj</s></pos><stem>us</stem></mw><gra type="gra" index="2" head="3" relation="SUBJ"/></mor-post></mor></w>
    <w>put<mor type="mor"><mw><pos><c>v</c></pos><stem>put</stem><mk type="sfxf">ZERO</mk></mw><gra type="gra" index="3" head="1" relation="COMP"/></mor></w>
    <w>some<mor type="mor"><mw><pos><c>qn</c></pos><stem>some</stem></mw><gra type="gra" index="4" head="5" relation="QUANT"/></mor></w>
    <w>people<mor type="mor"><mw><pos><c>n</c></pos><stem>person</stem><mk type="sfxf">PL</mk></mw><gra type="gra" index="5" head="3" relation="OBJ"/></mor></w>
    <w>in<mor type="mor"><mw><pos><c>prep</c></pos><stem>in</stem></mw><gra type="gra" index="6" head="3" relation="JCT"/></mor></w>
    <w>the<mor type="mor"><mw><pos><c>det</c><s>art</s></pos><stem>the</stem></mw><gra type="gra" index="7" head="8" relation="DET"/></mor></w>
    <w>car<mor type="mor"><mw><pos><c>n</c></pos><stem>car</stem></mw><gra type="gra" index="8" head="6" relation="POBJ"/></mor></w>
    <t type="p"><mor type="mor"><mt type="p"/><gra type="gra" index="9" head="1" relation="PUNCT"/></mor></t>

  </u>
  <u who="CHI" uID="u165">
    <e><action/></e>
    <t type="p"></t>

    <a type="actions">picks up men , examines , drops two . holds man over car . puts man in car</a>
  </u>
  <u who="MOT" uID="u166">
    <w>there<mor type="mor"><mw><pos><c>adv</c></pos><stem>there</stem></mw><gra type="gra" index="1" head="3" relation="JCT"/></mor></w>
    <w>you<mor type="mor"><mw><pos><c>pro</c><s>per</s></pos><stem>you</stem></mw><gra type="gra" index="2" head="3" relation="SUBJ"/></mor></w>
    <w>go<mor type="mor"><mw><pos><c>v</c></pos><stem>go</stem></mw><gra type="gra" index="3" head="0" relation="ROOT"/></mor></w>
    <t type="e"><mor type="mor"><mt type="e"/><gra type="gra" index="4" head="3" relation="PUNCT"/></mor></t>

    <a type="actions">puts chicken on table</a>
  </u>
  <u who="CHI" uID="u167">
    <e><action/></e>
    <t type="p"></t>

    <a type="actions">picks up man and puts in car</a>
  </u>
</CHAT>