<?xml version="1.0" encoding="UTF-8"?>

<CHAT xmlns:xsi="http://www.w3.org/2001/XMLSchema-instance"
      xmlns="http://www.talkbank.org/ns/talkbank"
      xsi:schemaLocation="http://www.talkbank.org/ns/talkbank https://talkbank.org/software/talkbank.xsd"
            DesignType="cross"
            ActivityType="toyplay"
            GroupType="TD"
      PID="11312/c-00015231-1"
      Version="2.16.0"
      Lang="eng"
      Corpus="Bates"
      >
  <Participants>
    <participant
      id="CHI"
    name="Kent"
      role="Target_Child"
      language="eng"
      age="P1Y08M"
      sex="male"
      group="TD"
      SES="MC"

    />
    <participant
      id="MOT"
      role="Mother"
      language="eng"
      sex="female"

    />
  </Participants>
  <comment type="Types">cross, toyplay, TD</comment>
  <u who="MOT" uID="u0">
    <w formType="onomatopoeia">woof_woof<mor type="mor"><mw><pos><c>on</c></pos><stem>woof_woof</stem></mw><gra type="gra" index="1" head="0" relation="INCROOT"/></mor></w>
    <t type="p"><mor type="mor"><mt type="p"/><gra type="gra" index="2" head="1" relation="PUNCT"/></mor></t>

    <a type="actions">&lt;dur&gt; marches dog out door . stands in front of Kent &lt;bef&gt; marches man out dollhouse door . drops .</a>
  </u>
  <u who="CHI" uID="u1">
    <e><action/></e>
    <t type="p"></t>

    <a type="actions">manipulates nesting cups . unnests cups . holds nesting cup in each hand</a>
  </u>
  <u who="MOT" uID="u2">
    <w>a<mor type="mor"><mw><pos><c>det</c><s>art</s></pos><stem>a</stem></mw><gra type="gra" index="1" head="4" relation="DET"/></mor></w>
    <w>little<mor type="mor"><mw><pos><c>adj</c></pos><stem>little</stem></mw><gra type="gra" index="2" head="4" relation="MOD"/></mor></w>
    <w>old<mor type="mor"><mw><pos><c>adj</c></pos><stem>old</stem></mw><gra type="gra" index="3" head="4" relation="MOD"/></mor></w>
    <w>lady<mor type="mor"><mw><pos><c>n</c></pos><stem>lady</stem></mw><gra type="gra" index="4" head="0" relation="INCROOT"/></mor></w>
    <t type="p"><mor type="mor"><mt type="p"/><gra type="gra" index="5" head="4" relation="PUNCT"/></mor></t>

    <a type="actions">&lt;aft&gt; rights man that fell</a>
    <a type="paralinguistics">spoken in little old lady voice</a>
  </u>
  <u who="MOT" uID="u3">
    <w>take<mor type="mor"><mw><pos><c>v</c></pos><stem>take</stem></mw><gra type="gra" index="1" head="0" relation="ROOT"/></mor></w>
    <w>them<mor type="mor"><mw><pos><c>pro</c><s>obj</s></pos><stem>them</stem></mw><gra type="gra" index="2" head="1" relation="OBJ"/></mor></w>
    <w>all<mor type="mor"><mw><pos><c>post</c></pos><stem>all</stem></mw><gra type="gra" index="3" head="2" relation="PQ"/></mor></w>
    <w>outside<mor type="mor"><mw><pos><c>adv</c></pos><stem>outside</stem></mw><gra type="gra" index="4" head="1" relation="JCT"/></mor></w>
    <t type="p"><mor type="mor"><mt type="p"/><gra type="gra" index="5" head="1" relation="PUNCT"/></mor></t>

    <a type="actions">marches another man out and stands him . rights other man</a>
  </u>
  <u who="MOT" uID="u4">
    <w>and<mor type="mor"><mw><pos><c>coord</c></pos><stem>and</stem></mw><gra type="gra" index="1" head="3" relation="LINK"/></mor></w>
    <w>the<mor type="mor"><mw><pos><c>det</c><s>art</s></pos><stem>the</stem></mw><gra type="gra" index="2" head="3" relation="DET"/></mor></w>
    <w>cowboy<mor type="mor"><mwc><pos><c>n</c></pos><mw><pos><c>n</c></pos><stem>cow</stem></mw><mw><pos><c>n</c></pos><stem>boy</stem></mw></mwc><gra type="gra" index="3" head="0" relation="INCROOT"/></mor></w>
    <t type="e"><mor type="mor"><mt type="e"/><gra type="gra" index="4" head="3" relation="PUNCT"/></mor></t>

    <a type="actions">&lt;aft&gt; repeats</a>
  </u>
  <u who="CHI" uID="u5">
    <w untranscribed="unintelligible-with-pho">yyy</w>
    <t type="e"></t>

    <a type="actions">&lt;aft&gt; manipulates nesting cups in hands . unnests nesting cup &lt;bef&gt; fingers nesting cups . stops .</a>
    <a type="extension" flavor="pho">d6m+daU</a>
  </u>
  <u who="MOT" uID="u6">
    <w>do<mor type="mor"><mw><pos><c>mod</c></pos><stem>do</stem></mw><gra type="gra" index="1" head="3" relation="AUX"/></mor></w>
    <w>you<mor type="mor"><mw><pos><c>pro</c><s>per</s></pos><stem>you</stem></mw><gra type="gra" index="2" head="3" relation="SUBJ"/></mor></w>
    <w>wanna<mor type="mor"><mw><pos><c>v</c></pos><stem>want</stem></mw><gra type="gra" index="3" head="0" relation="ROOT"/><mor-post><mw><pos><c>inf</c></pos><stem>to</stem></mw><gra type="gra" index="4" head="5" relation="INF"/></mor-post></mor></w>
    <w>play<mor type="mor"><mw><pos><c>v</c></pos><stem>play</stem></mw><gra type="gra" index="5" head="3" relation="COMP"/></mor></w>
    <w>with<mor type="mor"><mw><pos><c>prep</c></pos><stem>with</stem></mw><gra type="gra" index="6" head="5" relation="JCT"/></mor></w>
    <w>this<mor type="mor"><mw><pos><c>pro</c><s>dem</s></pos><stem>this</stem></mw><gra type="gra" index="7" head="6" relation="POBJ"/></mor></w>
    <t type="q"><mor type="mor"><mt type="q"/><gra type="gra" index="8" head="3" relation="PUNCT"/></mor></t>

    <a type="actions">&lt;aft&gt; moves nesting cup stack closer to self . attempts to unstack</a>
  </u>
  <u who="CHI" uID="u7">
    <e><action/></e>
    <t type="p"></t>

    <a type="actions">puts nesting cup down . puts hand up toward other nesting cup and puts cup in hand . attempts to put in nesting cup on floor</a>
  </u>
  <u who="MOT" uID="u8">
    <w>see<mor type="mor"><mw><pos><c>v</c></pos><stem>see</stem></mw><gra type="gra" index="1" head="0" relation="ROOT"/></mor></w>
    <w>if<mor type="mor"><mw><pos><c>conj</c></pos><stem>if</stem></mw><gra type="gra" index="2" head="5" relation="LINK"/></mor></w>
    <w>we<mor type="mor"><mw><pos><c>pro</c><s>sub</s></pos><stem>we</stem></mw><gra type="gra" index="3" head="5" relation="SUBJ"/></mor></w>
    <w>can<mor type="mor"><mw><pos><c>mod</c></pos><stem>can</stem></mw><gra type="gra" index="4" head="5" relation="AUX"/></mor></w>
    <w>stack<mor type="mor"><mw><pos><c>v</c></pos><stem>stack</stem></mw><gra type="gra" index="5" head="1" relation="COMP"/></mor></w>
    <w>them<mor type="mor"><mw><pos><c>pro</c><s>obj</s></pos><stem>them</stem></mw><gra type="gra" index="6" head="5" relation="OBJ"/></mor></w>
    <w>back<mor type="mor"><mw><pos><c>adv</c></pos><stem>back</stem></mw><gra type="gra" index="7" head="5" relation="JCT"/></mor></w>
    <w>up<mor type="mor"><mw><pos><c>adv</c></pos><stem>up</stem></mw><gra type="gra" index="8" head="5" relation="JCT"/></mor></w>
    <w>hm<p type="drawl"/><mor type="mor"><mw><pos><c>co</c></pos><stem>hm</stem></mw><gra type="gra" index="9" head="5" relation="COM"/></mor></w>
    <t type="q"><mor type="mor"><mt type="q"/><gra type="gra" index="10" head="1" relation="PUNCT"/></mor></t>

    <a type="actions">&lt;aft&gt; lets it fall</a>
  </u>
  <u who="CHI" uID="u9">
    <e><action/></e>
    <t type="p"></t>

    <a type="actions">lifts up nesting cup again . holds . lowers toward floor and sets down</a>
  </u>
  <u who="MOT" uID="u10">
    <w>stack<mor type="mor"><mw><pos><c>v</c></pos><stem>stack</stem></mw><gra type="gra" index="1" head="0" relation="ROOT"/></mor></w>
    <w>them<mor type="mor"><mw><pos><c>pro</c><s>obj</s></pos><stem>them</stem></mw><gra type="gra" index="2" head="1" relation="OBJ"/></mor></w>
    <w>back<mor type="mor"><mw><pos><c>adv</c></pos><stem>back</stem></mw><gra type="gra" index="3" head="1" relation="JCT"/></mor></w>
    <w>together<mor type="mor"><mw><pos><c>adv</c></pos><stem>together</stem></mw><gra type="gra" index="4" head="1" relation="JCT"/></mor></w>
    <t type="p"><mor type="mor"><mt type="p"/><gra type="gra" index="5" head="1" relation="PUNCT"/></mor></t>

    <a type="actions">&lt;aft&gt; unstacks rest of cups and puts down</a>
  </u>
  <u who="CHI" uID="u11">
    <w untranscribed="unintelligible-with-pho">yyy</w>
    <t type="e"></t>

    <a type="actions">&lt;aft&gt; picks up nesting cup and holds</a>
    <a type="paralinguistics">spoken loudly</a>
    <a type="extension" flavor="pho">e</a>
  </u>
  <u who="MOT" uID="u12">
    <w>this<mor type="mor"><mw><pos><c>pro</c><s>dem</s></pos><stem>this</stem></mw><gra type="gra" index="1" head="2" relation="SUBJ"/></mor></w>
    <w>is<mor type="mor"><mw><pos><c>cop</c></pos><stem>be</stem><mk type="sfxf">3S</mk></mw><gra type="gra" index="2" head="0" relation="ROOT"/></mor></w>
    <w>what<mor type="mor"><mw><pos><c>pro</c><s>int</s></pos><stem>what</stem></mw><gra type="gra" index="3" head="6" relation="LINK"/></mor></w>
    <w>you'd<mor type="mor"><mw><pos><c>pro</c><s>per</s></pos><stem>you</stem></mw><gra type="gra" index="4" head="6" relation="SUBJ"/><mor-post><mw><pos><c>mod</c></pos><stem>genmod</stem></mw><gra type="gra" index="5" head="6" relation="AUX"/></mor-post></mor></w>
    <w>like<mor type="mor"><mw><pos><c>v</c></pos><stem>like</stem></mw><gra type="gra" index="6" head="2" relation="CPRED"/></mor></w>
    <w>to<mor type="mor"><mw><pos><c>inf</c></pos><stem>to</stem></mw><gra type="gra" index="7" head="8" relation="INF"/></mor></w>
    <w>play<mor type="mor"><mw><pos><c>v</c></pos><stem>play</stem></mw><gra type="gra" index="8" head="6" relation="COMP"/></mor></w>
    <w>with<mor type="mor"><mw><pos><c>prep</c></pos><stem>with</stem></mw><gra type="gra" index="9" head="8" relation="JCT"/></mor></w>
    <t type="q"><mor type="mor"><mt type="q"/><gra type="gra" index="10" head="2" relation="PUNCT"/></mor></t>

  </u>
  <u who="MOT" uID="u13">
    <w>hm<p type="drawl"/><mor type="mor"><mw><pos><c>co</c></pos><stem>hm</stem></mw><gra type="gra" index="1" head="0" relation="INCROOT"/></mor></w>
    <t type="q"><mor type="mor"><mt type="q"/><gra type="gra" index="2" head="1" relation="PUNCT"/></mor></t>

  </u>
  <u who="CHI" uID="u14">
    <w untranscribed="unintelligible-with-pho">yyy</w>
    <t type="p"></t>

    <a type="extension" flavor="pho">p3r</a>
  </u>
  <u who="MOT" uID="u15">
    <w>okay<mor type="mor"><mw><pos><c>co</c></pos><stem>okay</stem></mw><gra type="gra" index="1" head="0" relation="INCROOT"/></mor></w>
    <t type="p"><mor type="mor"><mt type="p"/><gra type="gra" index="2" head="1" relation="PUNCT"/></mor></t>

    <a type="actions">&lt;aft&gt; picks up several nesting cups</a>
  </u>
  <u who="CHI" uID="u16">
    <e><action/></e>
    <t type="p"></t>

    <a type="actions">picks up nesting cup from floor . puts in stack but it's too small . fingers nesting cup in hand</a>
  </u>
  <u who="MOT" uID="u17">
    <w>oh<mor type="mor"><mw><pos><c>co</c></pos><stem>oh</stem></mw><gra type="gra" index="1" head="0" relation="INCROOT"/></mor></w>
    <t type="p"><mor type="mor"><mt type="p"/><gra type="gra" index="2" head="1" relation="PUNCT"/></mor></t>

  </u>
  <u who="MOT" uID="u18">
    <w>where<mor type="mor"><mw><pos><c>pro</c><s>int</s></pos><stem>where</stem></mw><gra type="gra" index="1" head="5" relation="JCT"/></mor></w>
    <w>does<mor type="mor"><mw><pos><c>mod</c></pos><stem>do</stem><mk type="sfxf">3S</mk></mw><gra type="gra" index="2" head="5" relation="AUX"/></mor></w>
    <w>this<mor type="mor"><mw><pos><c>det</c><s>dem</s></pos><stem>this</stem></mw><gra type="gra" index="3" head="5" relation="DET"/></mor></w>
    <w>one<mor type="mor"><mw><pos><c>pro</c><s>indef</s></pos><stem>one</stem></mw><gra type="gra" index="4" head="5" relation="SUBJ"/></mor></w>
    <w>go<mor type="mor"><mw><pos><c>v</c></pos><stem>go</stem></mw><gra type="gra" index="5" head="0" relation="ROOT"/></mor></w>
    <t type="q"><mor type="mor"><mt type="q"/><gra type="gra" index="6" head="5" relation="PUNCT"/></mor></t>

    <a type="actions">&lt;1w&gt; puts cup in another cup on floor . picks up both</a>
  </u>
  <u who="CHI" uID="u19">
    <e><action/></e>
    <t type="p"></t>

    <a type="actions">holds out nesting cup toward nesting cup stack</a>
  </u>
  <u who="MOT" uID="u20">
    <w>that<mor type="mor"><mw><pos><c>det</c><s>dem</s></pos><stem>that</stem></mw><gra type="gra" index="1" head="2" relation="DET"/></mor></w>
    <w>one<mor type="mor"><mw><pos><c>pro</c><s>indef</s></pos><stem>one</stem></mw><gra type="gra" index="2" head="5" relation="SUBJ"/></mor></w>
    <w>doesn't<mor type="mor"><mw><pos><c>mod</c></pos><stem>do</stem><mk type="sfxf">3S</mk></mw><gra type="gra" index="3" head="5" relation="AUX"/><mor-post><mw><pos><c>neg</c></pos><stem>not</stem></mw><gra type="gra" index="4" head="3" relation="NEG"/></mor-post></mor></w>
    <w>go<mor type="mor"><mw><pos><c>v</c></pos><stem>go</stem></mw><gra type="gra" index="5" head="0" relation="ROOT"/></mor></w>
    <pause symbolic-length="simple"/>
    <w>in<mor type="mor"><mw><pos><c>prep</c></pos><stem>in</stem></mw><gra type="gra" index="6" head="5" relation="JCT"/></mor></w>
    <w>here<mor type="mor"><mw><pos><c>n</c></pos><stem>here</stem></mw><gra type="gra" index="7" head="6" relation="POBJ"/></mor></w>
    <pause symbolic-length="simple"/>
    <w>that<mor type="mor"><mw><pos><c>det</c><s>dem</s></pos><stem>that</stem></mw><gra type="gra" index="8" head="9" relation="DET"/></mor></w>
    <w>one<mor type="mor"><mw><pos><c>pro</c><s>indef</s></pos><stem>one</stem></mw><gra type="gra" index="9" head="5" relation="JCT"/></mor></w>
    <t type="p"><mor type="mor"><mt type="p"/><gra type="gra" index="10" head="5" relation="PUNCT"/></mor></t>

    <a type="actions">puts both cups down . takes out top cup and puts down . picks up bottom cup and puts in nesting cup stack</a>
  </u>
  <u who="CHI" uID="u21">
    <w>one<mor type="mor"><mw><pos><c>det</c><s>num</s></pos><stem>one</stem></mw><gra type="gra" index="1" head="0" relation="INCROOT"/></mor></w>
    <t type="p"><mor type="mor"><mt type="p"/><gra type="gra" index="2" head="1" relation="PUNCT"/></mor></t>

    <a type="actions">&lt;aft&gt; picks up another nesting cup</a>
  </u>
  <u who="MOT" uID="u22">
    <w>one<mor type="mor"><mw><pos><c>det</c><s>num</s></pos><stem>one</stem></mw><gra type="gra" index="1" head="0" relation="INCROOT"/></mor></w>
    <t type="p"><mor type="mor"><mt type="p"/><gra type="gra" index="2" head="1" relation="PUNCT"/></mor></t>

    <a type="actions">&lt;aft&gt; picks up Kent's nesting cup</a>
    <a type="paralinguistics">&lt;bef&gt; laughs</a>
  </u>
  <u who="CHI" uID="u23">
    <w>three<mor type="mor"><mw><pos><c>det</c><s>num</s></pos><stem>three</stem></mw><gra type="gra" index="1" head="0" relation="INCROOT"/></mor></w>
    <t type="p"><mor type="mor"><mt type="p"/><gra type="gra" index="2" head="1" relation="PUNCT"/></mor></t>

    <a type="actions">&lt;aft&gt; puts in stack</a>
    <a type="extension" flavor="pho">Di</a>
  </u>
  <u who="MOT" uID="u24">
    <w>two<mor type="mor"><mw><pos><c>det</c><s>num</s></pos><stem>two</stem></mw><gra type="gra" index="1" head="0" relation="INCROOT"/></mor></w>
    <t type="e"><mor type="mor"><mt type="e"/><gra type="gra" index="2" head="1" relation="PUNCT"/></mor></t>

  </u>
  <u who="CHI" uID="u25">
    <w>three<mor type="mor"><mw><pos><c>det</c><s>num</s></pos><stem>three</stem></mw><gra type="gra" index="1" head="0" relation="INCROOT"/></mor></w>
    <t type="p"><mor type="mor"><mt type="p"/><gra type="gra" index="2" head="1" relation="PUNCT"/></mor></t>

  </u>
  <u who="MOT" uID="u26">
    <w>three<mor type="mor"><mw><pos><c>det</c><s>num</s></pos><stem>three</stem></mw><gra type="gra" index="1" head="0" relation="INCROOT"/></mor></w>
    <t type="e"><mor type="mor"><mt type="e"/><gra type="gra" index="2" head="1" relation="PUNCT"/></mor></t>

    <a type="actions">takes out Kent's second nesting cup</a>
  </u>
  <u who="MOT" uID="u27">
    <w>here<mor type="mor"><mw><pos><c>adv</c></pos><stem>here</stem></mw><gra type="gra" index="1" head="3" relation="JCT"/></mor></w>
    <pause symbolic-length="simple"/>
    <w>it<mor type="mor"><mw><pos><c>pro</c><s>per</s></pos><stem>it</stem></mw><gra type="gra" index="2" head="3" relation="SUBJ"/></mor></w>
    <w>looks<mor type="mor"><mw><pos><c>v</c></pos><stem>look</stem><mk type="sfx">3S</mk></mw><gra type="gra" index="3" head="0" relation="ROOT"/></mor></w>
    <w>like<mor type="mor"><mw><pos><c>prep</c></pos><stem>like</stem></mw><gra type="gra" index="4" head="3" relation="JCT"/></mor></w>
    <w>the<mor type="mor"><mw><pos><c>det</c><s>art</s></pos><stem>the</stem></mw><gra type="gra" index="5" head="9" relation="DET"/></mor></w>
    <w>orange<mor type="mor"><mw><pos><c>n</c></pos><stem>orange</stem></mw><gra type="gra" index="6" head="9" relation="MOD"/></mor></w>
    <w>one<mor type="mor"><mw><pos><c>pro</c><s>indef</s></pos><stem>one</stem></mw><gra type="gra" index="7" head="9" relation="SUBJ"/></mor></w>
    <w>will<mor type="mor"><mw><pos><c>mod</c></pos><stem>will</stem></mw><gra type="gra" index="8" head="9" relation="AUX"/></mor></w>
    <w>fit<mor type="mor"><mw><pos><c>n</c></pos><stem>fit</stem></mw><gra type="gra" index="9" head="4" relation="POBJ"/></mor></w>
    <w>in<mor type="mor"><mw><pos><c>prep</c></pos><stem>in</stem></mw><gra type="gra" index="10" head="9" relation="NJCT"/></mor></w>
    <w>there<mor type="mor"><mw><pos><c>n</c></pos><stem>there</stem></mw><gra type="gra" index="11" head="10" relation="POBJ"/></mor></w>
    <t type="p"><mor type="mor"><mt type="p"/><gra type="gra" index="12" head="3" relation="PUNCT"/></mor></t>

    <a type="actions">&lt;aft&gt; takes out top two nesting cups and switches positions</a>
  </u>
  <u who="MOT" uID="u28">
    <w>orange<mor type="mor"><mw><pos><c>adj</c></pos><stem>orange</stem></mw><gra type="gra" index="1" head="0" relation="INCROOT"/></mor></w>
    <w>and<mor type="mor"><mw><pos><c>coord</c></pos><stem>and</stem></mw><gra type="gra" index="2" head="1" relation="CONJ"/></mor></w>
    <w>green<mor type="mor"><mw><pos><c>n</c></pos><stem>green</stem></mw><gra type="gra" index="3" head="2" relation="COORD"/></mor></w>
    <t type="p"><mor type="mor"><mt type="p"/><gra type="gra" index="4" head="1" relation="PUNCT"/></mor></t>

    <a type="actions">puts orange cup on stack . attempts to put other cup on top</a>
  </u>
  <u who="CHI" uID="u29">
    <e><action/></e>
    <t type="p"></t>

    <a type="actions">picks up nesting cup from floor and holds toward stack</a>
  </u>
  <u who="MOT" uID="u30">
    <w>I<mor type="mor"><mw><pos><c>pro</c><s>sub</s></pos><stem>I</stem></mw><gra type="gra" index="1" head="2" relation="SUBJ"/></mor></w>
    <w>was<mor type="mor"><mw><pos><c>cop</c></pos><stem>be</stem><mk type="sfxf">PAST</mk><mk type="sfxf">13S</mk></mw><gra type="gra" index="2" head="0" relation="ROOT"/></mor></w>
    <w>right<mor type="mor"><mw><pos><c>adv</c></pos><stem>right</stem></mw><gra type="gra" index="3" head="6" relation="JCT"/></mor></w>
    <pause symbolic-length="simple"/>
    <w>the<mor type="mor"><mw><pos><c>det</c><s>art</s></pos><stem>the</stem></mw><gra type="gra" index="4" head="6" relation="DET"/></mor></w>
    <w>first<mor type="mor"><mw><pos><c>adj</c></pos><stem>first</stem></mw><gra type="gra" index="5" head="6" relation="MOD"/></mor></w>
    <w>time<mor type="mor"><mw><pos><c>n</c></pos><stem>time</stem></mw><gra type="gra" index="6" head="2" relation="PRED"/></mor></w>
    <t type="p"><mor type="mor"><mt type="p"/><gra type="gra" index="7" head="2" relation="PUNCT"/></mor></t>

    <a type="actions">&lt;dur&gt; switches again and puts green cup in first and orange cup second &lt;bef&gt; lifts up green nesting cup .</a>
  </u>
  <u who="CHI" uID="u31">
    <w>three<mor type="mor"><mw><pos><c>det</c><s>num</s></pos><stem>three</stem></mw><gra type="gra" index="1" head="0" relation="INCROOT"/></mor></w>
    <w untranscribed="unintelligible-with-pho">yyy</w>
    <t type="p"><mor type="mor"><mt type="p"/><gra type="gra" index="2" head="1" relation="PUNCT"/></mor></t>

    <a type="actions">puts nesting cup on top of stack</a>
    <a type="extension" flavor="pho">tri gr6</a>
  </u>
  <u who="MOT" uID="u32">
    <w>good<mor type="mor"><mw><pos><c>adj</c></pos><stem>good</stem></mw><gra type="gra" index="1" head="0" relation="INCROOT"/></mor></w>
    <t type="e"><mor type="mor"><mt type="e"/><gra type="gra" index="2" head="1" relation="PUNCT"/></mor></t>

    <a type="actions">&lt;aft&gt; picks up nesting cup , examines and puts down on floor</a>
    <a type="paralinguistics">spoken loudly</a>
  </u>
  <u who="CHI" uID="u33">
    <e><action/></e>
    <t type="p"></t>

    <a type="actions">claps hands</a>
  </u>
  <u who="MOT" uID="u34">
    <w>yellow<mor type="mor"><mw><pos><c>n</c></pos><stem>yellow</stem></mw><gra type="gra" index="1" head="0" relation="INCROOT"/></mor></w>
    <t type="p"><mor type="mor"><mt type="p"/><gra type="gra" index="2" head="1" relation="PUNCT"/></mor></t>

    <a type="actions">takes nesting cup from other hand and puts in stack</a>
  </u>
  <u who="CHI" uID="u35">
    <e><action/></e>
    <t type="p"></t>

    <a type="actions">reaches for nesting cup Mother put down . picks up and puts in stack</a>
  </u>
  <u who="MOT" uID="u36">
    <w>good<mor type="mor"><mw><pos><c>adj</c></pos><stem>good</stem></mw><gra type="gra" index="1" head="0" relation="INCROOT"/></mor></w>
    <t type="e"><mor type="mor"><mt type="e"/><gra type="gra" index="2" head="1" relation="PUNCT"/></mor></t>

    <a type="paralinguistics">spoken loudly</a>
  </u>
  <u who="CHI" uID="u37">
    <e><action/></e>
    <t type="p"></t>

    <a type="gesture">smiles</a>
    <a type="actions">claps hands once</a>
  </u>
  <u who="MOT" uID="u38">
    <e><action/></e>
    <t type="p"></t>

    <a type="actions">picks up nesting cup and holds out toward Kent</a>
  </u>
  <u who="CHI" uID="u39">
    <w untranscribed="unintelligible-with-pho">yyy</w>
    <t type="q"></t>

    <a type="actions">takes cup from Mother and puts in stack</a>
    <a type="extension" flavor="pho">6n</a>
  </u>
  <u who="CHI" uID="u40">
    <w>three<mor type="mor"><mw><pos><c>det</c><s>num</s></pos><stem>three</stem></mw><gra type="gra" index="1" head="0" relation="INCROOT"/></mor></w>
    <t type="e"><mor type="mor"><mt type="e"/><gra type="gra" index="2" head="1" relation="PUNCT"/></mor></t>

    <a type="actions">claps hands one time</a>
    <a type="extension" flavor="pho">D6ri</a>
  </u>
  <u who="MOT" uID="u41">
    <e><action/></e>
    <t type="p"></t>

    <a type="actions">puts nesting cup in stack . takes out and holds . pulls nesting cups on floor closer to self . takes hand away</a>
  </u>
  <u who="CHI" uID="u42">
    <w untranscribed="unintelligible-with-pho">yyy</w>
    <t type="q"></t>

    <a type="actions">picks up Mother's nesting cup and puts in stack</a>
    <a type="extension" flavor="pho">tu+i+oU+wi</a>
  </u>
  <u who="MOT" uID="u43">
    <w>good<mor type="mor"><mw><pos><c>adj</c></pos><stem>good</stem></mw><gra type="gra" index="1" head="0" relation="INCROOT"/></mor></w>
    <t type="e"><mor type="mor"><mt type="e"/><gra type="gra" index="2" head="1" relation="PUNCT"/></mor></t>

    <a type="actions">puts nesting cup on top of stack</a>
    <a type="paralinguistics">spoken loudly</a>
  </u>
  <u who="CHI" uID="u44">
    <w untranscribed="unintelligible-with-pho">yyy</w>
    <t type="p"></t>

    <a type="actions">picks up nesting cup . hand knocks one cup to floor</a>
    <a type="paralinguistics">whispers</a>
    <a type="extension" flavor="pho">tu+i</a>
  </u>
  <u who="MOT" uID="u45">
    <e><action/></e>
    <t type="p"></t>

    <a type="actions">retrieves nesting cup and puts down by stack</a>
  </u>
  <u who="CHI" uID="u46">
    <w untranscribed="unintelligible-with-pho">yyy</w>
    <t type="q"></t>

    <a type="actions">&lt;aft&gt; brings arm back and holds cup &lt;dur&gt; puts on top of stack . holds other arm toward stack . &lt;bef&gt; examines and fingers nesting cup . dumps small cup on lap .</a>
    <a type="extension" flavor="pho">du e wA wAn</a>
  </u>
  <u who="MOT" uID="u47">
    <w>look<mor type="mor"><mw><pos><c>co</c></pos><stem>look</stem></mw><gra type="gra" index="1" head="0" relation="INCROOT"/></mor></w>
    <t type="p"><mor type="mor"><mt type="p"/><gra type="gra" index="2" head="1" relation="PUNCT"/></mor></t>

    <a type="actions">&lt;1w&gt; puts arm out toward Kent's hand .</a>
  </u>
  <u who="MOT" uID="u48">
    <w>look<mor type="mor"><mw><pos><c>co</c></pos><stem>look</stem></mw><gra type="gra" index="1" head="0" relation="INCROOT"/></mor></w>
    <t type="p"><mor type="mor"><mt type="p"/><gra type="gra" index="2" head="1" relation="PUNCT"/></mor></t>

    <a type="actions">&lt;1w&gt; takes small cup out of stack .</a>
  </u>
  <u who="MOT" uID="u49">
    <w>look<mor type="mor"><mw><pos><c>v</c></pos><stem>look</stem></mw><gra type="gra" index="1" head="0" relation="ROOT"/></mor></w>
    <w>at<mor type="mor"><mw><pos><c>prep</c></pos><stem>at</stem></mw><gra type="gra" index="2" head="1" relation="JCT"/></mor></w>
    <w>it<mor type="mor"><mw><pos><c>pro</c><s>per</s></pos><stem>it</stem></mw><gra type="gra" index="3" head="2" relation="POBJ"/></mor></w>
    <t type="e"><mor type="mor"><mt type="e"/><gra type="gra" index="4" head="1" relation="PUNCT"/></mor></t>

    <a type="actions">&lt;1w&gt; holds above stack</a>
  </u>
  <u who="CHI" uID="u50">
    <e><action/></e>
    <t type="p"></t>

    <a type="actions">puts nesting cup on top and presses in</a>
  </u>
  <u who="MOT" uID="u51">
    <w>good<mor type="mor"><mw><pos><c>adj</c></pos><stem>good</stem></mw><gra type="gra" index="1" head="0" relation="INCROOT"/></mor></w>
    <t type="p"><mor type="mor"><mt type="p"/><gra type="gra" index="2" head="1" relation="PUNCT"/></mor></t>

  </u>
  <u who="MOT" uID="u52">
    <g><w>then</w>
    <w>the</w>
    <w>yellow</w>
    <w>one</w><k type="retracing"/></g>
    <w>then<mor type="mor"><mw><pos><c>adv</c><s>tem</s></pos><stem>then</stem></mw><gra type="gra" index="1" head="4" relation="JCT"/></mor></w>
    <w>the<mor type="mor"><mw><pos><c>det</c><s>art</s></pos><stem>the</stem></mw><gra type="gra" index="2" head="4" relation="DET"/></mor></w>
    <w>yellow<mor type="mor"><mw><pos><c>n</c></pos><stem>yellow</stem></mw><gra type="gra" index="3" head="4" relation="MOD"/></mor></w>
    <w>one<mor type="mor"><mw><pos><c>pro</c><s>indef</s></pos><stem>one</stem></mw><gra type="gra" index="4" head="0" relation="INCROOT"/></mor></w>
    <t type="p"><mor type="mor"><mt type="p"/><gra type="gra" index="5" head="4" relation="PUNCT"/></mor></t>

    <a type="gesture">points to yellow nesting cup</a>
  </u>
  <u who="CHI" uID="u53">
    <e><action/></e>
    <t type="p"></t>

    <a type="actions">picks up yellow nesting cup</a>
    <a type="gesture">eyes follow Mother's hand to yellow nesting cup</a>
  </u>
  <u who="MOT" uID="u54">
    <w>yellow<mor type="mor"><mw><pos><c>n</c></pos><stem>yellow</stem></mw><gra type="gra" index="1" head="2" relation="MOD"/></mor></w>
    <pause symbolic-length="simple"/>
    <w>red<mor type="mor"><mw><pos><c>n</c></pos><stem>red</stem></mw><gra type="gra" index="2" head="0" relation="INCROOT"/></mor></w>
    <t type="e"><mor type="mor"><mt type="e"/><gra type="gra" index="3" head="2" relation="PUNCT"/></mor></t>

    <a type="actions">lifts up hand holding nesting cup</a>
  </u>
  <u who="CHI" uID="u55">
    <e><action/></e>
    <t type="p"></t>

    <a type="actions">puts yellow cup in stack</a>
  </u>
  <u who="MOT" uID="u56">
    <w>yellow<mor type="mor"><mw><pos><c>n</c></pos><stem>yellow</stem></mw><gra type="gra" index="1" head="2" relation="MOD"/></mor></w>
    <pause symbolic-length="simple"/>
    <w>red<mor type="mor"><mw><pos><c>n</c></pos><stem>red</stem></mw><gra type="gra" index="2" head="0" relation="INCROOT"/></mor></w>
    <t type="e"><mor type="mor"><mt type="e"/><gra type="gra" index="3" head="2" relation="PUNCT"/></mor></t>

    <a type="actions">puts red nesting cup on stack</a>
    <a type="paralinguistics">spoken loudly</a>
  </u>
  <u who="MOT" uID="u57">
    <w>hey<mor type="mor"><mw><pos><c>co</c></pos><stem>hey</stem></mw><gra type="gra" index="1" head="0" relation="INCROOT"/></mor></w>
    <t type="e"><mor type="mor"><mt type="e"/><gra type="gra" index="2" head="1" relation="PUNCT"/></mor></t>

    <a type="paralinguistics">spoken loudly</a>
  </u>
  <u who="CHI" uID="u58">
    <e><action/></e>
    <t type="p"></t>

    <a type="actions">claps two times . picks up stack</a>
  </u>
  <u who="MOT" uID="u59">
    <w>would<mor type="mor"><mw><pos><c>mod</c></pos><stem>will</stem><mk type="sfxf">COND</mk></mw><gra type="gra" index="1" head="3" relation="AUX"/></mor></w>
    <w>you<mor type="mor"><mw><pos><c>pro</c><s>per</s></pos><stem>you</stem></mw><gra type="gra" index="2" head="3" relation="SUBJ"/></mor></w>
    <w>like<mor type="mor"><mw><pos><c>v</c></pos><stem>like</stem></mw><gra type="gra" index="3" head="0" relation="ROOT"/></mor></w>
    <w>to<mor type="mor"><mw><pos><c>inf</c></pos><stem>to</stem></mw><gra type="gra" index="4" head="5" relation="INF"/></mor></w>
    <w>play<mor type="mor"><mw><pos><c>v</c></pos><stem>play</stem></mw><gra type="gra" index="5" head="3" relation="COMP"/></mor></w>
    <w>with<mor type="mor"><mw><pos><c>prep</c></pos><stem>with</stem></mw><gra type="gra" index="6" head="5" relation="JCT"/></mor></w>
    <w>this<mor type="mor"><mw><pos><c>pro</c><s>dem</s></pos><stem>this</stem></mw><gra type="gra" index="7" head="6" relation="POBJ"/></mor></w>
    <t type="q"><mor type="mor"><mt type="q"/><gra type="gra" index="8" head="3" relation="PUNCT"/></mor></t>

    <a type="actions">reaches in dollhouse , takes out handful of toys and puts on floor</a>
  </u>
  <u who="CHI" uID="u60">
    <e><action/></e>
    <t type="p"></t>

    <a type="actions">bottom nesting cup falls out . lowers stack</a>
  </u>
  <u who="MOT" uID="u61">
    <w>Kent<mor type="mor"><mw><pos><c>n</c><s>prop</s></pos><stem>Kent</stem></mw><gra type="gra" index="1" head="0" relation="INCROOT"/></mor></w>
    <t type="q"><mor type="mor"><mt type="q"/><gra type="gra" index="2" head="1" relation="PUNCT"/></mor></t>

    <a type="actions">takes more toys out of dollhouse and puts on floor</a>
  </u>
  <u who="CHI" uID="u62">
    <e><action/></e>
    <t type="p"></t>

    <a type="actions">lifts stack up again and holds with one hand . picks up another nesting cup with other hand . drops . retrieves dropped cup</a>
  </u>
  <u who="MOT" uID="u63">
    <w>Kent<mor type="mor"><mw><pos><c>n</c><s>prop</s></pos><stem>Kent</stem></mw><gra type="gra" index="1" head="4" relation="SUBJ"/></mor></w>
    <pause symbolic-length="simple"/>
    <w>would<mor type="mor"><mw><pos><c>mod</c></pos><stem>will</stem><mk type="sfxf">COND</mk></mw><gra type="gra" index="2" head="4" relation="AUX"/></mor></w>
    <w>you<mor type="mor"><mw><pos><c>pro</c><s>per</s></pos><stem>you</stem></mw><gra type="gra" index="3" head="4" relation="SUBJ"/></mor></w>
    <w>like<mor type="mor"><mw><pos><c>v</c></pos><stem>like</stem></mw><gra type="gra" index="4" head="0" relation="ROOT"/></mor></w>
    <w>to<mor type="mor"><mw><pos><c>inf</c></pos><stem>to</stem></mw><gra type="gra" index="5" head="6" relation="INF"/></mor></w>
    <w>play<mor type="mor"><mw><pos><c>v</c></pos><stem>play</stem></mw><gra type="gra" index="6" head="4" relation="COMP"/></mor></w>
    <w>with<mor type="mor"><mw><pos><c>prep</c></pos><stem>with</stem></mw><gra type="gra" index="7" head="6" relation="JCT"/></mor></w>
    <w>this<mor type="mor"><mw><pos><c>pro</c><s>dem</s></pos><stem>this</stem></mw><gra type="gra" index="8" head="7" relation="POBJ"/></mor></w>
    <w>now<mor type="mor"><mw><pos><c>adv</c></pos><stem>now</stem></mw><gra type="gra" index="9" head="8" relation="JCT"/></mor></w>
    <t type="q"><mor type="mor"><mt type="q"/><gra type="gra" index="10" head="4" relation="PUNCT"/></mor></t>

    <a type="actions">continues taking toys out of dollhouse</a>
  </u>
  <u who="CHI" uID="u64">
    <e><action/></e>
    <t type="p"></t>

    <a type="actions">examines nesting cup briefly then puts down . holds nesting cup stack with both hands . divides stack in two</a>
  </u>
  <u who="MOT" uID="u65">
    <w>would<mor type="mor"><mw><pos><c>mod</c></pos><stem>will</stem><mk type="sfxf">COND</mk></mw><gra type="gra" index="1" head="3" relation="AUX"/></mor></w>
    <w>you<mor type="mor"><mw><pos><c>pro</c><s>per</s></pos><stem>you</stem></mw><gra type="gra" index="2" head="3" relation="SUBJ"/></mor></w>
    <w>like<mor type="mor"><mw><pos><c>v</c></pos><stem>like</stem></mw><gra type="gra" index="3" head="0" relation="ROOT"/></mor></w>
    <w>to<mor type="mor"><mw><pos><c>inf</c></pos><stem>to</stem></mw><gra type="gra" index="4" head="5" relation="INF"/></mor></w>
    <w>play<mor type="mor"><mw><pos><c>v</c></pos><stem>play</stem></mw><gra type="gra" index="5" head="3" relation="COMP"/></mor></w>
    <w>with<mor type="mor"><mw><pos><c>prep</c></pos><stem>with</stem></mw><gra type="gra" index="6" head="5" relation="JCT"/></mor></w>
    <w>the<mor type="mor"><mw><pos><c>det</c><s>art</s></pos><stem>the</stem></mw><gra type="gra" index="7" head="8" relation="DET"/></mor></w>
    <w>house<mor type="mor"><mw><pos><c>n</c></pos><stem>house</stem></mw><gra type="gra" index="8" head="6" relation="POBJ"/></mor></w>
    <t type="q"><mor type="mor"><mt type="q"/><gra type="gra" index="9" head="3" relation="PUNCT"/></mor></t>

    <a type="actions">&lt;aft&gt; pushes some toys through door</a>
  </u>
  <u who="CHI" uID="u66">
    <w untranscribed="unintelligible-with-pho">yyy</w>
    <t type="q"></t>

    <a type="actions">&lt;aft&gt; puts one half in new stack on floor &lt;dur&gt; holds other half with both hands and divides in two again . &lt;bef&gt; puts one half of nesting cups in cups on floor .</a>
    <a type="extension" flavor="pho">oU+wi+oU</a>
  </u>
  <u who="CHI" uID="u67">
    <w untranscribed="unintelligible-with-pho">yyy</w>
    <t type="q"></t>

    <a type="actions">&lt;aft&gt; divides again</a>
    <a type="extension" flavor="pho">deI</a>
  </u>
  <u who="MOT" uID="u68">
    <e><action/></e>
    <t type="p"></t>

    <a type="gesture">eyebrow flash toward nesting cup stack</a>
  </u>
  <u who="CHI" uID="u69">
    <w untranscribed="unintelligible-with-pho">yyy</w>
    <t type="e"></t>

    <a type="extension" flavor="pho">&lt;1w&gt; dA+dA+i</a>
  </u>
  <u who="CHI" uID="u70">
    <w untranscribed="unintelligible-with-pho">yyy</w>
    <t type="e"></t>

    <a type="actions">&lt;aft&gt; holds nesting cup out toward stack</a>
    <a type="extension" flavor="pho">&lt;1w&gt; dA+deI</a>
  </u>
  <u who="MOT" uID="u71">
    <w>oh<mor type="mor"><mw><pos><c>co</c></pos><stem>oh</stem></mw><gra type="gra" index="1" head="7" relation="COM"/></mor></w>
    <pause symbolic-length="simple"/>
    <w>where<mor type="mor"><mw><pos><c>pro</c><s>rel</s></pos><stem>where</stem></mw><gra type="gra" index="2" head="3" relation="LINK"/></mor></w>
    <w>does<mor type="mor"><mw><pos><c>v</c></pos><stem>do</stem><mk type="sfxf">3S</mk></mw><gra type="gra" index="3" head="7" relation="CJCT"/></mor></w>
    <w>the<mor type="mor"><mw><pos><c>det</c><s>art</s></pos><stem>the</stem></mw><gra type="gra" index="4" head="5" relation="DET"/></mor></w>
    <w>orange<mor type="mor"><mw><pos><c>n</c></pos><stem>orange</stem></mw><gra type="gra" index="5" head="3" relation="OBJ"/></mor></w>
    <w>one<mor type="mor"><mw><pos><c>det</c><s>num</s></pos><stem>one</stem></mw><gra type="gra" index="6" head="7" relation="SUBJ"/></mor></w>
    <w>go<mor type="mor"><mw><pos><c>v</c></pos><stem>go</stem></mw><gra type="gra" index="7" head="0" relation="ROOT"/></mor></w>
    <t type="q"><mor type="mor"><mt type="q"/><gra type="gra" index="8" head="7" relation="PUNCT"/></mor></t>

  </u>
  <u who="MOT" uID="u72">
    <w>I<mor type="mor"><mw><pos><c>pro</c><s>sub</s></pos><stem>I</stem></mw><gra type="gra" index="1" head="2" relation="SUBJ"/></mor></w>
    <w>think<mor type="mor"><mw><pos><c>v</c></pos><stem>think</stem></mw><gra type="gra" index="2" head="0" relation="ROOT"/></mor></w>
    <w>it<mor type="mor"><mw><pos><c>pro</c><s>per</s></pos><stem>it</stem></mw><gra type="gra" index="3" head="4" relation="SUBJ"/></mor></w>
    <w>goes<mor type="mor"><mw><pos><c>v</c></pos><stem>go</stem><mk type="sfx">3S</mk></mw><gra type="gra" index="4" head="2" relation="COMP"/></mor></w>
    <pause symbolic-length="simple"/>
    <w>right<mor type="mor"><mw><pos><c>adv</c></pos><stem>right</stem></mw><gra type="gra" index="5" head="6" relation="JCT"/></mor></w>
    <pause symbolic-length="simple"/>
    <w>there<mor type="mor"><mw><pos><c>adv</c></pos><stem>there</stem></mw><gra type="gra" index="6" head="4" relation="JCT"/></mor></w>
    <t type="e"><mor type="mor"><mt type="e"/><gra type="gra" index="7" head="2" relation="PUNCT"/></mor></t>

    <a type="actions">&lt;6w&gt; holds cup up &lt;5w&gt; picks up nesting cup .</a>
  </u>
  <u who="CHI" uID="u73">
    <w untranscribed="unintelligible-with-pho">yyy</w>
    <t type="p"></t>

    <a type="actions">puts nesting cup in stack</a>
    <a type="extension" flavor="pho">deI</a>
  </u>
  <u who="MOT" uID="u74">
    <w>hey<mor type="mor"><mw><pos><c>co</c></pos><stem>hey</stem></mw><gra type="gra" index="1" head="0" relation="INCROOT"/></mor></w>
    <t type="e"><mor type="mor"><mt type="e"/><gra type="gra" index="2" head="1" relation="PUNCT"/></mor></t>

    <a type="actions">puts nesting cups back on</a>
  </u>
  <u who="CHI" uID="u75">
    <w>hey<mor type="mor"><mw><pos><c>co</c></pos><stem>hey</stem></mw><gra type="gra" index="1" head="0" relation="INCROOT"/></mor></w>
    <t type="e"><mor type="mor"><mt type="e"/><gra type="gra" index="2" head="1" relation="PUNCT"/></mor></t>

  </u>
  <u who="MOT" uID="u76">
    <w>good<mor type="mor"><mw><pos><c>adj</c></pos><stem>good</stem></mw><gra type="gra" index="1" head="0" relation="INCROOT"/></mor></w>
    <t type="e"><mor type="mor"><mt type="e"/><gra type="gra" index="2" head="1" relation="PUNCT"/></mor></t>

    <a type="actions">&lt;1w&gt; pats nesting cup stack two times .</a>
  </u>
  <u who="MOT" uID="u77">
    <w>Kent<mor type="mor"><mw><pos><c>n</c><s>prop</s></pos><stem>Kent</stem></mw><gra type="gra" index="1" head="4" relation="SUBJ"/></mor></w>
    <pause symbolic-length="simple"/>
    <w>would<mor type="mor"><mw><pos><c>mod</c></pos><stem>will</stem><mk type="sfxf">COND</mk></mw><gra type="gra" index="2" head="4" relation="AUX"/></mor></w>
    <w>you<mor type="mor"><mw><pos><c>pro</c><s>per</s></pos><stem>you</stem></mw><gra type="gra" index="3" head="4" relation="SUBJ"/></mor></w>
    <w>like<mor type="mor"><mw><pos><c>v</c></pos><stem>like</stem></mw><gra type="gra" index="4" head="0" relation="ROOT"/></mor></w>
    <w>to<mor type="mor"><mw><pos><c>inf</c></pos><stem>to</stem></mw><gra type="gra" index="5" head="6" relation="INF"/></mor></w>
    <w>play<mor type="mor"><mw><pos><c>v</c></pos><stem>play</stem></mw><gra type="gra" index="6" head="4" relation="COMP"/></mor></w>
    <w>with<mor type="mor"><mw><pos><c>prep</c></pos><stem>with</stem></mw><gra type="gra" index="7" head="6" relation="JCT"/></mor></w>
    <w>the<mor type="mor"><mw><pos><c>det</c><s>art</s></pos><stem>the</stem></mw><gra type="gra" index="8" head="9" relation="DET"/></mor></w>
    <w>house<mor type="mor"><mw><pos><c>n</c></pos><stem>house</stem></mw><gra type="gra" index="9" head="7" relation="POBJ"/></mor></w>
    <t type="q"><mor type="mor"><mt type="q"/><gra type="gra" index="10" head="4" relation="PUNCT"/></mor></t>

    <a type="actions">&lt;1w&gt; rummages in toys . picks up table and puts in dollhouse</a>
  </u>
  <u who="CHI" uID="u78">
    <w untranscribed="unintelligible-with-pho">yyy</w>
    <t type="p"></t>

    <a type="actions">&lt;aft&gt; holds nesting cups in both hands</a>
    <a type="extension" flavor="pho">kwA+kwA</a>
  </u>
  <u who="MOT" uID="u79">
    <w>here's<mor type="mor"><mw><pos><c>pro</c><s>exist</s></pos><stem>here</stem></mw><gra type="gra" index="1" head="2" relation="SUBJ"/><mor-post><mw><pos><c>cop</c></pos><stem>be</stem><mk type="sfxf">3S</mk></mw><gra type="gra" index="2" head="0" relation="ROOT"/></mor-post></mor></w>
    <w>a<mor type="mor"><mw><pos><c>det</c><s>art</s></pos><stem>a</stem></mw><gra type="gra" index="3" head="4" relation="DET"/></mor></w>
    <w>table<mor type="mor"><mw><pos><c>n</c></pos><stem>table</stem></mw><gra type="gra" index="4" head="2" relation="PRED"/></mor></w>
    <t type="p"><mor type="mor"><mt type="p"/><gra type="gra" index="5" head="2" relation="PUNCT"/></mor></t>

  </u>
  <u who="CHI" uID="u80">
    <e><action/></e>
    <t type="p"></t>

    <a type="actions">divides stack in half . puts half down and then puts down other half</a>
  </u>
  <u who="MOT" uID="u81">
    <w>here's<mor type="mor"><mw><pos><c>pro</c><s>exist</s></pos><stem>here</stem></mw><gra type="gra" index="1" head="2" relation="SUBJ"/><mor-post><mw><pos><c>cop</c></pos><stem>be</stem><mk type="sfxf">3S</mk></mw><gra type="gra" index="2" head="0" relation="ROOT"/></mor-post></mor></w>
    <w>a<mor type="mor"><mw><pos><c>det</c><s>art</s></pos><stem>a</stem></mw><gra type="gra" index="3" head="4" relation="DET"/></mor></w>
    <w>chair<mor type="mor"><mw><pos><c>n</c></pos><stem>chair</stem></mw><gra type="gra" index="4" head="2" relation="PRED"/></mor></w>
    <t type="p"><mor type="mor"><mt type="p"/><gra type="gra" index="5" head="2" relation="PUNCT"/></mor></t>

    <a type="actions">picks up chair and puts in dollhouse . reorients chair</a>
  </u>
  <u who="MOT" uID="u82">
    <w>would<mor type="mor"><mw><pos><c>mod</c></pos><stem>will</stem><mk type="sfxf">COND</mk></mw><gra type="gra" index="1" head="3" relation="AUX"/></mor></w>
    <w>you<mor type="mor"><mw><pos><c>pro</c><s>per</s></pos><stem>you</stem></mw><gra type="gra" index="2" head="3" relation="SUBJ"/></mor></w>
    <w>like<mor type="mor"><mw><pos><c>v</c></pos><stem>like</stem></mw><gra type="gra" index="3" head="0" relation="ROOT"/></mor></w>
    <w>to<mor type="mor"><mw><pos><c>inf</c></pos><stem>to</stem></mw><gra type="gra" index="4" head="5" relation="INF"/></mor></w>
    <w>play<mor type="mor"><mw><pos><c>v</c></pos><stem>play</stem></mw><gra type="gra" index="5" head="3" relation="COMP"/></mor></w>
    <w>with<mor type="mor"><mw><pos><c>prep</c></pos><stem>with</stem></mw><gra type="gra" index="6" head="5" relation="JCT"/></mor></w>
    <w>this<mor type="mor"><mw><pos><c>det</c><s>dem</s></pos><stem>this</stem></mw><gra type="gra" index="7" head="8" relation="DET"/></mor></w>
    <w>house<mor type="mor"><mw><pos><c>n</c></pos><stem>house</stem></mw><gra type="gra" index="8" head="6" relation="POBJ"/></mor></w>
    <t type="q"><mor type="mor"><mt type="q"/><gra type="gra" index="9" head="3" relation="PUNCT"/></mor></t>

  </u>
  <u who="CHI" uID="u83">
    <w untranscribed="unintelligible-with-pho">yyy</w>
    <t type="q"></t>

    <a type="actions">&lt;aft&gt; tosses down</a>
    <a type="alternative">house</a>
    <a type="extension" flavor="pho">haU</a>
  </u>
  <u who="MOT" uID="u84">
    <w>house<mor type="mor"><mw><pos><c>n</c></pos><stem>house</stem></mw><gra type="gra" index="1" head="0" relation="INCROOT"/></mor></w>
    <t type="e"><mor type="mor"><mt type="e"/><gra type="gra" index="2" head="1" relation="PUNCT"/></mor></t>

    <a type="actions">&lt;aft&gt; picks up ladder and examines</a>
  </u>
  <u who="CHI" uID="u85">
    <w untranscribed="unintelligible-with-pho">yyy</w>
    <t type="e"></t>

    <a type="actions">picks up chair and holds in other hand</a>
    <a type="extension" flavor="pho">dA</a>
  </u>
  <u who="CHI" uID="u86">
    <w untranscribed="unintelligible-with-pho">yyy</w>
    <t type="e"></t>

    <a type="actions">picks up chicken and holds</a>
    <a type="extension" flavor="pho">di</a>
  </u>
  <u who="MOT" uID="u87">
    <e><action/></e>
    <t type="p"></t>

    <a type="actions">holds ladder in other hand . picks up bed and holds . pulls dollhouse closer to self</a>
  </u>
  <u who="CHI" uID="u88">
    <w>oh<mor type="mor"><mw><pos><c>co</c></pos><stem>oh</stem></mw><gra type="gra" index="1" head="0" relation="INCROOT"/></mor></w>
    <t type="e"><mor type="mor"><mt type="e"/><gra type="gra" index="2" head="1" relation="PUNCT"/></mor></t>

    <a type="actions">examines chicken . shakes chicken</a>
  </u>
  <u who="CHI" uID="u89">
    <w untranscribed="unintelligible-with-pho">yyy</w>
    <t type="e"></t>

    <a type="paralinguistics">&lt;1w&gt; spoken loudly</a>
    <a type="extension" flavor="pho">&lt;1w&gt; wi</a>
  </u>
  <u who="MOT" uID="u90">
    <w>chicken<mor type="mor"><mw><pos><c>n</c></pos><stem>chicken</stem></mw><gra type="gra" index="1" head="0" relation="INCROOT"/></mor></w>
    <t type="e"><mor type="mor"><mt type="e"/><gra type="gra" index="2" head="1" relation="PUNCT"/></mor></t>

    <a type="actions">&lt;aft&gt; puts in dollhouse</a>
  </u>
  <u who="CHI" uID="u91">
    <w untranscribed="unintelligible-with-pho">yyy</w>
    <t type="p"></t>

    <a type="actions">puts chair on floor . puts chicken down . picks up dog and puts in chair . puts hands up</a>
    <a type="extension" flavor="pho">kwA+kwA</a>
  </u>
  <u who="MOT" uID="u92">
    <w>is<mor type="mor"><mw><pos><c>cop</c></pos><stem>be</stem><mk type="sfxf">3S</mk></mw><gra type="gra" index="1" head="0" relation="ROOT"/></mor></w>
    <w>the<mor type="mor"><mw><pos><c>det</c><s>art</s></pos><stem>the</stem></mw><gra type="gra" index="2" head="3" relation="DET"/></mor></w>
    <w>baby<mor type="mor"><mw><pos><c>n</c></pos><stem>baby</stem></mw><gra type="gra" index="3" head="1" relation="PRED"/></mor></w>
    <w>going<mor type="mor"><mw><pos><c>part</c></pos><stem>go</stem><mk type="sfx">PRESP</mk></mw><gra type="gra" index="4" head="3" relation="XMOD"/></mor></w>
    <w>to<mor type="mor"><mw><pos><c>prep</c></pos><stem>to</stem></mw><gra type="gra" index="5" head="4" relation="JCT"/></mor></w>
    <w>bed<mor type="mor"><mw><pos><c>n</c></pos><stem>bed</stem></mw><gra type="gra" index="6" head="5" relation="POBJ"/></mor></w>
    <t type="q"><mor type="mor"><mt type="q"/><gra type="gra" index="7" head="1" relation="PUNCT"/></mor></t>

    <a type="actions">picks up man</a>
  </u>
  <u who="MOT" uID="u93">
    <w>Kent<mor type="mor"><mw><pos><c>n</c><s>prop</s></pos><stem>Kent</stem></mw><gra type="gra" index="1" head="0" relation="INCROOT"/></mor></w>
    <t type="q"><mor type="mor"><mt type="q"/><gra type="gra" index="2" head="1" relation="PUNCT"/></mor></t>

    <a type="actions">&lt;1w&gt; holds man over dollhouse .</a>
  </u>
  <u who="MOT" uID="u94">
    <w>let's<mor type="mor"><mw><pos><c>v</c></pos><stem>let</stem></mw><gra type="gra" index="1" head="0" relation="ROOT"/><mor-post><mw><pos><c>pro</c><s>obj</s></pos><stem>us</stem></mw><gra type="gra" index="2" head="1" relation="OBJ"/></mor-post></mor></w>
    <w>put<mor type="mor"><mw><pos><c>v</c></pos><stem>put</stem><mk type="sfxf">ZERO</mk></mw><gra type="gra" index="3" head="1" relation="COMP"/></mor></w>
    <w>the<mor type="mor"><mw><pos><c>det</c><s>art</s></pos><stem>the</stem></mw><gra type="gra" index="4" head="5" relation="DET"/></mor></w>
    <w>baby<mor type="mor"><mw><pos><c>n</c></pos><stem>baby</stem></mw><gra type="gra" index="5" head="3" relation="OBJ"/></mor></w>
    <w>to<mor type="mor"><mw><pos><c>prep</c></pos><stem>to</stem></mw><gra type="gra" index="6" head="5" relation="NJCT"/></mor></w>
    <w>bed<mor type="mor"><mw><pos><c>n</c></pos><stem>bed</stem></mw><gra type="gra" index="7" head="6" relation="POBJ"/></mor></w>
    <t type="p"><mor type="mor"><mt type="p"/><gra type="gra" index="8" head="1" relation="PUNCT"/></mor></t>

    <a type="actions">&lt;1w&gt; holds man over bed</a>
  </u>
  <u who="MOT" uID="u95">
    <w>let's<mor type="mor"><mw><pos><c>v</c></pos><stem>let</stem></mw><gra type="gra" index="1" head="0" relation="ROOT"/><mor-post><mw><pos><c>pro</c><s>obj</s></pos><stem>us</stem></mw><gra type="gra" index="2" head="1" relation="OBJ"/></mor-post></mor></w>
    <w>put<mor type="mor"><mw><pos><c>v</c></pos><stem>put</stem><mk type="sfxf">ZERO</mk></mw><gra type="gra" index="3" head="1" relation="COMP"/></mor></w>
    <w>the<mor type="mor"><mw><pos><c>det</c><s>art</s></pos><stem>the</stem></mw><gra type="gra" index="4" head="5" relation="DET"/></mor></w>
    <w>baby<mor type="mor"><mw><pos><c>n</c></pos><stem>baby</stem></mw><gra type="gra" index="5" head="3" relation="OBJ"/></mor></w>
    <w>to<mor type="mor"><mw><pos><c>prep</c></pos><stem>to</stem></mw><gra type="gra" index="6" head="5" relation="NJCT"/></mor></w>
    <w>bed<mor type="mor"><mw><pos><c>n</c></pos><stem>bed</stem></mw><gra type="gra" index="7" head="6" relation="POBJ"/></mor></w>
    <t type="p"><mor type="mor"><mt type="p"/><gra type="gra" index="8" head="1" relation="PUNCT"/></mor></t>

    <a type="actions">puts man in bed . takes hand away</a>
  </u>
  <u who="MOT" uID="u96">
    <e><action/><ga type="paralinguistics">gasps</ga></e>
    <t type="p"></t>

    <a type="gesture">points to dog</a>
  </u>
  <u who="MOT" uID="u97">
    <w>let's<mor type="mor"><mw><pos><c>v</c></pos><stem>let</stem></mw><gra type="gra" index="1" head="0" relation="ROOT"/><mor-post><mw><pos><c>pro</c><s>obj</s></pos><stem>us</stem></mw><gra type="gra" index="2" head="3" relation="SUBJ"/></mor-post></mor></w>
    <w>bring<mor type="mor"><mw><pos><c>v</c></pos><stem>bring</stem></mw><gra type="gra" index="3" head="1" relation="COMP"/></mor></w>
    <w>the<mor type="mor"><mw><pos><c>det</c><s>art</s></pos><stem>the</stem></mw><gra type="gra" index="4" head="5" relation="DET"/></mor></w>
    <w>doggie<mor type="mor"><mw><pos><c>n</c></pos><stem>dog</stem><mk type="sfx">DIM</mk></mw><gra type="gra" index="5" head="3" relation="OBJ"/></mor></w>
    <w>in<mor type="mor"><mw><pos><c>prep</c></pos><stem>in</stem></mw><gra type="gra" index="6" head="3" relation="JCT"/></mor></w>
    <w>the<mor type="mor"><mw><pos><c>det</c><s>art</s></pos><stem>the</stem></mw><gra type="gra" index="7" head="8" relation="DET"/></mor></w>
    <w>house<mor type="mor"><mw><pos><c>n</c></pos><stem>house</stem></mw><gra type="gra" index="8" head="6" relation="POBJ"/></mor></w>
    <t type="p"><mor type="mor"><mt type="p"/><gra type="gra" index="9" head="1" relation="PUNCT"/></mor></t>

    <a type="actions">puts hand toward toys on floor</a>
    <a type="gesture">points toward dollhouse</a>
  </u>
  <u who="MOT" uID="u98">
    <w>can<mor type="mor"><mw><pos><c>mod</c></pos><stem>can</stem></mw><gra type="gra" index="1" head="3" relation="AUX"/></mor></w>
    <w>you<mor type="mor"><mw><pos><c>pro</c><s>per</s></pos><stem>you</stem></mw><gra type="gra" index="2" head="3" relation="SUBJ"/></mor></w>
    <w>bring<mor type="mor"><mw><pos><c>v</c></pos><stem>bring</stem></mw><gra type="gra" index="3" head="0" relation="ROOT"/></mor></w>
    <w>the<mor type="mor"><mw><pos><c>det</c><s>art</s></pos><stem>the</stem></mw><gra type="gra" index="4" head="5" relation="DET"/></mor></w>
    <w>doggie<mor type="mor"><mw><pos><c>n</c></pos><stem>dog</stem><mk type="sfx">DIM</mk></mw><gra type="gra" index="5" head="3" relation="OBJ"/></mor></w>
    <w>in<mor type="mor"><mw><pos><c>prep</c></pos><stem>in</stem></mw><gra type="gra" index="6" head="3" relation="JCT"/></mor></w>
    <w>the<mor type="mor"><mw><pos><c>det</c><s>art</s></pos><stem>the</stem></mw><gra type="gra" index="7" head="8" relation="DET"/></mor></w>
    <w>house<mor type="mor"><mw><pos><c>n</c></pos><stem>house</stem></mw><gra type="gra" index="8" head="6" relation="POBJ"/></mor></w>
    <t type="q"><mor type="mor"><mt type="q"/><gra type="gra" index="9" head="3" relation="PUNCT"/></mor></t>

    <a type="actions">rummages in toys in floor . picks up object and holds</a>
  </u>
  <u who="MOT" uID="u99">
    <w>bring<mor type="mor"><mw><pos><c>v</c></pos><stem>bring</stem></mw><gra type="gra" index="1" head="0" relation="ROOT"/></mor></w>
    <w>the<mor type="mor"><mw><pos><c>det</c><s>art</s></pos><stem>the</stem></mw><gra type="gra" index="2" head="3" relation="DET"/></mor></w>
    <w>doggie<mor type="mor"><mw><pos><c>n</c></pos><stem>dog</stem><mk type="sfx">DIM</mk></mw><gra type="gra" index="3" head="1" relation="OBJ"/></mor></w>
    <w>in<mor type="mor"><mw><pos><c>prep</c></pos><stem>in</stem></mw><gra type="gra" index="4" head="1" relation="JCT"/></mor></w>
    <w>the<mor type="mor"><mw><pos><c>det</c><s>art</s></pos><stem>the</stem></mw><gra type="gra" index="5" head="6" relation="DET"/></mor></w>
    <w>house<mor type="mor"><mw><pos><c>n</c></pos><stem>house</stem></mw><gra type="gra" index="6" head="4" relation="POBJ"/></mor></w>
    <t type="q"><mor type="mor"><mt type="q"/><gra type="gra" index="7" head="1" relation="PUNCT"/></mor></t>

    <a type="gesture">&lt;4w-6w&gt; points to dollhouse &lt;1w-3w&gt; points to dog .</a>
  </u>
  <u who="CHI" uID="u100">
    <w>dog<mor type="mor"><mw><pos><c>v</c></pos><stem>dog</stem></mw><gra type="gra" index="1" head="0" relation="ROOT"/></mor></w>
    <t type="e"><mor type="mor"><mt type="e"/><gra type="gra" index="2" head="1" relation="PUNCT"/></mor></t>

    <a type="actions">picks up another dog and holds</a>
    <a type="extension" flavor="pho">dA</a>
  </u>
  <u who="MOT" uID="u101">
    <w>dog<mor type="mor"><mw><pos><c>v</c></pos><stem>dog</stem></mw><gra type="gra" index="1" head="0" relation="ROOT"/></mor></w>
    <t type="p"><mor type="mor"><mt type="p"/><gra type="gra" index="2" head="1" relation="PUNCT"/></mor></t>

    <a type="actions">&lt;aft&gt; scratches nose with object . holds again</a>
  </u>
  <u who="CHI" uID="u102">
    <w>dog<mor type="mor"><mw><pos><c>v</c></pos><stem>dog</stem></mw><gra type="gra" index="1" head="0" relation="ROOT"/></mor></w>
    <t type="e"><mor type="mor"><mt type="e"/><gra type="gra" index="2" head="1" relation="PUNCT"/></mor></t>

    <a type="actions">&lt;aft&gt; puts chair on floor . puts dog in chair by first dog</a>
    <a type="extension" flavor="pho">dA</a>
  </u>
  <u who="CHI" uID="u103">
    <w untranscribed="unintelligible-with-pho">yyy</w>
    <t type="q"></t>

    <a type="actions">adjusts dog . takes hand away</a>
    <a type="extension" flavor="pho">&lt;1w&gt; aU</a>
  </u>
  <u who="CHI" uID="u104">
    <w>dog<mor type="mor"><mw><pos><c>v</c></pos><stem>dog</stem></mw><gra type="gra" index="1" head="0" relation="ROOT"/></mor></w>
    <t type="q"><mor type="mor"><mt type="q"/><gra type="gra" index="2" head="1" relation="PUNCT"/></mor></t>

    <a type="extension" flavor="pho">&lt;1w&gt; dA</a>
  </u>
  <u who="CHI" uID="u105">
    <w untranscribed="unintelligible-with-pho">yyy</w>
    <t type="q"></t>

    <a type="extension" flavor="pho">&lt;1w&gt; aU</a>
  </u>
  <u who="CHI" uID="u106">
    <w>dog<mor type="mor"><mw><pos><c>v</c></pos><stem>dog</stem></mw><gra type="gra" index="1" head="0" relation="ROOT"/></mor></w>
    <t type="q"><mor type="mor"><mt type="q"/><gra type="gra" index="2" head="1" relation="PUNCT"/></mor></t>

    <a type="extension" flavor="pho">&lt;1w&gt; dA</a>
  </u>
  <u who="MOT" uID="u107">
    <w>two<mor type="mor"><mw><pos><c>det</c><s>num</s></pos><stem>two</stem></mw><gra type="gra" index="1" head="2" relation="QUANT"/></mor></w>
    <w>dogs<mor type="mor"><mw><pos><c>n</c></pos><stem>dog</stem><mk type="sfx">PL</mk></mw><gra type="gra" index="2" head="0" relation="INCROOT"/></mor></w>
    <t type="e"><mor type="mor"><mt type="e"/><gra type="gra" index="3" head="2" relation="PUNCT"/></mor></t>

    <a type="actions">&lt;aft&gt; picks up bed and puts in dollhouse . picks up object and puts in dollhouse</a>
    <a type="paralinguistics">&lt;aft&gt; slight laugh</a>
  </u>
  <u who="CHI" uID="u108">
    <e><action/></e>
    <t type="p"></t>

    <a type="actions">holds onto dollhouse rim and picks up object from floor . holds . puts object in other hand</a>
  </u>
  <u who="CHI" uID="u109">
    <w untranscribed="unintelligible-with-pho">yyy</w>
    <t type="p"></t>

    <a type="actions">picks up chicken . holds with other hand</a>
    <a type="paralinguistics">whispers</a>
    <a type="extension" flavor="pho">dA dA</a>
  </u>
  <u who="CHI" uID="u110">
    <w untranscribed="unintelligible-with-pho">yyy</w>
    <t type="p"></t>

  </u>
  <u who="MOT" uID="u111">
    <e><action/></e>
    <t type="p"></t>

    <a type="actions">puts object on floor . picks up chair and puts on floor</a>
    <a type="gesture">looks at Kent's hands and smiles</a>
  </u>
  <u who="CHI" uID="u112">
    <w untranscribed="unintelligible-with-pho">yyy</w>
    <t type="p"></t>

    <a type="actions">examines chicken . holds</a>
    <a type="paralinguistics">whisper</a>
    <a type="extension" flavor="pho">dA</a>
  </u>
  <u who="MOT" uID="u113">
    <e><action/></e>
    <t type="p"></t>

    <a type="actions">picks up man and attempts to put in chair . picks up man . rights chair . puts man in chair</a>
  </u>
  <u who="CHI" uID="u114">
    <e><action/></e>
    <t type="p"></t>

    <a type="actions">touches object near Mother's hand</a>
  </u>
  <u who="MOT" uID="u115">
    <e><action/></e>
    <t type="p"></t>

    <a type="actions">moves object away from where Kent touched</a>
  </u>
  <u who="CHI" uID="u116">
    <e><action/></e>
    <t type="p"></t>

    <a type="actions">puts object in dollhouse through door . repeats with another object . touches door</a>
  </u>
  <u who="MOT" uID="u117">
    <e><action/></e>
    <t type="p"></t>

    <a type="actions">moves object away from door</a>
  </u>
  <u who="CHI" uID="u118">
    <e><action/></e>
    <t type="p"></t>

    <a type="actions">puts hand on doll house rim and shuts door by pushing knob with other hand . reaches for second door knob</a>
  </u>
  <u who="MOT" uID="u119">
    <e><action/></e>
    <t type="p"></t>

    <a type="actions">picks up grill and puts on floor</a>
  </u>
  <u who="CHI" uID="u120">
    <w>hey<mor type="mor"><mw><pos><c>co</c></pos><stem>hey</stem></mw><gra type="gra" index="1" head="0" relation="INCROOT"/></mor></w>
    <t type="e"><mor type="mor"><mt type="e"/><gra type="gra" index="2" head="1" relation="PUNCT"/></mor></t>

    <a type="actions">&lt;aft&gt; reaches in doll house , picks up man and holds &lt;dur&gt; opens it again . &lt;bef&gt; reaches again , grabbing knob . pulls door shut .</a>
  </u>
  <u who="CHI" uID="u121">
    <w>hey<mor type="mor"><mw><pos><c>co</c></pos><stem>hey</stem></mw><gra type="gra" index="1" head="0" relation="INCROOT"/></mor></w>
    <t type="e"><mor type="mor"><mt type="e"/><gra type="gra" index="2" head="1" relation="PUNCT"/></mor></t>

    <a type="actions">picks up chicken and holds</a>
  </u>
  <u who="CHI" uID="u122">
    <w>hey<mor type="mor"><mw><pos><c>co</c></pos><stem>hey</stem></mw><gra type="gra" index="1" head="0" relation="INCROOT"/></mor></w>
    <t type="e"><mor type="mor"><mt type="e"/><gra type="gra" index="2" head="1" relation="PUNCT"/></mor></t>

    <a type="actions">&lt;aft&gt; holds all three objects and examines . puts table in doll house . takes out again</a>
  </u>
  <u who="MOT" uID="u123">
    <w>picks<mor type="mor"><mw><pos><c>v</c></pos><stem>pick</stem><mk type="sfx">3S</mk></mw><gra type="gra" index="1" head="0" relation="ROOT"/></mor></w>
    <w>up<mor type="mor"><mw><pos><c>prep</c></pos><stem>up</stem></mw><gra type="gra" index="2" head="1" relation="JCT"/></mor></w>
    <w>chair<mor type="mor"><mw><pos><c>n</c></pos><stem>chair</stem></mw><gra type="gra" index="3" head="2" relation="POBJ"/></mor></w>
    <w>briefly<mor type="mor"><mw><pos><c>adv</c></pos><stem>brief</stem><mk type="sfxf">dadj</mk><mk type="sfx">LY</mk></mw><gra type="gra" index="4" head="1" relation="JCT"/></mor></w>
    <tagMarker type="comma"><mor type="mor"><mw><pos><c>cm</c></pos><stem>cm</stem></mw><gra type="gra" index="5" head="1" relation="LP"/></mor></tagMarker>
    <w>puts<mor type="mor"><mw><pos><c>v</c></pos><stem>put</stem><mk type="sfx">3S</mk></mw><gra type="gra" index="6" head="1" relation="ENUM"/></mor></w>
    <w>down<mor type="mor"><mw><pos><c>adv</c></pos><stem>down</stem></mw><gra type="gra" index="7" head="6" relation="JCT"/></mor></w>
    <t type="p"><mor type="mor"><mt type="p"/><gra type="gra" index="8" head="1" relation="PUNCT"/></mor></t>

  </u>
  <u who="MOT" uID="u124">
    <w>picks<mor type="mor"><mw><pos><c>v</c></pos><stem>pick</stem><mk type="sfx">3S</mk></mw><gra type="gra" index="1" head="0" relation="ROOT"/></mor></w>
    <w>up<mor type="mor"><mw><pos><c>prep</c></pos><stem>up</stem></mw><gra type="gra" index="2" head="1" relation="JCT"/></mor></w>
    <w>grill<mor type="mor"><mw><pos><c>n</c></pos><stem>grill</stem></mw><gra type="gra" index="3" head="2" relation="POBJ"/></mor></w>
    <t type="p"><mor type="mor"><mt type="p"/><gra type="gra" index="4" head="1" relation="PUNCT"/></mor></t>

  </u>
  <u who="MOT" uID="u125">
    <w>puts<mor type="mor"><mw><pos><c>v</c></pos><stem>put</stem><mk type="sfx">3S</mk></mw><gra type="gra" index="1" head="0" relation="ROOT"/></mor></w>
    <w>in<mor type="mor"><mw><pos><c>adv</c></pos><stem>in</stem></mw><gra type="gra" index="2" head="1" relation="JCT"/></mor></w>
    <w>doll<mor type="mor"><mw><pos><c>n</c></pos><stem>doll</stem></mw><gra type="gra" index="3" head="4" relation="MOD"/></mor></w>
    <w>house<mor type="mor"><mw><pos><c>n</c></pos><stem>house</stem></mw><gra type="gra" index="4" head="2" relation="POBJ"/></mor></w>
    <w>and<mor type="mor"><mw><pos><c>coord</c></pos><stem>and</stem></mw><gra type="gra" index="5" head="1" relation="CONJ"/></mor></w>
    <w>adjusts<mor type="mor"><mw><pos><c>v</c></pos><stem>adjust</stem><mk type="sfx">3S</mk></mw><gra type="gra" index="6" head="5" relation="COORD"/></mor></w>
    <t type="p"><mor type="mor"><mt type="p"/><gra type="gra" index="7" head="1" relation="PUNCT"/></mor></t>

  </u>
  <u who="CHI" uID="u126">
    <e><action/></e>
    <t type="p"></t>

    <a type="actions">puts table in doll house through door . slides toward Mother's grill</a>
  </u>
  <u who="MOT" uID="u127">
    <w>o<p type="drawl"/>h<mor type="mor"><mw><pos><c>co</c></pos><stem>oh</stem></mw><gra type="gra" index="1" head="2" relation="COM"/></mor></w>
    <pause symbolic-length="simple"/>
    <w>good<mor type="mor"><mw><pos><c>adj</c></pos><stem>good</stem></mw><gra type="gra" index="2" head="0" relation="INCROOT"/></mor></w>
    <t type="e"><mor type="mor"><mt type="e"/><gra type="gra" index="3" head="2" relation="PUNCT"/></mor></t>

    <a type="actions">puts hand out</a>
  </u>
  <u who="CHI" uID="u128">
    <w untranscribed="unintelligible-with-pho">yyy</w>
    <t type="p"></t>

    <a type="actions">attempts to pick up grill</a>
    <a type="extension" flavor="pho">deI+deI</a>
  </u>
  <u who="CHI" uID="u129">
    <w untranscribed="unintelligible-with-pho">yyy</w>
    <t type="p"></t>

    <a type="actions">drops grill . rights on floor . adjusts</a>
    <a type="extension" flavor="pho">deI+deI</a>
  </u>
  <u who="MOT" uID="u130">
    <w>is<mor type="mor"><mw><pos><c>cop</c></pos><stem>be</stem><mk type="sfxf">3S</mk></mw><gra type="gra" index="1" head="0" relation="ROOT"/></mor></w>
    <w>that<mor type="mor"><mw><pos><c>comp</c></pos><stem>that</stem></mw><gra type="gra" index="2" head="3" relation="MOD"/></mor></w>
    <w>dinner<mor type="mor"><mw><pos><c>n</c></pos><stem>dinner</stem></mw><gra type="gra" index="3" head="1" relation="PRED"/></mor></w>
    <t type="q"><mor type="mor"><mt type="q"/><gra type="gra" index="4" head="1" relation="PUNCT"/></mor></t>

    <a type="actions">picks up man , puts down . picks up again . puts down by grill</a>
    <a type="gesture">points to grill two times</a>
  </u>
  <u who="CHI" uID="u131">
    <w untranscribed="unintelligible-with-pho">yyy</w>
    <t type="p"></t>

    <a type="actions">&lt;aft&gt; attempts to pick up chicken &lt;dur&gt; begins to put down by grill . &lt;bef&gt; examines chicken in hands .</a>
    <a type="extension" flavor="pho">geI</a>
  </u>
  <u who="MOT" uID="u132">
    <w>is<mor type="mor"><mw><pos><c>cop</c></pos><stem>be</stem><mk type="sfxf">3S</mk></mw><gra type="gra" index="1" head="0" relation="ROOT"/></mor></w>
    <w>the<mor type="mor"><mw><pos><c>det</c><s>art</s></pos><stem>the</stem></mw><gra type="gra" index="2" head="4" relation="DET"/></mor></w>
    <w>old<mor type="mor"><mw><pos><c>adj</c></pos><stem>old</stem></mw><gra type="gra" index="3" head="4" relation="MOD"/></mor></w>
    <w>lady<mor type="mor"><mw><pos><c>n</c></pos><stem>lady</stem></mw><gra type="gra" index="4" head="1" relation="PRED"/></mor></w>
    <w>cooking<mor type="mor"><mw><pos><c>part</c></pos><stem>cook</stem><mk type="sfx">PRESP</mk></mw><gra type="gra" index="5" head="4" relation="XMOD"/></mor></w>
    <t type="q"><mor type="mor"><mt type="q"/><gra type="gra" index="6" head="1" relation="PUNCT"/></mor></t>

  </u>
  <u who="MOT" uID="u133">
    <w>and<mor type="mor"><mw><pos><c>coord</c></pos><stem>and</stem></mw><gra type="gra" index="1" head="4" relation="LINK"/></mor></w>
    <w>the<mor type="mor"><mw><pos><c>det</c><s>art</s></pos><stem>the</stem></mw><gra type="gra" index="2" head="4" relation="DET"/></mor></w>
    <w>little<mor type="mor"><mw><pos><c>adj</c></pos><stem>little</stem></mw><gra type="gra" index="3" head="4" relation="MOD"/></mor></w>
    <w>boy<mor type="mor"><mw><pos><c>n</c></pos><stem>boy</stem></mw><gra type="gra" index="4" head="0" relation="INCROOT"/></mor></w>
    <t type="q"><mor type="mor"><mt type="q"/><gra type="gra" index="5" head="4" relation="PUNCT"/></mor></t>

    <a type="actions">&lt;1w&gt; picks up man and puts down by grill</a>
  </u>
  <u who="CHI" uID="u134">
    <w untranscribed="unintelligible-with-pho">yyy</w>
    <w>boy<mor type="mor"><mw><pos><c>co</c></pos><stem>boy</stem></mw><gra type="gra" index="1" head="0" relation="INCROOT"/></mor></w>
    <t type="p"><mor type="mor"><mt type="p"/><gra type="gra" index="2" head="1" relation="PUNCT"/></mor></t>

    <a type="extension" flavor="pho">beI</a>
  </u>
  <u who="MOT" uID="u135">
    <w>little<mor type="mor"><mw><pos><c>adj</c></pos><stem>little</stem></mw><gra type="gra" index="1" head="2" relation="MOD"/></mor></w>
    <w>boy<mor type="mor"><mw><pos><c>n</c></pos><stem>boy</stem></mw><gra type="gra" index="2" head="0" relation="INCROOT"/></mor></w>
    <t type="p"><mor type="mor"><mt type="p"/><gra type="gra" index="3" head="2" relation="PUNCT"/></mor></t>

    <a type="actions">&lt;aft&gt; picks up another chair and examines it . holds it</a>
  </u>
  <u who="CHI" uID="u136">
    <w untranscribed="unintelligible-with-pho">yyy</w>
    <t type="q"></t>

    <a type="actions">&lt;aft&gt; reaches in doll house and picks up table</a>
    <a type="extension" flavor="pho">daU+oU</a>
  </u>
  <u who="CHI" uID="u137">
    <w untranscribed="unintelligible-with-pho">yyy</w>
    <t type="p"></t>

    <a type="actions">takes table out and holds near foot</a>
    <a type="paralinguistics">whisper</a>
    <a type="extension" flavor="pho">haU</a>
  </u>
  <u who="MOT" uID="u138">
    <w>puts<mor type="mor"><mw><pos><c>v</c></pos><stem>put</stem><mk type="sfx">3S</mk></mw><gra type="gra" index="1" head="0" relation="ROOT"/></mor></w>
    <w>chair<mor type="mor"><mw><pos><c>n</c></pos><stem>chair</stem></mw><gra type="gra" index="2" head="1" relation="OBJ"/></mor></w>
    <w>on<mor type="mor"><mw><pos><c>prep</c></pos><stem>on</stem></mw><gra type="gra" index="3" head="1" relation="JCT"/></mor></w>
    <w>floor<mor type="mor"><mw><pos><c>n</c></pos><stem>floor</stem></mw><gra type="gra" index="4" head="3" relation="POBJ"/></mor></w>
    <t type="p"><mor type="mor"><mt type="p"/><gra type="gra" index="5" head="1" relation="PUNCT"/></mor></t>

  </u>
  <u who="MOT" uID="u139">
    <w>picks<mor type="mor"><mw><pos><c>v</c></pos><stem>pick</stem><mk type="sfx">3S</mk></mw><gra type="gra" index="1" head="0" relation="ROOT"/></mor></w>
    <w>up<mor type="mor"><mw><pos><c>prep</c></pos><stem>up</stem></mw><gra type="gra" index="2" head="1" relation="JCT"/></mor></w>
    <w>man<mor type="mor"><mw><pos><c>n</c></pos><stem>man</stem></mw><gra type="gra" index="3" head="2" relation="POBJ"/></mor></w>
    <w>and<mor type="mor"><mw><pos><c>coord</c></pos><stem>and</stem></mw><gra type="gra" index="4" head="1" relation="CONJ"/></mor></w>
    <w>puts<mor type="mor"><mw><pos><c>v</c></pos><stem>put</stem><mk type="sfx">3S</mk></mw><gra type="gra" index="5" head="4" relation="COORD"/></mor></w>
    <w>in<mor type="mor"><mw><pos><c>adv</c></pos><stem>in</stem></mw><gra type="gra" index="6" head="5" relation="JCT"/></mor></w>
    <w>chair<mor type="mor"><mw><pos><c>n</c></pos><stem>chair</stem></mw><gra type="gra" index="7" head="6" relation="POBJ"/></mor></w>
    <t type="p"><mor type="mor"><mt type="p"/><gra type="gra" index="8" head="1" relation="PUNCT"/></mor></t>

  </u>
  <u who="MOT" uID="u140">
    <w>repeats<mor type="mor"><mw><pos><c>n</c></pos><stem>repeat</stem><mk type="sfx">PL</mk></mw><gra type="gra" index="1" head="0" relation="INCROOT"/></mor></w>
    <t type="p"><mor type="mor"><mt type="p"/><gra type="gra" index="2" head="1" relation="PUNCT"/></mor></t>

  </u>
  <u who="CHI" uID="u141">
    <w untranscribed="unintelligible-with-pho">yyy</w>
    <t type="p"></t>

    <a type="actions">&lt;aft&gt; examines object in hands . holds</a>
    <a type="extension" flavor="pho">beI+bi</a>
  </u>
  <u who="MOT" uID="u142">
    <e><action/></e>
    <t type="p"></t>

    <a type="actions">examines ladder . picks up ladder and puts against house</a>
  </u>
  <u who="CHI" uID="u143">
    <w>yeah<mor type="mor"><mw><pos><c>co</c></pos><stem>yeah</stem></mw><gra type="gra" index="1" head="0" relation="INCROOT"/></mor></w>
    <t type="e"><mor type="mor"><mt type="e"/><gra type="gra" index="2" head="1" relation="PUNCT"/></mor></t>

  </u>
  <u who="MOT" uID="u144">
    <w>can<mor type="mor"><mw><pos><c>mod</c></pos><stem>can</stem></mw><gra type="gra" index="1" head="3" relation="AUX"/></mor></w>
    <w>you<mor type="mor"><mw><pos><c>pro</c><s>per</s></pos><stem>you</stem></mw><gra type="gra" index="2" head="3" relation="SUBJ"/></mor></w>
    <pause symbolic-length="simple"/>
    <w>go<mor type="mor"><mw><pos><c>v</c></pos><stem>go</stem></mw><gra type="gra" index="3" head="0" relation="ROOT"/></mor></w>
    <w>up<mor type="mor"><mw><pos><c>adv</c></pos><stem>up</stem></mw><gra type="gra" index="4" head="3" relation="JCT"/></mor></w>
    <w>the<mor type="mor"><mw><pos><c>det</c><s>art</s></pos><stem>the</stem></mw><gra type="gra" index="5" head="6" relation="DET"/></mor></w>
    <w>ladder<mor type="mor"><mw><pos><c>n</c></pos><stem>ladder</stem></mw><gra type="gra" index="6" head="4" relation="POBJ"/></mor></w>
    <t type="q"><mor type="mor"><mt type="q"/><gra type="gra" index="7" head="3" relation="PUNCT"/></mor></t>

    <a type="actions">picks up man and makes him go up ladder</a>
  </u>
  <u who="MOT" uID="u145">
    <e><action/><ga type="paralinguistics">gasps</ga></e>
    <t type="p"></t>

    <a type="actions">pauses man at top of ladder</a>
  </u>
  <u who="MOT" uID="u146">
    <w>whee<mor type="mor"><mw><pos><c>co</c></pos><stem>whee</stem></mw><gra type="gra" index="1" head="0" relation="INCROOT"/></mor></w>
    <t type="e"><mor type="mor"><mt type="e"/><gra type="gra" index="2" head="1" relation="PUNCT"/></mor></t>

    <a type="gesture">smiles</a>
    <a type="actions">makes man fly in doll house . puts down</a>
  </u>
  <u who="CHI" uID="u147">
    <e><action/></e>
    <t type="p"></t>

    <a type="gesture">smiles . looks at doll house , ladder , objects on floor and Mother's hands</a>
  </u>
  <u who="MOT" uID="u148">
    <w>can<mor type="mor"><mw><pos><c>mod</c></pos><stem>can</stem></mw><gra type="gra" index="1" head="3" relation="AUX"/></mor></w>
    <w>you<mor type="mor"><mw><pos><c>pro</c><s>per</s></pos><stem>you</stem></mw><gra type="gra" index="2" head="3" relation="SUBJ"/></mor></w>
    <w>go<mor type="mor"><mw><pos><c>v</c></pos><stem>go</stem></mw><gra type="gra" index="3" head="0" relation="ROOT"/></mor></w>
    <w>up<mor type="mor"><mw><pos><c>adv</c></pos><stem>up</stem></mw><gra type="gra" index="4" head="3" relation="JCT"/></mor></w>
    <w>the<mor type="mor"><mw><pos><c>det</c><s>art</s></pos><stem>the</stem></mw><gra type="gra" index="5" head="6" relation="DET"/></mor></w>
    <w>ladder<mor type="mor"><mw><pos><c>n</c></pos><stem>ladder</stem></mw><gra type="gra" index="6" head="4" relation="POBJ"/></mor></w>
    <t type="q"><mor type="mor"><mt type="q"/><gra type="gra" index="7" head="3" relation="PUNCT"/></mor></t>

    <a type="actions">&lt;aft&gt; makes man go two steps . holds man out toward Kent</a>
  </u>
  <u who="CHI" uID="u149">
    <w>yeah<mor type="mor"><mw><pos><c>co</c></pos><stem>yeah</stem></mw><gra type="gra" index="1" head="0" relation="INCROOT"/></mor></w>
    <t type="p"><mor type="mor"><mt type="p"/><gra type="gra" index="2" head="1" relation="PUNCT"/></mor></t>

    <a type="actions">&lt;aft&gt; holds over doll house by ladder . drops in doll house</a>
  </u>
  <u who="MOT" uID="u150">
    <e><happening>laughs</happening></e>
    <t type="p"></t>

  </u>
  <u who="CHI" uID="u151">
    <w>whee<mor type="mor"><mw><pos><c>co</c></pos><stem>whee</stem></mw><gra type="gra" index="1" head="0" relation="INCROOT"/></mor></w>
    <t type="e"><mor type="mor"><mt type="e"/><gra type="gra" index="2" head="1" relation="PUNCT"/></mor></t>

    <a type="gesture">smiles at man</a>
  </u>
  <u who="MOT" uID="u152">
    <w>chairs<mor type="mor"><mw><pos><c>n</c></pos><stem>chair</stem><mk type="sfx">PL</mk></mw><gra type="gra" index="1" head="0" relation="INCROOT"/></mor></w>
    <t type="p"><mor type="mor"><mt type="p"/><gra type="gra" index="2" head="1" relation="PUNCT"/></mor></t>

    <a type="actions">&lt;aft&gt; picks up another chair and puts on floor</a>
  </u>
  <u who="MOT" uID="u153">
    <w>bed<mor type="mor"><mw><pos><c>n</c></pos><stem>bed</stem></mw><gra type="gra" index="1" head="0" relation="INCROOT"/></mor></w>
    <t type="p"><mor type="mor"><mt type="p"/><gra type="gra" index="2" head="1" relation="PUNCT"/></mor></t>

    <a type="actions">&lt;aft&gt; puts in doll house . picks up chair from floor and puts by Kent</a>
  </u>
  <u who="MOT" uID="u154">
    <w>it's<mor type="mor"><mw><pos><c>pro</c><s>per</s></pos><stem>it</stem></mw><gra type="gra" index="1" head="2" relation="SUBJ"/><mor-post><mw><pos><c>cop</c></pos><stem>be</stem><mk type="sfxf">3S</mk></mw><gra type="gra" index="2" head="0" relation="ROOT"/></mor-post></mor></w>
    <w>time<mor type="mor"><mw><pos><c>n</c></pos><stem>time</stem></mw><gra type="gra" index="3" head="2" relation="PRED"/></mor></w>
    <w>for<mor type="mor"><mw><pos><c>prep</c></pos><stem>for</stem></mw><gra type="gra" index="4" head="3" relation="NJCT"/></mor></w>
    <w>the<mor type="mor"><mw><pos><c>det</c><s>art</s></pos><stem>the</stem></mw><gra type="gra" index="5" head="7" relation="DET"/></mor></w>
    <w>little<mor type="mor"><mw><pos><c>adj</c></pos><stem>little</stem></mw><gra type="gra" index="6" head="7" relation="MOD"/></mor></w>
    <w>boy<mor type="mor"><mw><pos><c>n</c></pos><stem>boy</stem></mw><gra type="gra" index="7" head="4" relation="POBJ"/></mor></w>
    <w>to<mor type="mor"><mw><pos><c>inf</c></pos><stem>to</stem></mw><gra type="gra" index="8" head="9" relation="INF"/></mor></w>
    <w>go<mor type="mor"><mw><pos><c>v</c></pos><stem>go</stem></mw><gra type="gra" index="9" head="7" relation="XMOD"/></mor></w>
    <w>to<mor type="mor"><mw><pos><c>prep</c></pos><stem>to</stem></mw><gra type="gra" index="10" head="9" relation="JCT"/></mor></w>
    <w>bed<mor type="mor"><mw><pos><c>n</c></pos><stem>bed</stem></mw><gra type="gra" index="11" head="10" relation="POBJ"/></mor></w>
    <t type="e"><mor type="mor"><mt type="e"/><gra type="gra" index="12" head="2" relation="PUNCT"/></mor></t>

    <a type="actions">picks up man and puts on bed in doll house</a>
  </u>
  <u who="CHI" uID="u155">
    <w type="filler">uh</w>
    <t type="q"></t>

    <a type="extension" flavor="pho">e</a>
  </u>
  <u who="CHI" uID="u156">
    <w untranscribed="unintelligible-with-pho">yyy</w>
    <t type="e"></t>

    <a type="actions">&lt;aft&gt; picks up man and puts in Mother's chair</a>
  </u>
  <u who="CHI" uID="u157">
    <w untranscribed="unintelligible-with-pho">yyy</w>
    <t type="q"></t>

    <a type="actions">&lt;aft&gt; picks up man . puts in chair but first man falls out . picks up second man and puts in chair</a>
    <a type="extension" flavor="pho">dA</a>
  </u>
  <u who="CHI" uID="u158">
    <w>duck<mor type="mor"><mw><pos><c>n</c></pos><stem>duck</stem></mw><gra type="gra" index="1" head="0" relation="INCROOT"/></mor></w>
    <t type="e"><mor type="mor"><mt type="e"/><gra type="gra" index="2" head="1" relation="PUNCT"/></mor></t>

    <a type="actions">&lt;dur&gt; holds out chicken &lt;bef&gt; examines chicken in hands .</a>
    <a type="extension" flavor="pho">dak</a>
  </u>
  <u who="CHI" uID="u159">
    <w untranscribed="unintelligible-with-pho">yyy</w>
    <t type="e"></t>

    <a type="actions">holds chicken out to ladder</a>
    <a type="extension" flavor="pho">e</a>
  </u>
  <u who="CHI" uID="u160">
    <w formType="onomatopoeia">quack_quack_quack<mor type="mor"><mw><pos><c>on</c></pos><stem>quack_quack_quack</stem></mw><gra type="gra" index="1" head="0" relation="INCROOT"/></mor></w>
    <t type="e"><mor type="mor"><mt type="e"/><gra type="gra" index="2" head="1" relation="PUNCT"/></mor></t>

    <a type="actions">&lt;aft&gt; drops in doll house</a>
  </u>
  <u who="MOT" uID="u161">
    <e><happening>laughs</happening></e>
    <t type="p"></t>

  </u>
  <u who="CHI" uID="u162">
    <w untranscribed="unintelligible-with-pho">yyy</w>
    <t type="e"></t>

    <a type="extension" flavor="pho">oU</a>
  </u>
</CHAT>