<?xml version="1.0" encoding="UTF-8"?>

<CHAT xmlns:xsi="http://www.w3.org/2001/XMLSchema-instance"
      xmlns="http://www.talkbank.org/ns/talkbank"
      xsi:schemaLocation="http://www.talkbank.org/ns/talkbank https://talkbank.org/software/talkbank.xsd"
            DesignType="cross"
            ActivityType="toyplay"
            GroupType="TD"
      PID="11312/c-00015233-1"
      Version="2.16.0"
      Lang="eng"
      Corpus="Bates"
      >
  <Participants>
    <participant
      id="CHI"
    name="Mandy"
      role="Target_Child"
      language="eng"
      age="P1Y08M"
      sex="female"
      group="TD"
      SES="MC"

    />
    <participant
      id="MOT"
      role="Mother"
      language="eng"
      sex="female"

    />
  </Participants>
  <comment type="Types">cross, toyplay, TD</comment>
  <u who="CHI" uID="u0">
    <w>ball<mor type="mor"><mw><pos><c>n</c></pos><stem>ball</stem></mw><gra type="gra" index="1" head="0" relation="INCROOT"/></mor></w>
    <t type="e"><mor type="mor"><mt type="e"/><gra type="gra" index="2" head="1" relation="PUNCT"/></mor></t>

    <a type="actions">&lt;dur&gt; manipulates blocks &lt;bef&gt; holds many objects , mostly blocks , in both hands .</a>
  </u>
  <u who="MOT" uID="u1">
    <w>uhhuh<mor type="mor"><mw><pos><c>co</c></pos><stem>uhhuh</stem></mw><gra type="gra" index="1" head="0" relation="INCROOT"/></mor></w>
    <t type="e"><mor type="mor"><mt type="e"/><gra type="gra" index="2" head="1" relation="PUNCT"/></mor></t>

    <a type="gesture">&lt;1w&gt; flashes eye brow</a>
  </u>
  <u who="MOT" uID="u2">
    <w>pretty<mor type="mor"><mw><pos><c>adv</c></pos><stem>pretty</stem></mw><gra type="gra" index="1" head="2" relation="JCT"/></mor></w>
    <w>balls<mor type="mor"><mw><pos><c>n</c></pos><stem>ball</stem><mk type="sfx">PL</mk></mw><gra type="gra" index="2" head="0" relation="INCROOT"/></mor></w>
    <t type="p"><mor type="mor"><mt type="p"/><gra type="gra" index="3" head="2" relation="PUNCT"/></mor></t>

  </u>
  <u who="CHI" uID="u3">
    <w>uhoh<mor type="mor"><mw><pos><c>co</c></pos><stem>uhoh</stem></mw><gra type="gra" index="1" head="0" relation="INCROOT"/></mor></w>
    <t type="e"><mor type="mor"><mt type="e"/><gra type="gra" index="2" head="1" relation="PUNCT"/></mor></t>

    <a type="gesture">&lt;bef&gt; points to nesting cups</a>
    <a type="actions">&lt;bef&gt; picks up block and holds . kicks nesting cups between legs</a>
  </u>
  <u who="MOT" uID="u4">
    <w>oh<mor type="mor"><mw><pos><c>co</c></pos><stem>oh</stem></mw><gra type="gra" index="1" head="0" relation="INCROOT"/></mor></w>
    <t type="e"><mor type="mor"><mt type="e"/><gra type="gra" index="2" head="1" relation="PUNCT"/></mor></t>

  </u>
  <u who="MOT" uID="u5">
    <w>did<mor type="mor"><mw><pos><c>mod</c></pos><stem>do</stem><mk type="sfxf">PAST</mk></mw><gra type="gra" index="1" head="3" relation="AUX"/></mor></w>
    <w>they<mor type="mor"><mw><pos><c>pro</c><s>sub</s></pos><stem>they</stem></mw><gra type="gra" index="2" head="3" relation="SUBJ"/></mor></w>
    <w>fall<mor type="mor"><mw><pos><c>v</c></pos><stem>fall</stem></mw><gra type="gra" index="3" head="0" relation="ROOT"/></mor></w>
    <w>down<mor type="mor"><mw><pos><c>adv</c></pos><stem>down</stem></mw><gra type="gra" index="4" head="3" relation="JCT"/></mor></w>
    <t type="q"><mor type="mor"><mt type="q"/><gra type="gra" index="5" head="3" relation="PUNCT"/></mor></t>

  </u>
  <u who="CHI" uID="u6">
    <e><action/></e>
    <t type="p"></t>

    <a type="actions">beats on nesting cups with hand</a>
  </u>
  <u who="MOT" uID="u7">
    <w>are<mor type="mor"><mw><pos><c>cop</c></pos><stem>be</stem><mk type="sfxf">PRES</mk></mw><gra type="gra" index="1" head="0" relation="ROOT"/></mor></w>
    <w>they<mor type="mor"><mw><pos><c>pro</c><s>sub</s></pos><stem>they</stem></mw><gra type="gra" index="2" head="1" relation="PRED"/></mor></w>
    <w>in<mor type="mor"><mw><pos><c>prep</c></pos><stem>in</stem></mw><gra type="gra" index="3" head="2" relation="JCT"/></mor></w>
    <w>your<mor type="mor"><mw><pos><c>det</c><s>poss</s></pos><stem>your</stem></mw><gra type="gra" index="4" head="5" relation="DET"/></mor></w>
    <w>way<mor type="mor"><mw><pos><c>n</c></pos><stem>way</stem></mw><gra type="gra" index="5" head="3" relation="POBJ"/></mor></w>
    <t type="q"><mor type="mor"><mt type="q"/><gra type="gra" index="6" head="1" relation="PUNCT"/></mor></t>

  </u>
  <u who="CHI" uID="u8">
    <w>uhoh<mor type="mor"><mw><pos><c>co</c></pos><stem>uhoh</stem></mw><gra type="gra" index="1" head="0" relation="INCROOT"/></mor></w>
    <t type="e"><mor type="mor"><mt type="e"/><gra type="gra" index="2" head="1" relation="PUNCT"/></mor></t>

    <a type="gesture">&lt;aft&gt; looks at Mother . smiles at nesting cups , at Mother</a>
    <a type="actions">&lt;bef&gt; kicks nesting cups away</a>
  </u>
  <u who="MOT" uID="u9">
    <w>you<mor type="mor"><mw><pos><c>pro</c><s>per</s></pos><stem>you</stem></mw><gra type="gra" index="1" head="2" relation="SUBJ"/></mor></w>
    <w>wanna<mor type="mor"><mw><pos><c>v</c></pos><stem>want</stem></mw><gra type="gra" index="2" head="0" relation="ROOT"/><mor-post><mw><pos><c>inf</c></pos><stem>to</stem></mw><gra type="gra" index="3" head="4" relation="INF"/></mor-post></mor></w>
    <w>pick<mor type="mor"><mw><pos><c>v</c></pos><stem>pick</stem></mw><gra type="gra" index="4" head="2" relation="COMP"/></mor></w>
    <w><shortening>th</shortening>em<mor type="mor"><mw><pos><c>pro</c><s>obj</s></pos><stem>them</stem></mw><gra type="gra" index="5" head="4" relation="OBJ"/></mor></w>
    <w>up<mor type="mor"><mw><pos><c>adv</c></pos><stem>up</stem></mw><gra type="gra" index="6" head="4" relation="JCT"/></mor></w>
    <t type="q"><mor type="mor"><mt type="q"/><gra type="gra" index="7" head="2" relation="PUNCT"/></mor></t>

  </u>
  <u who="CHI" uID="u10">
    <w>uhuh<mor type="mor"><mw><pos><c>co</c></pos><stem>uhuh</stem></mw><gra type="gra" index="1" head="0" relation="INCROOT"/></mor></w>
    <t type="e"><mor type="mor"><mt type="e"/><gra type="gra" index="2" head="1" relation="PUNCT"/></mor></t>

    <a type="actions">reorients shape box</a>
  </u>
  <u who="MOT" uID="u11">
    <w>you<mor type="mor"><mw><pos><c>pro</c><s>per</s></pos><stem>you</stem></mw><gra type="gra" index="1" head="0" relation="INCROOT"/></mor></w>
    <w>don't<mor type="mor"><mw><pos><c>mod</c></pos><stem>do</stem></mw><gra type="gra" index="2" head="4" relation="AUX"/><mor-post><mw><pos><c>neg</c></pos><stem>not</stem></mw><gra type="gra" index="3" head="2" relation="NEG"/></mor-post></mor></w>
    <t type="q"><mor type="mor"><mt type="q"/><gra type="gra" index="4" head="1" relation="PUNCT"/></mor></t>

  </u>
  <u who="MOT" uID="u12">
    <w>shall<mor type="mor"><mw><pos><c>mod</c></pos><stem>shall</stem></mw><gra type="gra" index="1" head="3" relation="AUX"/></mor></w>
    <w>we<mor type="mor"><mw><pos><c>pro</c><s>sub</s></pos><stem>we</stem></mw><gra type="gra" index="2" head="3" relation="SUBJ"/></mor></w>
    <w>get<mor type="mor"><mw><pos><c>v</c></pos><stem>get</stem></mw><gra type="gra" index="3" head="0" relation="ROOT"/></mor></w>
    <w>them<mor type="mor"><mw><pos><c>pro</c><s>obj</s></pos><stem>them</stem></mw><gra type="gra" index="4" head="3" relation="OBJ"/></mor></w>
    <w>out_of<mor type="mor"><mw><pos><c>prep</c></pos><stem>out_of</stem></mw><gra type="gra" index="5" head="3" relation="JCT"/></mor></w>
    <w>your<mor type="mor"><mw><pos><c>det</c><s>poss</s></pos><stem>your</stem></mw><gra type="gra" index="6" head="7" relation="DET"/></mor></w>
    <w>way<mor type="mor"><mw><pos><c>n</c></pos><stem>way</stem></mw><gra type="gra" index="7" head="5" relation="POBJ"/></mor></w>
    <t type="q"><mor type="mor"><mt type="q"/><gra type="gra" index="8" head="3" relation="PUNCT"/></mor></t>

    <a type="actions">&lt;1w&gt; picks up nesting cups and discards</a>
  </u>
  <u who="MOT" uID="u13">
    <w>and<mor type="mor"><mw><pos><c>coord</c></pos><stem>and</stem></mw><gra type="gra" index="1" head="2" relation="LINK"/></mor></w>
    <w>put<mor type="mor"><mw><pos><c>v</c></pos><stem>put</stem><mk type="sfxf">ZERO</mk></mw><gra type="gra" index="2" head="0" relation="ROOT"/></mor></w>
    <w><shortening>th</shortening>em<mor type="mor"><mw><pos><c>pro</c><s>obj</s></pos><stem>them</stem></mw><gra type="gra" index="3" head="2" relation="OBJ"/></mor></w>
    <w>over<mor type="mor"><mw><pos><c>prep</c></pos><stem>over</stem></mw><gra type="gra" index="4" head="2" relation="JCT"/></mor></w>
    <w>here<mor type="mor"><mw><pos><c>n</c></pos><stem>here</stem></mw><gra type="gra" index="5" head="4" relation="POBJ"/></mor></w>
    <t type="q"><mor type="mor"><mt type="q"/><gra type="gra" index="6" head="2" relation="PUNCT"/></mor></t>

  </u>
  <u who="CHI" uID="u14">
    <e><action/></e>
    <t type="p"></t>

    <a type="actions">shuts shape box . attempts to put object in one hole . tries another , succeeds</a>
  </u>
  <u who="MOT" uID="u15">
    <e><action/></e>
    <t type="p"></t>

    <a type="gesture">smiles</a>
  </u>
  <u who="CHI" uID="u16">
    <w untranscribed="unintelligible-with-pho">yyy</w>
    <t type="q"></t>

    <a type="actions">&lt;bef&gt; attempts to put block in shape box</a>
    <a type="extension" flavor="pho">6</a>
  </u>
  <u who="MOT" uID="u17">
    <w>does<mor type="mor"><mw><pos><c>mod</c></pos><stem>do</stem><mk type="sfxf">3S</mk></mw><gra type="gra" index="1" head="3" relation="AUX"/></mor></w>
    <w>it<mor type="mor"><mw><pos><c>pro</c><s>per</s></pos><stem>it</stem></mw><gra type="gra" index="2" head="3" relation="SUBJ"/></mor></w>
    <w>go<mor type="mor"><mw><pos><c>v</c></pos><stem>go</stem></mw><gra type="gra" index="3" head="0" relation="ROOT"/></mor></w>
    <w>there<mor type="mor"><mw><pos><c>adv</c></pos><stem>there</stem></mw><gra type="gra" index="4" head="3" relation="JCT"/></mor></w>
    <t type="q"><mor type="mor"><mt type="q"/><gra type="gra" index="5" head="3" relation="PUNCT"/></mor></t>

  </u>
  <u who="CHI" uID="u18">
    <e><action/></e>
    <t type="p"></t>

    <a type="gesture">nods</a>
  </u>
  <u who="MOT" uID="u19">
    <w>does<mor type="mor"><mw><pos><c>mod</c></pos><stem>do</stem><mk type="sfxf">3S</mk></mw><gra type="gra" index="1" head="0" relation="INCROOT"/></mor></w>
    <w>it<mor type="mor"><mw><pos><c>pro</c><s>per</s></pos><stem>it</stem></mw><gra type="gra" index="2" head="1" relation="OBJ"/></mor></w>
    <t type="q"><mor type="mor"><mt type="q"/><gra type="gra" index="3" head="1" relation="PUNCT"/></mor></t>

  </u>
  <u who="CHI" uID="u20">
    <e><action/></e>
    <t type="p"></t>

    <a type="gesture">smiles at Mother</a>
    <a type="actions">puts block over right hole . holds it there . drops it in . drops another in with other hand</a>
  </u>
  <u who="MOT" uID="u21">
    <w>good<mor type="mor"><mw><pos><c>adj</c></pos><stem>good</stem></mw><gra type="gra" index="1" head="2" relation="MOD"/></mor></w>
    <pause symbolic-length="simple"/>
    <w>girl<mor type="mor"><mw><pos><c>n</c></pos><stem>girl</stem></mw><gra type="gra" index="2" head="0" relation="INCROOT"/></mor></w>
    <t type="e"><mor type="mor"><mt type="e"/><gra type="gra" index="3" head="2" relation="PUNCT"/></mor></t>

  </u>
  <u who="MOT" uID="u22">
    <w>good<mor type="mor"><mw><pos><c>adj</c></pos><stem>good</stem></mw><gra type="gra" index="1" head="2" relation="MOD"/></mor></w>
    <w>girl<mor type="mor"><mw><pos><c>n</c></pos><stem>girl</stem></mw><gra type="gra" index="2" head="0" relation="INCROOT"/></mor></w>
    <t type="p"><mor type="mor"><mt type="p"/><gra type="gra" index="3" head="2" relation="PUNCT"/></mor></t>

    <a type="intonation">&lt;1w&gt; spoken rapidly</a>
  </u>
  <u who="CHI" uID="u23">
    <w untranscribed="unintelligible">xxx</w>
    <t type="p"></t>

    <a type="actions">pulls shape box toward self . peeks in hole</a>
  </u>
  <u who="MOT" uID="u24">
    <w>where<mor type="mor"><mw><pos><c>pro</c><s>int</s></pos><stem>where</stem></mw><gra type="gra" index="1" head="2" relation="JCT"/></mor></w>
    <w>are<mor type="mor"><mw><pos><c>cop</c></pos><stem>be</stem><mk type="sfxf">PRES</mk></mw><gra type="gra" index="2" head="0" relation="ROOT"/></mor></w>
    <w>they<mor type="mor"><mw><pos><c>pro</c><s>sub</s></pos><stem>they</stem></mw><gra type="gra" index="3" head="2" relation="PRED"/></mor></w>
    <t type="q"><mor type="mor"><mt type="q"/><gra type="gra" index="4" head="2" relation="PUNCT"/></mor></t>

  </u>
  <u who="MOT" uID="u25">
    <w>where'd<mor type="mor"><mw><pos><c>pro</c><s>int</s></pos><stem>where</stem></mw><gra type="gra" index="1" head="4" relation="JCT"/><mor-post><mw><pos><c>mod</c></pos><stem>genmod</stem></mw><gra type="gra" index="2" head="4" relation="AUX"/></mor-post></mor></w>
    <w>they<mor type="mor"><mw><pos><c>pro</c><s>sub</s></pos><stem>they</stem></mw><gra type="gra" index="3" head="4" relation="SUBJ"/></mor></w>
    <w>go<mor type="mor"><mw><pos><c>v</c></pos><stem>go</stem></mw><gra type="gra" index="4" head="0" relation="ROOT"/></mor></w>
    <t type="q"><mor type="mor"><mt type="q"/><gra type="gra" index="5" head="4" relation="PUNCT"/></mor></t>

  </u>
  <u who="CHI" uID="u26">
    <w untranscribed="unintelligible">xxx</w>
    <t type="p"></t>

    <a type="actions">&lt;aft&gt; takes out objects in both hands . shuts lid . attempts to put object in shape box . object falls off</a>
  </u>
  <u who="CHI" uID="u27">
    <w>uhoh<mor type="mor"><mw><pos><c>co</c></pos><stem>uhoh</stem></mw><gra type="gra" index="1" head="0" relation="INCROOT"/></mor></w>
    <t type="e"><mor type="mor"><mt type="e"/><gra type="gra" index="2" head="1" relation="PUNCT"/></mor></t>

    <a type="gesture">smiles at Mother</a>
    <a type="actions">&lt;aft&gt; puts object in shape box . puts another object in shape box</a>
  </u>
  <u who="MOT" uID="u28">
    <e><action/></e>
    <t type="p"></t>

    <a type="gesture">smiles at Mandy</a>
  </u>
  <u who="CHI" uID="u29">
    <w>ball<mor type="mor"><mw><pos><c>n</c></pos><stem>ball</stem></mw><gra type="gra" index="1" head="0" relation="INCROOT"/></mor></w>
    <t type="p"><mor type="mor"><mt type="p"/><gra type="gra" index="2" head="1" relation="PUNCT"/></mor></t>

    <a type="actions">&lt;1w&gt; leans toward object . moves shape box away a bit</a>
  </u>
  <u who="CHI" uID="u30">
    <w>more<mor type="mor"><mw><pos><c>pro</c><s>indef</s></pos><stem>more</stem></mw><gra type="gra" index="1" head="0" relation="INCROOT"/></mor></w>
    <t type="p"><mor type="mor"><mt type="p"/><gra type="gra" index="2" head="1" relation="PUNCT"/></mor></t>

  </u>
  <u who="MOT" uID="u31">
    <w>more<mor type="mor"><mw><pos><c>pro</c><s>indef</s></pos><stem>more</stem></mw><gra type="gra" index="1" head="0" relation="INCROOT"/></mor></w>
    <t type="q"><mor type="mor"><mt type="q"/><gra type="gra" index="2" head="1" relation="PUNCT"/></mor></t>

  </u>
  <u who="CHI" uID="u32">
    <e><action/></e>
    <t type="p"></t>

    <a type="actions">picks up ball shaped object and holds</a>
  </u>
  <u who="MOT" uID="u33">
    <w>got<mor type="mor"><mw><pos><c>v</c></pos><stem>get</stem><mk type="sfxf">PAST</mk></mw><gra type="gra" index="1" head="0" relation="ROOT"/></mor></w>
    <w>it<mor type="mor"><mw><pos><c>pro</c><s>per</s></pos><stem>it</stem></mw><gra type="gra" index="2" head="1" relation="OBJ"/></mor></w>
    <t type="e"><mor type="mor"><mt type="e"/><gra type="gra" index="3" head="1" relation="PUNCT"/></mor></t>

  </u>
  <u who="CHI" uID="u34">
    <w untranscribed="unintelligible-with-pho">yyy</w>
    <t type="e"></t>

    <a type="gesture">looks toward dollhouse and smiles</a>
    <a type="actions">&lt;aft&gt; holds shape box on floor . puts fingers in hole</a>
    <a type="extension" flavor="pho">6k</a>
  </u>
  <u who="MOT" uID="u35">
    <w>huh<mor type="mor"><mw><pos><c>co</c></pos><stem>huh</stem></mw><gra type="gra" index="1" head="0" relation="INCROOT"/></mor></w>
    <t type="q"><mor type="mor"><mt type="q"/><gra type="gra" index="2" head="1" relation="PUNCT"/></mor></t>

  </u>
  <u who="MOT" uID="u36">
    <w>peek<mor type="mor"><mw><pos><c>n</c></pos><stem>peek</stem></mw><gra type="gra" index="1" head="0" relation="INCROOT"/></mor></w>
    <t type="q"><mor type="mor"><mt type="q"/><gra type="gra" index="2" head="1" relation="PUNCT"/></mor></t>

  </u>
  <u who="CHI" uID="u37">
    <w>all<mor type="mor"><mw><pos><c>post</c></pos><stem>all</stem></mw><gra type="gra" index="1" head="2" relation="JCT"/></mor></w>
    <w>done<mor type="mor"><mw><pos><c>part</c></pos><stem>do</stem><mk type="sfxf">PASTP</mk></mw><gra type="gra" index="2" head="0" relation="ROOT"/></mor></w>
    <t type="p"><mor type="mor"><mt type="p"/><gra type="gra" index="3" head="2" relation="PUNCT"/></mor></t>

    <a type="gesture">smiles at Mother</a>
    <a type="actions">picks up shape box and holds out to Mother</a>
  </u>
  <u who="MOT" uID="u38">
    <w>all<mor type="mor"><mw><pos><c>post</c></pos><stem>all</stem></mw><gra type="gra" index="1" head="0" relation="INCROOT"/></mor></w>
    <w>done<mor type="mor"><mw><pos><c>part</c></pos><stem>do</stem><mk type="sfxf">PASTP</mk></mw><gra type="gra" index="2" head="1" relation="XMOD"/></mor></w>
    <pause symbolic-length="simple"/>
    <w>okay<mor type="mor"><mw><pos><c>adj</c></pos><stem>okay</stem></mw><gra type="gra" index="3" head="2" relation="JCT"/></mor></w>
    <t type="p"><mor type="mor"><mt type="p"/><gra type="gra" index="4" head="1" relation="PUNCT"/></mor></t>

    <a type="actions">takes shape box and puts on floor</a>
  </u>
  <u who="MOT" uID="u39">
    <w>now<mor type="mor"><mw><pos><c>adv</c></pos><stem>now</stem></mw><gra type="gra" index="1" head="5" relation="JCT"/></mor></w>
    <w>what<mor type="mor"><mw><pos><c>pro</c><s>int</s></pos><stem>what</stem></mw><gra type="gra" index="2" head="5" relation="SUBJ"/></mor></w>
    <w>do<mor type="mor"><mw><pos><c>mod</c></pos><stem>do</stem></mw><gra type="gra" index="3" head="5" relation="AUX"/></mor></w>
    <w>you<mor type="mor"><mw><pos><c>pro</c><s>per</s></pos><stem>you</stem></mw><gra type="gra" index="4" head="5" relation="SUBJ"/></mor></w>
    <w>wanna<mor type="mor"><mw><pos><c>v</c></pos><stem>want</stem></mw><gra type="gra" index="5" head="0" relation="ROOT"/><mor-post><mw><pos><c>inf</c></pos><stem>to</stem></mw><gra type="gra" index="6" head="7" relation="INF"/></mor-post></mor></w>
    <w>play<mor type="mor"><mw><pos><c>v</c></pos><stem>play</stem></mw><gra type="gra" index="7" head="5" relation="COMP"/></mor></w>
    <t type="q"><mor type="mor"><mt type="q"/><gra type="gra" index="8" head="5" relation="PUNCT"/></mor></t>

  </u>
  <u who="CHI" uID="u40">
    <e><action/></e>
    <t type="p"></t>

    <a type="gesture">points to dollhouse</a>
  </u>
  <u who="CHI" uID="u41">
    <w untranscribed="unintelligible-with-pho">yyy</w>
    <t type="p"></t>

    <a type="gesture">&lt;aft&gt; puts hand down</a>
    <a type="extension" flavor="pho">6</a>
  </u>
  <u who="MOT" uID="u42">
    <w>what's<mor type="mor"><mw><pos><c>pro</c><s>int</s></pos><stem>what</stem></mw><gra type="gra" index="1" head="2" relation="SUBJ"/><mor-post><mw><pos><c>cop</c></pos><stem>be</stem><mk type="sfxf">3S</mk></mw><gra type="gra" index="2" head="0" relation="ROOT"/></mor-post></mor></w>
    <w>in<mor type="mor"><mw><pos><c>prep</c></pos><stem>in</stem></mw><gra type="gra" index="3" head="2" relation="JCT"/></mor></w>
    <w>there<mor type="mor"><mw><pos><c>n</c></pos><stem>there</stem></mw><gra type="gra" index="4" head="3" relation="POBJ"/></mor></w>
    <t type="q"><mor type="mor"><mt type="q"/><gra type="gra" index="5" head="2" relation="PUNCT"/></mor></t>

    <a type="actions">pushes dollhouse toward Mandy</a>
  </u>
  <u who="CHI" uID="u43">
    <w untranscribed="unintelligible">xxx</w>
    <t type="p"></t>

    <a type="actions">puts one hand on edge of dollhouse and points to shape box with other hand . holds onto dollhouse as she reorients</a>
  </u>
  <u who="MOT" uID="u44">
    <w>what's<mor type="mor"><mw><pos><c>pro</c><s>int</s></pos><stem>what</stem></mw><gra type="gra" index="1" head="2" relation="SUBJ"/><mor-post><mw><pos><c>cop</c></pos><stem>be</stem><mk type="sfxf">3S</mk></mw><gra type="gra" index="2" head="0" relation="ROOT"/></mor-post></mor></w>
    <w>this<mor type="mor"><mw><pos><c>pro</c><s>dem</s></pos><stem>this</stem></mw><gra type="gra" index="3" head="2" relation="PRED"/></mor></w>
    <t type="q"><mor type="mor"><mt type="q"/><gra type="gra" index="4" head="2" relation="PUNCT"/></mor></t>

    <a type="actions">picks up object , drops it</a>
    <a type="gesture">&lt;1w-2w&gt; points to dollhouse door and taps</a>
  </u>
  <u who="MOT" uID="u45">
    <w untranscribed="unintelligible">xxx</w>
    <t type="p"></t>

    <a type="gesture">&lt;1w&gt; points to dollhouse door and taps</a>
  </u>
  <u who="MOT" uID="u46">
    <w untranscribed="unintelligible">xxx</w>
    <t type="p"></t>

  </u>
  <u who="CHI" uID="u47">
    <e><action/></e>
    <t type="p"></t>

    <a type="actions">moves dollhouse away . puts hand in shape box hole</a>
  </u>
  <u who="MOT" uID="u48">
    <w>oh<mor type="mor"><mw><pos><c>co</c></pos><stem>oh</stem></mw><gra type="gra" index="1" head="3" relation="COM"/></mor></w>
    <pause symbolic-length="simple"/>
    <w>you<mor type="mor"><mw><pos><c>pro</c><s>per</s></pos><stem>you</stem></mw><gra type="gra" index="2" head="3" relation="SUBJ"/></mor></w>
    <w>want<mor type="mor"><mw><pos><c>v</c></pos><stem>want</stem></mw><gra type="gra" index="3" head="0" relation="ROOT"/></mor></w>
    <w>that<mor type="mor"><mw><pos><c>pro</c><s>dem</s></pos><stem>that</stem></mw><gra type="gra" index="4" head="3" relation="OBJ"/></mor></w>
    <t type="q"><mor type="mor"><mt type="q"/><gra type="gra" index="5" head="3" relation="PUNCT"/></mor></t>

  </u>
  <u who="CHI" uID="u49">
    <e><action/></e>
    <t type="p"></t>

    <a type="actions">opens shape box briefly by hole . puts hand in hole</a>
  </u>
  <u who="MOT" uID="u50">
    <w>I<mor type="mor"><mw><pos><c>pro</c><s>sub</s></pos><stem>I</stem></mw><gra type="gra" index="1" head="2" relation="SUBJ"/></mor></w>
    <w>thought<mor type="mor"><mw><pos><c>v</c></pos><stem>think</stem><mk type="sfxf">PAST</mk></mw><gra type="gra" index="2" head="0" relation="ROOT"/></mor></w>
    <w>you<mor type="mor"><mw><pos><c>pro</c><s>per</s></pos><stem>you</stem></mw><gra type="gra" index="3" head="6" relation="SUBJ"/></mor></w>
    <w>were<mor type="mor"><mw><pos><c>cop</c></pos><stem>be</stem><mk type="sfxf">PAST</mk></mw><gra type="gra" index="4" head="6" relation="AUX"/></mor></w>
    <w>all<mor type="mor"><mw><pos><c>post</c></pos><stem>all</stem></mw><gra type="gra" index="5" head="6" relation="JCT"/></mor></w>
    <w>done<mor type="mor"><mw><pos><c>part</c></pos><stem>do</stem><mk type="sfxf">PASTP</mk></mw><gra type="gra" index="6" head="2" relation="COMP"/></mor></w>
    <t type="p"><mor type="mor"><mt type="p"/><gra type="gra" index="7" head="2" relation="PUNCT"/></mor></t>

    <a type="actions">&lt;aft&gt; discards nesting cups</a>
  </u>
  <u who="CHI" uID="u51">
    <e><action/></e>
    <t type="p"></t>

    <a type="gesture">points to shape box lid</a>
    <a type="actions">puts other hand in shape box hole</a>
  </u>
  <u who="CHI" uID="u52">
    <w untranscribed="unintelligible">xxx</w>
    <t type="p"></t>

    <a type="actions">puts eye to shape box hole</a>
    <a type="alternative">piece</a>
  </u>
  <u who="MOT" uID="u53">
    <w>where<mor type="mor"><mw><pos><c>pro</c><s>int</s></pos><stem>where</stem></mw><gra type="gra" index="1" head="2" relation="SUBJ"/></mor></w>
    <w>is<mor type="mor"><mw><pos><c>cop</c></pos><stem>be</stem><mk type="sfxf">3S</mk></mw><gra type="gra" index="2" head="4" relation="SUBJ"/></mor></w>
    <w>that<mor type="mor"><mw><pos><c>pro</c><s>dem</s></pos><stem>that</stem></mw><gra type="gra" index="3" head="2" relation="PRED"/></mor></w>
    <w>piece<mor type="mor"><mw><pos><c>v</c></pos><stem>piece</stem></mw><gra type="gra" index="4" head="0" relation="ROOT"/></mor></w>
    <t type="q"><mor type="mor"><mt type="q"/><gra type="gra" index="5" head="4" relation="PUNCT"/></mor></t>

  </u>
  <u who="CHI" uID="u54">
    <w type="filler">uh</w>
    <t type="e"></t>

    <a type="gesture">&lt;aft&gt; points to shape box hole</a>
    <a type="actions">lifts shape box slightly by hand in hole</a>
  </u>
  <u who="MOT" uID="u55">
    <w>how<mor type="mor"><mw><pos><c>pro</c><s>int</s></pos><stem>how</stem></mw><gra type="gra" index="1" head="4" relation="JCT"/></mor></w>
    <w>do<mor type="mor"><mw><pos><c>mod</c></pos><stem>do</stem></mw><gra type="gra" index="2" head="4" relation="AUX"/></mor></w>
    <w>you<mor type="mor"><mw><pos><c>pro</c><s>per</s></pos><stem>you</stem></mw><gra type="gra" index="3" head="4" relation="SUBJ"/></mor></w>
    <w>open<mor type="mor"><mw><pos><c>v</c></pos><stem>open</stem></mw><gra type="gra" index="4" head="0" relation="ROOT"/></mor></w>
    <w>it<mor type="mor"><mw><pos><c>pro</c><s>per</s></pos><stem>it</stem></mw><gra type="gra" index="5" head="4" relation="OBJ"/></mor></w>
    <t type="q"><mor type="mor"><mt type="q"/><gra type="gra" index="6" head="4" relation="PUNCT"/></mor></t>

  </u>
  <u who="CHI" uID="u56">
    <w>open<mor type="mor"><mw><pos><c>adj</c></pos><stem>open</stem></mw><gra type="gra" index="1" head="0" relation="INCROOT"/></mor></w>
    <t type="p"><mor type="mor"><mt type="p"/><gra type="gra" index="2" head="1" relation="PUNCT"/></mor></t>

    <a type="gesture">looks at Mother and smiles</a>
    <a type="actions">&lt;aft&gt; attempts to open but lid closes . succeeds . reaches in shape box</a>
  </u>
  <u who="MOT" uID="u57">
    <e><action/><ga type="paralinguistics">soft laugh</ga></e>
    <t type="p"></t>

    <a type="actions">touches Mandy's cheek</a>
  </u>
  <u who="CHI" uID="u58">
    <e><action/></e>
    <t type="p"></t>

    <a type="gesture">looks at Mother's hand</a>
    <a type="actions">rummages in shape box . takes out object and holds</a>
  </u>
  <u who="MOT" uID="u59">
    <e><action/></e>
    <t type="p"></t>

    <a type="actions">takes out object</a>
  </u>
  <u who="MOT" uID="u60">
    <e><action/></e>
    <t type="p"></t>

    <a type="gesture">points to object in Mother's hand</a>
    <a type="actions">shuts lid</a>
  </u>
  <u who="MOT" uID="u61">
    <e><action/></e>
    <t type="p"></t>

    <a type="actions">puts object on shape box lid</a>
  </u>
  <u who="CHI" uID="u62">
    <e><action/></e>
    <t type="p"></t>

    <a type="gesture">looks at Mother</a>
    <a type="actions">picks up object and holds over hole</a>
  </u>
  <u who="MOT" uID="u63">
    <e><action/></e>
    <t type="p"></t>

    <a type="gesture">nods . smiles</a>
  </u>
  <u who="CHI" uID="u64">
    <e><action/></e>
    <t type="p"></t>

    <a type="gesture">looks at Mother</a>
    <a type="actions">puts object in shape box</a>
  </u>
  <u who="MOT" uID="u65">
    <w>good<mor type="mor"><mw><pos><c>adj</c></pos><stem>good</stem></mw><gra type="gra" index="1" head="0" relation="INCROOT"/></mor></w>
    <t type="e"><mor type="mor"><mt type="e"/><gra type="gra" index="2" head="1" relation="PUNCT"/></mor></t>

    <a type="actions">touches Mandy on shoulder</a>
  </u>
  <u who="CHI" uID="u66">
    <w>ball<mor type="mor"><mw><pos><c>n</c></pos><stem>ball</stem></mw><gra type="gra" index="1" head="0" relation="INCROOT"/></mor></w>
    <t type="e"><mor type="mor"><mt type="e"/><gra type="gra" index="2" head="1" relation="PUNCT"/></mor></t>

    <a type="actions">takes object from one hand and puts in shape box with other hand</a>
    <a type="gesture">&lt;bef&gt; looks down and smiles</a>
  </u>
  <u who="MOT" uID="u67">
    <w>uhhuh<mor type="mor"><mw><pos><c>co</c></pos><stem>uhhuh</stem></mw><gra type="gra" index="1" head="0" relation="INCROOT"/></mor></w>
    <t type="p"><mor type="mor"><mt type="p"/><gra type="gra" index="2" head="1" relation="PUNCT"/></mor></t>

  </u>
  <u who="CHI" uID="u68">
    <e><action/></e>
    <t type="p"></t>

    <a type="gesture">smiles at Mother</a>
    <a type="actions">puts object in shape box with one hand . repeats with other hand . dances , flails arms</a>
  </u>
  <u who="MOT" uID="u69">
    <w>are<mor type="mor"><mw><pos><c>cop</c></pos><stem>be</stem><mk type="sfxf">PRES</mk></mw><gra type="gra" index="1" head="0" relation="ROOT"/></mor></w>
    <w>you<mor type="mor"><mw><pos><c>pro</c><s>per</s></pos><stem>you</stem></mw><gra type="gra" index="2" head="1" relation="PRED"/></mor></w>
    <w>going<mor type="mor"><mw><pos><c>part</c></pos><stem>go</stem><mk type="sfx">PRESP</mk></mw><gra type="gra" index="3" head="2" relation="XMOD"/></mor></w>
    <w>to<mor type="mor"><mw><pos><c>inf</c></pos><stem>to</stem></mw><gra type="gra" index="4" head="5" relation="INF"/></mor></w>
    <w>do<mor type="mor"><mw><pos><c>v</c></pos><stem>do</stem></mw><gra type="gra" index="5" head="3" relation="COMP"/></mor></w>
    <w>a<mor type="mor"><mw><pos><c>det</c><s>art</s></pos><stem>a</stem></mw><gra type="gra" index="6" head="8" relation="DET"/></mor></w>
    <w>little<mor type="mor"><mw><pos><c>adj</c></pos><stem>little</stem></mw><gra type="gra" index="7" head="8" relation="MOD"/></mor></w>
    <w>dance<mor type="mor"><mw><pos><c>n</c></pos><stem>dance</stem></mw><gra type="gra" index="8" head="5" relation="OBJ"/></mor></w>
    <t type="q"><mor type="mor"><mt type="q"/><gra type="gra" index="9" head="1" relation="PUNCT"/></mor></t>

  </u>
  <u who="CHI" uID="u70">
    <e><action/></e>
    <t type="p"></t>

    <a type="gesture">smiles at Mother</a>
    <a type="actions">moves body coyly</a>
  </u>
  <u who="MOT" uID="u71">
    <w>you<mor type="mor"><mw><pos><c>pro</c><s>per</s></pos><stem>you</stem></mw><gra type="gra" index="1" head="2" relation="SUBJ"/></mor></w>
    <w>doin<shortening>g</shortening><mor type="mor"><mw><pos><c>part</c></pos><stem>do</stem><mk type="sfx">PRESP</mk></mw><gra type="gra" index="2" head="0" relation="ROOT"/></mor></w>
    <w>a<mor type="mor"><mw><pos><c>det</c><s>art</s></pos><stem>a</stem></mw><gra type="gra" index="3" head="5" relation="DET"/></mor></w>
    <w>little<mor type="mor"><mw><pos><c>adj</c></pos><stem>little</stem></mw><gra type="gra" index="4" head="5" relation="MOD"/></mor></w>
    <w>dance<mor type="mor"><mw><pos><c>n</c></pos><stem>dance</stem></mw><gra type="gra" index="5" head="2" relation="OBJ"/></mor></w>
    <t type="q"><mor type="mor"><mt type="q"/><gra type="gra" index="6" head="2" relation="PUNCT"/></mor></t>

  </u>
  <u who="MOT" uID="u72">
    <w>doin<shortening>g</shortening><mor type="mor"><mw><pos><c>part</c></pos><stem>do</stem><mk type="sfx">PRESP</mk></mw><gra type="gra" index="1" head="0" relation="INCROOT"/></mor></w>
    <w>a<mor type="mor"><mw><pos><c>det</c><s>art</s></pos><stem>a</stem></mw><gra type="gra" index="2" head="4" relation="DET"/></mor></w>
    <w>little<mor type="mor"><mw><pos><c>adj</c></pos><stem>little</stem></mw><gra type="gra" index="3" head="4" relation="MOD"/></mor></w>
    <w>dance<mor type="mor"><mw><pos><c>n</c></pos><stem>dance</stem></mw><gra type="gra" index="4" head="1" relation="OBJ"/></mor></w>
    <t type="p"><mor type="mor"><mt type="p"/><gra type="gra" index="5" head="1" relation="PUNCT"/></mor></t>

    <a type="actions">tickles Mandy's stomach</a>
    <a type="paralinguistics">spoken softly</a>
  </u>
  <u who="CHI" uID="u73">
    <w untranscribed="unintelligible">xxx</w>
    <t type="p"></t>

    <a type="paralinguistics">spoken softly</a>
  </u>
  <u who="CHI" uID="u74">
    <w>all_done<mor type="mor"><mw><pos><c>co</c></pos><stem>all_done</stem></mw><gra type="gra" index="1" head="0" relation="INCROOT"/></mor></w>
    <t type="e"><mor type="mor"><mt type="e"/><gra type="gra" index="2" head="1" relation="PUNCT"/></mor></t>

    <a type="actions">&lt;aft&gt; pulls dollhouse toward self . holds dollhouse</a>
    <a type="extension" flavor="pho">6 d6n</a>
  </u>
  <u who="MOT" uID="u75">
    <w>you<mor type="mor"><mw><pos><c>pro</c><s>per</s></pos><stem>you</stem></mw><gra type="gra" index="1" head="3" relation="SUBJ"/></mor></w>
    <w>all<mor type="mor"><mw><pos><c>adv</c></pos><stem>all</stem></mw><gra type="gra" index="2" head="3" relation="JCT"/></mor></w>
    <w>done<mor type="mor"><mw><pos><c>part</c></pos><stem>do</stem><mk type="sfxf">PASTP</mk></mw><gra type="gra" index="3" head="0" relation="ROOT"/></mor></w>
    <w>with<mor type="mor"><mw><pos><c>prep</c></pos><stem>with</stem></mw><gra type="gra" index="4" head="3" relation="JCT"/></mor></w>
    <w>that<mor type="mor"><mw><pos><c>pro</c><s>dem</s></pos><stem>that</stem></mw><gra type="gra" index="5" head="4" relation="POBJ"/></mor></w>
    <pause symbolic-length="simple"/>
    <w>too<mor type="mor"><mw><pos><c>adv</c></pos><stem>too</stem></mw><gra type="gra" index="6" head="3" relation="JCT"/></mor></w>
    <t type="q"><mor type="mor"><mt type="q"/><gra type="gra" index="7" head="3" relation="PUNCT"/></mor></t>

    <a type="actions">&lt;aft&gt; pulls dollhouse to self</a>
  </u>
  <u who="CHI" uID="u76">
    <w>juice<mor type="mor"><mw><pos><c>n</c></pos><stem>juice</stem></mw><gra type="gra" index="1" head="0" relation="INCROOT"/></mor></w>
    <t type="p"><mor type="mor"><mt type="p"/><gra type="gra" index="2" head="1" relation="PUNCT"/></mor></t>

    <a type="gesture">&lt;bef&gt; nods</a>
    <a type="extension" flavor="pho">dui</a>
  </u>
  <u who="MOT" uID="u77">
    <w>you<mor type="mor"><mw><pos><c>pro</c><s>per</s></pos><stem>you</stem></mw><gra type="gra" index="1" head="2" relation="SUBJ"/></mor></w>
    <w>want<mor type="mor"><mw><pos><c>v</c></pos><stem>want</stem></mw><gra type="gra" index="2" head="0" relation="ROOT"/></mor></w>
    <w>some<mor type="mor"><mw><pos><c>qn</c></pos><stem>some</stem></mw><gra type="gra" index="3" head="4" relation="QUANT"/></mor></w>
    <w>juice<mor type="mor"><mw><pos><c>n</c></pos><stem>juice</stem></mw><gra type="gra" index="4" head="2" relation="OBJ"/></mor></w>
    <t type="q"><mor type="mor"><mt type="q"/><gra type="gra" index="5" head="2" relation="PUNCT"/></mor></t>

  </u>
  <u who="MOT" uID="u78">
    <w>c<shortening>o</shortening>me<mor type="mor"><mw><pos><c>v</c></pos><stem>come</stem></mw><gra type="gra" index="1" head="0" relation="ROOT"/></mor></w>
    <w><shortening>h</shortening>ere<mor type="mor"><mw><pos><c>adv</c></pos><stem>here</stem></mw><gra type="gra" index="2" head="1" relation="JCT"/></mor></w>
    <t type="e"><mor type="mor"><mt type="e"/><gra type="gra" index="3" head="1" relation="PUNCT"/></mor></t>

  </u>
  <u who="MOT" uID="u79">
    <w>where<mor type="mor"><mw><pos><c>pro</c><s>int</s></pos><stem>where</stem></mw><gra type="gra" index="1" head="3" relation="LINK"/></mor></w>
    <w>you<mor type="mor"><mw><pos><c>pro</c><s>per</s></pos><stem>you</stem></mw><gra type="gra" index="2" head="3" relation="SUBJ"/></mor></w>
    <w>goin<shortening>g</shortening><mor type="mor"><mw><pos><c>part</c></pos><stem>go</stem><mk type="sfx">PRESP</mk></mw><gra type="gra" index="3" head="0" relation="ROOT"/></mor></w>
    <t type="q"><mor type="mor"><mt type="q"/><gra type="gra" index="4" head="3" relation="PUNCT"/></mor></t>

  </u>
  <u who="CHI" uID="u80">
    <w>juice<mor type="mor"><mw><pos><c>n</c></pos><stem>juice</stem></mw><gra type="gra" index="1" head="0" relation="INCROOT"/></mor></w>
    <t type="p"><mor type="mor"><mt type="p"/><gra type="gra" index="2" head="1" relation="PUNCT"/></mor></t>

    <a type="paralinguistics">laughs</a>
  </u>
  <u who="MOT" uID="u81">
    <w>huh<mor type="mor"><mw><pos><c>co</c></pos><stem>huh</stem></mw><gra type="gra" index="1" head="0" relation="INCROOT"/></mor></w>
    <t type="q"><mor type="mor"><mt type="q"/><gra type="gra" index="2" head="1" relation="PUNCT"/></mor></t>

    <a type="actions">gets up</a>
  </u>
  <u who="MOT" uID="u82">
    <w>c<shortening>o</shortening>me<mor type="mor"><mw><pos><c>v</c></pos><stem>come</stem></mw><gra type="gra" index="1" head="0" relation="ROOT"/></mor></w>
    <w><shortening>h</shortening>ere<mor type="mor"><mw><pos><c>adv</c></pos><stem>here</stem></mw><gra type="gra" index="2" head="1" relation="JCT"/></mor></w>
    <t type="p"><mor type="mor"><mt type="p"/><gra type="gra" index="3" head="1" relation="PUNCT"/></mor></t>

  </u>
  <u who="CHI" uID="u83">
    <w>juice<mor type="mor"><mw><pos><c>n</c></pos><stem>juice</stem></mw><gra type="gra" index="1" head="0" relation="INCROOT"/></mor></w>
    <t type="p"><mor type="mor"><mt type="p"/><gra type="gra" index="2" head="1" relation="PUNCT"/></mor></t>

    <a type="actions">sits in chair</a>
    <a type="paralinguistics">laughs</a>
  </u>
  <u who="MOT" uID="u84">
    <w>I'm<mor type="mor"><mw><pos><c>pro</c><s>sub</s></pos><stem>I</stem></mw><gra type="gra" index="1" head="3" relation="SUBJ"/><mor-post><mw><pos><c>aux</c></pos><stem>be</stem><mk type="sfxf">1S</mk></mw><gra type="gra" index="2" head="3" relation="AUX"/></mor-post></mor></w>
    <w>gonna<mor type="mor"><mw><pos><c>part</c></pos><stem>go</stem><mk type="sfx">PRESP</mk></mw><gra type="gra" index="3" head="0" relation="ROOT"/><mor-post><mw><pos><c>inf</c></pos><stem>to</stem></mw><gra type="gra" index="4" head="5" relation="INF"/></mor-post></mor></w>
    <w>get<mor type="mor"><mw><pos><c>v</c></pos><stem>get</stem></mw><gra type="gra" index="5" head="3" relation="COMP"/></mor></w>
    <w>you<mor type="mor"><mw><pos><c>pro</c><s>per</s></pos><stem>you</stem></mw><gra type="gra" index="6" head="5" relation="OBJ"/></mor></w>
    <t type="p"><mor type="mor"><mt type="p"/><gra type="gra" index="7" head="3" relation="PUNCT"/></mor></t>

    <a type="actions">walks toward Mandy</a>
    <a type="paralinguistics">&lt;bef&gt; laughs</a>
  </u>
  <u who="CHI" uID="u85">
    <w untranscribed="unintelligible-with-pho">yyy</w>
    <t type="p"></t>

    <a type="alternative">juice</a>
    <a type="extension" flavor="pho">jui</a>
  </u>
  <u who="MOT" uID="u86">
    <w>juice<mor type="mor"><mw><pos><c>n</c></pos><stem>juice</stem></mw><gra type="gra" index="1" head="0" relation="INCROOT"/></mor></w>
    <t type="q"><mor type="mor"><mt type="q"/><gra type="gra" index="2" head="1" relation="PUNCT"/></mor></t>

  </u>
  <u who="CHI" uID="u87">
    <w>toys<mor type="mor"><mw><pos><c>n</c></pos><stem>toy</stem><mk type="sfx">PL</mk></mw><gra type="gra" index="1" head="0" relation="INCROOT"/></mor></w>
    <t type="p"><mor type="mor"><mt type="p"/><gra type="gra" index="2" head="1" relation="PUNCT"/></mor></t>

    <a type="gesture">points</a>
  </u>
  <u who="CHI" uID="u88">
    <w>toys<mor type="mor"><mw><pos><c>n</c></pos><stem>toy</stem><mk type="sfx">PL</mk></mw><gra type="gra" index="1" head="0" relation="INCROOT"/></mor></w>
    <t type="p"><mor type="mor"><mt type="p"/><gra type="gra" index="2" head="1" relation="PUNCT"/></mor></t>

  </u>
  <u who="MOT" uID="u89">
    <w>what<mor type="mor"><mw><pos><c>pro</c><s>int</s></pos><stem>what</stem></mw><gra type="gra" index="1" head="3" relation="MOD"/></mor></w>
    <pause symbolic-length="simple"/>
    <w>the<mor type="mor"><mw><pos><c>det</c><s>art</s></pos><stem>the</stem></mw><gra type="gra" index="2" head="3" relation="DET"/></mor></w>
    <w>toys<mor type="mor"><mw><pos><c>n</c></pos><stem>toy</stem><mk type="sfx">PL</mk></mw><gra type="gra" index="3" head="0" relation="INCROOT"/></mor></w>
    <t type="q"><mor type="mor"><mt type="q"/><gra type="gra" index="4" head="3" relation="PUNCT"/></mor></t>

    <a type="actions">picks up Mandy</a>
  </u>
  <u who="MOT" uID="u90">
    <w>did<mor type="mor"><mw><pos><c>mod</c></pos><stem>do</stem><mk type="sfxf">PAST</mk></mw><gra type="gra" index="1" head="3" relation="AUX"/></mor></w>
    <w>you<mor type="mor"><mw><pos><c>pro</c><s>per</s></pos><stem>you</stem></mw><gra type="gra" index="2" head="3" relation="SUBJ"/></mor></w>
    <w>want<mor type="mor"><mw><pos><c>v</c></pos><stem>want</stem></mw><gra type="gra" index="3" head="0" relation="ROOT"/></mor></w>
    <w>the<mor type="mor"><mw><pos><c>det</c><s>art</s></pos><stem>the</stem></mw><gra type="gra" index="4" head="5" relation="DET"/></mor></w>
    <w>toys<mor type="mor"><mw><pos><c>n</c></pos><stem>toy</stem><mk type="sfx">PL</mk></mw><gra type="gra" index="5" head="3" relation="OBJ"/></mor></w>
    <t type="q"><mor type="mor"><mt type="q"/><gra type="gra" index="6" head="3" relation="PUNCT"/></mor></t>

  </u>
  <u who="MOT" uID="u91">
    <w>c<shortening>o</shortening>m<shortening>e</shortening><mor type="mor"><mw><pos><c>v</c></pos><stem>come</stem></mw><gra type="gra" index="1" head="0" relation="ROOT"/></mor></w>
    <w>on<mor type="mor"><mw><pos><c>adv</c></pos><stem>on</stem></mw><gra type="gra" index="2" head="1" relation="JCT"/></mor></w>
    <t type="p"><mor type="mor"><mt type="p"/><gra type="gra" index="3" head="1" relation="PUNCT"/></mor></t>

    <a type="actions">&lt;1w&gt; carries Mandy toward dollhouse and shape box .</a>
  </u>
  <u who="MOT" uID="u92">
    <w>look_it<mor type="mor"><mw><pos><c>co</c></pos><stem>look_it</stem></mw><gra type="gra" index="1" head="0" relation="INCROOT"/></mor></w>
    <t type="p"><mor type="mor"><mt type="p"/><gra type="gra" index="2" head="1" relation="PUNCT"/></mor></t>

  </u>
  <u who="MOT" uID="u93">
    <w>play<mor type="mor"><mw><pos><c>n</c></pos><stem>play</stem></mw><gra type="gra" index="1" head="0" relation="INCROOT"/></mor></w>
    <w>with<mor type="mor"><mw><pos><c>prep</c></pos><stem>with</stem></mw><gra type="gra" index="2" head="1" relation="JCT"/></mor></w>
    <w>those<mor type="mor"><mw><pos><c>det</c><s>dem</s></pos><stem>those</stem></mw><gra type="gra" index="3" head="4" relation="DET"/></mor></w>
    <w>toys<mor type="mor"><mw><pos><c>n</c></pos><stem>toy</stem><mk type="sfx">PL</mk></mw><gra type="gra" index="4" head="2" relation="POBJ"/></mor></w>
    <pause symbolic-length="simple"/>
    <w>see<mor type="mor"><mw><pos><c>co</c></pos><stem>see</stem></mw><gra type="gra" index="5" head="1" relation="COM"/></mor></w>
    <t type="q"><mor type="mor"><mt type="q"/><gra type="gra" index="6" head="1" relation="PUNCT"/></mor></t>

    <a type="actions">&lt;1w&gt; squats with her arm around Mandy &lt;1w&gt; puts her down by dollhouse .</a>
  </u>
  <u who="MOT" uID="u94">
    <w untranscribed="unintelligible">xxx</w>
    <t type="p"></t>

    <a type="actions">rummages in dollhouse . holds up chair toward Mandy</a>
  </u>
  <u who="CHI" uID="u95">
    <e><action/><ga type="paralinguistics">growl noise</ga></e>
    <t type="p"></t>

  </u>
  <u who="MOT" uID="u96">
    <w>huh<mor type="mor"><mw><pos><c>co</c></pos><stem>huh</stem></mw><gra type="gra" index="1" head="0" relation="INCROOT"/></mor></w>
    <t type="q"><mor type="mor"><mt type="q"/><gra type="gra" index="2" head="1" relation="PUNCT"/></mor></t>

    <a type="actions">&lt;aft&gt; picks up car in dollhouse . puts down &lt;dur&gt; puts man in chair in dollhouse . &lt;bef&gt; puts chair down .</a>
  </u>
  <u who="CHI" uID="u97">
    <w untranscribed="unintelligible-with-pho">yyy</w>
    <t type="e"></t>

    <a type="actions">&lt;aft&gt; rummages in shape box &lt;dur&gt; holds lid with both hands . &lt;bef&gt; grabs shape box and opens .</a>
    <a type="extension" flavor="pho">A</a>
  </u>
  <u who="CHI" uID="u98">
    <w>oh<mor type="mor"><mw><pos><c>co</c></pos><stem>oh</stem></mw><gra type="gra" index="1" head="0" relation="INCROOT"/></mor></w>
    <t type="e"><mor type="mor"><mt type="e"/><gra type="gra" index="2" head="1" relation="PUNCT"/></mor></t>

    <a type="actions">&lt;aft&gt; shuts lid &lt;dur&gt; takes out another object and holds . &lt;bef&gt; takes object out of shape box and holds . rummages .</a>
  </u>
  <u who="MOT" uID="u99">
    <e><action/></e>
    <t type="p"></t>

    <a type="actions">picks up nesting cups . puts down by dollhouse . reorients nesting cups by dollhouse</a>
  </u>
  <u who="CHI" uID="u100">
    <w type="filler">uh</w>
    <t type="e"></t>

    <a type="actions">attempts to put object in wrong hole</a>
  </u>
  <u who="MOT" uID="u101">
    <w untranscribed="unintelligible">xxx</w>
    <t type="p"></t>

    <a type="gesture">flashes eye brow</a>
  </u>
  <u who="CHI" uID="u102">
    <e><action/></e>
    <t type="p"></t>

    <a type="actions">moves hand to different hole</a>
  </u>
  <u who="MOT" uID="u103">
    <w>there<mor type="mor"><mw><pos><c>adv</c></pos><stem>there</stem></mw><gra type="gra" index="1" head="3" relation="JCT"/></mor></w>
    <w>you<mor type="mor"><mw><pos><c>pro</c><s>per</s></pos><stem>you</stem></mw><gra type="gra" index="2" head="3" relation="SUBJ"/></mor></w>
    <w>go<mor type="mor"><mw><pos><c>v</c></pos><stem>go</stem></mw><gra type="gra" index="3" head="0" relation="ROOT"/></mor></w>
    <t type="e"><mor type="mor"><mt type="e"/><gra type="gra" index="4" head="3" relation="PUNCT"/></mor></t>

  </u>
  <u who="CHI" uID="u104">
    <e><action/></e>
    <t type="p"></t>

    <a type="gesture">smiles at Mother</a>
    <a type="actions">moves to wrong hole . holds object over wrong hole</a>
  </u>
  <u who="MOT" uID="u105">
    <w>does<mor type="mor"><mw><pos><c>mod</c></pos><stem>do</stem><mk type="sfxf">3S</mk></mw><gra type="gra" index="1" head="3" relation="AUX"/></mor></w>
    <w>it<mor type="mor"><mw><pos><c>pro</c><s>per</s></pos><stem>it</stem></mw><gra type="gra" index="2" head="3" relation="SUBJ"/></mor></w>
    <w>go<mor type="mor"><mw><pos><c>v</c></pos><stem>go</stem></mw><gra type="gra" index="3" head="0" relation="ROOT"/></mor></w>
    <w>in<mor type="mor"><mw><pos><c>prep</c></pos><stem>in</stem></mw><gra type="gra" index="4" head="3" relation="JCT"/></mor></w>
    <w>there<mor type="mor"><mw><pos><c>n</c></pos><stem>there</stem></mw><gra type="gra" index="5" head="4" relation="POBJ"/></mor></w>
    <t type="q"><mor type="mor"><mt type="q"/><gra type="gra" index="6" head="3" relation="PUNCT"/></mor></t>

  </u>
  <u who="CHI" uID="u106">
    <e><action/></e>
    <t type="p"></t>

    <a type="gesture">smiles at Mother . makes strange mouth movements . nods</a>
  </u>
  <u who="MOT" uID="u107">
    <w>it<mor type="mor"><mw><pos><c>pro</c><s>per</s></pos><stem>it</stem></mw><gra type="gra" index="1" head="2" relation="SUBJ"/></mor></w>
    <w>does<mor type="mor"><mw><pos><c>mod</c></pos><stem>do</stem><mk type="sfxf">3S</mk></mw><gra type="gra" index="2" head="0" relation="INCROOT"/></mor></w>
    <t type="q"><mor type="mor"><mt type="q"/><gra type="gra" index="3" head="2" relation="PUNCT"/></mor></t>

  </u>
  <u who="MOT" uID="u108">
    <w>are<mor type="mor"><mw><pos><c>cop</c></pos><stem>be</stem><mk type="sfxf">PRES</mk></mw><gra type="gra" index="1" head="0" relation="ROOT"/></mor></w>
    <w>you<mor type="mor"><mw><pos><c>pro</c><s>per</s></pos><stem>you</stem></mw><gra type="gra" index="2" head="1" relation="PRED"/></mor></w>
    <w>teasing<mor type="mor"><mw><pos><c>part</c></pos><stem>tease</stem><mk type="sfx">PRESP</mk></mw><gra type="gra" index="3" head="2" relation="XMOD"/></mor></w>
    <w>me<mor type="mor"><mw><pos><c>pro</c><s>obj</s></pos><stem>me</stem></mw><gra type="gra" index="4" head="3" relation="OBJ"/></mor></w>
    <t type="q"><mor type="mor"><mt type="q"/><gra type="gra" index="5" head="1" relation="PUNCT"/></mor></t>

  </u>
  <u who="CHI" uID="u109">
    <e><action/></e>
    <t type="p"></t>

    <a type="gesture">big smile</a>
    <a type="actions">puts hand up . puts object over another wrong hole and holds it there . moves object to right hole again . holds it there</a>
  </u>
  <u who="MOT" uID="u110">
    <e><action/></e>
    <t type="p"></t>

    <a type="gesture">nods . smiles</a>
  </u>
  <u who="CHI" uID="u111">
    <w>ball<mor type="mor"><mw><pos><c>n</c></pos><stem>ball</stem></mw><gra type="gra" index="1" head="0" relation="INCROOT"/></mor></w>
    <t type="e"><mor type="mor"><mt type="e"/><gra type="gra" index="2" head="1" relation="PUNCT"/></mor></t>

    <a type="gesture">smiles at Mother</a>
    <a type="actions">&lt;dur&gt; looks inside shape box hole &lt;bef&gt; drops object in hole . holds other ball toward shape box . stops .</a>
  </u>
  <u who="MOT" uID="u112">
    <w>can<mor type="mor"><mw><pos><c>mod</c></pos><stem>can</stem></mw><gra type="gra" index="1" head="3" relation="AUX"/></mor></w>
    <w>you<mor type="mor"><mw><pos><c>pro</c><s>per</s></pos><stem>you</stem></mw><gra type="gra" index="2" head="3" relation="SUBJ"/></mor></w>
    <w>see<mor type="mor"><mw><pos><c>v</c></pos><stem>see</stem></mw><gra type="gra" index="3" head="0" relation="ROOT"/></mor></w>
    <w>it<mor type="mor"><mw><pos><c>pro</c><s>per</s></pos><stem>it</stem></mw><gra type="gra" index="4" head="3" relation="OBJ"/></mor></w>
    <t type="q"><mor type="mor"><mt type="q"/><gra type="gra" index="5" head="3" relation="PUNCT"/></mor></t>

  </u>
  <u who="CHI" uID="u113">
    <e><action/></e>
    <t type="p"></t>

    <a type="actions">drops another object in shape box . repeats .</a>
  </u>
  <u who="MOT" uID="u114">
    <w>where'd<mor type="mor"><mw><pos><c>pro</c><s>rel</s></pos><stem>where</stem></mw><gra type="gra" index="1" head="4" relation="LINK"/><mor-post><mw><pos><c>mod</c></pos><stem>genmod</stem></mw><gra type="gra" index="2" head="4" relation="AUX"/></mor-post></mor></w>
    <w>it<mor type="mor"><mw><pos><c>pro</c><s>per</s></pos><stem>it</stem></mw><gra type="gra" index="3" head="4" relation="SUBJ"/></mor></w>
    <w>go<mor type="mor"><mw><pos><c>v</c></pos><stem>go</stem></mw><gra type="gra" index="4" head="0" relation="ROOT"/></mor></w>
    <t type="q"><mor type="mor"><mt type="q"/><gra type="gra" index="5" head="4" relation="PUNCT"/></mor></t>

  </u>
  <u who="CHI" uID="u115">
    <e><action/><ga type="paralinguistics">funny laugh</ga></e>
    <t type="p"></t>

    <a type="gesture">looks inside shape box . smiles</a>
    <a type="actions">leans over shape box . sits up</a>
  </u>
  <u who="MOT" uID="u116">
    <e><happening>laughs</happening></e>
    <t type="p"></t>

  </u>
  <u who="CHI" uID="u117">
    <w>all<mor type="mor"><mw><pos><c>post</c></pos><stem>all</stem></mw><gra type="gra" index="1" head="2" relation="JCT"/></mor></w>
    <w>done<mor type="mor"><mw><pos><c>part</c></pos><stem>do</stem><mk type="sfxf">PASTP</mk></mw><gra type="gra" index="2" head="0" relation="ROOT"/></mor></w>
    <t type="p"><mor type="mor"><mt type="p"/><gra type="gra" index="3" head="2" relation="PUNCT"/></mor></t>

    <a type="actions">puts hands on shape box</a>
  </u>
  <u who="CHI" uID="u118">
    <w>all<mor type="mor"><mw><pos><c>post</c></pos><stem>all</stem></mw><gra type="gra" index="1" head="2" relation="JCT"/></mor></w>
    <w>done<mor type="mor"><mw><pos><c>part</c></pos><stem>do</stem><mk type="sfxf">PASTP</mk></mw><gra type="gra" index="2" head="0" relation="ROOT"/></mor></w>
    <t type="p"><mor type="mor"><mt type="p"/><gra type="gra" index="3" head="2" relation="PUNCT"/></mor></t>

  </u>
  <u who="MOT" uID="u119">
    <w>all<mor type="mor"><mw><pos><c>post</c></pos><stem>all</stem></mw><gra type="gra" index="1" head="2" relation="JCT"/></mor></w>
    <w>done<mor type="mor"><mw><pos><c>part</c></pos><stem>do</stem><mk type="sfxf">PASTP</mk></mw><gra type="gra" index="2" head="0" relation="ROOT"/></mor></w>
    <t type="q"><mor type="mor"><mt type="q"/><gra type="gra" index="3" head="2" relation="PUNCT"/></mor></t>

  </u>
  <u who="CHI" uID="u120">
    <e><action/></e>
    <t type="p"></t>

    <a type="gesture">nods</a>
  </u>
  <u who="MOT" uID="u121">
    <w>what<mor type="mor"><mw><pos><c>pro</c><s>int</s></pos><stem>what</stem></mw><gra type="gra" index="1" head="4" relation="LINK"/></mor></w>
    <w>do<mor type="mor"><mw><pos><c>mod</c></pos><stem>do</stem></mw><gra type="gra" index="2" head="4" relation="AUX"/></mor></w>
    <w>you<mor type="mor"><mw><pos><c>pro</c><s>per</s></pos><stem>you</stem></mw><gra type="gra" index="3" head="4" relation="SUBJ"/></mor></w>
    <w>wanna<mor type="mor"><mw><pos><c>v</c></pos><stem>want</stem></mw><gra type="gra" index="4" head="0" relation="ROOT"/><mor-post><mw><pos><c>inf</c></pos><stem>to</stem></mw><gra type="gra" index="5" head="6" relation="INF"/></mor-post></mor></w>
    <w>do<mor type="mor"><mw><pos><c>v</c></pos><stem>do</stem></mw><gra type="gra" index="6" head="4" relation="COMP"/></mor></w>
    <w>now<mor type="mor"><mw><pos><c>adv</c></pos><stem>now</stem></mw><gra type="gra" index="7" head="6" relation="JCT"/></mor></w>
    <t type="q"><mor type="mor"><mt type="q"/><gra type="gra" index="8" head="4" relation="PUNCT"/></mor></t>

  </u>
  <u who="CHI" uID="u122">
    <e><action/></e>
    <t type="p"></t>

    <a type="actions">kicks top of shape box</a>
  </u>
  <u who="MOT" uID="u123">
    <w>poor<mor type="mor"><mw><pos><c>adj</c></pos><stem>poor</stem></mw><gra type="gra" index="1" head="2" relation="MOD"/></mor></w>
    <w>toy<mor type="mor"><mw><pos><c>n</c></pos><stem>toy</stem></mw><gra type="gra" index="2" head="0" relation="INCROOT"/></mor></w>
    <t type="e"><mor type="mor"><mt type="e"/><gra type="gra" index="3" head="2" relation="PUNCT"/></mor></t>

  </u>
  <u who="CHI" uID="u124">
    <w>all<mor type="mor"><mw><pos><c>post</c></pos><stem>all</stem></mw><gra type="gra" index="1" head="2" relation="JCT"/></mor></w>
    <w>done<mor type="mor"><mw><pos><c>part</c></pos><stem>do</stem><mk type="sfxf">PASTP</mk></mw><gra type="gra" index="2" head="0" relation="ROOT"/></mor></w>
    <t type="p"><mor type="mor"><mt type="p"/><gra type="gra" index="3" head="2" relation="PUNCT"/></mor></t>

  </u>
  <u who="MOT" uID="u125">
    <w>you<mor type="mor"><mw><pos><c>pro</c><s>per</s></pos><stem>you</stem></mw><gra type="gra" index="1" head="2" relation="SUBJ"/></mor></w>
    <w>gonna<mor type="mor"><mw><pos><c>part</c></pos><stem>go</stem><mk type="sfx">PRESP</mk></mw><gra type="gra" index="2" head="0" relation="ROOT"/><mor-post><mw><pos><c>inf</c></pos><stem>to</stem></mw><gra type="gra" index="3" head="4" relation="INF"/></mor-post></mor></w>
    <w>sleep<mor type="mor"><mw><pos><c>v</c></pos><stem>sleep</stem></mw><gra type="gra" index="4" head="2" relation="COMP"/></mor></w>
    <w>for<mor type="mor"><mw><pos><c>prep</c></pos><stem>for</stem></mw><gra type="gra" index="5" head="4" relation="JCT"/></mor></w>
    <w>awhile<mor type="mor"><mw><pos><c>adv</c></pos><stem>awhile</stem></mw><gra type="gra" index="6" head="5" relation="POBJ"/></mor></w>
    <t type="q"><mor type="mor"><mt type="q"/><gra type="gra" index="7" head="2" relation="PUNCT"/></mor></t>

  </u>
  <u who="MOT" uID="u126">
    <w>go<mor type="mor"><mw><pos><c>v</c></pos><stem>go</stem></mw><gra type="gra" index="1" head="0" relation="ROOT"/></mor></w>
    <w>night_night<mor type="mor"><mw><pos><c>n</c></pos><stem>night</stem><mk type="sfxf">DUP</mk></mw><gra type="gra" index="2" head="1" relation="OBJ"/></mor></w>
    <t type="q"><mor type="mor"><mt type="q"/><gra type="gra" index="3" head="1" relation="PUNCT"/></mor></t>

  </u>
  <u who="CHI" uID="u127">
    <w>all<mor type="mor"><mw><pos><c>post</c></pos><stem>all</stem></mw><gra type="gra" index="1" head="2" relation="JCT"/></mor></w>
    <w>done<mor type="mor"><mw><pos><c>part</c></pos><stem>do</stem><mk type="sfxf">PASTP</mk></mw><gra type="gra" index="2" head="0" relation="ROOT"/></mor></w>
    <t type="p"><mor type="mor"><mt type="p"/><gra type="gra" index="3" head="2" relation="PUNCT"/></mor></t>

  </u>
  <u who="MOT" uID="u128">
    <w>climb<mor type="mor"><mw><pos><c>v</c></pos><stem>climb</stem></mw><gra type="gra" index="1" head="0" relation="ROOT"/></mor></w>
    <t type="q"><mor type="mor"><mt type="q"/><gra type="gra" index="2" head="1" relation="PUNCT"/></mor></t>

  </u>
  <u who="CHI" uID="u129">
    <w>all<mor type="mor"><mw><pos><c>post</c></pos><stem>all</stem></mw><gra type="gra" index="1" head="2" relation="JCT"/></mor></w>
    <w>done<mor type="mor"><mw><pos><c>part</c></pos><stem>do</stem><mk type="sfxf">PASTP</mk></mw><gra type="gra" index="2" head="0" relation="ROOT"/></mor></w>
    <t type="p"><mor type="mor"><mt type="p"/><gra type="gra" index="3" head="2" relation="PUNCT"/></mor></t>

    <a type="actions">gets off bean bag chair , walks around it and between two chairs</a>
  </u>
  <u who="MOT" uID="u130">
    <w>bye<mor type="mor"><mw><pos><c>co</c></pos><stem>bye</stem></mw><gra type="gra" index="1" head="0" relation="INCROOT"/></mor></w>
    <t type="p"><mor type="mor"><mt type="p"/><gra type="gra" index="2" head="1" relation="PUNCT"/></mor></t>

  </u>
  <u who="MOT" uID="u131">
    <w>where<mor type="mor"><mw><pos><c>pro</c><s>int</s></pos><stem>where</stem></mw><gra type="gra" index="1" head="3" relation="LINK"/></mor></w>
    <w>you<mor type="mor"><mw><pos><c>pro</c><s>per</s></pos><stem>you</stem></mw><gra type="gra" index="2" head="3" relation="SUBJ"/></mor></w>
    <w>goin<shortening>g</shortening><mor type="mor"><mw><pos><c>part</c></pos><stem>go</stem><mk type="sfx">PRESP</mk></mw><gra type="gra" index="3" head="0" relation="ROOT"/></mor></w>
    <t type="q"><mor type="mor"><mt type="q"/><gra type="gra" index="4" head="3" relation="PUNCT"/></mor></t>

  </u>
  <u who="CHI" uID="u132">
    <e><action/></e>
    <t type="p"></t>

    <a type="actions">crawls around bean bag chair</a>
  </u>
  <u who="MOT" uID="u133">
    <w>gonna<mor type="mor"><mw><pos><c>part</c></pos><stem>go</stem><mk type="sfx">PRESP</mk></mw><gra type="gra" index="1" head="0" relation="INCROOT"/><mor-post><mw><pos><c>inf</c></pos><stem>to</stem></mw><gra type="gra" index="2" head="3" relation="INF"/></mor-post></mor></w>
    <w>hide<mor type="mor"><mw><pos><c>v</c></pos><stem>hide</stem></mw><gra type="gra" index="3" head="1" relation="COMP"/></mor></w>
    <w>from<mor type="mor"><mw><pos><c>prep</c></pos><stem>from</stem></mw><gra type="gra" index="4" head="3" relation="JCT"/></mor></w>
    <w>Mommy<mor type="mor"><mw><pos><c>n</c><s>prop</s></pos><stem>Mommy</stem></mw><gra type="gra" index="5" head="4" relation="POBJ"/></mor></w>
    <t type="q"><mor type="mor"><mt type="q"/><gra type="gra" index="6" head="1" relation="PUNCT"/></mor></t>

  </u>
  <u who="CHI" uID="u134">
    <e><action/></e>
    <t type="p"></t>

    <a type="actions">picks up her bottle and holds it . climbs back through bean bag chairs</a>
  </u>
  <u who="MOT" uID="u135">
    <w>what<mor type="mor"><mw><pos><c>pro</c><s>int</s></pos><stem>what</stem></mw><gra type="gra" index="1" head="4" relation="OBJ"/></mor></w>
    <w>did<mor type="mor"><mw><pos><c>mod</c></pos><stem>do</stem><mk type="sfxf">PAST</mk></mw><gra type="gra" index="2" head="4" relation="AUX"/></mor></w>
    <w>you<mor type="mor"><mw><pos><c>pro</c><s>per</s></pos><stem>you</stem></mw><gra type="gra" index="3" head="4" relation="SUBJ"/></mor></w>
    <w>find<mor type="mor"><mw><pos><c>v</c></pos><stem>find</stem></mw><gra type="gra" index="4" head="0" relation="ROOT"/></mor></w>
    <t type="q"><mor type="mor"><mt type="q"/><gra type="gra" index="5" head="4" relation="PUNCT"/></mor></t>

  </u>
  <u who="MOT" uID="u136">
    <w>did<mor type="mor"><mw><pos><c>mod</c></pos><stem>do</stem><mk type="sfxf">PAST</mk></mw><gra type="gra" index="1" head="3" relation="AUX"/></mor></w>
    <w>you<mor type="mor"><mw><pos><c>pro</c><s>per</s></pos><stem>you</stem></mw><gra type="gra" index="2" head="3" relation="SUBJ"/></mor></w>
    <w>find<mor type="mor"><mw><pos><c>v</c></pos><stem>find</stem></mw><gra type="gra" index="3" head="0" relation="ROOT"/></mor></w>
    <g><w>that<mor type="mor"><mw><pos><c>pro</c><s>dem</s></pos><stem>that</stem></mw><gra type="gra" index="4" head="3" relation="OBJ"/></mor></w><k type="best guess"/></g>
    <t type="q"><mor type="mor"><mt type="q"/><gra type="gra" index="5" head="3" relation="PUNCT"/></mor></t>

  </u>
  <u who="MOT" uID="u137">
    <w>look<mor type="mor"><mw><pos><c>v</c></pos><stem>look</stem></mw><gra type="gra" index="1" head="0" relation="ROOT"/></mor></w>
    <pause symbolic-length="simple"/>
    <w>Mandy<mor type="mor"><mw><pos><c>n</c><s>prop</s></pos><stem>Mandy</stem></mw><gra type="gra" index="2" head="1" relation="OBJ"/></mor></w>
    <t type="e"><mor type="mor"><mt type="e"/><gra type="gra" index="3" head="1" relation="PUNCT"/></mor></t>

    <a type="actions">stacks nesting cups</a>
  </u>
  <u who="MOT" uID="u138">
    <w>look<mor type="mor"><mw><pos><c>v</c></pos><stem>look</stem></mw><gra type="gra" index="1" head="0" relation="ROOT"/></mor></w>
    <w>here<mor type="mor"><mw><pos><c>adv</c></pos><stem>here</stem></mw><gra type="gra" index="2" head="1" relation="JCT"/></mor></w>
    <t type="e"><mor type="mor"><mt type="e"/><gra type="gra" index="3" head="1" relation="PUNCT"/></mor></t>

  </u>
  <u who="CHI" uID="u139">
    <e><action/></e>
    <t type="p"></t>

    <a type="actions">sucks bottle</a>
  </u>
  <u who="MOT" uID="u140">
    <w untranscribed="unintelligible">xxx</w>
    <t type="p"></t>

    <a type="actions">&lt;bef&gt; picks up more nesting cups and moves them toward Mandy . unstacks nesting cups and stacks again</a>
  </u>
  <u who="MOT" uID="u141">
    <w>where<mor type="mor"><mw><pos><c>pro</c><s>int</s></pos><stem>where</stem></mw><gra type="gra" index="1" head="4" relation="JCT"/></mor></w>
    <w>does<mor type="mor"><mw><pos><c>mod</c></pos><stem>do</stem><mk type="sfxf">3S</mk></mw><gra type="gra" index="2" head="4" relation="AUX"/></mor></w>
    <w>that<mor type="mor"><mw><pos><c>adv</c></pos><stem>that</stem></mw><gra type="gra" index="3" head="4" relation="JCT"/></mor></w>
    <w>go<mor type="mor"><mw><pos><c>v</c></pos><stem>go</stem></mw><gra type="gra" index="4" head="0" relation="ROOT"/></mor></w>
    <t type="q"><mor type="mor"><mt type="q"/><gra type="gra" index="5" head="4" relation="PUNCT"/></mor></t>

    <a type="actions">&lt;aft&gt; puts cup down and moves nesting cup stack</a>
  </u>
  <u who="CHI" uID="u142">
    <e><action/></e>
    <t type="p"></t>

    <a type="actions">continues sucking on bottle . puts nesting cup on stack</a>
  </u>
  <u who="MOT" uID="u143">
    <w>does<mor type="mor"><mw><pos><c>mod</c></pos><stem>do</stem><mk type="sfxf">3S</mk></mw><gra type="gra" index="1" head="3" relation="AUX"/></mor></w>
    <w>that<mor type="mor"><mw><pos><c>adv</c></pos><stem>that</stem></mw><gra type="gra" index="2" head="3" relation="JCT"/></mor></w>
    <w>go<mor type="mor"><mw><pos><c>v</c></pos><stem>go</stem></mw><gra type="gra" index="3" head="0" relation="ROOT"/></mor></w>
    <w>in<mor type="mor"><mw><pos><c>prep</c></pos><stem>in</stem></mw><gra type="gra" index="4" head="3" relation="JCT"/></mor></w>
    <w>there<mor type="mor"><mw><pos><c>n</c></pos><stem>there</stem></mw><gra type="gra" index="5" head="4" relation="POBJ"/></mor></w>
    <t type="q"><mor type="mor"><mt type="q"/><gra type="gra" index="6" head="3" relation="PUNCT"/></mor></t>

  </u>
  <u who="MOT" uID="u144">
    <w>huh<mor type="mor"><mw><pos><c>co</c></pos><stem>huh</stem></mw><gra type="gra" index="1" head="0" relation="INCROOT"/></mor></w>
    <t type="q"><mor type="mor"><mt type="q"/><gra type="gra" index="2" head="1" relation="PUNCT"/></mor></t>

  </u>
  <u who="CHI" uID="u145">
    <e><action/></e>
    <t type="p"></t>

    <a type="actions">touches nesting cups on stack</a>
  </u>
  <u who="MOT" uID="u146">
    <w>here's<mor type="mor"><mw><pos><c>pro</c><s>exist</s></pos><stem>here</stem></mw><gra type="gra" index="1" head="2" relation="SUBJ"/><mor-post><mw><pos><c>cop</c></pos><stem>be</stem><mk type="sfxf">3S</mk></mw><gra type="gra" index="2" head="0" relation="ROOT"/></mor-post></mor></w>
    <w>some<mor type="mor"><mw><pos><c>qn</c></pos><stem>some</stem></mw><gra type="gra" index="3" head="4" relation="QUANT"/></mor></w>
    <w>more<mor type="mor"><mw><pos><c>pro</c><s>indef</s></pos><stem>more</stem></mw><gra type="gra" index="4" head="2" relation="PRED"/></mor></w>
    <pause symbolic-length="simple"/>
    <w>too<mor type="mor"><mw><pos><c>adv</c></pos><stem>too</stem></mw><gra type="gra" index="5" head="4" relation="NJCT"/></mor></w>
    <t type="p"><mor type="mor"><mt type="p"/><gra type="gra" index="6" head="2" relation="PUNCT"/></mor></t>

    <a type="actions">&lt;aft&gt; unstacks one cup . puts down . moves stack</a>
  </u>
  <u who="CHI" uID="u147">
    <e><action/></e>
    <t type="p"></t>

    <a type="gesture">smiles at Mother . when she puts her hands up has air of joy of creation</a>
    <a type="actions">picks up nesting cups Mother brought and puts on stack . picks up another cup and puts on stack . puts both hands up</a>
  </u>
  <u who="MOT" uID="u148">
    <w>o<p type="drawl"/>h<mor type="mor"><mw><pos><c>co</c></pos><stem>oh</stem></mw><gra type="gra" index="1" head="0" relation="INCROOT"/></mor></w>
    <t type="p"><mor type="mor"><mt type="p"/><gra type="gra" index="2" head="1" relation="PUNCT"/></mor></t>

  </u>
  <u who="MOT" uID="u149">
    <w>the<p type="drawl"/>y're<mor type="mor"><mw><pos><c>pro</c><s>sub</s></pos><stem>they</stem></mw><gra type="gra" index="1" head="2" relation="SUBJ"/><mor-post><mw><pos><c>cop</c></pos><stem>be</stem><mk type="sfxf">PRES</mk></mw><gra type="gra" index="2" head="0" relation="ROOT"/></mor-post></mor></w>
    <w>a<p type="drawl"/>ll<mor type="mor"><mw><pos><c>post</c></pos><stem>all</stem></mw><gra type="gra" index="3" head="2" relation="PRED"/></mor></w>
    <w>toge<p type="drawl"/>ther<mor type="mor"><mw><pos><c>adv</c></pos><stem>together</stem></mw><gra type="gra" index="4" head="3" relation="JCT"/></mor></w>
    <t type="e"><mor type="mor"><mt type="e"/><gra type="gra" index="5" head="2" relation="PUNCT"/></mor></t>

  </u>
  <u who="CHI" uID="u150">
    <e><action/></e>
    <t type="p"></t>

    <a type="actions">picks up nesting cup stack with both hands . holds out to Mother</a>
  </u>
  <u who="MOT" uID="u151">
    <w>all<mor type="mor"><mw><pos><c>post</c></pos><stem>all</stem></mw><gra type="gra" index="1" head="2" relation="JCT"/></mor></w>
    <w>done<mor type="mor"><mw><pos><c>part</c></pos><stem>do</stem><mk type="sfxf">PASTP</mk></mw><gra type="gra" index="2" head="0" relation="ROOT"/></mor></w>
    <t type="q"><mor type="mor"><mt type="q"/><gra type="gra" index="3" head="2" relation="PUNCT"/></mor></t>

    <a type="actions">takes stack from Mandy and holds</a>
  </u>
  <u who="CHI" uID="u152">
    <e><action/></e>
    <t type="p"></t>

    <a type="actions">picks up bottle and sucks</a>
    <a type="gesture">nods vigorously</a>
  </u>
  <u who="MOT" uID="u153">
    <w>huh<mor type="mor"><mw><pos><c>co</c></pos><stem>huh</stem></mw><gra type="gra" index="1" head="0" relation="INCROOT"/></mor></w>
    <t type="q"><mor type="mor"><mt type="q"/><gra type="gra" index="2" head="1" relation="PUNCT"/></mor></t>

    <a type="actions">&lt;aft&gt; takes car out of dollhouse</a>
  </u>
</CHAT>