<?xml version="1.0" encoding="UTF-8"?>

<CHAT xmlns:xsi="http://www.w3.org/2001/XMLSchema-instance"
      xmlns="http://www.talkbank.org/ns/talkbank"
      xsi:schemaLocation="http://www.talkbank.org/ns/talkbank https://talkbank.org/software/talkbank.xsd"
            DesignType="cross"
            ActivityType="toyplay"
            GroupType="TD"
      PID="11312/c-00015235-1"
      Version="2.16.0"
      Lang="eng"
      Corpus="Bates"
      >
  <Participants>
    <participant
      id="CHI"
    name="Olivia"
      role="Target_Child"
      language="eng"
      age="P1Y08M"
      sex="female"
      group="TD"
      SES="MC"

    />
    <participant
      id="MOT"
      role="Mother"
      language="eng"
      sex="female"

    />
    <participant
      id="ANN"
      role="Unidentified"
      language="eng"

    />
  </Participants>
  <comment type="Types">cross, toyplay, TD</comment>
  <u who="MOT" uID="u0">
    <w>shall<mor type="mor"><mw><pos><c>mod</c></pos><stem>shall</stem></mw><gra type="gra" index="1" head="3" relation="AUX"/></mor></w>
    <w>we<mor type="mor"><mw><pos><c>pro</c><s>sub</s></pos><stem>we</stem></mw><gra type="gra" index="2" head="3" relation="SUBJ"/></mor></w>
    <w>go<mor type="mor"><mw><pos><c>v</c></pos><stem>go</stem></mw><gra type="gra" index="3" head="0" relation="ROOT"/></mor></w>
    <w>horseback<mor type="mor"><mwc><pos><c>adv</c></pos><mw><pos><c>n</c></pos><stem>horse</stem></mw><mw><pos><c>adv</c></pos><stem>back</stem></mw></mwc><gra type="gra" index="4" head="3" relation="JCT"/></mor></w>
    <w>riding<mor type="mor"><mw><pos><c>part</c></pos><stem>ride</stem><mk type="sfx">PRESP</mk></mw><gra type="gra" index="5" head="3" relation="XJCT"/></mor></w>
    <t type="q"><mor type="mor"><mt type="q"/><gra type="gra" index="6" head="3" relation="PUNCT"/></mor></t>

    <a type="actions">pushes car back and forth . draws back and stops</a>
  </u>
  <u who="CHI" uID="u1">
    <e><action/></e>
    <t type="p"></t>

    <a type="gesture">nods</a>
  </u>
  <u who="MOT" uID="u2">
    <e><action/><ga type="paralinguistics">makes soft car noises</ga></e>
    <t type="p"></t>

    <a type="actions">pushes car forward and back . takes hand off</a>
  </u>
  <u who="CHI" uID="u3">
    <e><action/></e>
    <t type="p"></t>

    <a type="actions">arm follows car . takes one man and then another from car and puts down on floor</a>
  </u>
  <u who="MOT" uID="u4">
    <w>what's<mor type="mor"><mw><pos><c>pro</c><s>int</s></pos><stem>what</stem></mw><gra type="gra" index="1" head="2" relation="SUBJ"/><mor-post><mw><pos><c>cop</c></pos><stem>be</stem><mk type="sfxf">3S</mk></mw><gra type="gra" index="2" head="0" relation="ROOT"/></mor-post></mor></w>
    <w>this<mor type="mor"><mw><pos><c>pro</c><s>dem</s></pos><stem>this</stem></mw><gra type="gra" index="3" head="2" relation="PRED"/></mor></w>
    <t type="q"><mor type="mor"><mt type="q"/><gra type="gra" index="4" head="2" relation="PUNCT"/></mor></t>

    <a type="actions">reaches in dollhouse , picks up object and puts down on floor</a>
  </u>
  <u who="CHI" uID="u5">
    <w type="filler">uh</w>
    <pause symbolic-length="simple"/>
    <w>chicken<mor type="mor"><mw><pos><c>n</c></pos><stem>chicken</stem></mw><gra type="gra" index="1" head="0" relation="INCROOT"/></mor></w>
    <t type="q"><mor type="mor"><mt type="q"/><gra type="gra" index="2" head="1" relation="PUNCT"/></mor></t>

    <a type="actions">takes another man from car and puts on floor</a>
  </u>
  <u who="MOT" uID="u6">
    <w>chicken<mor type="mor"><mw><pos><c>n</c></pos><stem>chicken</stem></mw><gra type="gra" index="1" head="0" relation="INCROOT"/></mor></w>
    <t type="q"><mor type="mor"><mt type="q"/><gra type="gra" index="2" head="1" relation="PUNCT"/></mor></t>

    <a type="actions">hops on floor toward Olivia</a>
    <a type="paralinguistics">&lt;aft&gt; makes chicken noises</a>
  </u>
  <u who="CHI" uID="u7">
    <w>chicken<mor type="mor"><mw><pos><c>n</c></pos><stem>chicken</stem></mw><gra type="gra" index="1" head="0" relation="INCROOT"/></mor></w>
    <t type="e"><mor type="mor"><mt type="e"/><gra type="gra" index="2" head="1" relation="PUNCT"/></mor></t>

    <a type="extension" flavor="pho">cI-en</a>
  </u>
  <u who="MOT" uID="u8">
    <w>what's<mor type="mor"><mw><pos><c>pro</c><s>int</s></pos><stem>what</stem></mw><gra type="gra" index="1" head="2" relation="SUBJ"/><mor-post><mw><pos><c>cop</c></pos><stem>be</stem><mk type="sfxf">3S</mk></mw><gra type="gra" index="2" head="0" relation="ROOT"/></mor-post></mor></w>
    <w>this<mor type="mor"><mw><pos><c>pro</c><s>dem</s></pos><stem>this</stem></mw><gra type="gra" index="3" head="2" relation="PRED"/></mor></w>
    <t type="q"><mor type="mor"><mt type="q"/><gra type="gra" index="4" head="2" relation="PUNCT"/></mor></t>

    <a type="actions">takes dog out and holds toward Olivia</a>
  </u>
  <u who="CHI" uID="u9">
    <w type="filler">uh</w>
    <w>dog<mor type="mor"><mw><pos><c>v</c></pos><stem>dog</stem></mw><gra type="gra" index="1" head="0" relation="ROOT"/></mor></w>
    <pause symbolic-length="simple"/>
    <w untranscribed="unintelligible-with-pho">yyy</w>
    <t type="e"><mor type="mor"><mt type="e"/><gra type="gra" index="2" head="1" relation="PUNCT"/></mor></t>

    <a type="extension" flavor="pho">&lt;3w&gt; iaI</a>
  </u>
  <u who="CHI" uID="u10">
    <w>why<mor type="mor"><mw><pos><c>pro</c><s>rel</s></pos><stem>why</stem></mw><gra type="gra" index="1" head="0" relation="INCROOT"/></mor></w>
    <t type="q"><mor type="mor"><mt type="q"/><gra type="gra" index="2" head="1" relation="PUNCT"/></mor></t>

    <a type="actions">&lt;aft&gt; puts man in car</a>
  </u>
  <u who="MOT" uID="u11">
    <w>what's<mor type="mor"><mw><pos><c>pro</c><s>int</s></pos><stem>what</stem></mw><gra type="gra" index="1" head="2" relation="SUBJ"/><mor-post><mw><pos><c>cop</c></pos><stem>be</stem><mk type="sfxf">3S</mk></mw><gra type="gra" index="2" head="0" relation="ROOT"/></mor-post></mor></w>
    <w>this<mor type="mor"><mw><pos><c>pro</c><s>dem</s></pos><stem>this</stem></mw><gra type="gra" index="3" head="2" relation="PRED"/></mor></w>
    <t type="q"><mor type="mor"><mt type="q"/><gra type="gra" index="4" head="2" relation="PUNCT"/></mor></t>

    <a type="actions">&lt;dur&gt; puts down &lt;bef&gt; takes rooster out and examines briefly .</a>
  </u>
  <u who="MOT" uID="u12">
    <w>do<mor type="mor"><mw><pos><c>mod</c></pos><stem>do</stem></mw><gra type="gra" index="1" head="3" relation="AUX"/></mor></w>
    <w>you<mor type="mor"><mw><pos><c>pro</c><s>per</s></pos><stem>you</stem></mw><gra type="gra" index="2" head="3" relation="SUBJ"/></mor></w>
    <w>know<mor type="mor"><mw><pos><c>v</c></pos><stem>know</stem></mw><gra type="gra" index="3" head="0" relation="ROOT"/></mor></w>
    <w>what<mor type="mor"><mw><pos><c>pro</c><s>int</s></pos><stem>what</stem></mw><gra type="gra" index="4" head="6" relation="LINK"/></mor></w>
    <w>this<mor type="mor"><mw><pos><c>det</c><s>dem</s></pos><stem>this</stem></mw><gra type="gra" index="5" head="6" relation="DET"/></mor></w>
    <w>is<mor type="mor"><mw><pos><c>cop</c></pos><stem>be</stem><mk type="sfxf">3S</mk></mw><gra type="gra" index="6" head="3" relation="COMP"/></mor></w>
    <t type="q"><mor type="mor"><mt type="q"/><gra type="gra" index="7" head="3" relation="PUNCT"/></mor></t>

    <a type="actions">holds up rooster toward Olivia</a>
  </u>
  <u who="CHI" uID="u13">
    <w>chicken<mor type="mor"><mw><pos><c>n</c></pos><stem>chicken</stem></mw><gra type="gra" index="1" head="0" relation="INCROOT"/></mor></w>
    <t type="p"><mor type="mor"><mt type="p"/><gra type="gra" index="2" head="1" relation="PUNCT"/></mor></t>

    <a type="actions">picks up object and holds</a>
    <a type="extension" flavor="pho">cI-en</a>
  </u>
  <u who="MOT" uID="u14">
    <w>yeah<mor type="mor"><mw><pos><c>co</c></pos><stem>yeah</stem></mw><gra type="gra" index="1" head="3" relation="COM"/></mor></w>
    <pause symbolic-length="simple"/>
    <w>it's<mor type="mor"><mw><pos><c>pro</c><s>per</s></pos><stem>it</stem></mw><gra type="gra" index="2" head="3" relation="SUBJ"/><mor-post><mw><pos><c>cop</c></pos><stem>be</stem><mk type="sfxf">3S</mk></mw><gra type="gra" index="3" head="0" relation="ROOT"/></mor-post></mor></w>
    <w>a<mor type="mor"><mw><pos><c>det</c><s>art</s></pos><stem>a</stem></mw><gra type="gra" index="4" head="5" relation="DET"/></mor></w>
    <w>chicken<mor type="mor"><mw><pos><c>n</c></pos><stem>chicken</stem></mw><gra type="gra" index="5" head="3" relation="PRED"/></mor></w>
    <w>but<mor type="mor"><mw><pos><c>conj</c></pos><stem>but</stem></mw><gra type="gra" index="6" head="8" relation="LINK"/></mor></w>
    <w>it's<mor type="mor"><mw><pos><c>pro</c><s>per</s></pos><stem>it</stem></mw><gra type="gra" index="7" head="8" relation="SUBJ"/><mor-post><mw><pos><c>cop</c></pos><stem>be</stem><mk type="sfxf">3S</mk></mw><gra type="gra" index="8" head="3" relation="CJCT"/></mor-post></mor></w>
    <w>a<mor type="mor"><mw><pos><c>det</c><s>art</s></pos><stem>a</stem></mw><gra type="gra" index="9" head="10" relation="DET"/></mor></w>
    <g><w>rooster<mor type="mor"><mw><pos><c>n</c></pos><stem>rooster</stem></mw><gra type="gra" index="10" head="8" relation="PRED"/></mor></w><k type="stressing"/></g>
    <t type="p"><mor type="mor"><mt type="p"/><gra type="gra" index="11" head="3" relation="PUNCT"/></mor></t>

    <a type="actions">shakes rooster</a>
  </u>
  <u who="CHI" uID="u15">
    <w>rooster<mor type="mor"><mw><pos><c>n</c></pos><stem>rooster</stem></mw><gra type="gra" index="1" head="0" relation="INCROOT"/></mor></w>
    <t type="p"><mor type="mor"><mt type="p"/><gra type="gra" index="2" head="1" relation="PUNCT"/></mor></t>

    <a type="extension" flavor="pho">wust3r</a>
  </u>
  <u who="MOT" uID="u16">
    <w>rooster<mor type="mor"><mw><pos><c>n</c></pos><stem>rooster</stem></mw><gra type="gra" index="1" head="0" relation="INCROOT"/></mor></w>
    <pause symbolic-length="simple"/>
    <w>yeah<mor type="mor"><mw><pos><c>co</c></pos><stem>yeah</stem></mw><gra type="gra" index="2" head="1" relation="COM"/></mor></w>
    <t type="p"><mor type="mor"><mt type="p"/><gra type="gra" index="3" head="1" relation="PUNCT"/></mor></t>

    <a type="actions">puts rooster on floor by chicken</a>
  </u>
  <u who="CHI" uID="u17">
    <w>chicken<mor type="mor"><mw><pos><c>n</c></pos><stem>chicken</stem></mw><gra type="gra" index="1" head="0" relation="INCROOT"/></mor></w>
    <t type="q"><mor type="mor"><mt type="q"/><gra type="gra" index="2" head="1" relation="PUNCT"/></mor></t>

    <a type="actions">touches chicken</a>
  </u>
  <u who="MOT" uID="u18">
    <w>look<mor type="mor"><mw><pos><c>co</c></pos><stem>look</stem></mw><gra type="gra" index="1" head="0" relation="INCROOT"/></mor></w>
    <t type="e"><mor type="mor"><mt type="e"/><gra type="gra" index="2" head="1" relation="PUNCT"/></mor></t>

    <a type="actions">takes dog out and examines briefly</a>
  </u>
  <u who="CHI" uID="u19">
    <e><action/><ga type="paralinguistics">gasps</ga></e>
    <t type="p"></t>

  </u>
  <u who="MOT" uID="u20">
    <w>who's<mor type="mor"><mw><pos><c>pro</c><s>int</s></pos><stem>who</stem></mw><gra type="gra" index="1" head="2" relation="SUBJ"/><mor-post><mw><pos><c>cop</c></pos><stem>be</stem><mk type="sfxf">3S</mk></mw><gra type="gra" index="2" head="0" relation="ROOT"/></mor-post></mor></w>
    <g><w>that<mor type="mor"><mw><pos><c>pro</c><s>dem</s></pos><stem>that</stem></mw><gra type="gra" index="3" head="2" relation="PRED"/></mor></w><k type="stressing"/></g>
    <t type="q"><mor type="mor"><mt type="q"/><gra type="gra" index="4" head="2" relation="PUNCT"/></mor></t>

  </u>
  <u who="CHI" uID="u21">
    <w>doggie<mor type="mor"><mw><pos><c>n</c></pos><stem>dog</stem><mk type="sfx">DIM</mk></mw><gra type="gra" index="1" head="0" relation="INCROOT"/></mor></w>
    <t type="q"><mor type="mor"><mt type="q"/><gra type="gra" index="2" head="1" relation="PUNCT"/></mor></t>

  </u>
  <u who="MOT" uID="u22">
    <w>how<mor type="mor"><mw><pos><c>pro</c><s>rel</s></pos><stem>how</stem></mw><gra type="gra" index="1" head="3" relation="LINK"/></mor></w>
    <w>many<mor type="mor"><mw><pos><c>qn</c></pos><stem>many</stem></mw><gra type="gra" index="2" head="3" relation="QUANT"/></mor></w>
    <w>are<mor type="mor"><mw><pos><c>aux</c></pos><stem>be</stem><mk type="sfxf">PRES</mk></mw><gra type="gra" index="3" head="0" relation="ROOT"/></mor></w>
    <w>there<mor type="mor"><mw><pos><c>adv</c></pos><stem>there</stem></mw><gra type="gra" index="4" head="3" relation="JCT"/></mor></w>
    <t type="q"><mor type="mor"><mt type="q"/><gra type="gra" index="5" head="3" relation="PUNCT"/></mor></t>

    <a type="gesture">points to dogs</a>
  </u>
  <u who="CHI" uID="u23">
    <w type="filler">uh</w>
    <w>doggie<mor type="mor"><mw><pos><c>n</c></pos><stem>dog</stem><mk type="sfx">DIM</mk></mw><gra type="gra" index="1" head="0" relation="INCROOT"/></mor></w>
    <t type="p"><mor type="mor"><mt type="p"/><gra type="gra" index="2" head="1" relation="PUNCT"/></mor></t>

  </u>
  <u who="MOT" uID="u24">
    <w>are<mor type="mor"><mw><pos><c>cop</c></pos><stem>be</stem><mk type="sfxf">PRES</mk></mw><gra type="gra" index="1" head="0" relation="ROOT"/></mor></w>
    <w>there<mor type="mor"><mw><pos><c>adv</c></pos><stem>there</stem></mw><gra type="gra" index="2" head="1" relation="JCT"/></mor></w>
    <w>two<mor type="mor"><mw><pos><c>det</c><s>num</s></pos><stem>two</stem></mw><gra type="gra" index="3" head="1" relation="PRED"/></mor></w>
    <w>of<mor type="mor"><mw><pos><c>prep</c></pos><stem>of</stem></mw><gra type="gra" index="4" head="3" relation="JCT"/></mor></w>
    <w>them<mor type="mor"><mw><pos><c>pro</c><s>obj</s></pos><stem>them</stem></mw><gra type="gra" index="5" head="4" relation="POBJ"/></mor></w>
    <t type="q"><mor type="mor"><mt type="q"/><gra type="gra" index="6" head="1" relation="PUNCT"/></mor></t>

  </u>
  <u who="CHI" uID="u25">
    <w>yeah<mor type="mor"><mw><pos><c>co</c></pos><stem>yeah</stem></mw><gra type="gra" index="1" head="0" relation="INCROOT"/></mor></w>
    <t type="p"><mor type="mor"><mt type="p"/><gra type="gra" index="2" head="1" relation="PUNCT"/></mor></t>

  </u>
  <u who="MOT" uID="u26">
    <w>two<mor type="mor"><mw><pos><c>det</c><s>num</s></pos><stem>two</stem></mw><gra type="gra" index="1" head="2" relation="QUANT"/></mor></w>
    <w>doggies<mor type="mor"><mw><pos><c>n</c></pos><stem>dog</stem><mk type="sfx">DIM</mk><mk type="sfx">PL</mk></mw><gra type="gra" index="2" head="0" relation="INCROOT"/></mor></w>
    <w>and<mor type="mor"><mw><pos><c>coord</c></pos><stem>and</stem></mw><gra type="gra" index="3" head="2" relation="CONJ"/></mor></w>
    <w>two<mor type="mor"><mw><pos><c>det</c><s>num</s></pos><stem>two</stem></mw><gra type="gra" index="4" head="5" relation="QUANT"/></mor></w>
    <w>chickens<mor type="mor"><mw><pos><c>n</c></pos><stem>chicken</stem><mk type="sfx">PL</mk></mw><gra type="gra" index="5" head="3" relation="COORD"/></mor></w>
    <t type="q"><mor type="mor"><mt type="q"/><gra type="gra" index="6" head="2" relation="PUNCT"/></mor></t>

    <a type="actions">moves chicken near rooster</a>
    <a type="gesture">points to dogs</a>
  </u>
  <u who="CHI" uID="u27">
    <w>two<mor type="mor"><mw><pos><c>det</c><s>num</s></pos><stem>two</stem></mw><gra type="gra" index="1" head="0" relation="INCROOT"/></mor></w>
    <t type="p"><mor type="mor"><mt type="p"/><gra type="gra" index="2" head="1" relation="PUNCT"/></mor></t>

  </u>
  <u who="MOT" uID="u28">
    <w>what's<mor type="mor"><mw><pos><c>pro</c><s>int</s></pos><stem>what</stem></mw><gra type="gra" index="1" head="2" relation="SUBJ"/><mor-post><mw><pos><c>cop</c></pos><stem>be</stem><mk type="sfxf">3S</mk></mw><gra type="gra" index="2" head="0" relation="ROOT"/></mor-post></mor></w>
    <w>this<mor type="mor"><mw><pos><c>pro</c><s>dem</s></pos><stem>this</stem></mw><gra type="gra" index="3" head="2" relation="PRED"/></mor></w>
    <t type="q"><mor type="mor"><mt type="q"/><gra type="gra" index="4" head="2" relation="PUNCT"/></mor></t>

    <a type="actions">takes grill out of dollhouse and puts down</a>
  </u>
  <u who="ANN" uID="u29">
    <w>chair<mor type="mor"><mw><pos><c>n</c></pos><stem>chair</stem></mw><gra type="gra" index="1" head="0" relation="INCROOT"/></mor></w>
    <t type="q"><mor type="mor"><mt type="q"/><gra type="gra" index="2" head="1" relation="PUNCT"/></mor></t>

    <a type="intonation">rising</a>
    <a type="extension" flavor="pho">seIr</a>
  </u>
  <u who="MOT" uID="u30">
    <w>chair<mor type="mor"><mw><pos><c>n</c></pos><stem>chair</stem></mw><gra type="gra" index="1" head="0" relation="INCROOT"/></mor></w>
    <t type="q"><mor type="mor"><mt type="q"/><gra type="gra" index="2" head="1" relation="PUNCT"/></mor></t>

    <a type="actions">takes man out , examines and holds</a>
  </u>
  <u who="ANN" uID="u31">
    <w>yeah<mor type="mor"><mw><pos><c>co</c></pos><stem>yeah</stem></mw><gra type="gra" index="1" head="0" relation="INCROOT"/></mor></w>
    <t type="p"><mor type="mor"><mt type="p"/><gra type="gra" index="2" head="1" relation="PUNCT"/></mor></t>

  </u>
  <u who="MOT" uID="u32">
    <w>I<mor type="mor"><mw><pos><c>pro</c><s>sub</s></pos><stem>I</stem></mw><gra type="gra" index="1" head="4" relation="SUBJ"/></mor></w>
    <w>don't<mor type="mor"><mw><pos><c>mod</c></pos><stem>do</stem></mw><gra type="gra" index="2" head="4" relation="AUX"/><mor-post><mw><pos><c>neg</c></pos><stem>not</stem></mw><gra type="gra" index="3" head="2" relation="NEG"/></mor-post></mor></w>
    <w>think<mor type="mor"><mw><pos><c>v</c></pos><stem>think</stem></mw><gra type="gra" index="4" head="0" relation="ROOT"/></mor></w>
    <w>it's<mor type="mor"><mw><pos><c>pro</c><s>per</s></pos><stem>it</stem></mw><gra type="gra" index="5" head="6" relation="SUBJ"/><mor-post><mw><pos><c>cop</c></pos><stem>be</stem><mk type="sfxf">3S</mk></mw><gra type="gra" index="6" head="4" relation="COMP"/></mor-post></mor></w>
    <w>a<mor type="mor"><mw><pos><c>det</c><s>art</s></pos><stem>a</stem></mw><gra type="gra" index="7" head="8" relation="DET"/></mor></w>
    <w>chair<mor type="mor"><mw><pos><c>n</c></pos><stem>chair</stem></mw><gra type="gra" index="8" head="6" relation="PRED"/></mor></w>
    <t type="p"><mor type="mor"><mt type="p"/><gra type="gra" index="9" head="4" relation="PUNCT"/></mor></t>

    <a type="actions">picks up chair in dollhouse . lowers hand</a>
  </u>
  <u who="MOT" uID="u33">
    <w>look<mor type="mor"><mw><pos><c>co</c></pos><stem>look</stem></mw><gra type="gra" index="1" head="0" relation="INCROOT"/></mor></w>
    <t type="e"><mor type="mor"><mt type="e"/><gra type="gra" index="2" head="1" relation="PUNCT"/></mor></t>

    <a type="actions">picks up another chair , lifts up toward Olivia and puts down</a>
  </u>
  <u who="MOT" uID="u34">
    <g><w>here's</w><k type="retracing"/></g>
    <w>here's<mor type="mor"><mw><pos><c>pro</c><s>exist</s></pos><stem>here</stem></mw><gra type="gra" index="1" head="2" relation="SUBJ"/><mor-post><mw><pos><c>cop</c></pos><stem>be</stem><mk type="sfxf">3S</mk></mw><gra type="gra" index="2" head="0" relation="ROOT"/></mor-post></mor></w>
    <w>a<mor type="mor"><mw><pos><c>det</c><s>art</s></pos><stem>a</stem></mw><gra type="gra" index="3" head="4" relation="DET"/></mor></w>
    <w>chair<mor type="mor"><mw><pos><c>n</c></pos><stem>chair</stem></mw><gra type="gra" index="4" head="2" relation="PRED"/></mor></w>
    <t type="p"><mor type="mor"><mt type="p"/><gra type="gra" index="5" head="2" relation="PUNCT"/></mor></t>

  </u>
  <u who="CHI" uID="u35">
    <w>a<mor type="mor"><mw><pos><c>det</c><s>art</s></pos><stem>a</stem></mw><gra type="gra" index="1" head="2" relation="DET"/></mor></w>
    <w>chair<mor type="mor"><mw><pos><c>n</c></pos><stem>chair</stem></mw><gra type="gra" index="2" head="0" relation="INCROOT"/></mor></w>
    <t type="q"><mor type="mor"><mt type="q"/><gra type="gra" index="3" head="2" relation="PUNCT"/></mor></t>

    <a type="actions">&lt;bef&gt; picks dog up and puts back on floor</a>
  </u>
  <u who="MOT" uID="u36">
    <g><w>sit</w>
    <w>him</w><k type="retracing"/></g>
    <w>sit<mor type="mor"><mw><pos><c>v</c></pos><stem>sit</stem></mw><gra type="gra" index="1" head="0" relation="ROOT"/></mor></w>
    <w>him<mor type="mor"><mw><pos><c>pro</c><s>obj</s></pos><stem>him</stem></mw><gra type="gra" index="2" head="1" relation="OBJ"/></mor></w>
    <w>down<mor type="mor"><mw><pos><c>adv</c></pos><stem>down</stem></mw><gra type="gra" index="3" head="1" relation="JCT"/></mor></w>
    <t type="p"><mor type="mor"><mt type="p"/><gra type="gra" index="4" head="1" relation="PUNCT"/></mor></t>

    <a type="actions">&lt;1w&gt; puts man in chair but man falls . picks up man and puts in chair . pushes chair slightly toward Olivia</a>
  </u>
  <u who="MOT" uID="u37">
    <w>sit<mor type="mor"><mw><pos><c>v</c></pos><stem>sit</stem></mw><gra type="gra" index="1" head="0" relation="ROOT"/></mor></w>
    <w>him<mor type="mor"><mw><pos><c>pro</c><s>obj</s></pos><stem>him</stem></mw><gra type="gra" index="2" head="1" relation="OBJ"/></mor></w>
    <w>down<mor type="mor"><mw><pos><c>adv</c></pos><stem>down</stem></mw><gra type="gra" index="3" head="1" relation="JCT"/></mor></w>
    <t type="p"><mor type="mor"><mt type="p"/><gra type="gra" index="4" head="1" relation="PUNCT"/></mor></t>

  </u>
  <u who="CHI" uID="u38">
    <w>doggie<mor type="mor"><mw><pos><c>n</c></pos><stem>dog</stem><mk type="sfx">DIM</mk></mw><gra type="gra" index="1" head="0" relation="INCROOT"/></mor></w>
    <t type="p"><mor type="mor"><mt type="p"/><gra type="gra" index="2" head="1" relation="PUNCT"/></mor></t>

    <a type="actions">&lt;aft&gt; picks up chair and holds</a>
  </u>
  <u who="MOT" uID="u39">
    <w>here's<mor type="mor"><mw><pos><c>pro</c><s>exist</s></pos><stem>here</stem></mw><gra type="gra" index="1" head="2" relation="SUBJ"/><mor-post><mw><pos><c>cop</c></pos><stem>be</stem><mk type="sfxf">3S</mk></mw><gra type="gra" index="2" head="0" relation="ROOT"/></mor-post></mor></w>
    <w>some<mor type="mor"><mw><pos><c>qn</c></pos><stem>some</stem></mw><gra type="gra" index="3" head="4" relation="QUANT"/></mor></w>
    <w>chairs<mor type="mor"><mw><pos><c>n</c></pos><stem>chair</stem><mk type="sfx">PL</mk></mw><gra type="gra" index="4" head="2" relation="PRED"/></mor></w>
    <pause symbolic-length="simple"/>
    <w>too<mor type="mor"><mw><pos><c>post</c></pos><stem>too</stem></mw><gra type="gra" index="5" head="4" relation="PQ"/></mor></w>
    <t type="p"><mor type="mor"><mt type="p"/><gra type="gra" index="6" head="2" relation="PUNCT"/></mor></t>

    <a type="actions">&lt;aft&gt; takes out another chair and puts down . repeats</a>
  </u>
  <u who="CHI" uID="u40">
    <w type="fragment">aw</w>
    <pause symbolic-length="simple"/>
    <w>down<mor type="mor"><mw><pos><c>adv</c></pos><stem>down</stem></mw><gra type="gra" index="1" head="0" relation="INCROOT"/></mor></w>
    <t type="e"><mor type="mor"><mt type="e"/><gra type="gra" index="2" head="1" relation="PUNCT"/></mor></t>

    <a type="actions">puts man in chair in her lap . puts man in chair on floor</a>
  </u>
  <u who="MOT" uID="u41">
    <w>oh<mor type="mor"><mw><pos><c>co</c></pos><stem>oh</stem></mw><gra type="gra" index="1" head="2" relation="COM"/></mor></w>
    <w>look<mor type="mor"><mw><pos><c>co</c></pos><stem>look</stem></mw><gra type="gra" index="2" head="0" relation="INCROOT"/></mor></w>
    <t type="e"><mor type="mor"><mt type="e"/><gra type="gra" index="3" head="2" relation="PUNCT"/></mor></t>

    <a type="actions">&lt;aft&gt; takes out another chair and puts on floor</a>
    <a type="gesture">points to chair</a>
  </u>
  <u who="CHI" uID="u42">
    <w>ah<mor type="mor"><mw><pos><c>co</c></pos><stem>ah</stem></mw><gra type="gra" index="1" head="2" relation="COM"/></mor></w>
    <pause symbolic-length="simple"/>
    <w>chair<mor type="mor"><mw><pos><c>n</c></pos><stem>chair</stem></mw><gra type="gra" index="2" head="0" relation="INCROOT"/></mor></w>
    <t type="p"><mor type="mor"><mt type="p"/><gra type="gra" index="3" head="2" relation="PUNCT"/></mor></t>

    <a type="actions">touches Mother's chair</a>
  </u>
  <u who="MOT" uID="u43">
    <e><action/></e>
    <t type="p"></t>

    <a type="actions">takes out bed and puts on floor . takes out ladder , examines briefly and puts down on side of dollhouse</a>
  </u>
  <u who="CHI" uID="u44">
    <w untranscribed="unintelligible-with-pho">yyy</w>
    <pause symbolic-length="simple"/>
    <w>oh<mor type="mor"><mw><pos><c>co</c></pos><stem>oh</stem></mw><gra type="gra" index="1" head="0" relation="INCROOT"/></mor></w>
    <t type="e"><mor type="mor"><mt type="e"/><gra type="gra" index="2" head="1" relation="PUNCT"/></mor></t>

    <a type="extension" flavor="pho">&lt;1w&gt; y6 oU</a>
  </u>
  <u who="CHI" uID="u45">
    <w type="filler">uh</w>
    <t type="e"></t>

    <a type="extension" flavor="pho">&lt;1w&gt; 6 bA</a>
  </u>
  <u who="CHI" uID="u46">
    <w type="filler">uh</w>
    <w>bed<mor type="mor"><mw><pos><c>n</c></pos><stem>bed</stem></mw><gra type="gra" index="1" head="0" relation="INCROOT"/></mor></w>
    <t type="e"><mor type="mor"><mt type="e"/><gra type="gra" index="2" head="1" relation="PUNCT"/></mor></t>

    <a type="extension" flavor="pho">&lt;1w&gt; bi</a>
  </u>
  <u who="CHI" uID="u47">
    <w>bed<mor type="mor"><mw><pos><c>n</c></pos><stem>bed</stem></mw><gra type="gra" index="1" head="0" relation="INCROOT"/></mor></w>
    <t type="e"><mor type="mor"><mt type="e"/><gra type="gra" index="2" head="1" relation="PUNCT"/></mor></t>

    <a type="actions">&lt;aft&gt; picks up nesting cup and manipulates</a>
  </u>
  <u who="MOT" uID="u48">
    <w>look<mor type="mor"><mw><pos><c>v</c></pos><stem>look</stem></mw><gra type="gra" index="1" head="0" relation="ROOT"/></mor></w>
    <w>at<mor type="mor"><mw><pos><c>prep</c></pos><stem>at</stem></mw><gra type="gra" index="2" head="1" relation="JCT"/></mor></w>
    <w>that<mor type="mor"><mw><pos><c>pro</c><s>dem</s></pos><stem>that</stem></mw><gra type="gra" index="3" head="2" relation="POBJ"/></mor></w>
    <t type="e"><mor type="mor"><mt type="e"/><gra type="gra" index="4" head="1" relation="PUNCT"/></mor></t>

    <a type="actions">takes out bed and briefly holds out to Olivia</a>
  </u>
  <u who="CHI" uID="u49">
    <w>uhoh<mor type="mor"><mw><pos><c>co</c></pos><stem>uhoh</stem></mw><gra type="gra" index="1" head="0" relation="INCROOT"/></mor></w>
    <t type="e"><mor type="mor"><mt type="e"/><gra type="gra" index="2" head="1" relation="PUNCT"/></mor></t>

    <a type="actions">puts nesting cup down</a>
  </u>
  <u who="CHI" uID="u50">
    <w>people<mor type="mor"><mw><pos><c>n</c></pos><stem>person</stem><mk type="sfxf">PL</mk></mw><gra type="gra" index="1" head="0" relation="INCROOT"/></mor></w>
    <t type="e"><mor type="mor"><mt type="e"/><gra type="gra" index="2" head="1" relation="PUNCT"/></mor></t>

  </u>
  <u who="CHI" uID="u51">
    <w type="filler">uh</w>
    <w untranscribed="unintelligible-with-pho">yyy</w>
    <w>brush<mor type="mor"><mw><pos><c>n</c></pos><stem>brush</stem></mw><gra type="gra" index="1" head="0" relation="INCROOT"/></mor></w>
    <t type="q"><mor type="mor"><mt type="q"/><gra type="gra" index="2" head="1" relation="PUNCT"/></mor></t>

    <a type="actions">touches bed</a>
    <a type="extension" flavor="pho">&lt;2w&gt; du</a>
  </u>
  <u who="CHI" uID="u52">
    <w>bed<mor type="mor"><mw><pos><c>n</c></pos><stem>bed</stem></mw><gra type="gra" index="1" head="0" relation="INCROOT"/></mor></w>
    <t type="q"><mor type="mor"><mt type="q"/><gra type="gra" index="2" head="1" relation="PUNCT"/></mor></t>

    <a type="extension" flavor="pho">&lt;1w&gt; be</a>
  </u>
  <u who="CHI" uID="u53">
    <w>my<mor type="mor"><mw><pos><c>det</c><s>poss</s></pos><stem>my</stem></mw><gra type="gra" index="1" head="2" relation="DET"/></mor></w>
    <w>bed<mor type="mor"><mw><pos><c>n</c></pos><stem>bed</stem></mw><gra type="gra" index="2" head="0" relation="INCROOT"/></mor></w>
    <t type="q"><mor type="mor"><mt type="q"/><gra type="gra" index="3" head="2" relation="PUNCT"/></mor></t>

    <a type="extension" flavor="pho">&lt;2w&gt; beI</a>
  </u>
  <u who="MOT" uID="u54">
    <w>yeah<mor type="mor"><mw><pos><c>co</c></pos><stem>yeah</stem></mw><gra type="gra" index="1" head="0" relation="INCROOT"/></mor></w>
    <t type="p"><mor type="mor"><mt type="p"/><gra type="gra" index="2" head="1" relation="PUNCT"/></mor></t>

    <a type="actions">puts bed down by Olivia . picks up another bed and puts down by first one . takes out another bed , examines and puts down by others</a>
  </u>
  <u who="CHI" uID="u55">
    <w untranscribed="unintelligible-with-pho">yyy</w>
    <t type="q"></t>

    <a type="actions">&lt;aft&gt; taps twice</a>
    <a type="gesture">points to bed</a>
    <a type="extension" flavor="pho">du</a>
  </u>
  <u who="MOT" uID="u56">
    <w>yeah<mor type="mor"><mw><pos><c>co</c></pos><stem>yeah</stem></mw><gra type="gra" index="1" head="3" relation="COM"/></mor></w>
    <w>here's<mor type="mor"><mw><pos><c>pro</c><s>exist</s></pos><stem>here</stem></mw><gra type="gra" index="2" head="3" relation="SUBJ"/><mor-post><mw><pos><c>cop</c></pos><stem>be</stem><mk type="sfxf">3S</mk></mw><gra type="gra" index="3" head="0" relation="ROOT"/></mor-post></mor></w>
    <w>some<mor type="mor"><mw><pos><c>qn</c></pos><stem>some</stem></mw><gra type="gra" index="4" head="6" relation="QUANT"/></mor></w>
    <w>more<mor type="mor"><mw><pos><c>qn</c></pos><stem>more</stem></mw><gra type="gra" index="5" head="6" relation="QUANT"/></mor></w>
    <w>people<mor type="mor"><mw><pos><c>n</c></pos><stem>person</stem><mk type="sfxf">PL</mk></mw><gra type="gra" index="6" head="3" relation="PRED"/></mor></w>
    <t type="p"><mor type="mor"><mt type="p"/><gra type="gra" index="7" head="3" relation="PUNCT"/></mor></t>

    <a type="actions">takes men out and briefly holds out to Olivia . puts one on floor . puts another one down</a>
  </u>
  <u who="CHI" uID="u57">
    <w>more<mor type="mor"><mw><pos><c>qn</c></pos><stem>more</stem></mw><gra type="gra" index="1" head="2" relation="QUANT"/></mor></w>
    <w>people<mor type="mor"><mw><pos><c>n</c></pos><stem>person</stem><mk type="sfxf">PL</mk></mw><gra type="gra" index="2" head="0" relation="INCROOT"/></mor></w>
    <t type="q"><mor type="mor"><mt type="q"/><gra type="gra" index="3" head="2" relation="PUNCT"/></mor></t>

    <a type="actions">&lt;aft&gt; reaches for men</a>
  </u>
  <u who="MOT" uID="u58">
    <w>what<mor type="mor"><mw><pos><c>pro</c><s>int</s></pos><stem>what</stem></mw><gra type="gra" index="1" head="4" relation="SUBJ"/></mor></w>
    <w>do<mor type="mor"><mw><pos><c>mod</c></pos><stem>do</stem></mw><gra type="gra" index="2" head="4" relation="AUX"/></mor></w>
    <w>you<mor type="mor"><mw><pos><c>pro</c><s>per</s></pos><stem>you</stem></mw><gra type="gra" index="3" head="4" relation="SUBJ"/></mor></w>
    <w>wanna<mor type="mor"><mw><pos><c>v</c></pos><stem>want</stem></mw><gra type="gra" index="4" head="0" relation="ROOT"/><mor-post><mw><pos><c>inf</c></pos><stem>to</stem></mw><gra type="gra" index="5" head="6" relation="INF"/></mor-post></mor></w>
    <w>do<mor type="mor"><mw><pos><c>v</c></pos><stem>do</stem></mw><gra type="gra" index="6" head="4" relation="COMP"/></mor></w>
    <w>with<mor type="mor"><mw><pos><c>prep</c></pos><stem>with</stem></mw><gra type="gra" index="7" head="6" relation="JCT"/></mor></w>
    <w>them<mor type="mor"><mw><pos><c>pro</c><s>obj</s></pos><stem>them</stem></mw><gra type="gra" index="8" head="7" relation="POBJ"/></mor></w>
    <t type="q"><mor type="mor"><mt type="q"/><gra type="gra" index="9" head="4" relation="PUNCT"/></mor></t>

    <a type="actions">takes more things out of dollhouse</a>
  </u>
  <u who="CHI" uID="u59">
    <w type="filler">uh</w>
    <w>boy<mor type="mor"><mw><pos><c>co</c></pos><stem>boy</stem></mw><gra type="gra" index="1" head="0" relation="INCROOT"/></mor></w>
    <t type="e"><mor type="mor"><mt type="e"/><gra type="gra" index="2" head="1" relation="PUNCT"/></mor></t>

    <a type="actions">picks up man and holds</a>
  </u>
  <u who="MOT" uID="u60">
    <w>here<mor type="mor"><mw><pos><c>adv</c></pos><stem>here</stem></mw><gra type="gra" index="1" head="2" relation="JCT"/></mor></w>
    <pause symbolic-length="simple"/>
    <w>let's<mor type="mor"><mw><pos><c>v</c></pos><stem>let</stem></mw><gra type="gra" index="2" head="0" relation="ROOT"/><mor-post><mw><pos><c>pro</c><s>obj</s></pos><stem>us</stem></mw><gra type="gra" index="3" head="2" relation="OBJ"/></mor-post></mor></w>
    <w>set<mor type="mor"><mw><pos><c>n</c></pos><stem>set</stem></mw><gra type="gra" index="4" head="2" relation="OBJ"/></mor></w>
    <w>up<mor type="mor"><mw><pos><c>prep</c></pos><stem>up</stem></mw><gra type="gra" index="5" head="4" relation="NJCT"/></mor></w>
    <w>the<mor type="mor"><mw><pos><c>det</c><s>art</s></pos><stem>the</stem></mw><gra type="gra" index="6" head="7" relation="DET"/></mor></w>
    <w>table<mor type="mor"><mw><pos><c>n</c></pos><stem>table</stem></mw><gra type="gra" index="7" head="5" relation="POBJ"/></mor></w>
    <t type="p"><mor type="mor"><mt type="p"/><gra type="gra" index="8" head="2" relation="PUNCT"/></mor></t>

    <a type="actions">&lt;aft&gt; holds table toward car , moves car and puts table on floor</a>
  </u>
  <u who="CHI" uID="u61">
    <w>that<mor type="mor"><mw><pos><c>det</c><s>dem</s></pos><stem>that</stem></mw><gra type="gra" index="1" head="2" relation="DET"/></mor></w>
    <w>boy<mor type="mor"><mw><pos><c>n</c></pos><stem>boy</stem></mw><gra type="gra" index="2" head="0" relation="INCROOT"/></mor></w>
    <t type="q"><mor type="mor"><mt type="q"/><gra type="gra" index="3" head="2" relation="PUNCT"/></mor></t>

    <a type="extension" flavor="pho">&lt;1w&gt; dat</a>
  </u>
  <u who="MOT" uID="u62">
    <w>yeah<mor type="mor"><mw><pos><c>co</c></pos><stem>yeah</stem></mw><gra type="gra" index="1" head="0" relation="INCROOT"/></mor></w>
    <t type="p"><mor type="mor"><mt type="p"/><gra type="gra" index="2" head="1" relation="PUNCT"/></mor></t>

  </u>
  <u who="CHI" uID="u63">
    <w type="filler">uh</w>
    <w>boy<mor type="mor"><mw><pos><c>co</c></pos><stem>boy</stem></mw><gra type="gra" index="1" head="0" relation="INCROOT"/></mor></w>
    <t type="e"><mor type="mor"><mt type="e"/><gra type="gra" index="2" head="1" relation="PUNCT"/></mor></t>

    <a type="actions">picks up car but man falls out . puts car on lap . puts man in car</a>
  </u>
  <u who="MOT" uID="u64">
    <w>here<mor type="mor"><mw><pos><c>adv</c></pos><stem>here</stem></mw><gra type="gra" index="1" head="0" relation="INCROOT"/></mor></w>
    <pause symbolic-length="simple"/>
    <w>like<mor type="mor"><mw><pos><c>prep</c></pos><stem>like</stem></mw><gra type="gra" index="2" head="1" relation="JCT"/></mor></w>
    <w>this<mor type="mor"><mw><pos><c>pro</c><s>dem</s></pos><stem>this</stem></mw><gra type="gra" index="3" head="2" relation="POBJ"/></mor></w>
    <t type="p"><mor type="mor"><mt type="p"/><gra type="gra" index="4" head="1" relation="PUNCT"/></mor></t>

    <a type="actions">&lt;dur&gt; picks up man in chair and puts down by table &lt;bef&gt; picks up man and puts down by table . takes away .</a>
  </u>
  <u who="MOT" uID="u65">
    <w>look<mor type="mor"><mw><pos><c>co</c></pos><stem>look</stem></mw><gra type="gra" index="1" head="0" relation="INCROOT"/></mor></w>
    <t type="p"><mor type="mor"><mt type="p"/><gra type="gra" index="2" head="1" relation="PUNCT"/></mor></t>

    <a type="actions">&lt;dur&gt; picks up man in chair and puts down by table</a>
  </u>
  <u who="CHI" uID="u66">
    <w>the<mor type="mor"><mw><pos><c>det</c><s>art</s></pos><stem>the</stem></mw><gra type="gra" index="1" head="3" relation="DET"/></mor></w>
    <w untranscribed="unintelligible">xxx</w>
    <w>other<mor type="mor"><mw><pos><c>qn</c></pos><stem>other</stem></mw><gra type="gra" index="2" head="3" relation="QUANT"/></mor></w>
    <w>one<mor type="mor"><mw><pos><c>pro</c><s>indef</s></pos><stem>one</stem></mw><gra type="gra" index="3" head="0" relation="INCROOT"/></mor></w>
    <t type="p"><mor type="mor"><mt type="p"/><gra type="gra" index="4" head="3" relation="PUNCT"/></mor></t>

    <a type="actions">reaches for and picks up man</a>
  </u>
  <u who="CHI" uID="u67">
    <w type="filler">uh</w>
    <w type="filler">uh</w>
    <t type="p"></t>

    <a type="actions">attempts to put man in car and succeeds</a>
  </u>
  <u who="MOT" uID="u68">
    <w>should<mor type="mor"><mw><pos><c>mod</c></pos><stem>should</stem></mw><gra type="gra" index="1" head="3" relation="AUX"/></mor></w>
    <w>we<mor type="mor"><mw><pos><c>pro</c><s>sub</s></pos><stem>we</stem></mw><gra type="gra" index="2" head="3" relation="SUBJ"/></mor></w>
    <w>open<mor type="mor"><mw><pos><c>v</c></pos><stem>open</stem></mw><gra type="gra" index="3" head="0" relation="ROOT"/></mor></w>
    <w>the<mor type="mor"><mw><pos><c>det</c><s>art</s></pos><stem>the</stem></mw><gra type="gra" index="4" head="5" relation="DET"/></mor></w>
    <w>door<mor type="mor"><mw><pos><c>n</c></pos><stem>door</stem></mw><gra type="gra" index="5" head="3" relation="OBJ"/></mor></w>
    <t type="q"><mor type="mor"><mt type="q"/><gra type="gra" index="6" head="3" relation="PUNCT"/></mor></t>

    <a type="actions">opens door</a>
  </u>
  <u who="CHI" uID="u69">
    <w><shortening>o</shortening>kay<mor type="mor"><mw><pos><c>co</c></pos><stem>okay</stem></mw><gra type="gra" index="1" head="0" relation="INCROOT"/></mor></w>
    <t type="e"><mor type="mor"><mt type="e"/><gra type="gra" index="2" head="1" relation="PUNCT"/></mor></t>

  </u>
  <u who="CHI" uID="u70">
    <w type="filler">eh</w>
    <pause symbolic-length="simple"/>
    <w type="filler">uh</w>
    <pause symbolic-length="simple"/>
    <w>ah<mor type="mor"><mw><pos><c>co</c></pos><stem>ah</stem></mw><gra type="gra" index="1" head="3" relation="COM"/></mor></w>
    <w untranscribed="unintelligible">xxx</w>
    <pause symbolic-length="simple"/>
    <w>doggie<mor type="mor"><mw><pos><c>n</c></pos><stem>dog</stem><mk type="sfx">DIM</mk></mw><gra type="gra" index="2" head="3" relation="SUBJ"/></mor></w>
    <w>get<mor type="mor"><mw><pos><c>v</c></pos><stem>get</stem></mw><gra type="gra" index="3" head="0" relation="ROOT"/></mor></w>
    <w>in<mor type="mor"><mw><pos><c>adv</c></pos><stem>in</stem></mw><gra type="gra" index="4" head="3" relation="JCT"/></mor></w>
    <t type="p"><mor type="mor"><mt type="p"/><gra type="gra" index="5" head="3" relation="PUNCT"/></mor></t>

    <a type="actions">&lt;aft&gt; touches dog in car . takes dog out &lt;1w&gt; picks up dog , attempts to put in car and succeeds .</a>
  </u>
  <u who="MOT" uID="u71">
    <e><action/></e>
    <t type="p"></t>

    <a type="actions">picks up bed and puts in dollhouse . repeats two times</a>
  </u>
  <u who="CHI" uID="u72">
    <w><shortening>o</shortening>kay<mor type="mor"><mw><pos><c>co</c></pos><stem>okay</stem></mw><gra type="gra" index="1" head="0" relation="INCROOT"/></mor></w>
    <t type="p"><mor type="mor"><mt type="p"/><gra type="gra" index="2" head="1" relation="PUNCT"/></mor></t>

    <a type="actions">&lt;aft&gt; rights car . attempts to put man in car</a>
  </u>
  <u who="MOT" uID="u73">
    <w>this<mor type="mor"><mw><pos><c>pro</c><s>dem</s></pos><stem>this</stem></mw><gra type="gra" index="1" head="2" relation="SUBJ"/></mor></w>
    <w>is<mor type="mor"><mw><pos><c>cop</c></pos><stem>be</stem><mk type="sfxf">3S</mk></mw><gra type="gra" index="2" head="0" relation="ROOT"/></mor></w>
    <w>a<mor type="mor"><mw><pos><c>det</c><s>art</s></pos><stem>a</stem></mw><gra type="gra" index="3" head="4" relation="DET"/></mor></w>
    <w>grill<mor type="mor"><mw><pos><c>n</c></pos><stem>grill</stem></mw><gra type="gra" index="4" head="2" relation="PRED"/></mor></w>
    <w>where<mor type="mor"><mw><pos><c>pro</c><s>rel</s></pos><stem>where</stem></mw><gra type="gra" index="5" head="8" relation="LINK"/></mor></w>
    <w>they<mor type="mor"><mw><pos><c>pro</c><s>sub</s></pos><stem>they</stem></mw><gra type="gra" index="6" head="8" relation="SUBJ"/></mor></w>
    <w>can<mor type="mor"><mw><pos><c>mod</c></pos><stem>can</stem></mw><gra type="gra" index="7" head="8" relation="AUX"/></mor></w>
    <w>cook<mor type="mor"><mw><pos><c>v</c></pos><stem>cook</stem></mw><gra type="gra" index="8" head="4" relation="CMOD"/></mor></w>
    <w>things<mor type="mor"><mw><pos><c>n</c></pos><stem>thing</stem><mk type="sfx">PL</mk></mw><gra type="gra" index="9" head="8" relation="OBJ"/></mor></w>
    <t type="p"><mor type="mor"><mt type="p"/><gra type="gra" index="10" head="2" relation="PUNCT"/></mor></t>

    <a type="gesture">points to grill two times</a>
    <a type="actions">picks up grill , shows Olivia briefly and puts down on floor</a>
  </u>
  <u who="CHI" uID="u74">
    <e><action/></e>
    <t type="p"></t>

    <a type="gesture">glances at grill , at car , at grill</a>
  </u>
  <u who="MOT" uID="u75">
    <w>see<mor type="mor"><mw><pos><c>v</c></pos><stem>see</stem></mw><gra type="gra" index="1" head="0" relation="ROOT"/></mor></w>
    <pause symbolic-length="simple"/>
    <w>the<mor type="mor"><mw><pos><c>det</c><s>art</s></pos><stem>the</stem></mw><gra type="gra" index="2" head="4" relation="DET"/></mor></w>
    <w>hot<mor type="mor"><mw><pos><c>adj</c></pos><stem>hot</stem></mw><gra type="gra" index="3" head="4" relation="MOD"/></mor></w>
    <w>dogs<mor type="mor"><mw><pos><c>n</c></pos><stem>dog</stem><mk type="sfx">PL</mk></mw><gra type="gra" index="4" head="1" relation="OBJ"/></mor></w>
    <t type="q"><mor type="mor"><mt type="q"/><gra type="gra" index="5" head="1" relation="PUNCT"/></mor></t>

    <a type="gesture">points to grill</a>
  </u>
  <u who="MOT" uID="u76">
    <w>hamburgers<mor type="mor"><mw><pos><c>n</c></pos><stem>hamburger</stem><mk type="sfx">PL</mk></mw><gra type="gra" index="1" head="0" relation="INCROOT"/></mor></w>
    <t type="q"><mor type="mor"><mt type="q"/><gra type="gra" index="2" head="1" relation="PUNCT"/></mor></t>

  </u>
  <u who="MOT" uID="u77">
    <w>steak<mor type="mor"><mw><pos><c>n</c></pos><stem>steak</stem></mw><gra type="gra" index="1" head="0" relation="INCROOT"/></mor></w>
    <t type="q"><mor type="mor"><mt type="q"/><gra type="gra" index="2" head="1" relation="PUNCT"/></mor></t>

  </u>
  <u who="CHI" uID="u78">
    <e><action/></e>
    <t type="p"></t>

    <a type="actions">succeeds in getting man in car</a>
  </u>
  <u who="MOT" uID="u79">
    <w>you<mor type="mor"><mw><pos><c>pro</c><s>per</s></pos><stem>you</stem></mw><gra type="gra" index="1" head="2" relation="SUBJ"/></mor></w>
    <w>see<mor type="mor"><mw><pos><c>v</c></pos><stem>see</stem></mw><gra type="gra" index="2" head="0" relation="ROOT"/></mor></w>
    <w>hot<mor type="mor"><mw><pos><c>adj</c></pos><stem>hot</stem></mw><gra type="gra" index="3" head="4" relation="MOD"/></mor></w>
    <w>dogs<mor type="mor"><mw><pos><c>n</c></pos><stem>dog</stem><mk type="sfx">PL</mk></mw><gra type="gra" index="4" head="2" relation="OBJ"/></mor></w>
    <w>on<mor type="mor"><mw><pos><c>prep</c></pos><stem>on</stem></mw><gra type="gra" index="5" head="2" relation="JCT"/></mor></w>
    <w>there<mor type="mor"><mw><pos><c>n</c></pos><stem>there</stem></mw><gra type="gra" index="6" head="5" relation="POBJ"/></mor></w>
    <t type="q"><mor type="mor"><mt type="q"/><gra type="gra" index="7" head="2" relation="PUNCT"/></mor></t>

    <a type="gesture">glances at Olivia</a>
  </u>
  <u who="CHI" uID="u80">
    <w>yeah<mor type="mor"><mw><pos><c>co</c></pos><stem>yeah</stem></mw><gra type="gra" index="1" head="0" relation="INCROOT"/></mor></w>
    <t type="p"><mor type="mor"><mt type="p"/><gra type="gra" index="2" head="1" relation="PUNCT"/></mor></t>

  </u>
  <u who="MOT" uID="u81">
    <g><w>they're</w><k type="retracing"/></g>
    <w>they're<mor type="mor"><mw><pos><c>pro</c><s>sub</s></pos><stem>they</stem></mw><gra type="gra" index="1" head="3" relation="SUBJ"/><mor-post><mw><pos><c>aux</c></pos><stem>be</stem><mk type="sfxf">PRES</mk></mw><gra type="gra" index="2" head="3" relation="AUX"/></mor-post></mor></w>
    <w>cookin<shortening>g</shortening><mor type="mor"><mw><pos><c>part</c></pos><stem>cook</stem><mk type="sfx">PRESP</mk></mw><gra type="gra" index="3" head="0" relation="ROOT"/></mor></w>
    <w>their<mor type="mor"><mw><pos><c>det</c><s>poss</s></pos><stem>their</stem></mw><gra type="gra" index="4" head="5" relation="DET"/></mor></w>
    <w>dinner<mor type="mor"><mw><pos><c>n</c></pos><stem>dinner</stem></mw><gra type="gra" index="5" head="3" relation="OBJ"/></mor></w>
    <t type="p"><mor type="mor"><mt type="p"/><gra type="gra" index="6" head="3" relation="PUNCT"/></mor></t>

    <a type="actions">&lt;aft&gt; picks up dog and attempts to put in chair but it falls . tries again and succeeds</a>
  </u>
  <u who="CHI" uID="u82">
    <w>chair<mor type="mor"><mw><pos><c>n</c></pos><stem>chair</stem></mw><gra type="gra" index="1" head="0" relation="INCROOT"/></mor></w>
    <t type="q"><mor type="mor"><mt type="q"/><gra type="gra" index="2" head="1" relation="PUNCT"/></mor></t>

    <a type="gesture">points to grill</a>
    <a type="extension" flavor="pho">S-Ser</a>
  </u>
  <u who="MOT" uID="u83">
    <w>look<mor type="mor"><mw><pos><c>co</c></pos><stem>look</stem></mw><gra type="gra" index="1" head="0" relation="INCROOT"/></mor></w>
    <t type="p"><mor type="mor"><mt type="p"/><gra type="gra" index="2" head="1" relation="PUNCT"/></mor></t>

  </u>
  <u who="CHI" uID="u84">
    <w untranscribed="unintelligible-with-pho">yyy</w>
    <t type="p"></t>

    <a type="actions">wiggles fingers</a>
    <a type="extension" flavor="pho">n6</a>
  </u>
  <u who="MOT" uID="u85">
    <w>look<mor type="mor"><mw><pos><c>co</c></pos><stem>look</stem></mw><gra type="gra" index="1" head="0" relation="INCROOT"/></mor></w>
    <t type="p"><mor type="mor"><mt type="p"/><gra type="gra" index="2" head="1" relation="PUNCT"/></mor></t>

    <a type="gesture">points to chair</a>
  </u>
  <u who="CHI" uID="u86">
    <w>chair<mor type="mor"><mw><pos><c>n</c></pos><stem>chair</stem></mw><gra type="gra" index="1" head="0" relation="INCROOT"/></mor></w>
    <t type="q"><mor type="mor"><mt type="q"/><gra type="gra" index="2" head="1" relation="PUNCT"/></mor></t>

    <a type="extension" flavor="pho">seIr</a>
  </u>
  <u who="MOT" uID="u87">
    <w>he's<mor type="mor"><mw><pos><c>pro</c><s>sub</s></pos><stem>he</stem></mw><gra type="gra" index="1" head="3" relation="SUBJ"/><mor-post><mw><pos><c>aux</c></pos><stem>be</stem><mk type="sfxf">3S</mk></mw><gra type="gra" index="2" head="3" relation="AUX"/></mor-post></mor></w>
    <w>resting<mor type="mor"><mw><pos><c>part</c></pos><stem>rest</stem><mk type="sfx">PRESP</mk></mw><gra type="gra" index="3" head="0" relation="ROOT"/></mor></w>
    <t type="p"><mor type="mor"><mt type="p"/><gra type="gra" index="4" head="3" relation="PUNCT"/></mor></t>

    <a type="gesture">&lt;aft&gt; points to objects and toys with circular motion</a>
    <a type="actions">&lt;aft&gt; picks up several objects and puts in dollhouse</a>
  </u>
  <u who="CHI" uID="u88">
    <e><action/></e>
    <t type="p"></t>

    <a type="actions">puts hand over toys . begins to pick up man but stops . picks up another man and holds in two hands . puts man in one hand and holds . puts hand on crotch , tugs on pants and unsnaps pants</a>
  </u>
  <u who="MOT" uID="u89">
    <w>oh<mor type="mor"><mw><pos><c>co</c></pos><stem>oh</stem></mw><gra type="gra" index="1" head="0" relation="INCROOT"/></mor></w>
    <t type="e"><mor type="mor"><mt type="e"/><gra type="gra" index="2" head="1" relation="PUNCT"/></mor></t>

    <a type="actions">picks up chicken and puts down</a>
  </u>
  <u who="MOT" uID="u90">
    <w>what<mor type="mor"><mw><pos><c>pro</c><s>int</s></pos><stem>what</stem></mw><gra type="gra" index="1" head="2" relation="SUBJ"/></mor></w>
    <w>happened<mor type="mor"><mw><pos><c>v</c></pos><stem>happen</stem><mk type="sfx">PAST</mk></mw><gra type="gra" index="2" head="0" relation="ROOT"/></mor></w>
    <t type="q"><mor type="mor"><mt type="q"/><gra type="gra" index="3" head="2" relation="PUNCT"/></mor></t>

  </u>
  <u who="CHI" uID="u91">
    <w>snap<mor type="mor"><mw><pos><c>n</c></pos><stem>snap</stem></mw><gra type="gra" index="1" head="0" relation="INCROOT"/></mor></w>
    <w untranscribed="unintelligible-with-pho">yyy</w>
    <t type="p"><mor type="mor"><mt type="p"/><gra type="gra" index="2" head="1" relation="PUNCT"/></mor></t>

    <a type="actions">tugs</a>
    <a type="extension" flavor="pho">Sap 6</a>
  </u>
  <u who="MOT" uID="u92">
    <w>oh<mor type="mor"><mw><pos><c>co</c></pos><stem>oh</stem></mw><gra type="gra" index="1" head="0" relation="INCROOT"/></mor></w>
    <t type="e"><mor type="mor"><mt type="e"/><gra type="gra" index="2" head="1" relation="PUNCT"/></mor></t>

    <a type="actions">snaps Olivia's pants</a>
  </u>
  <u who="MOT" uID="u93">
    <w>let's<mor type="mor"><mw><pos><c>v</c></pos><stem>let</stem></mw><gra type="gra" index="1" head="0" relation="ROOT"/><mor-post><mw><pos><c>pro</c><s>obj</s></pos><stem>us</stem></mw><gra type="gra" index="2" head="1" relation="OBJ"/></mor-post></mor></w>
    <w>snap<mor type="mor"><mw><pos><c>v</c></pos><stem>snap</stem></mw><gra type="gra" index="3" head="1" relation="COMP"/></mor></w>
    <w>it<mor type="mor"><mw><pos><c>pro</c><s>per</s></pos><stem>it</stem></mw><gra type="gra" index="4" head="3" relation="OBJ"/></mor></w>
    <w>up<mor type="mor"><mw><pos><c>adv</c></pos><stem>up</stem></mw><gra type="gra" index="5" head="3" relation="JCT"/></mor></w>
    <pause symbolic-length="simple"/>
    <w>so<mor type="mor"><mw><pos><c>conj</c></pos><stem>so</stem></mw><gra type="gra" index="6" head="10" relation="LINK"/></mor></w>
    <w>you're<mor type="mor"><mw><pos><c>pro</c><s>per</s></pos><stem>you</stem></mw><gra type="gra" index="7" head="10" relation="SUBJ"/><mor-post><mw><pos><c>aux</c></pos><stem>be</stem><mk type="sfxf">PRES</mk></mw><gra type="gra" index="8" head="10" relation="AUX"/></mor-post></mor></w>
    <w>not<mor type="mor"><mw><pos><c>neg</c></pos><stem>not</stem></mw><gra type="gra" index="9" head="8" relation="NEG"/></mor></w>
    <w>falling<mor type="mor"><mw><pos><c>part</c></pos><stem>fall</stem><mk type="sfx">PRESP</mk></mw><gra type="gra" index="10" head="1" relation="CJCT"/></mor></w>
    <w>out<mor type="mor"><mw><pos><c>adv</c></pos><stem>out</stem></mw><gra type="gra" index="11" head="10" relation="JCT"/></mor></w>
    <t type="p"><mor type="mor"><mt type="p"/><gra type="gra" index="12" head="1" relation="PUNCT"/></mor></t>

  </u>
  <u who="CHI" uID="u94">
    <w>box<mor type="mor"><mw><pos><c>n</c></pos><stem>box</stem></mw><gra type="gra" index="1" head="0" relation="INCROOT"/></mor></w>
    <t type="e"><mor type="mor"><mt type="e"/><gra type="gra" index="2" head="1" relation="PUNCT"/></mor></t>

    <a type="actions">reaches for shape box . pulls it toward herself and opens it</a>
    <a type="gesture">&lt;bef&gt; glances at Mother</a>
  </u>
  <u who="CHI" uID="u95">
    <w type="filler">um</w>
    <pause symbolic-length="simple"/>
    <w>box<mor type="mor"><mw><pos><c>n</c></pos><stem>box</stem></mw><gra type="gra" index="1" head="0" relation="INCROOT"/></mor></w>
    <t type="p"><mor type="mor"><mt type="p"/><gra type="gra" index="2" head="1" relation="PUNCT"/></mor></t>

    <a type="actions">holds lid and reaches in shape box</a>
  </u>
  <u who="MOT" uID="u96">
    <e><action/></e>
    <t type="p"></t>

    <a type="actions">crawls away</a>
  </u>
  <u who="CHI" uID="u97">
    <w type="filler">uh</w>
    <w>where<mor type="mor"><mw><pos><c>pro</c><s>rel</s></pos><stem>where</stem></mw><gra type="gra" index="1" head="0" relation="INCROOT"/></mor></w>
    <t type="p"><mor type="mor"><mt type="p"/><gra type="gra" index="2" head="1" relation="PUNCT"/></mor></t>

    <a type="actions">takes block out of shape box and puts on floor</a>
    <a type="extension" flavor="pho">6 &amp;-er-oU</a>
  </u>
  <u who="MOT" uID="u98">
    <e><action/></e>
    <t type="p"></t>

    <a type="gesture">peeks out at Olivia</a>
    <a type="actions">hides behind bean bag chair</a>
  </u>
  <u who="CHI" uID="u99">
    <w>Mama<mor type="mor"><mw><pos><c>n</c><s>prop</s></pos><stem>Mama</stem></mw><gra type="gra" index="1" head="0" relation="INCROOT"/></mor></w>
    <t type="e"><mor type="mor"><mt type="e"/><gra type="gra" index="2" head="1" relation="PUNCT"/></mor></t>

    <a type="paralinguistics">spoken in exasperated voice</a>
    <a type="intonation">emphasis on first ma</a>
  </u>
  <u who="MOT" uID="u100">
    <e><action/></e>
    <t type="p"></t>

    <a type="gesture">peeks around side of chair</a>
  </u>
  <u who="CHI" uID="u101">
    <w untranscribed="unintelligible-with-pho">yyy</w>
    <t type="p"></t>

    <a type="actions">&lt;bef&gt; picks up another block from floor , holds , then puts down by other block</a>
    <a type="alternative">ball</a>
    <a type="extension" flavor="pho">Sap 6</a>
  </u>
  <u who="MOT" uID="u102">
    <e><action/></e>
    <t type="p"></t>

    <a type="actions">hides behind bean bag , peeks out and then hides again</a>
  </u>
  <u who="CHI" uID="u103">
    <w untranscribed="unintelligible-with-pho">yyy</w>
    <t type="q"></t>

    <a type="actions">takes block out of shape box and puts down by others . pushes other two blocks together</a>
    <a type="extension" flavor="pho">boU</a>
  </u>
  <u who="CHI" uID="u104">
    <w>Mommy<mor type="mor"><mw><pos><c>n</c><s>prop</s></pos><stem>Mommy</stem></mw><gra type="gra" index="1" head="0" relation="INCROOT"/></mor></w>
    <t type="e"><mor type="mor"><mt type="e"/><gra type="gra" index="2" head="1" relation="PUNCT"/></mor></t>

    <a type="intonation">emphasis on Mo</a>
  </u>
  <u who="MOT" uID="u105">
    <e><action/></e>
    <t type="p"></t>

    <a type="actions">gets back behind bean bag chair</a>
    <a type="gesture">peeks briefly from side of bean bag chair</a>
  </u>
  <u who="CHI" uID="u106">
    <w>Mama<mor type="mor"><mw><pos><c>n</c><s>prop</s></pos><stem>Mama</stem></mw><gra type="gra" index="1" head="0" relation="INCROOT"/></mor></w>
    <t type="q"><mor type="mor"><mt type="q"/><gra type="gra" index="2" head="1" relation="PUNCT"/></mor></t>

    <a type="actions">walks behind bean bag chair</a>
    <a type="intonation">emphasis on first Ma</a>
  </u>
  <u who="MOT" uID="u107">
    <e><action/></e>
    <t type="p"></t>

    <a type="gesture">smiles at Olivia</a>
    <a type="actions">sits up straight then crouches down again</a>
  </u>
  <u who="CHI" uID="u108">
    <w>Mama<mor type="mor"><mw><pos><c>n</c><s>prop</s></pos><stem>Mama</stem></mw><gra type="gra" index="1" head="0" relation="INCROOT"/></mor></w>
    <t type="e"><mor type="mor"><mt type="e"/><gra type="gra" index="2" head="1" relation="PUNCT"/></mor></t>

    <a type="actions">&lt;dur&gt; stops &lt;bef&gt; walks toward toys .</a>
    <a type="paralinguistics">spoken in exasperated voice</a>
    <a type="intonation">emphasis on first Ma</a>
  </u>
  <u who="MOT" uID="u109">
    <e><action/></e>
    <t type="p"></t>

    <a type="actions">crawls behind other bean bag chair</a>
  </u>
  <u who="CHI" uID="u110">
    <w>Mommy<mor type="mor"><mw><pos><c>n</c><s>prop</s></pos><stem>Mommy</stem></mw><gra type="gra" index="1" head="0" relation="INCROOT"/></mor></w>
    <t type="e"><mor type="mor"><mt type="e"/><gra type="gra" index="2" head="1" relation="PUNCT"/></mor></t>

    <a type="actions">runs after Mother</a>
    <a type="paralinguistics">squeals "Mo"</a>
  </u>
  <u who="MOT" uID="u111">
    <e><happening>laughs</happening></e>
    <t type="p"></t>

    <a type="actions">&lt;aft&gt; turns toward Olivia</a>
  </u>
  <u who="CHI" uID="u112">
    <w>Mama<mor type="mor"><mw><pos><c>n</c><s>prop</s></pos><stem>Mama</stem></mw><gra type="gra" index="1" head="0" relation="INCROOT"/></mor></w>
    <t type="e"><mor type="mor"><mt type="e"/><gra type="gra" index="2" head="1" relation="PUNCT"/></mor></t>

    <a type="actions">runs into Mother's arms</a>
    <a type="paralinguistics">&lt;1w&gt; squeals</a>
  </u>
  <u who="CHI" uID="u113">
    <w>Mommy<mor type="mor"><mw><pos><c>n</c><s>prop</s></pos><stem>Mommy</stem></mw><gra type="gra" index="1" head="0" relation="INCROOT"/></mor></w>
    <t type="p"><mor type="mor"><mt type="p"/><gra type="gra" index="2" head="1" relation="PUNCT"/></mor></t>

    <a type="gesture">&lt;1w&gt; smiles at Mother</a>
  </u>
  <u who="CHI" uID="u114">
    <w>play<mor type="mor"><mw><pos><c>n</c></pos><stem>play</stem></mw><gra type="gra" index="1" head="0" relation="INCROOT"/></mor></w>
    <t type="e"><mor type="mor"><mt type="e"/><gra type="gra" index="2" head="1" relation="PUNCT"/></mor></t>

  </u>
  <u who="CHI" uID="u115">
    <w>play<mor type="mor"><mw><pos><c>n</c></pos><stem>play</stem></mw><gra type="gra" index="1" head="0" relation="INCROOT"/></mor></w>
    <t type="e"><mor type="mor"><mt type="e"/><gra type="gra" index="2" head="1" relation="PUNCT"/></mor></t>

  </u>
  <u who="CHI" uID="u116">
    <w>play<mor type="mor"><mw><pos><c>n</c></pos><stem>play</stem></mw><gra type="gra" index="1" head="0" relation="INCROOT"/></mor></w>
    <t type="e"><mor type="mor"><mt type="e"/><gra type="gra" index="2" head="1" relation="PUNCT"/></mor></t>

  </u>
  <u who="CHI" uID="u117">
    <w>yeah<mor type="mor"><mw><pos><c>co</c></pos><stem>yeah</stem></mw><gra type="gra" index="1" head="0" relation="INCROOT"/></mor></w>
    <t type="e"><mor type="mor"><mt type="e"/><gra type="gra" index="2" head="1" relation="PUNCT"/></mor></t>

  </u>
  <u who="CHI" uID="u118">
    <w>oh<mor type="mor"><mw><pos><c>co</c></pos><stem>oh</stem></mw><gra type="gra" index="1" head="2" relation="COM"/></mor></w>
    <w type="filler">uh</w>
    <w>teacher<mor type="mor"><mw><pos><c>n</c></pos><stem>teach</stem><mk type="sfxf">dv</mk><mk type="sfx">AGT</mk></mw><gra type="gra" index="2" head="0" relation="INCROOT"/></mor></w>
    <t type="e"><mor type="mor"><mt type="e"/><gra type="gra" index="3" head="2" relation="PUNCT"/></mor></t>

  </u>
  <u who="MOT" uID="u119">
    <e><action/></e>
    <t type="p"></t>

    <a type="actions">holds Olivia . dips backward and up again . hugs Olivia</a>
  </u>
  <u who="CHI" uID="u120">
    <w>yeah<mor type="mor"><mw><pos><c>co</c></pos><stem>yeah</stem></mw><gra type="gra" index="1" head="0" relation="INCROOT"/></mor></w>
    <t type="p"><mor type="mor"><mt type="p"/><gra type="gra" index="2" head="1" relation="PUNCT"/></mor></t>

    <a type="actions">&lt;aft&gt; lifts up Olivia , holds and kisses</a>
  </u>
  <u who="CHI" uID="u121">
    <w>teach<mor type="mor"><mw><pos><c>v</c></pos><stem>teach</stem></mw><gra type="gra" index="1" head="0" relation="ROOT"/></mor></w>
    <t type="e"><mor type="mor"><mt type="e"/><gra type="gra" index="2" head="1" relation="PUNCT"/></mor></t>

    <a type="actions">stands in Mother's lap</a>
  </u>
  <u who="CHI" uID="u122">
    <w>teacher<mor type="mor"><mw><pos><c>n</c></pos><stem>teach</stem><mk type="sfxf">dv</mk><mk type="sfx">AGT</mk></mw><gra type="gra" index="1" head="0" relation="INCROOT"/></mor></w>
    <t type="e"><mor type="mor"><mt type="e"/><gra type="gra" index="2" head="1" relation="PUNCT"/></mor></t>

  </u>
  <u who="CHI" uID="u123">
    <w>teacher<mor type="mor"><mw><pos><c>n</c></pos><stem>teach</stem><mk type="sfxf">dv</mk><mk type="sfx">AGT</mk></mw><gra type="gra" index="1" head="0" relation="INCROOT"/></mor></w>
    <t type="e"><mor type="mor"><mt type="e"/><gra type="gra" index="2" head="1" relation="PUNCT"/></mor></t>

  </u>
  <u who="MOT" uID="u124">
    <w>can<mor type="mor"><mw><pos><c>mod</c></pos><stem>can</stem></mw><gra type="gra" index="1" head="3" relation="AUX"/></mor></w>
    <w>you<mor type="mor"><mw><pos><c>pro</c><s>per</s></pos><stem>you</stem></mw><gra type="gra" index="2" head="3" relation="SUBJ"/></mor></w>
    <w>go<mor type="mor"><mw><pos><c>v</c></pos><stem>go</stem></mw><gra type="gra" index="3" head="0" relation="ROOT"/></mor></w>
    <w>hide<mor type="mor"><mw><pos><c>n</c></pos><stem>hide</stem></mw><gra type="gra" index="4" head="3" relation="OBJ"/></mor></w>
    <t type="q"><mor type="mor"><mt type="q"/><gra type="gra" index="5" head="3" relation="PUNCT"/></mor></t>

  </u>
  <u who="MOT" uID="u125">
    <w>you<mor type="mor"><mw><pos><c>pro</c><s>per</s></pos><stem>you</stem></mw><gra type="gra" index="1" head="2" relation="SUBJ"/></mor></w>
    <w>go<mor type="mor"><mw><pos><c>v</c></pos><stem>go</stem></mw><gra type="gra" index="2" head="0" relation="ROOT"/></mor></w>
    <w>hide<mor type="mor"><mw><pos><c>n</c></pos><stem>hide</stem></mw><gra type="gra" index="3" head="2" relation="OBJ"/></mor></w>
    <w>and<mor type="mor"><mw><pos><c>coord</c></pos><stem>and</stem></mw><gra type="gra" index="4" head="2" relation="CONJ"/></mor></w>
    <w>let<mor type="mor"><mw><pos><c>v</c></pos><stem>let</stem><mk type="sfxf">ZERO</mk></mw><gra type="gra" index="5" head="4" relation="COORD"/></mor></w>
    <w>me<mor type="mor"><mw><pos><c>pro</c><s>obj</s></pos><stem>me</stem></mw><gra type="gra" index="6" head="5" relation="OBJ"/></mor></w>
    <w>go<mor type="mor"><mw><pos><c>v</c></pos><stem>go</stem></mw><gra type="gra" index="7" head="8" relation="SRL"/></mor></w>
    <w>find<mor type="mor"><mw><pos><c>v</c></pos><stem>find</stem></mw><gra type="gra" index="8" head="5" relation="COMP"/></mor></w>
    <w>you<mor type="mor"><mw><pos><c>pro</c><s>per</s></pos><stem>you</stem></mw><gra type="gra" index="9" head="8" relation="OBJ"/></mor></w>
    <t type="e"><mor type="mor"><mt type="e"/><gra type="gra" index="10" head="2" relation="PUNCT"/></mor></t>

  </u>
  <u who="MOT" uID="u126">
    <w>can<mor type="mor"><mw><pos><c>mod</c></pos><stem>can</stem></mw><gra type="gra" index="1" head="3" relation="AUX"/></mor></w>
    <w>you<mor type="mor"><mw><pos><c>pro</c><s>per</s></pos><stem>you</stem></mw><gra type="gra" index="2" head="3" relation="SUBJ"/></mor></w>
    <w>go<mor type="mor"><mw><pos><c>v</c></pos><stem>go</stem></mw><gra type="gra" index="3" head="0" relation="ROOT"/></mor></w>
    <w>hide<mor type="mor"><mw><pos><c>n</c></pos><stem>hide</stem></mw><gra type="gra" index="4" head="3" relation="OBJ"/></mor></w>
    <w>behind<mor type="mor"><mw><pos><c>prep</c></pos><stem>behind</stem></mw><gra type="gra" index="5" head="3" relation="JCT"/></mor></w>
    <w>one<mor type="mor"><mw><pos><c>pro</c><s>indef</s></pos><stem>one</stem></mw><gra type="gra" index="6" head="5" relation="POBJ"/></mor></w>
    <w>of<mor type="mor"><mw><pos><c>prep</c></pos><stem>of</stem></mw><gra type="gra" index="7" head="6" relation="NJCT"/></mor></w>
    <w>the<mor type="mor"><mw><pos><c>det</c><s>art</s></pos><stem>the</stem></mw><gra type="gra" index="8" head="10" relation="DET"/></mor></w>
    <w>bean<mor type="mor"><mw><pos><c>n</c></pos><stem>bean</stem></mw><gra type="gra" index="9" head="10" relation="MOD"/></mor></w>
    <w>bags<mor type="mor"><mw><pos><c>n</c></pos><stem>bag</stem><mk type="sfx">PL</mk></mw><gra type="gra" index="10" head="7" relation="POBJ"/></mor></w>
    <t type="q"><mor type="mor"><mt type="q"/><gra type="gra" index="11" head="3" relation="PUNCT"/></mor></t>

    <a type="gesture">&lt;1w&gt; points to bean bag chair</a>
  </u>
  <u who="CHI" uID="u127">
    <e><action/></e>
    <t type="p"></t>

    <a type="actions">gets up , walks a few steps , turns toward Mother , then sits on bean bag chair</a>
  </u>
  <u who="MOT" uID="u128">
    <w>I<mor type="mor"><mw><pos><c>pro</c><s>sub</s></pos><stem>I</stem></mw><gra type="gra" index="1" head="4" relation="SUBJ"/></mor></w>
    <w>won't<mor type="mor"><mw><pos><c>mod</c></pos><stem>will</stem></mw><gra type="gra" index="2" head="4" relation="AUX"/><mor-post><mw><pos><c>neg</c></pos><stem>not</stem></mw><gra type="gra" index="3" head="2" relation="NEG"/></mor-post></mor></w>
    <w>look<mor type="mor"><mw><pos><c>v</c></pos><stem>look</stem></mw><gra type="gra" index="4" head="0" relation="ROOT"/></mor></w>
    <t type="e"><mor type="mor"><mt type="e"/><gra type="gra" index="5" head="4" relation="PUNCT"/></mor></t>

    <a type="actions">covers eyes</a>
  </u>
  <u who="MOT" uID="u129">
    <w>go<mor type="mor"><mw><pos><c>v</c></pos><stem>go</stem></mw><gra type="gra" index="1" head="0" relation="ROOT"/></mor></w>
    <w>hide<mor type="mor"><mw><pos><c>n</c></pos><stem>hide</stem></mw><gra type="gra" index="2" head="1" relation="OBJ"/></mor></w>
    <t type="e"><mor type="mor"><mt type="e"/><gra type="gra" index="3" head="1" relation="PUNCT"/></mor></t>

  </u>
  <u who="CHI" uID="u130">
    <w>hi<mor type="mor"><mw><pos><c>co</c></pos><stem>hi</stem></mw><gra type="gra" index="1" head="0" relation="INCROOT"/></mor></w>
    <t type="e"><mor type="mor"><mt type="e"/><gra type="gra" index="2" head="1" relation="PUNCT"/></mor></t>

    <a type="gesture">smiles at Mother</a>
  </u>
  <u who="MOT" uID="u131">
    <w>hide<mor type="mor"><mw><pos><c>n</c></pos><stem>hide</stem></mw><gra type="gra" index="1" head="0" relation="INCROOT"/></mor></w>
    <w>so<mor type="mor"><mw><pos><c>co</c></pos><stem>so</stem></mw><gra type="gra" index="2" head="6" relation="COM"/></mor></w>
    <w>I<mor type="mor"><mw><pos><c>pro</c><s>sub</s></pos><stem>I</stem></mw><gra type="gra" index="3" head="6" relation="SUBJ"/></mor></w>
    <w>can't<mor type="mor"><mw><pos><c>mod</c></pos><stem>can</stem></mw><gra type="gra" index="4" head="6" relation="AUX"/><mor-post><mw><pos><c>neg</c></pos><stem>not</stem></mw><gra type="gra" index="5" head="4" relation="NEG"/></mor-post></mor></w>
    <w>see<mor type="mor"><mw><pos><c>v</c></pos><stem>see</stem></mw><gra type="gra" index="6" head="1" relation="CMOD"/></mor></w>
    <w>you<mor type="mor"><mw><pos><c>pro</c><s>per</s></pos><stem>you</stem></mw><gra type="gra" index="7" head="6" relation="OBJ"/></mor></w>
    <t type="p"><mor type="mor"><mt type="p"/><gra type="gra" index="8" head="1" relation="PUNCT"/></mor></t>

  </u>
  <u who="MOT" uID="u132">
    <w>can<mor type="mor"><mw><pos><c>mod</c></pos><stem>can</stem></mw><gra type="gra" index="1" head="3" relation="AUX"/></mor></w>
    <w>you<mor type="mor"><mw><pos><c>pro</c><s>per</s></pos><stem>you</stem></mw><gra type="gra" index="2" head="3" relation="SUBJ"/></mor></w>
    <w>hide<mor type="mor"><mw><pos><c>v</c></pos><stem>hide</stem></mw><gra type="gra" index="3" head="0" relation="ROOT"/></mor></w>
    <t type="q"><mor type="mor"><mt type="q"/><gra type="gra" index="4" head="3" relation="PUNCT"/></mor></t>

  </u>
  <u who="CHI" uID="u133">
    <w>hi<mor type="mor"><mw><pos><c>co</c></pos><stem>hi</stem></mw><gra type="gra" index="1" head="0" relation="INCROOT"/></mor></w>
    <t type="e"><mor type="mor"><mt type="e"/><gra type="gra" index="2" head="1" relation="PUNCT"/></mor></t>

    <a type="gesture">&lt;1w&gt; waves at Mother</a>
  </u>
  <u who="CHI" uID="u134">
    <w>teacher<mor type="mor"><mw><pos><c>n</c></pos><stem>teach</stem><mk type="sfxf">dv</mk><mk type="sfx">AGT</mk></mw><gra type="gra" index="1" head="0" relation="INCROOT"/></mor></w>
    <t type="e"><mor type="mor"><mt type="e"/><gra type="gra" index="2" head="1" relation="PUNCT"/></mor></t>

    <a type="actions">&lt;1w&gt; stands up</a>
  </u>
  <u who="MOT" uID="u135">
    <w>can<mor type="mor"><mw><pos><c>mod</c></pos><stem>can</stem></mw><gra type="gra" index="1" head="3" relation="AUX"/></mor></w>
    <w>you<mor type="mor"><mw><pos><c>pro</c><s>per</s></pos><stem>you</stem></mw><gra type="gra" index="2" head="3" relation="SUBJ"/></mor></w>
    <w>go<mor type="mor"><mw><pos><c>v</c></pos><stem>go</stem></mw><gra type="gra" index="3" head="7" relation="CJCT"/></mor></w>
    <w>hide<mor type="mor"><mw><pos><c>n</c></pos><stem>hide</stem></mw><gra type="gra" index="4" head="3" relation="OBJ"/></mor></w>
    <w>like<mor type="mor"><mw><pos><c>co</c></pos><stem>like</stem></mw><gra type="gra" index="5" head="3" relation="COM"/></mor></w>
    <w>Mama<mor type="mor"><mw><pos><c>n</c><s>prop</s></pos><stem>Mama</stem></mw><gra type="gra" index="6" head="7" relation="SUBJ"/></mor></w>
    <w>did<mor type="mor"><mw><pos><c>mod</c></pos><stem>do</stem><mk type="sfxf">PAST</mk></mw><gra type="gra" index="7" head="0" relation="ROOT"/></mor></w>
    <t type="q"><mor type="mor"><mt type="q"/><gra type="gra" index="8" head="7" relation="PUNCT"/></mor></t>

    <a type="actions">&lt;bef&gt; uncovers eyes</a>
  </u>
  <u who="CHI" uID="u136">
    <w>yeah<mor type="mor"><mw><pos><c>co</c></pos><stem>yeah</stem></mw><gra type="gra" index="1" head="0" relation="INCROOT"/></mor></w>
    <t type="p"><mor type="mor"><mt type="p"/><gra type="gra" index="2" head="1" relation="PUNCT"/></mor></t>

    <a type="actions">sits on bean bag chair</a>
  </u>
  <u who="MOT" uID="u137">
    <w>go<mor type="mor"><mw><pos><c>v</c></pos><stem>go</stem></mw><gra type="gra" index="1" head="0" relation="ROOT"/></mor></w>
    <w>hide<mor type="mor"><mw><pos><c>n</c></pos><stem>hide</stem></mw><gra type="gra" index="2" head="1" relation="OBJ"/></mor></w>
    <w>behind<mor type="mor"><mw><pos><c>adv</c></pos><stem>behind</stem></mw><gra type="gra" index="3" head="1" relation="JCT"/></mor></w>
    <t type="e"><mor type="mor"><mt type="e"/><gra type="gra" index="4" head="1" relation="PUNCT"/></mor></t>

    <a type="gesture">points to bean bag chair</a>
  </u>
  <u who="CHI" uID="u138">
    <w><shortening>o</shortening>kay<mor type="mor"><mw><pos><c>co</c></pos><stem>okay</stem></mw><gra type="gra" index="1" head="0" relation="INCROOT"/></mor></w>
    <t type="p"><mor type="mor"><mt type="p"/><gra type="gra" index="2" head="1" relation="PUNCT"/></mor></t>

    <a type="actions">stands up and turns around</a>
  </u>
  <u who="MOT" uID="u139">
    <w>go<mor type="mor"><mw><pos><c>v</c></pos><stem>go</stem></mw><gra type="gra" index="1" head="0" relation="ROOT"/></mor></w>
    <w>hide<mor type="mor"><mw><pos><c>n</c></pos><stem>hide</stem></mw><gra type="gra" index="2" head="1" relation="OBJ"/></mor></w>
    <w>behind<mor type="mor"><mw><pos><c>adv</c></pos><stem>behind</stem></mw><gra type="gra" index="3" head="1" relation="JCT"/></mor></w>
    <t type="e"><mor type="mor"><mt type="e"/><gra type="gra" index="4" head="1" relation="PUNCT"/></mor></t>

  </u>
  <u who="MOT" uID="u140">
    <w>go<mor type="mor"><mw><pos><c>v</c></pos><stem>go</stem></mw><gra type="gra" index="1" head="0" relation="ROOT"/></mor></w>
    <w>hide<mor type="mor"><mw><pos><c>n</c></pos><stem>hide</stem></mw><gra type="gra" index="2" head="1" relation="OBJ"/></mor></w>
    <w>behind<mor type="mor"><mw><pos><c>adv</c></pos><stem>behind</stem></mw><gra type="gra" index="3" head="1" relation="JCT"/></mor></w>
    <w>and<mor type="mor"><mw><pos><c>coord</c></pos><stem>and</stem></mw><gra type="gra" index="4" head="1" relation="CONJ"/></mor></w>
    <w>crouch<mor type="mor"><mw><pos><c>n</c></pos><stem>crouch</stem></mw><gra type="gra" index="5" head="4" relation="COORD"/></mor></w>
    <w>down<mor type="mor"><mw><pos><c>adv</c></pos><stem>down</stem></mw><gra type="gra" index="6" head="5" relation="NJCT"/></mor></w>
    <w>like<mor type="mor"><mw><pos><c>prep</c></pos><stem>like</stem></mw><gra type="gra" index="7" head="5" relation="NJCT"/></mor></w>
    <w>this<mor type="mor"><mw><pos><c>pro</c><s>dem</s></pos><stem>this</stem></mw><gra type="gra" index="8" head="7" relation="POBJ"/></mor></w>
    <t type="e"><mor type="mor"><mt type="e"/><gra type="gra" index="9" head="1" relation="PUNCT"/></mor></t>

    <a type="actions">&lt;1w&gt; demonstrates how to crouch</a>
  </u>
  <u who="MOT" uID="u141">
    <w>go<mor type="mor"><mw><pos><c>v</c></pos><stem>go</stem></mw><gra type="gra" index="1" head="0" relation="ROOT"/></mor></w>
    <w>like<mor type="mor"><mw><pos><c>prep</c></pos><stem>like</stem></mw><gra type="gra" index="2" head="1" relation="JCT"/></mor></w>
    <w>that<mor type="mor"><mw><pos><c>pro</c><s>dem</s></pos><stem>that</stem></mw><gra type="gra" index="3" head="2" relation="POBJ"/></mor></w>
    <t type="p"><mor type="mor"><mt type="p"/><gra type="gra" index="4" head="1" relation="PUNCT"/></mor></t>

    <a type="paralinguistics">&lt;1w&gt; whispers</a>
  </u>
  <u who="CHI" uID="u142">
    <e><happening>laughs</happening></e>
    <t type="p"></t>

    <a type="actions">&lt;aft&gt; falls between the two bean bag chairs</a>
  </u>
  <u who="CHI" uID="u143">
    <w type="filler">uh</w>
    <t type="p"></t>

    <a type="explanation">&lt;1w&gt; uttered as she hits the floor</a>
    <a type="paralinguistics">&lt;1w&gt; laughs</a>
  </u>
  <u who="CHI" uID="u144">
    <w>I<mor type="mor"><mw><pos><c>pro</c><s>sub</s></pos><stem>I</stem></mw><gra type="gra" index="1" head="2" relation="SUBJ"/></mor></w>
    <w>fall<mor type="mor"><mw><pos><c>v</c></pos><stem>fall</stem></mw><gra type="gra" index="2" head="0" relation="ROOT"/></mor></w>
    <t type="e"><mor type="mor"><mt type="e"/><gra type="gra" index="3" head="2" relation="PUNCT"/></mor></t>

    <a type="actions">&lt;1w&gt; gets up</a>
    <a type="extension" flavor="pho">&lt;1w&gt; A</a>
  </u>
  <u who="MOT" uID="u145">
    <w>can<mor type="mor"><mw><pos><c>mod</c></pos><stem>can</stem></mw><gra type="gra" index="1" head="3" relation="AUX"/></mor></w>
    <w>you<mor type="mor"><mw><pos><c>pro</c><s>per</s></pos><stem>you</stem></mw><gra type="gra" index="2" head="3" relation="SUBJ"/></mor></w>
    <w>go<mor type="mor"><mw><pos><c>v</c></pos><stem>go</stem></mw><gra type="gra" index="3" head="0" relation="ROOT"/></mor></w>
    <w>hide<mor type="mor"><mw><pos><c>n</c></pos><stem>hide</stem></mw><gra type="gra" index="4" head="3" relation="OBJ"/></mor></w>
    <t type="q"><mor type="mor"><mt type="q"/><gra type="gra" index="5" head="3" relation="PUNCT"/></mor></t>

  </u>
  <u who="CHI" uID="u146">
    <w>teacher<mor type="mor"><mw><pos><c>n</c></pos><stem>teach</stem><mk type="sfxf">dv</mk><mk type="sfx">AGT</mk></mw><gra type="gra" index="1" head="0" relation="INCROOT"/></mor></w>
    <t type="p"><mor type="mor"><mt type="p"/><gra type="gra" index="2" head="1" relation="PUNCT"/></mor></t>

    <a type="actions">turns toward Mother</a>
  </u>
  <u who="CHI" uID="u147">
    <w>teacher<mor type="mor"><mw><pos><c>n</c></pos><stem>teach</stem><mk type="sfxf">dv</mk><mk type="sfx">AGT</mk></mw><gra type="gra" index="1" head="0" relation="INCROOT"/></mor></w>
    <t type="e"><mor type="mor"><mt type="e"/><gra type="gra" index="2" head="1" relation="PUNCT"/></mor></t>

  </u>
  <u who="MOT" uID="u148">
    <w>teacher<mor type="mor"><mw><pos><c>n</c></pos><stem>teach</stem><mk type="sfxf">dv</mk><mk type="sfx">AGT</mk></mw><gra type="gra" index="1" head="2" relation="SUBJ"/></mor></w>
    <w>went<mor type="mor"><mw><pos><c>v</c></pos><stem>go</stem><mk type="sfxf">PAST</mk></mw><gra type="gra" index="2" head="0" relation="ROOT"/></mor></w>
    <w>byebye<mor type="mor"><mw><pos><c>co</c></pos><stem>byebye</stem></mw><gra type="gra" index="3" head="2" relation="OBJ"/></mor></w>
    <w>for<mor type="mor"><mw><pos><c>prep</c></pos><stem>for</stem></mw><gra type="gra" index="4" head="3" relation="JCT"/></mor></w>
    <w>a<mor type="mor"><mw><pos><c>det</c><s>art</s></pos><stem>a</stem></mw><gra type="gra" index="5" head="7" relation="DET"/></mor></w>
    <w>few<mor type="mor"><mw><pos><c>n</c></pos><stem>few</stem></mw><gra type="gra" index="6" head="7" relation="MOD"/></mor></w>
    <w>minutes<mor type="mor"><mw><pos><c>n</c></pos><stem>minute</stem><mk type="sfx">PL</mk></mw><gra type="gra" index="7" head="4" relation="POBJ"/></mor></w>
    <t type="p"><mor type="mor"><mt type="p"/><gra type="gra" index="8" head="2" relation="PUNCT"/></mor></t>

  </u>
  <u who="MOT" uID="u149">
    <w>gonna<mor type="mor"><mw><pos><c>part</c></pos><stem>go</stem><mk type="sfx">PRESP</mk></mw><gra type="gra" index="1" head="0" relation="INCROOT"/><mor-post><mw><pos><c>inf</c></pos><stem>to</stem></mw><gra type="gra" index="2" head="3" relation="INF"/></mor-post></mor></w>
    <w>be<mor type="mor"><mw><pos><c>cop</c></pos><stem>be</stem></mw><gra type="gra" index="3" head="1" relation="COMP"/></mor></w>
    <w>back<mor type="mor"><mw><pos><c>adj</c></pos><stem>back</stem></mw><gra type="gra" index="4" head="3" relation="PRED"/></mor></w>
    <pause symbolic-length="simple"/>
    <w>though<mor type="mor"><mw><pos><c>adv</c></pos><stem>though</stem></mw><gra type="gra" index="5" head="3" relation="JCT"/></mor></w>
    <t type="p"><mor type="mor"><mt type="p"/><gra type="gra" index="6" head="1" relation="PUNCT"/></mor></t>

  </u>
  <u who="MOT" uID="u150">
    <w>can<mor type="mor"><mw><pos><c>mod</c></pos><stem>can</stem></mw><gra type="gra" index="1" head="3" relation="AUX"/></mor></w>
    <w>you<mor type="mor"><mw><pos><c>pro</c><s>per</s></pos><stem>you</stem></mw><gra type="gra" index="2" head="3" relation="SUBJ"/></mor></w>
    <w>go<mor type="mor"><mw><pos><c>v</c></pos><stem>go</stem></mw><gra type="gra" index="3" head="0" relation="ROOT"/></mor></w>
    <w>hide<mor type="mor"><mw><pos><c>n</c></pos><stem>hide</stem></mw><gra type="gra" index="4" head="3" relation="OBJ"/></mor></w>
    <t type="q"><mor type="mor"><mt type="q"/><gra type="gra" index="5" head="3" relation="PUNCT"/></mor></t>

  </u>
  <u who="CHI" uID="u151">
    <w>no<mor type="mor"><mw><pos><c>co</c></pos><stem>no</stem></mw><gra type="gra" index="1" head="0" relation="INCROOT"/></mor></w>
    <t type="e"><mor type="mor"><mt type="e"/><gra type="gra" index="2" head="1" relation="PUNCT"/></mor></t>

    <a type="intonation">spoken in high pitch</a>
  </u>
  <u who="MOT" uID="u152">
    <w>no<mor type="mor"><mw><pos><c>co</c></pos><stem>no</stem></mw><gra type="gra" index="1" head="0" relation="INCROOT"/></mor></w>
    <t type="q"><mor type="mor"><mt type="q"/><gra type="gra" index="2" head="1" relation="PUNCT"/></mor></t>

  </u>
  <u who="CHI" uID="u153">
    <w>teacher<mor type="mor"><mw><pos><c>n</c></pos><stem>teach</stem><mk type="sfxf">dv</mk><mk type="sfx">AGT</mk></mw><gra type="gra" index="1" head="0" relation="INCROOT"/></mor></w>
    <t type="e"><mor type="mor"><mt type="e"/><gra type="gra" index="2" head="1" relation="PUNCT"/></mor></t>

  </u>
  <u who="MOT" uID="u154">
    <w>can<mor type="mor"><mw><pos><c>mod</c></pos><stem>can</stem></mw><gra type="gra" index="1" head="3" relation="AUX"/></mor></w>
    <w>I<mor type="mor"><mw><pos><c>pro</c><s>sub</s></pos><stem>I</stem></mw><gra type="gra" index="2" head="3" relation="SUBJ"/></mor></w>
    <w>hide<mor type="mor"><mw><pos><c>v</c></pos><stem>hide</stem></mw><gra type="gra" index="3" head="0" relation="ROOT"/></mor></w>
    <w>and<mor type="mor"><mw><pos><c>coord</c></pos><stem>and</stem></mw><gra type="gra" index="4" head="3" relation="CONJ"/></mor></w>
    <w>you<mor type="mor"><mw><pos><c>pro</c><s>per</s></pos><stem>you</stem></mw><gra type="gra" index="5" head="6" relation="SUBJ"/></mor></w>
    <w>come<mor type="mor"><mw><pos><c>v</c></pos><stem>come</stem></mw><gra type="gra" index="6" head="4" relation="COORD"/></mor></w>
    <w>find<mor type="mor"><mw><pos><c>v</c></pos><stem>find</stem></mw><gra type="gra" index="7" head="6" relation="COMP"/></mor></w>
    <w>me<mor type="mor"><mw><pos><c>pro</c><s>obj</s></pos><stem>me</stem></mw><gra type="gra" index="8" head="7" relation="OBJ"/></mor></w>
    <t type="q"><mor type="mor"><mt type="q"/><gra type="gra" index="9" head="3" relation="PUNCT"/></mor></t>

  </u>
  <u who="CHI" uID="u155">
    <w>yeah<mor type="mor"><mw><pos><c>co</c></pos><stem>yeah</stem></mw><gra type="gra" index="1" head="0" relation="INCROOT"/></mor></w>
    <t type="p"><mor type="mor"><mt type="p"/><gra type="gra" index="2" head="1" relation="PUNCT"/></mor></t>

  </u>
  <u who="MOT" uID="u156">
    <w>okay<mor type="mor"><mw><pos><c>co</c></pos><stem>okay</stem></mw><gra type="gra" index="1" head="0" relation="INCROOT"/></mor></w>
    <t type="p"><mor type="mor"><mt type="p"/><gra type="gra" index="2" head="1" relation="PUNCT"/></mor></t>

    <a type="actions">&lt;aft&gt; crawls away . walks like baboon</a>
  </u>
  <u who="CHI" uID="u157">
    <w>hi<mor type="mor"><mw><pos><c>co</c></pos><stem>hi</stem></mw><gra type="gra" index="1" head="0" relation="INCROOT"/></mor></w>
    <t type="p"><mor type="mor"><mt type="p"/><gra type="gra" index="2" head="1" relation="PUNCT"/></mor></t>

    <a type="actions">runs after Mother</a>
  </u>
  <u who="MOT" uID="u158">
    <e><action/></e>
    <t type="p"></t>

    <a type="actions">crouches with head down</a>
  </u>
  <u who="CHI" uID="u159">
    <w>teacher<mor type="mor"><mw><pos><c>n</c></pos><stem>teach</stem><mk type="sfxf">dv</mk><mk type="sfx">AGT</mk></mw><gra type="gra" index="1" head="0" relation="INCROOT"/></mor></w>
    <t type="e"><mor type="mor"><mt type="e"/><gra type="gra" index="2" head="1" relation="PUNCT"/></mor></t>

    <a type="actions">steps toward Mother</a>
    <a type="gesture">&lt;bef&gt; smiles</a>
  </u>
  <u who="MOT" uID="u160">
    <w>pss<mor type="mor"><mw><pos><c>co</c></pos><stem>pss</stem></mw><gra type="gra" index="1" head="0" relation="INCROOT"/></mor></w>
    <t type="p"><mor type="mor"><mt type="p"/><gra type="gra" index="2" head="1" relation="PUNCT"/></mor></t>

    <a type="actions">&lt;dur&gt; reaches toward Olivia and tickles her stomach &lt;bef&gt; crawls , then stops on all fours .</a>
  </u>
  <u who="CHI" uID="u161">
    <w>teacher<mor type="mor"><mw><pos><c>n</c></pos><stem>teach</stem><mk type="sfxf">dv</mk><mk type="sfx">AGT</mk></mw><gra type="gra" index="1" head="0" relation="INCROOT"/></mor></w>
    <t type="e"><mor type="mor"><mt type="e"/><gra type="gra" index="2" head="1" relation="PUNCT"/></mor></t>

  </u>
  <u who="MOT" uID="u162">
    <w>teacher<mor type="mor"><mw><pos><c>n</c></pos><stem>teach</stem><mk type="sfxf">dv</mk><mk type="sfx">AGT</mk></mw><gra type="gra" index="1" head="2" relation="SUBJ"/></mor></w>
    <w>went<mor type="mor"><mw><pos><c>v</c></pos><stem>go</stem><mk type="sfxf">PAST</mk></mw><gra type="gra" index="2" head="0" relation="ROOT"/></mor></w>
    <w>byebye<mor type="mor"><mw><pos><c>co</c></pos><stem>byebye</stem></mw><gra type="gra" index="3" head="2" relation="OBJ"/></mor></w>
    <t type="p"><mor type="mor"><mt type="p"/><gra type="gra" index="4" head="2" relation="PUNCT"/></mor></t>

  </u>
  <u who="MOT" uID="u163">
    <w>she<mor type="mor"><mw><pos><c>pro</c><s>sub</s></pos><stem>she</stem></mw><gra type="gra" index="1" head="0" relation="INCROOT"/></mor></w>
    <t type="interruption"><mor type="mor"><mt type="interruption"/><gra type="gra" index="2" head="1" relation="PUNCT"/></mor></t>

  </u>
  <u who="CHI" uID="u164">
    <w>teacher<mor type="mor"><mw><pos><c>n</c></pos><stem>teach</stem><mk type="sfxf">dv</mk><mk type="sfx">AGT</mk></mw><gra type="gra" index="1" head="0" relation="INCROOT"/></mor></w>
    <t type="e"><mor type="mor"><mt type="e"/><gra type="gra" index="2" head="1" relation="PUNCT"/></mor></t>

    <a type="actions">walks a few steps toward Mother , standing between bean bag chairs</a>
  </u>
  <u who="CHI" uID="u165">
    <w>teacher<mor type="mor"><mw><pos><c>n</c></pos><stem>teach</stem><mk type="sfxf">dv</mk><mk type="sfx">AGT</mk></mw><gra type="gra" index="1" head="0" relation="INCROOT"/></mor></w>
    <t type="e"><mor type="mor"><mt type="e"/><gra type="gra" index="2" head="1" relation="PUNCT"/></mor></t>

  </u>
  <u who="MOT" uID="u166">
    <w>you<mor type="mor"><mw><pos><c>pro</c><s>per</s></pos><stem>you</stem></mw><gra type="gra" index="1" head="2" relation="SUBJ"/></mor></w>
    <w>wanna<mor type="mor"><mw><pos><c>v</c></pos><stem>want</stem></mw><gra type="gra" index="2" head="0" relation="ROOT"/><mor-post><mw><pos><c>inf</c></pos><stem>to</stem></mw><gra type="gra" index="3" head="4" relation="INF"/></mor-post></mor></w>
    <w>see<mor type="mor"><mw><pos><c>v</c></pos><stem>see</stem></mw><gra type="gra" index="4" head="2" relation="COMP"/></mor></w>
    <w>her<mor type="mor"><mw><pos><c>pro</c><s>obj</s></pos><stem>her</stem></mw><gra type="gra" index="5" head="4" relation="OBJ"/></mor></w>
    <t type="q"><mor type="mor"><mt type="q"/><gra type="gra" index="6" head="2" relation="PUNCT"/></mor></t>

    <a type="actions">begins crawling</a>
  </u>
  <u who="CHI" uID="u167">
    <w>yeah<mor type="mor"><mw><pos><c>co</c></pos><stem>yeah</stem></mw><gra type="gra" index="1" head="0" relation="INCROOT"/></mor></w>
    <t type="e"><mor type="mor"><mt type="e"/><gra type="gra" index="2" head="1" relation="PUNCT"/></mor></t>

    <a type="actions">&lt;aft&gt; walks toward Mother</a>
  </u>
  <u who="MOT" uID="u168">
    <w>c<shortening>o</shortening>m<shortening>e</shortening><mor type="mor"><mw><pos><c>v</c></pos><stem>come</stem></mw><gra type="gra" index="1" head="0" relation="ROOT"/></mor></w>
    <w>on<mor type="mor"><mw><pos><c>adv</c></pos><stem>on</stem></mw><gra type="gra" index="2" head="1" relation="JCT"/></mor></w>
    <w>over<mor type="mor"><mw><pos><c>prep</c></pos><stem>over</stem></mw><gra type="gra" index="3" head="1" relation="JCT"/></mor></w>
    <w>here<mor type="mor"><mw><pos><c>adv</c></pos><stem>here</stem></mw><gra type="gra" index="4" head="3" relation="POBJ"/></mor></w>
    <t type="e"><mor type="mor"><mt type="e"/><gra type="gra" index="5" head="1" relation="PUNCT"/></mor></t>

    <a type="actions">sits down . orients Olivia</a>
  </u>
  <u who="MOT" uID="u169">
    <w>she'll<mor type="mor"><mw><pos><c>pro</c><s>sub</s></pos><stem>she</stem></mw><gra type="gra" index="1" head="3" relation="SUBJ"/><mor-post><mw><pos><c>mod</c></pos><stem>will</stem></mw><gra type="gra" index="2" head="3" relation="AUX"/></mor-post></mor></w>
    <w>be<mor type="mor"><mw><pos><c>cop</c></pos><stem>be</stem></mw><gra type="gra" index="3" head="0" relation="ROOT"/></mor></w>
    <w>back<mor type="mor"><mw><pos><c>adv</c></pos><stem>back</stem></mw><gra type="gra" index="4" head="3" relation="JCT"/></mor></w>
    <w>in<mor type="mor"><mw><pos><c>prep</c></pos><stem>in</stem></mw><gra type="gra" index="5" head="3" relation="JCT"/></mor></w>
    <w>a<mor type="mor"><mw><pos><c>det</c><s>art</s></pos><stem>a</stem></mw><gra type="gra" index="6" head="7" relation="DET"/></mor></w>
    <w>minute<mor type="mor"><mw><pos><c>n</c></pos><stem>minute</stem></mw><gra type="gra" index="7" head="5" relation="POBJ"/></mor></w>
    <t type="p"><mor type="mor"><mt type="p"/><gra type="gra" index="8" head="3" relation="PUNCT"/></mor></t>

  </u>
  <u who="MOT" uID="u170">
    <w>look<mor type="mor"><mw><pos><c>co</c></pos><stem>look</stem></mw><gra type="gra" index="1" head="0" relation="INCROOT"/></mor></w>
    <t type="e"><mor type="mor"><mt type="e"/><gra type="gra" index="2" head="1" relation="PUNCT"/></mor></t>

    <a type="actions">&lt;1w&gt; holds blocks in Olivia's hand .</a>
  </u>
  <u who="MOT" uID="u171">
    <w>what<mor type="mor"><mw><pos><c>pro</c><s>int</s></pos><stem>what</stem></mw><gra type="gra" index="1" head="2" relation="SUBJ"/></mor></w>
    <w>are<mor type="mor"><mw><pos><c>cop</c></pos><stem>be</stem><mk type="sfxf">PRES</mk></mw><gra type="gra" index="2" head="0" relation="ROOT"/></mor></w>
    <w>these<mor type="mor"><mw><pos><c>pro</c><s>dem</s></pos><stem>these</stem></mw><gra type="gra" index="3" head="2" relation="PRED"/></mor></w>
    <t type="q"><mor type="mor"><mt type="q"/><gra type="gra" index="4" head="2" relation="PUNCT"/></mor></t>

    <a type="actions">&lt;1w&gt; holds blocks out to Olivia &lt;1w&gt; rolls blocks in Olivia's hand .</a>
  </u>
  <u who="CHI" uID="u172">
    <w>ball<mor type="mor"><mw><pos><c>n</c></pos><stem>ball</stem></mw><gra type="gra" index="1" head="0" relation="INCROOT"/></mor></w>
    <t type="e"><mor type="mor"><mt type="e"/><gra type="gra" index="2" head="1" relation="PUNCT"/></mor></t>

    <a type="actions">&lt;aft&gt; reaches for balls and takes one</a>
    <a type="extension" flavor="pho">bA</a>
  </u>
  <u who="MOT" uID="u173">
    <w>what<mor type="mor"><mw><pos><c>pro</c><s>int</s></pos><stem>what</stem></mw><gra type="gra" index="1" head="2" relation="SUBJ"/></mor></w>
    <w>are<mor type="mor"><mw><pos><c>cop</c></pos><stem>be</stem><mk type="sfxf">PRES</mk></mw><gra type="gra" index="2" head="0" relation="ROOT"/></mor></w>
    <w>they<mor type="mor"><mw><pos><c>pro</c><s>sub</s></pos><stem>they</stem></mw><gra type="gra" index="3" head="2" relation="PRED"/></mor></w>
    <t type="q"><mor type="mor"><mt type="q"/><gra type="gra" index="4" head="2" relation="PUNCT"/></mor></t>

  </u>
</CHAT>