<?xml version="1.0" encoding="UTF-8"?>

<CHAT xmlns:xsi="http://www.w3.org/2001/XMLSchema-instance"
      xmlns="http://www.talkbank.org/ns/talkbank"
      xsi:schemaLocation="http://www.talkbank.org/ns/talkbank https://talkbank.org/software/talkbank.xsd"
            DesignType="cross"
            ActivityType="toyplay"
            GroupType="TD"
      PID="11312/c-00015241-1"
      Version="2.16.0"
      Lang="eng"
      Corpus="Bates"
      >
  <Participants>
    <participant
      id="CHI"
    name="Tom"
      role="Target_Child"
      language="eng"
      age="P1Y08M"
      sex="male"
      group="TD"
      SES="MC"

    />
    <participant
      id="MOT"
      role="Mother"
      language="eng"
      sex="female"

    />
  </Participants>
  <comment type="Types">cross, toyplay, TD</comment>
  <u who="MOT" uID="u0">
    <w>what<mor type="mor"><mw><pos><c>pro</c><s>int</s></pos><stem>what</stem></mw><gra type="gra" index="1" head="0" relation="INCROOT"/></mor></w>
    <w>about<mor type="mor"><mw><pos><c>prep</c></pos><stem>about</stem></mw><gra type="gra" index="2" head="1" relation="JCT"/></mor></w>
    <g><w>that<mor type="mor"><mw><pos><c>det</c><s>dem</s></pos><stem>that</stem></mw><gra type="gra" index="3" head="4" relation="DET"/></mor></w><k type="stressing"/></g>
    <w>one<mor type="mor"><mw><pos><c>pro</c><s>indef</s></pos><stem>one</stem></mw><gra type="gra" index="4" head="2" relation="POBJ"/></mor></w>
    <t type="q"><mor type="mor"><mt type="q"/><gra type="gra" index="5" head="1" relation="PUNCT"/></mor></t>

    <a type="actions">puts shape box object on shape box</a>
  </u>
  <u who="CHI" uID="u1">
    <e><action/></e>
    <t type="p"></t>

    <a type="actions">puts shape box object in shape box</a>
  </u>
  <u who="MOT" uID="u2">
    <w>good<mor type="mor"><mw><pos><c>adj</c></pos><stem>good</stem></mw><gra type="gra" index="1" head="0" relation="INCROOT"/></mor></w>
    <t type="e"><mor type="mor"><mt type="e"/><gra type="gra" index="2" head="1" relation="PUNCT"/></mor></t>

    <a type="actions">&lt;1w&gt; claps .</a>
  </u>
  <u who="MOT" uID="u3">
    <w>what<mor type="mor"><mw><pos><c>pro</c><s>int</s></pos><stem>what</stem></mw><gra type="gra" index="1" head="0" relation="INCROOT"/></mor></w>
    <w>about<mor type="mor"><mw><pos><c>prep</c></pos><stem>about</stem></mw><gra type="gra" index="2" head="1" relation="JCT"/></mor></w>
    <w>that<mor type="mor"><mw><pos><c>det</c><s>dem</s></pos><stem>that</stem></mw><gra type="gra" index="3" head="4" relation="DET"/></mor></w>
    <w>one<mor type="mor"><mw><pos><c>pro</c><s>indef</s></pos><stem>one</stem></mw><gra type="gra" index="4" head="2" relation="POBJ"/></mor></w>
    <t type="q"><mor type="mor"><mt type="q"/><gra type="gra" index="5" head="1" relation="PUNCT"/></mor></t>

    <a type="actions">&lt;1w&gt; picks up shape box object and puts on shape box</a>
  </u>
  <u who="CHI" uID="u4">
    <w type="filler">uh</w>
    <t type="p"></t>

    <a type="actions">&lt;aft&gt; puts object in shape box . puts in own shape box object . picks up nesting cups and manipulates &lt;dur&gt; puts object over correct hole . &lt;bef&gt; picks up shape box object and holds .</a>
  </u>
  <u who="MOT" uID="u5">
    <w>oh<mor type="mor"><mw><pos><c>co</c></pos><stem>oh</stem></mw><gra type="gra" index="1" head="2" relation="COM"/></mor></w>
    <pause symbolic-length="simple"/>
    <w>Tom<mor type="mor"><mw><pos><c>n</c><s>prop</s></pos><stem>Tom</stem></mw><gra type="gra" index="2" head="0" relation="INCROOT"/></mor></w>
    <t type="e"><mor type="mor"><mt type="e"/><gra type="gra" index="3" head="2" relation="PUNCT"/></mor></t>

  </u>
  <u who="MOT" uID="u6">
    <w>great<mor type="mor"><mw><pos><c>adj</c></pos><stem>great</stem></mw><gra type="gra" index="1" head="0" relation="INCROOT"/></mor></w>
    <t type="e"><mor type="mor"><mt type="e"/><gra type="gra" index="2" head="1" relation="PUNCT"/></mor></t>

  </u>
  <u who="MOT" uID="u7">
    <w>yes<mor type="mor"><mw><pos><c>co</c></pos><stem>yes</stem></mw><gra type="gra" index="1" head="0" relation="INCROOT"/></mor></w>
    <t type="e"><mor type="mor"><mt type="e"/><gra type="gra" index="2" head="1" relation="PUNCT"/></mor></t>

    <a type="actions">&lt;1w&gt; claps .</a>
  </u>
  <u who="MOT" uID="u8">
    <w>look<mor type="mor"><mw><pos><c>co</c></pos><stem>look</stem></mw><gra type="gra" index="1" head="0" relation="INCROOT"/></mor></w>
    <t type="e"><mor type="mor"><mt type="e"/><gra type="gra" index="2" head="1" relation="PUNCT"/></mor></t>

    <a type="actions">&lt;1w&gt; picks up and holds out another shape box object .</a>
  </u>
  <u who="MOT" uID="u9">
    <w>lookee<mor type="mor"><mw><pos><c>co</c></pos><stem>lookee</stem></mw><gra type="gra" index="1" head="0" relation="INCROOT"/></mor></w>
    <t type="e"><mor type="mor"><mt type="e"/><gra type="gra" index="2" head="1" relation="PUNCT"/></mor></t>

    <a type="actions">&lt;1w&gt; picks up and holds out another shape box object .</a>
  </u>
  <u who="MOT" uID="u10">
    <w>look<mor type="mor"><mw><pos><c>v</c></pos><stem>look</stem></mw><gra type="gra" index="1" head="0" relation="ROOT"/></mor></w>
    <w>at<mor type="mor"><mw><pos><c>prep</c></pos><stem>at</stem></mw><gra type="gra" index="2" head="1" relation="JCT"/></mor></w>
    <w>this<mor type="mor"><mw><pos><c>pro</c><s>dem</s></pos><stem>this</stem></mw><gra type="gra" index="3" head="2" relation="POBJ"/></mor></w>
    <t type="p"><mor type="mor"><mt type="p"/><gra type="gra" index="4" head="1" relation="PUNCT"/></mor></t>

    <a type="actions">&lt;1w&gt; puts shape box object on shape box lid</a>
  </u>
  <u who="MOT" uID="u11">
    <w>where<mor type="mor"><mw><pos><c>pro</c><s>int</s></pos><stem>where</stem></mw><gra type="gra" index="1" head="4" relation="JCT"/></mor></w>
    <w>does<mor type="mor"><mw><pos><c>mod</c></pos><stem>do</stem><mk type="sfxf">3S</mk></mw><gra type="gra" index="2" head="4" relation="AUX"/></mor></w>
    <w>that<mor type="mor"><mw><pos><c>adv</c></pos><stem>that</stem></mw><gra type="gra" index="3" head="4" relation="JCT"/></mor></w>
    <w>go<mor type="mor"><mw><pos><c>v</c></pos><stem>go</stem></mw><gra type="gra" index="4" head="0" relation="ROOT"/></mor></w>
    <t type="q"><mor type="mor"><mt type="q"/><gra type="gra" index="5" head="4" relation="PUNCT"/></mor></t>

    <a type="paralinguistics">&lt;1w&gt; whispers</a>
  </u>
  <u who="CHI" uID="u12">
    <w untranscribed="unintelligible-with-pho">yyy</w>
    <w>go<mor type="mor"><mw><pos><c>v</c></pos><stem>go</stem></mw><gra type="gra" index="1" head="0" relation="ROOT"/></mor></w>
    <t type="p"><mor type="mor"><mt type="p"/><gra type="gra" index="2" head="1" relation="PUNCT"/></mor></t>

    <a type="actions">&lt;dur&gt; picks up shape box object &lt;bef&gt; puts nesting cups on floor .</a>
    <a type="extension" flavor="pho">&lt;1w&gt; 6m</a>
  </u>
  <u who="MOT" uID="u13">
    <w>yeah<mor type="mor"><mw><pos><c>co</c></pos><stem>yeah</stem></mw><gra type="gra" index="1" head="5" relation="COM"/></mor></w>
    <pause symbolic-length="simple"/>
    <w>where<mor type="mor"><mw><pos><c>pro</c><s>int</s></pos><stem>where</stem></mw><gra type="gra" index="2" head="5" relation="JCT"/></mor></w>
    <w>does<mor type="mor"><mw><pos><c>mod</c></pos><stem>do</stem><mk type="sfxf">3S</mk></mw><gra type="gra" index="3" head="5" relation="AUX"/></mor></w>
    <w>that<mor type="mor"><mw><pos><c>adv</c></pos><stem>that</stem></mw><gra type="gra" index="4" head="5" relation="JCT"/></mor></w>
    <w>go<mor type="mor"><mw><pos><c>v</c></pos><stem>go</stem></mw><gra type="gra" index="5" head="0" relation="ROOT"/></mor></w>
    <t type="q"><mor type="mor"><mt type="q"/><gra type="gra" index="6" head="5" relation="PUNCT"/></mor></t>

  </u>
  <u who="CHI" uID="u14">
    <w untranscribed="unintelligible-with-pho">yyy</w>
    <w>go<mor type="mor"><mw><pos><c>v</c></pos><stem>go</stem></mw><gra type="gra" index="1" head="0" relation="ROOT"/></mor></w>
    <t type="p"><mor type="mor"><mt type="p"/><gra type="gra" index="2" head="1" relation="PUNCT"/></mor></t>

    <a type="actions">puts object in correct hole</a>
    <a type="extension" flavor="pho">&lt;1w&gt; 6m</a>
  </u>
  <u who="MOT" uID="u15">
    <w>fantastic<mor type="mor"><mw><pos><c>adj</c></pos><stem>fantastic</stem></mw><gra type="gra" index="1" head="0" relation="INCROOT"/></mor></w>
    <t type="e"><mor type="mor"><mt type="e"/><gra type="gra" index="2" head="1" relation="PUNCT"/></mor></t>

    <a type="intonation">&lt;1w&gt; emphasizes middle of word</a>
  </u>
  <u who="MOT" uID="u16">
    <w>look<mor type="mor"><mw><pos><c>v</c></pos><stem>look</stem></mw><gra type="gra" index="1" head="0" relation="ROOT"/></mor></w>
    <w>at<mor type="mor"><mw><pos><c>prep</c></pos><stem>at</stem></mw><gra type="gra" index="2" head="1" relation="JCT"/></mor></w>
    <g><w>that<mor type="mor"><mw><pos><c>pro</c><s>dem</s></pos><stem>that</stem></mw><gra type="gra" index="3" head="2" relation="POBJ"/></mor></w><k type="stressing"/></g>
    <t type="p"><mor type="mor"><mt type="p"/><gra type="gra" index="4" head="1" relation="PUNCT"/></mor></t>

    <a type="actions">&lt;1w-3w&gt; picks up shape box object and puts on lid</a>
  </u>
  <u who="MOT" uID="u17">
    <w>where<mor type="mor"><mw><pos><c>pro</c><s>int</s></pos><stem>where</stem></mw><gra type="gra" index="1" head="4" relation="JCT"/></mor></w>
    <w>does<mor type="mor"><mw><pos><c>mod</c></pos><stem>do</stem><mk type="sfxf">3S</mk></mw><gra type="gra" index="2" head="4" relation="AUX"/></mor></w>
    <g><w>that<mor type="mor"><mw><pos><c>adv</c></pos><stem>that</stem></mw><gra type="gra" index="3" head="4" relation="JCT"/></mor></w><k type="stressing"/></g>
    <w>go<mor type="mor"><mw><pos><c>v</c></pos><stem>go</stem></mw><gra type="gra" index="4" head="0" relation="ROOT"/></mor></w>
    <t type="q"><mor type="mor"><mt type="q"/><gra type="gra" index="5" head="4" relation="PUNCT"/></mor></t>

    <a type="actions">&lt;1w-4w&gt; picks up shape box object and puts on lid</a>
  </u>
  <u who="CHI" uID="u18">
    <w untranscribed="unintelligible-with-pho">yyy</w>
    <w>go<mor type="mor"><mw><pos><c>v</c></pos><stem>go</stem></mw><gra type="gra" index="1" head="0" relation="ROOT"/></mor></w>
    <t type="p"><mor type="mor"><mt type="p"/><gra type="gra" index="2" head="1" relation="PUNCT"/></mor></t>

    <a type="actions">takes shape box object and rubs on shape box lid , attempting various holes</a>
    <a type="extension" flavor="pho">6n go 6n dZ&amp;t Ik</a>
  </u>
  <u who="CHI" uID="u19">
    <w untranscribed="unintelligible-with-pho">yyy</w>
    <w untranscribed="unintelligible-with-pho">yyy</w>
    <w untranscribed="unintelligible-with-pho">yyy</w>
    <t type="p"></t>

  </u>
  <u who="MOT" uID="u20">
    <w>where<mor type="mor"><mw><pos><c>pro</c><s>int</s></pos><stem>where</stem></mw><gra type="gra" index="1" head="4" relation="JCT"/></mor></w>
    <w>does<mor type="mor"><mw><pos><c>mod</c></pos><stem>do</stem><mk type="sfxf">3S</mk></mw><gra type="gra" index="2" head="4" relation="AUX"/></mor></w>
    <g><w>that<mor type="mor"><mw><pos><c>adv</c></pos><stem>that</stem></mw><gra type="gra" index="3" head="4" relation="JCT"/></mor></w><k type="stressing"/></g>
    <w>go<mor type="mor"><mw><pos><c>v</c></pos><stem>go</stem></mw><gra type="gra" index="4" head="0" relation="ROOT"/></mor></w>
    <pause symbolic-length="simple"/>
    <w>honey<mor type="mor"><mw><pos><c>n</c></pos><stem>honey</stem></mw><gra type="gra" index="5" head="4" relation="OBJ"/></mor></w>
    <t type="q"><mor type="mor"><mt type="q"/><gra type="gra" index="6" head="4" relation="PUNCT"/></mor></t>

  </u>
  <u who="CHI" uID="u21">
    <w type="filler">uh</w>
    <w type="fragment">v</w>
    <w>sit<mor type="mor"><mw><pos><c>v</c></pos><stem>sit</stem></mw><gra type="gra" index="1" head="0" relation="ROOT"/></mor></w>
    <t type="p"><mor type="mor"><mt type="p"/><gra type="gra" index="2" head="1" relation="PUNCT"/></mor></t>

    <a type="actions">gets shape box object in correct hole</a>
  </u>
  <u who="MOT" uID="u22">
    <w>yes<mor type="mor"><mw><pos><c>co</c></pos><stem>yes</stem></mw><gra type="gra" index="1" head="0" relation="INCROOT"/></mor></w>
    <t type="e"><mor type="mor"><mt type="e"/><gra type="gra" index="2" head="1" relation="PUNCT"/></mor></t>

    <a type="actions">claps</a>
    <a type="intonation">drawn out</a>
    <a type="paralinguistics">&lt;bef&gt; gasps</a>
  </u>
  <u who="CHI" uID="u23">
    <w untranscribed="unintelligible">xxx</w>
    <w>does<mor type="mor"><mw><pos><c>mod</c></pos><stem>do</stem><mk type="sfxf">3S</mk></mw><gra type="gra" index="1" head="2" relation="AUX"/></mor></w>
    <w formType="UNIBET">erget<mor type="mor"><mw><pos><c>uni</c></pos><stem>erget</stem></mw><gra type="gra" index="2" head="0" relation="INCROOT"/></mor></w>
    <t type="q"><mor type="mor"><mt type="q"/><gra type="gra" index="3" head="2" relation="PUNCT"/></mor></t>

    <a type="actions">picks up another shape box object , holds briefly and attempts to put in shape box</a>
    <a type="alternative">where does that get</a>
  </u>
  <u who="MOT" uID="u24">
    <w>yeah<mor type="mor"><mw><pos><c>co</c></pos><stem>yeah</stem></mw><gra type="gra" index="1" head="0" relation="INCROOT"/></mor></w>
    <t type="e"><mor type="mor"><mt type="e"/><gra type="gra" index="2" head="1" relation="PUNCT"/></mor></t>

  </u>
  <u who="CHI" uID="u25">
    <w type="filler">uh</w>
    <w type="filler">uh</w>
    <t type="p"></t>

    <a type="actions">adjusts shape box object</a>
  </u>
  <u who="MOT" uID="u26">
    <w>oh<mor type="mor"><mw><pos><c>co</c></pos><stem>oh</stem></mw><gra type="gra" index="1" head="0" relation="INCROOT"/></mor></w>
    <t type="e"><mor type="mor"><mt type="e"/><gra type="gra" index="2" head="1" relation="PUNCT"/></mor></t>

    <a type="actions">helps Tom . puts shape box object in correct position</a>
  </u>
  <u who="MOT" uID="u27">
    <w>wait<mor type="mor"><mw><pos><c>v</c></pos><stem>wait</stem></mw><gra type="gra" index="1" head="0" relation="ROOT"/></mor></w>
    <w>a<mor type="mor"><mw><pos><c>det</c><s>art</s></pos><stem>a</stem></mw><gra type="gra" index="2" head="3" relation="DET"/></mor></w>
    <w>minute<mor type="mor"><mw><pos><c>n</c></pos><stem>minute</stem></mw><gra type="gra" index="3" head="1" relation="OBJ"/></mor></w>
    <pause symbolic-length="simple"/>
    <w>y<shortening>a</shortening><mor type="mor"><mw><pos><c>pro</c><s>per</s></pos><stem>you</stem></mw><gra type="gra" index="4" head="5" relation="SUBJ"/></mor></w>
    <w>have<mor type="mor"><mw><pos><c>v</c></pos><stem>have</stem></mw><gra type="gra" index="5" head="3" relation="CMOD"/></mor></w>
    <w>ta<mor type="mor"><mw><pos><c>inf</c></pos><stem>to</stem></mw><gra type="gra" index="6" head="7" relation="INF"/></mor></w>
    <w>turn<mor type="mor"><mw><pos><c>v</c></pos><stem>turn</stem></mw><gra type="gra" index="7" head="5" relation="COMP"/></mor></w>
    <w>it<mor type="mor"><mw><pos><c>pro</c><s>per</s></pos><stem>it</stem></mw><gra type="gra" index="8" head="7" relation="OBJ"/></mor></w>
    <w>around<mor type="mor"><mw><pos><c>prep</c></pos><stem>around</stem></mw><gra type="gra" index="9" head="7" relation="JCT"/></mor></w>
    <w>here<mor type="mor"><mw><pos><c>n</c></pos><stem>here</stem></mw><gra type="gra" index="10" head="9" relation="POBJ"/></mor></w>
    <t type="p"><mor type="mor"><mt type="p"/><gra type="gra" index="11" head="1" relation="PUNCT"/></mor></t>

  </u>
  <u who="MOT" uID="u28">
    <w>yeah<mor type="mor"><mw><pos><c>co</c></pos><stem>yeah</stem></mw><gra type="gra" index="1" head="0" relation="INCROOT"/></mor></w>
    <t type="e"><mor type="mor"><mt type="e"/><gra type="gra" index="2" head="1" relation="PUNCT"/></mor></t>

  </u>
  <u who="CHI" uID="u29">
    <w>oh<mor type="mor"><mw><pos><c>co</c></pos><stem>oh</stem></mw><gra type="gra" index="1" head="0" relation="INCROOT"/></mor></w>
    <t type="e"><mor type="mor"><mt type="e"/><gra type="gra" index="2" head="1" relation="PUNCT"/></mor></t>

    <a type="actions">puts object in correct hole</a>
  </u>
  <u who="MOT" uID="u30">
    <w>look<mor type="mor"><mw><pos><c>v</c></pos><stem>look</stem></mw><gra type="gra" index="1" head="0" relation="ROOT"/></mor></w>
    <w>at<mor type="mor"><mw><pos><c>prep</c></pos><stem>at</stem></mw><gra type="gra" index="2" head="1" relation="JCT"/></mor></w>
    <w>that<mor type="mor"><mw><pos><c>pro</c><s>dem</s></pos><stem>that</stem></mw><gra type="gra" index="3" head="2" relation="POBJ"/></mor></w>
    <t type="e"><mor type="mor"><mt type="e"/><gra type="gra" index="4" head="1" relation="PUNCT"/></mor></t>

    <a type="actions">&lt;1w-3w&gt; picks up and puts shape box object on lid &lt;1w&gt; claps .</a>
  </u>
  <u who="MOT" uID="u31">
    <w>where<mor type="mor"><mw><pos><c>pro</c><s>int</s></pos><stem>where</stem></mw><gra type="gra" index="1" head="4" relation="JCT"/></mor></w>
    <w>does<mor type="mor"><mw><pos><c>mod</c></pos><stem>do</stem><mk type="sfxf">3S</mk></mw><gra type="gra" index="2" head="4" relation="AUX"/></mor></w>
    <w>that<mor type="mor"><mw><pos><c>adv</c></pos><stem>that</stem></mw><gra type="gra" index="3" head="4" relation="JCT"/></mor></w>
    <w>go<mor type="mor"><mw><pos><c>v</c></pos><stem>go</stem></mw><gra type="gra" index="4" head="0" relation="ROOT"/></mor></w>
    <t type="q"><mor type="mor"><mt type="q"/><gra type="gra" index="5" head="4" relation="PUNCT"/></mor></t>

    <a type="actions">&lt;1w-4w&gt; picks up and puts shape box object on lid</a>
  </u>
  <u who="CHI" uID="u32">
    <w untranscribed="unintelligible-with-pho">yyy</w>
    <w untranscribed="unintelligible-with-pho">yyy</w>
    <w untranscribed="unintelligible-with-pho">yyy</w>
    <t type="p"></t>

    <a type="actions">&lt;2w&gt; puts shape box object on floor . reorients shape box object in hand . attempts to put object in various holes &lt;2w&gt; picks up shape box lid . &lt;1w&gt; picks up shape box object from floor and holds .</a>
    <a type="paralinguistics">&lt;aft&gt; gasps</a>
    <a type="extension" flavor="pho">ja tSa tSet</a>
  </u>
  <u who="MOT" uID="u33">
    <w>where<mor type="mor"><mw><pos><c>pro</c><s>int</s></pos><stem>where</stem></mw><gra type="gra" index="1" head="4" relation="JCT"/></mor></w>
    <w>does<mor type="mor"><mw><pos><c>mod</c></pos><stem>do</stem><mk type="sfxf">3S</mk></mw><gra type="gra" index="2" head="4" relation="AUX"/></mor></w>
    <w>that<mor type="mor"><mw><pos><c>adv</c></pos><stem>that</stem></mw><gra type="gra" index="3" head="4" relation="JCT"/></mor></w>
    <w>go<mor type="mor"><mw><pos><c>v</c></pos><stem>go</stem></mw><gra type="gra" index="4" head="0" relation="ROOT"/></mor></w>
    <t type="q"><mor type="mor"><mt type="q"/><gra type="gra" index="5" head="4" relation="PUNCT"/></mor></t>

  </u>
  <u who="CHI" uID="u34">
    <w><shortening>th</shortening>at<mor type="mor"><mw><pos><c>pro</c><s>rel</s></pos><stem>that</stem></mw><gra type="gra" index="1" head="2" relation="LINK"/></mor></w>
    <w>go<mor type="mor"><mw><pos><c>v</c></pos><stem>go</stem></mw><gra type="gra" index="2" head="0" relation="ROOT"/></mor></w>
    <t type="p"><mor type="mor"><mt type="p"/><gra type="gra" index="3" head="2" relation="PUNCT"/></mor></t>

    <a type="actions">&lt;aft&gt; tries another hole but it's wrong</a>
  </u>
  <u who="MOT" uID="u35">
    <w>right<mor type="mor"><mw><pos><c>adv</c></pos><stem>right</stem></mw><gra type="gra" index="1" head="2" relation="JCT"/></mor></w>
    <w>there<mor type="mor"><mw><pos><c>adv</c></pos><stem>there</stem></mw><gra type="gra" index="2" head="0" relation="INCROOT"/></mor></w>
    <t type="e"><mor type="mor"><mt type="e"/><gra type="gra" index="3" head="2" relation="PUNCT"/></mor></t>

    <a type="actions">taps correct hole</a>
    <a type="paralinguistics">whispers</a>
  </u>
  <u who="MOT" uID="u36">
    <w>there<mor type="mor"><mw><pos><c>adv</c></pos><stem>there</stem></mw><gra type="gra" index="1" head="0" relation="INCROOT"/></mor></w>
    <t type="e"><mor type="mor"><mt type="e"/><gra type="gra" index="2" head="1" relation="PUNCT"/></mor></t>

  </u>
  <u who="CHI" uID="u37">
    <e><action/></e>
    <t type="p"></t>

    <a type="actions">tries correct hole , struggles</a>
  </u>
  <u who="MOT" uID="u38">
    <w>look<mor type="mor"><mw><pos><c>co</c></pos><stem>look</stem></mw><gra type="gra" index="1" head="0" relation="INCROOT"/></mor></w>
    <t type="e"><mor type="mor"><mt type="e"/><gra type="gra" index="2" head="1" relation="PUNCT"/></mor></t>

    <a type="actions">helps Tom . takes shape box object and puts in correct position on lid</a>
  </u>
  <u who="CHI" uID="u39">
    <w>here<mor type="mor"><mw><pos><c>adv</c></pos><stem>here</stem></mw><gra type="gra" index="1" head="0" relation="INCROOT"/></mor></w>
    <w untranscribed="unintelligible-with-pho">yyy</w>
    <t type="q"><mor type="mor"><mt type="q"/><gra type="gra" index="2" head="1" relation="PUNCT"/></mor></t>

    <a type="actions">&lt;1w-2w&gt; puts hands on shape box . picks up shape box object and puts in shape box &lt;1w&gt; takes shape box object , drops , puts on floor .</a>
    <a type="extension" flavor="pho">&lt;2w&gt; Seh vo Se</a>
  </u>
  <u who="CHI" uID="u40">
    <w untranscribed="unintelligible-with-pho">yyy</w>
    <w untranscribed="unintelligible-with-pho">yyy</w>
    <t type="p"></t>

    <a type="actions">&lt;1w-2w&gt; puts hands on shape box . picks up shape box object and puts in shape box</a>
    <a type="extension" flavor="pho">&lt;1w&gt; Seh vo Se</a>
  </u>
  <u who="MOT" uID="u41">
    <w>good<mor type="mor"><mw><pos><c>adj</c></pos><stem>good</stem></mw><gra type="gra" index="1" head="0" relation="INCROOT"/></mor></w>
    <t type="e"><mor type="mor"><mt type="e"/><gra type="gra" index="2" head="1" relation="PUNCT"/></mor></t>

    <a type="actions">claps</a>
    <a type="gesture">smiles</a>
  </u>
  <u who="CHI" uID="u42">
    <w>oh<mor type="mor"><mw><pos><c>co</c></pos><stem>oh</stem></mw><gra type="gra" index="1" head="2" relation="COM"/></mor></w>
    <w>ah<mor type="mor"><mw><pos><c>co</c></pos><stem>ah</stem></mw><gra type="gra" index="2" head="0" relation="INCROOT"/></mor></w>
    <t type="e"><mor type="mor"><mt type="e"/><gra type="gra" index="3" head="2" relation="PUNCT"/></mor></t>

    <a type="actions">&lt;1w&gt; picks up another shape box object and puts in shape box</a>
    <a type="paralinguistics">&lt;aft&gt; laughs</a>
  </u>
  <u who="MOT" uID="u43">
    <w>yes<mor type="mor"><mw><pos><c>co</c></pos><stem>yes</stem></mw><gra type="gra" index="1" head="0" relation="INCROOT"/></mor></w>
    <t type="e"><mor type="mor"><mt type="e"/><gra type="gra" index="2" head="1" relation="PUNCT"/></mor></t>

    <a type="actions">claps</a>
    <a type="gesture">smiles</a>
  </u>
  <u who="CHI" uID="u44">
    <e><action/></e>
    <t type="p"></t>

    <a type="actions">&lt;1w&gt; picks up shape box object and puts on shape box lid &lt;1w&gt; soft clap . &lt;aft&gt; puts in correct hole &lt;dur&gt; attempts to put shape box object in wrong hole . &lt;bef&gt; picks up nesting cup then puts down .</a>
  </u>
  <u who="CHI" uID="u45">
    <e><happening>laughs</happening></e>
    <t type="p"></t>

    <a type="actions">takes shape box object and puts in shape box . slaps thighs</a>
  </u>
  <u who="MOT" uID="u46">
    <w>yeah<mor type="mor"><mw><pos><c>co</c></pos><stem>yeah</stem></mw><gra type="gra" index="1" head="0" relation="INCROOT"/></mor></w>
    <t type="e"><mor type="mor"><mt type="e"/><gra type="gra" index="2" head="1" relation="PUNCT"/></mor></t>

    <a type="actions">&lt;1w&gt; claps .</a>
  </u>
  <u who="MOT" uID="u47">
    <w>where'd<mor type="mor"><mw><pos><c>pro</c><s>rel</s></pos><stem>where</stem></mw><gra type="gra" index="1" head="5" relation="LINK"/><mor-post><mw><pos><c>mod</c></pos><stem>genmod</stem></mw><gra type="gra" index="2" head="5" relation="AUX"/></mor-post></mor></w>
    <w>that<mor type="mor"><mw><pos><c>det</c><s>dem</s></pos><stem>that</stem></mw><gra type="gra" index="3" head="4" relation="DET"/></mor></w>
    <w>lady<mor type="mor"><mw><pos><c>n</c></pos><stem>lady</stem></mw><gra type="gra" index="4" head="5" relation="SUBJ"/></mor></w>
    <w>go<mor type="mor"><mw><pos><c>v</c></pos><stem>go</stem></mw><gra type="gra" index="5" head="0" relation="ROOT"/></mor></w>
    <t type="q"><mor type="mor"><mt type="q"/><gra type="gra" index="6" head="5" relation="PUNCT"/></mor></t>

    <a type="actions">&lt;1w&gt; picks up shape box object .</a>
  </u>
  <u who="MOT" uID="u48">
    <w>look<mor type="mor"><mw><pos><c>co</c></pos><stem>look</stem></mw><gra type="gra" index="1" head="0" relation="INCROOT"/></mor></w>
    <t type="e"><mor type="mor"><mt type="e"/><gra type="gra" index="2" head="1" relation="PUNCT"/></mor></t>

    <a type="actions">&lt;1w&gt; sets object by correct hole</a>
  </u>
  <u who="CHI" uID="u49">
    <w>yay<mor type="mor"><mw><pos><c>co</c></pos><stem>yay</stem></mw><gra type="gra" index="1" head="0" relation="INCROOT"/></mor></w>
    <t type="e"><mor type="mor"><mt type="e"/><gra type="gra" index="2" head="1" relation="PUNCT"/></mor></t>

    <a type="actions">takes object and slides in hole</a>
  </u>
  <u who="MOT" uID="u50">
    <w>yay<mor type="mor"><mw><pos><c>co</c></pos><stem>yay</stem></mw><gra type="gra" index="1" head="0" relation="INCROOT"/></mor></w>
    <t type="e"><mor type="mor"><mt type="e"/><gra type="gra" index="2" head="1" relation="PUNCT"/></mor></t>

    <a type="actions">&lt;aft&gt; picks up shape box object and puts on shape box lid</a>
    <a type="paralinguistics">&lt;bef&gt; gasps</a>
  </u>
  <u who="CHI" uID="u51">
    <w type="filler">uh</w>
    <t type="e"></t>

    <a type="actions">&lt;1w&gt; takes shape box object and attempts to put in shape box .</a>
  </u>
  <u who="CHI" uID="u52">
    <w type="filler">uh</w>
    <t type="e"></t>

    <a type="actions">&lt;1w&gt; takes shape box object and attempts to put in shape box .</a>
  </u>
  <u who="CHI" uID="u53">
    <w untranscribed="unintelligible-with-pho">yyy</w>
    <t type="p"></t>

    <a type="actions">&lt;1w&gt; lets go</a>
    <a type="extension" flavor="pho">&lt;1w&gt; pwe</a>
  </u>
  <u who="MOT" uID="u54">
    <w>wait<mor type="mor"><mw><pos><c>v</c></pos><stem>wait</stem></mw><gra type="gra" index="1" head="0" relation="ROOT"/></mor></w>
    <pause symbolic-length="simple"/>
    <w>what<mor type="mor"><mw><pos><c>pro</c><s>int</s></pos><stem>what</stem></mw><gra type="gra" index="2" head="1" relation="OBJ"/></mor></w>
    <w>about<mor type="mor"><mw><pos><c>prep</c></pos><stem>about</stem></mw><gra type="gra" index="3" head="2" relation="JCT"/></mor></w>
    <g><w>this<mor type="mor"><mw><pos><c>det</c><s>dem</s></pos><stem>this</stem></mw><gra type="gra" index="4" head="5" relation="DET"/></mor></w><k type="stressing"/></g>
    <w>one<mor type="mor"><mw><pos><c>pro</c><s>indef</s></pos><stem>one</stem></mw><gra type="gra" index="5" head="3" relation="POBJ"/></mor></w>
    <t type="q"><mor type="mor"><mt type="q"/><gra type="gra" index="6" head="1" relation="PUNCT"/></mor></t>

    <a type="actions">&lt;1w&gt; reorients Tom's hand . puts shape box object in correct position .</a>
  </u>
  <u who="MOT" uID="u55">
    <w>uhoh<mor type="mor"><mw><pos><c>co</c></pos><stem>uhoh</stem></mw><gra type="gra" index="1" head="0" relation="INCROOT"/></mor></w>
    <t type="p"><mor type="mor"><mt type="p"/><gra type="gra" index="2" head="1" relation="PUNCT"/></mor></t>

    <a type="paralinguistics">&lt;1w&gt; gasps .</a>
  </u>
  <u who="MOT" uID="u56">
    <w>yay<mor type="mor"><mw><pos><c>co</c></pos><stem>yay</stem></mw><gra type="gra" index="1" head="0" relation="INCROOT"/></mor></w>
    <t type="e"><mor type="mor"><mt type="e"/><gra type="gra" index="2" head="1" relation="PUNCT"/></mor></t>

    <a type="actions">&lt;aft&gt; claps</a>
    <a type="paralinguistics">&lt;1w&gt; spoken loudly</a>
  </u>
  <u who="CHI" uID="u57">
    <w>yay<mor type="mor"><mw><pos><c>co</c></pos><stem>yay</stem></mw><gra type="gra" index="1" head="0" relation="INCROOT"/></mor></w>
    <t type="e"><mor type="mor"><mt type="e"/><gra type="gra" index="2" head="1" relation="PUNCT"/></mor></t>

    <a type="actions">&lt;dur&gt; flails hands &lt;bef&gt; takes shape box object , slips , puts in correct hole .</a>
    <a type="paralinguistics">spoken loudly</a>
  </u>
  <u who="MOT" uID="u58">
    <w>good<mor type="mor"><mw><pos><c>adj</c></pos><stem>good</stem></mw><gra type="gra" index="1" head="0" relation="INCROOT"/></mor></w>
    <t type="e"><mor type="mor"><mt type="e"/><gra type="gra" index="2" head="1" relation="PUNCT"/></mor></t>

    <a type="actions">&lt;aft&gt; discards objects</a>
  </u>
  <u who="CHI" uID="u59">
    <w>good<mor type="mor"><mw><pos><c>adj</c></pos><stem>good</stem></mw><gra type="gra" index="1" head="0" relation="INCROOT"/></mor></w>
    <t type="e"><mor type="mor"><mt type="e"/><gra type="gra" index="2" head="1" relation="PUNCT"/></mor></t>

    <a type="actions">picks up shape box object and holds</a>
  </u>
  <u who="MOT" uID="u60">
    <w>what's<mor type="mor"><mw><pos><c>pro</c><s>int</s></pos><stem>what</stem></mw><gra type="gra" index="1" head="2" relation="SUBJ"/><mor-post><mw><pos><c>cop</c></pos><stem>be</stem><mk type="sfxf">3S</mk></mw><gra type="gra" index="2" head="0" relation="ROOT"/></mor-post></mor></w>
    <w>in<mor type="mor"><mw><pos><c>prep</c></pos><stem>in</stem></mw><gra type="gra" index="3" head="2" relation="JCT"/></mor></w>
    <g><w>here<mor type="mor"><mw><pos><c>n</c></pos><stem>here</stem></mw><gra type="gra" index="4" head="3" relation="POBJ"/></mor></w><k type="stressing"/></g>
    <t type="q"><mor type="mor"><mt type="q"/><gra type="gra" index="5" head="2" relation="PUNCT"/></mor></t>

    <a type="actions">&lt;1w&gt; pulls dollhouse toward Tom .</a>
  </u>
  <u who="MOT" uID="u61">
    <w>let's<mor type="mor"><mw><pos><c>v</c></pos><stem>let</stem></mw><gra type="gra" index="1" head="0" relation="ROOT"/><mor-post><mw><pos><c>pro</c><s>obj</s></pos><stem>us</stem></mw><gra type="gra" index="2" head="1" relation="OBJ"/></mor-post></mor></w>
    <w>see<mor type="mor"><mw><pos><c>v</c></pos><stem>see</stem></mw><gra type="gra" index="3" head="1" relation="COMP"/></mor></w>
    <w>what's<mor type="mor"><mw><pos><c>pro</c><s>int</s></pos><stem>what</stem></mw><gra type="gra" index="4" head="5" relation="SUBJ"/><mor-post><mw><pos><c>cop</c></pos><stem>be</stem><mk type="sfxf">3S</mk></mw><gra type="gra" index="5" head="3" relation="COMP"/></mor-post></mor></w>
    <w>in<mor type="mor"><mw><pos><c>prep</c></pos><stem>in</stem></mw><gra type="gra" index="6" head="5" relation="JCT"/></mor></w>
    <w>here<mor type="mor"><mw><pos><c>n</c></pos><stem>here</stem></mw><gra type="gra" index="7" head="6" relation="POBJ"/></mor></w>
    <t type="p"><mor type="mor"><mt type="p"/><gra type="gra" index="8" head="1" relation="PUNCT"/></mor></t>

    <a type="actions">&lt;1w&gt; takes car and puts on floor</a>
  </u>
  <u who="CHI" uID="u62">
    <e><action/></e>
    <t type="p"></t>

    <a type="actions">takes dog out of dollhouse and puts in car</a>
  </u>
  <u who="MOT" uID="u63">
    <w>the<mor type="mor"><mw><pos><c>det</c><s>art</s></pos><stem>the</stem></mw><gra type="gra" index="1" head="3" relation="DET"/></mor></w>
    <w>little<mor type="mor"><mw><pos><c>adj</c></pos><stem>little</stem></mw><gra type="gra" index="2" head="3" relation="MOD"/></mor></w>
    <w>people<mor type="mor"><mw><pos><c>n</c></pos><stem>person</stem><mk type="sfxf">PL</mk></mw><gra type="gra" index="3" head="5" relation="SUBJ"/></mor></w>
    <w>are<mor type="mor"><mw><pos><c>aux</c></pos><stem>be</stem><mk type="sfxf">PRES</mk></mw><gra type="gra" index="4" head="5" relation="AUX"/></mor></w>
    <w>going<mor type="mor"><mw><pos><c>part</c></pos><stem>go</stem><mk type="sfx">PRESP</mk></mw><gra type="gra" index="5" head="0" relation="ROOT"/></mor></w>
    <w>for<mor type="mor"><mw><pos><c>prep</c></pos><stem>for</stem></mw><gra type="gra" index="6" head="5" relation="JCT"/></mor></w>
    <w>a<mor type="mor"><mw><pos><c>det</c><s>art</s></pos><stem>a</stem></mw><gra type="gra" index="7" head="8" relation="DET"/></mor></w>
    <w>ride<mor type="mor"><mw><pos><c>n</c></pos><stem>ride</stem></mw><gra type="gra" index="8" head="6" relation="POBJ"/></mor></w>
    <pause symbolic-length="simple"/>
    <w>on<mor type="mor"><mw><pos><c>prep</c></pos><stem>on</stem></mw><gra type="gra" index="9" head="5" relation="JCT"/></mor></w>
    <w>Easter<mor type="mor"><mw><pos><c>n</c><s>prop</s></pos><stem>Easter</stem></mw><gra type="gra" index="10" head="11" relation="MOD"/></mor></w>
    <w>mornin<shortening>g</shortening><mor type="mor"><mw><pos><c>n</c></pos><stem>morning</stem></mw><gra type="gra" index="11" head="9" relation="POBJ"/></mor></w>
    <t type="p"><mor type="mor"><mt type="p"/><gra type="gra" index="12" head="5" relation="PUNCT"/></mor></t>

    <a type="actions">&lt;1w-12w&gt; takes man out of dollhouse and puts in car . repeats two more times . drives car .</a>
    <a type="paralinguistics">&lt;1w&gt; sing song</a>
  </u>
  <u who="MOT" uID="u64">
    <w formType="onomatopoeia">rrroom<mor type="mor"><mw><pos><c>on</c></pos><stem>rrroom</stem></mw><gra type="gra" index="1" head="0" relation="INCROOT"/></mor></w>
    <t type="p"><mor type="mor"><mt type="p"/><gra type="gra" index="2" head="1" relation="PUNCT"/></mor></t>

    <a type="actions">&lt;1w&gt; takes man out of dollhouse and puts in car . repeats two more times . drives car .</a>
  </u>
  <u who="MOT" uID="u65">
    <w>are<mor type="mor"><mw><pos><c>cop</c></pos><stem>be</stem><mk type="sfxf">PRES</mk></mw><gra type="gra" index="1" head="0" relation="ROOT"/></mor></w>
    <w>you<mor type="mor"><mw><pos><c>pro</c><s>per</s></pos><stem>you</stem></mw><gra type="gra" index="2" head="1" relation="PRED"/></mor></w>
    <w>taking<mor type="mor"><mw><pos><c>part</c></pos><stem>take</stem><mk type="sfx">PRESP</mk></mw><gra type="gra" index="3" head="2" relation="XMOD"/></mor></w>
    <w>the<mor type="mor"><mw><pos><c>det</c><s>art</s></pos><stem>the</stem></mw><gra type="gra" index="4" head="5" relation="DET"/></mor></w>
    <w>dog<mor type="mor"><mw><pos><c>n</c></pos><stem>dog</stem></mw><gra type="gra" index="5" head="3" relation="OBJ"/></mor></w>
    <t type="q"><mor type="mor"><mt type="q"/><gra type="gra" index="6" head="1" relation="PUNCT"/></mor></t>

    <a type="actions">&lt;1w&gt; examines dog . stops car , takes out man , drops and retrieves and puts in driver's seat</a>
  </u>
  <u who="MOT" uID="u66">
    <w>we'd<mor type="mor"><mw><pos><c>pro</c><s>sub</s></pos><stem>we</stem></mw><gra type="gra" index="1" head="4" relation="SUBJ"/><mor-post><mw><pos><c>mod</c></pos><stem>genmod</stem></mw><gra type="gra" index="2" head="4" relation="AUX"/></mor-post></mor></w>
    <w>better<mor type="mor"><mw><pos><c>adj</c></pos><stem>good</stem><mk type="sfxf">CP</mk></mw><gra type="gra" index="3" head="4" relation="JCT"/></mor></w>
    <w>put<mor type="mor"><mw><pos><c>v</c></pos><stem>put</stem><mk type="sfxf">ZERO</mk></mw><gra type="gra" index="4" head="0" relation="ROOT"/></mor></w>
    <w>somebody<mor type="mor"><mw><pos><c>pro</c><s>indef</s></pos><stem>somebody</stem></mw><gra type="gra" index="5" head="4" relation="OBJ"/></mor></w>
    <pause symbolic-length="simple"/>
    <w>in<mor type="mor"><mw><pos><c>prep</c></pos><stem>in</stem></mw><gra type="gra" index="6" head="4" relation="JCT"/></mor></w>
    <w>the<mor type="mor"><mw><pos><c>det</c><s>art</s></pos><stem>the</stem></mw><gra type="gra" index="7" head="9" relation="DET"/></mor></w>
    <w>driver's<mor type="mor"><mw><pos><c>adj</c></pos><stem>drive</stem><mk type="sfxf">dn</mk><mk type="sfx">AGT</mk><mk type="sfx">POSS</mk></mw><gra type="gra" index="8" head="9" relation="MOD"/></mor></w>
    <w>seat<mor type="mor"><mw><pos><c>n</c></pos><stem>seat</stem></mw><gra type="gra" index="9" head="6" relation="POBJ"/></mor></w>
    <t type="p"><mor type="mor"><mt type="p"/><gra type="gra" index="10" head="4" relation="PUNCT"/></mor></t>

  </u>
  <u who="CHI" uID="u67">
    <w>uhoh<mor type="mor"><mw><pos><c>co</c></pos><stem>uhoh</stem></mw><gra type="gra" index="1" head="0" relation="INCROOT"/></mor></w>
    <t type="e"><mor type="mor"><mt type="e"/><gra type="gra" index="2" head="1" relation="PUNCT"/></mor></t>

    <a type="actions">&lt;dur&gt; flails hands &lt;bef&gt; reaches in dollhouse but stops . pulls car briefly .</a>
  </u>
  <u who="MOT" uID="u68">
    <w>there<mor type="mor"><mw><pos><c>adv</c></pos><stem>there</stem></mw><gra type="gra" index="1" head="0" relation="INCROOT"/></mor></w>
    <t type="e"><mor type="mor"><mt type="e"/><gra type="gra" index="2" head="1" relation="PUNCT"/></mor></t>

  </u>
  <u who="CHI" uID="u69">
    <w formType="onomatopoeia">la_laaaa<mor type="mor"><mw><pos><c>on</c></pos><stem>la_laaaa</stem></mw><gra type="gra" index="1" head="0" relation="INCROOT"/></mor></w>
    <t type="p"><mor type="mor"><mt type="p"/><gra type="gra" index="2" head="1" relation="PUNCT"/></mor></t>

    <a type="actions">pulls car</a>
    <a type="explanation">car noises</a>
  </u>
  <u who="MOT" uID="u70">
    <w>yeah<mor type="mor"><mw><pos><c>co</c></pos><stem>yeah</stem></mw><gra type="gra" index="1" head="2" relation="COM"/></mor></w>
    <pause symbolic-length="simple"/>
    <w formType="onomatopoeia">brroom_room<mor type="mor"><mw><pos><c>on</c></pos><stem>brroom_room</stem></mw><gra type="gra" index="2" head="0" relation="INCROOT"/></mor></w>
    <t type="p"><mor type="mor"><mt type="p"/><gra type="gra" index="3" head="2" relation="PUNCT"/></mor></t>

    <a type="actions">pulls dollhouse toward self . rummages</a>
  </u>
  <u who="MOT" uID="u71">
    <w>there<mor type="mor"><mw><pos><c>adv</c></pos><stem>there</stem></mw><gra type="gra" index="1" head="0" relation="INCROOT"/></mor></w>
    <t type="e"><mor type="mor"><mt type="e"/><gra type="gra" index="2" head="1" relation="PUNCT"/></mor></t>

    <a type="actions">drives car . stops</a>
  </u>
  <u who="MOT" uID="u72">
    <w formType="onomatopoeia">broom_broom_broom<mor type="mor"><mw><pos><c>on</c></pos><stem>broom_broom_broom</stem></mw><gra type="gra" index="1" head="0" relation="INCROOT"/></mor></w>
    <t type="p"><mor type="mor"><mt type="p"/><gra type="gra" index="2" head="1" relation="PUNCT"/></mor></t>

  </u>
  <u who="MOT" uID="u73">
    <w>here's<mor type="mor"><mw><pos><c>pro</c><s>exist</s></pos><stem>here</stem></mw><gra type="gra" index="1" head="2" relation="SUBJ"/><mor-post><mw><pos><c>cop</c></pos><stem>be</stem><mk type="sfxf">3S</mk></mw><gra type="gra" index="2" head="0" relation="ROOT"/></mor-post></mor></w>
    <w>a<mor type="mor"><mw><pos><c>det</c><s>art</s></pos><stem>a</stem></mw><gra type="gra" index="3" head="4" relation="DET"/></mor></w>
    <w>chicken<mor type="mor"><mw><pos><c>n</c></pos><stem>chicken</stem></mw><gra type="gra" index="4" head="2" relation="PRED"/></mor></w>
    <t type="p"><mor type="mor"><mt type="p"/><gra type="gra" index="5" head="2" relation="PUNCT"/></mor></t>

    <a type="actions">&lt;1w-3w&gt; takes chicken out of dollhouse and holds out to Tom . puts chicken down . dances chicken and puts down .</a>
  </u>
  <u who="MOT" uID="u74">
    <w formType="onomatopoeia">cock_a_doddle_doo<mor type="mor"><mw><pos><c>on</c></pos><stem>cock_a_doddle_doo</stem></mw><gra type="gra" index="1" head="0" relation="INCROOT"/></mor></w>
    <t type="e"><mor type="mor"><mt type="e"/><gra type="gra" index="2" head="1" relation="PUNCT"/></mor></t>

    <a type="actions">&lt;aft&gt; takes another chicken out and puts on floor &lt;1w&gt; takes chicken out of dollhouse and holds out to Tom . puts chicken down . dances chicken and puts down .</a>
    <a type="comments">&lt;aft&gt; makes chicken noises</a>
  </u>
  <u who="CHI" uID="u75">
    <w>toys<mor type="mor"><mw><pos><c>n</c></pos><stem>toy</stem><mk type="sfx">PL</mk></mw><gra type="gra" index="1" head="0" relation="INCROOT"/></mor></w>
    <t type="p"><mor type="mor"><mt type="p"/><gra type="gra" index="2" head="1" relation="PUNCT"/></mor></t>

    <a type="actions">&lt;dur&gt; holds car &lt;bef&gt; takes chicken . picks up car and turns it over , dumping it out .</a>
  </u>
  <u who="MOT" uID="u76">
    <w>toys<mor type="mor"><mw><pos><c>n</c></pos><stem>toy</stem><mk type="sfx">PL</mk></mw><gra type="gra" index="1" head="0" relation="INCROOT"/></mor></w>
    <t type="p"><mor type="mor"><mt type="p"/><gra type="gra" index="2" head="1" relation="PUNCT"/></mor></t>

  </u>
  <u who="CHI" uID="u77">
    <w>toys<mor type="mor"><mw><pos><c>n</c></pos><stem>toy</stem><mk type="sfx">PL</mk></mw><gra type="gra" index="1" head="0" relation="INCROOT"/></mor></w>
    <t type="p"><mor type="mor"><mt type="p"/><gra type="gra" index="2" head="1" relation="PUNCT"/></mor></t>

  </u>
  <u who="MOT" uID="u78">
    <w>toys<mor type="mor"><mw><pos><c>n</c></pos><stem>toy</stem><mk type="sfx">PL</mk></mw><gra type="gra" index="1" head="0" relation="INCROOT"/></mor></w>
    <t type="p"><mor type="mor"><mt type="p"/><gra type="gra" index="2" head="1" relation="PUNCT"/></mor></t>

    <a type="actions">takes some objects out of dollhouse</a>
  </u>
  <u who="CHI" uID="u79">
    <w>toys<mor type="mor"><mw><pos><c>n</c></pos><stem>toy</stem><mk type="sfx">PL</mk></mw><gra type="gra" index="1" head="0" relation="INCROOT"/></mor></w>
    <t type="p"><mor type="mor"><mt type="p"/><gra type="gra" index="2" head="1" relation="PUNCT"/></mor></t>

    <a type="actions">takes man out of dollhouse</a>
  </u>
  <u who="MOT" uID="u80">
    <w>uhhuh<mor type="mor"><mw><pos><c>co</c></pos><stem>uhhuh</stem></mw><gra type="gra" index="1" head="0" relation="INCROOT"/></mor></w>
    <t type="p"><mor type="mor"><mt type="p"/><gra type="gra" index="2" head="1" relation="PUNCT"/></mor></t>

    <a type="actions">takes bed out of dollhouse and holds</a>
  </u>
  <u who="CHI" uID="u81">
    <w>oh<mor type="mor"><mw><pos><c>co</c></pos><stem>oh</stem></mw><gra type="gra" index="1" head="0" relation="INCROOT"/></mor></w>
    <t type="p"><mor type="mor"><mt type="p"/><gra type="gra" index="2" head="1" relation="PUNCT"/></mor></t>

    <a type="actions">&lt;aft&gt; puts car on floor</a>
  </u>
  <u who="MOT" uID="u82">
    <w>look<mor type="mor"><mw><pos><c>v</c></pos><stem>look</stem></mw><gra type="gra" index="1" head="5" relation="LINK"/></mor></w>
    <pause symbolic-length="simple"/>
    <w>this<mor type="mor"><mw><pos><c>pro</c><s>dem</s></pos><stem>this</stem></mw><gra type="gra" index="2" head="1" relation="OBJ"/></mor></w>
    <w>one's<mor type="mor"><mw><pos><c>pro</c><s>indef</s></pos><stem>one</stem></mw><gra type="gra" index="3" head="5" relation="SUBJ"/><mor-post><mw><pos><c>aux</c></pos><stem>be</stem><mk type="sfxf">3S</mk></mw><gra type="gra" index="4" head="5" relation="AUX"/></mor-post></mor></w>
    <w>going<mor type="mor"><mw><pos><c>part</c></pos><stem>go</stem><mk type="sfx">PRESP</mk></mw><gra type="gra" index="5" head="0" relation="ROOT"/></mor></w>
    <w>night_night<mor type="mor"><mw><pos><c>co</c></pos><stem>night_night</stem></mw><gra type="gra" index="6" head="7" relation="COM"/></mor></w>
    <pause symbolic-length="simple"/>
    <w>Tom<mor type="mor"><mw><pos><c>n</c><s>prop</s></pos><stem>Tom</stem></mw><gra type="gra" index="7" head="5" relation="OBJ"/></mor></w>
    <t type="p"><mor type="mor"><mt type="p"/><gra type="gra" index="8" head="5" relation="PUNCT"/></mor></t>

    <a type="actions">takes man out of dollhouse , puts bed down . puts man on bed</a>
  </u>
  <u who="MOT" uID="u83">
    <w>night_night<mor type="mor"><mw><pos><c>co</c></pos><stem>night_night</stem></mw><gra type="gra" index="1" head="0" relation="INCROOT"/></mor></w>
    <t type="e"><mor type="mor"><mt type="e"/><gra type="gra" index="2" head="1" relation="PUNCT"/></mor></t>

    <a type="paralinguistics">&lt;1w&gt; spoken in high pitch</a>
  </u>
  <u who="CHI" uID="u84">
    <w>night_night<mor type="mor"><mw><pos><c>co</c></pos><stem>night_night</stem></mw><gra type="gra" index="1" head="0" relation="INCROOT"/></mor></w>
    <t type="p"><mor type="mor"><mt type="p"/><gra type="gra" index="2" head="1" relation="PUNCT"/></mor></t>

    <a type="actions">takes man out of dollhouse and puts in car .</a>
    <a type="extension" flavor="pho">nai+nait</a>
  </u>
  <u who="MOT" uID="u85">
    <w>night_night<mor type="mor"><mw><pos><c>co</c></pos><stem>night_night</stem></mw><gra type="gra" index="1" head="0" relation="INCROOT"/></mor></w>
    <t type="p"><mor type="mor"><mt type="p"/><gra type="gra" index="2" head="1" relation="PUNCT"/></mor></t>

    <a type="actions">takes man out , examines , and manipulates</a>
    <a type="paralinguistics">spoken softly</a>
  </u>
  <u who="CHI" uID="u86">
    <w type="filler">uh</w>
    <w formType="onomatopoeia">woom_woo_woo<mor type="mor"><mw><pos><c>on</c></pos><stem>woom_woo_woo</stem></mw><gra type="gra" index="1" head="0" relation="INCROOT"/></mor></w>
    <t type="p"><mor type="mor"><mt type="p"/><gra type="gra" index="2" head="1" relation="PUNCT"/></mor></t>

    <a type="paralinguistics">&lt;2w&gt; car noise</a>
  </u>
  <u who="MOT" uID="u87">
    <w>look<mor type="mor"><mw><pos><c>v</c></pos><stem>look</stem></mw><gra type="gra" index="1" head="0" relation="ROOT"/></mor></w>
    <w>at<mor type="mor"><mw><pos><c>prep</c></pos><stem>at</stem></mw><gra type="gra" index="2" head="1" relation="JCT"/></mor></w>
    <w>this<mor type="mor"><mw><pos><c>pro</c><s>dem</s></pos><stem>this</stem></mw><gra type="gra" index="3" head="2" relation="POBJ"/></mor></w>
    <t type="p"><mor type="mor"><mt type="p"/><gra type="gra" index="4" head="1" relation="PUNCT"/></mor></t>

    <a type="actions">&lt;1w-3w&gt; holds man out to Tom .</a>
  </u>
  <u who="MOT" uID="u88">
    <w>look_it<mor type="mor"><mw><pos><c>co</c></pos><stem>look_it</stem></mw><gra type="gra" index="1" head="0" relation="INCROOT"/></mor></w>
    <t type="p"><mor type="mor"><mt type="p"/><gra type="gra" index="2" head="1" relation="PUNCT"/></mor></t>

    <a type="actions">&lt;1w&gt; holds man out to Tom .</a>
  </u>
  <u who="MOT" uID="u89">
    <w>night_night<mor type="mor"><mw><pos><c>co</c></pos><stem>night_night</stem></mw><gra type="gra" index="1" head="0" relation="INCROOT"/></mor></w>
    <t type="e"><mor type="mor"><mt type="e"/><gra type="gra" index="2" head="1" relation="PUNCT"/></mor></t>

    <a type="actions">&lt;1w&gt; puts man in bed .</a>
    <a type="paralinguistics">&lt;1w&gt; spoken in high pitch</a>
  </u>
  <u who="MOT" uID="u90">
    <w>see<mor type="mor"><mw><pos><c>v</c></pos><stem>see</stem></mw><gra type="gra" index="1" head="0" relation="ROOT"/></mor></w>
    <w>you<mor type="mor"><mw><pos><c>pro</c><s>per</s></pos><stem>you</stem></mw><gra type="gra" index="2" head="1" relation="OBJ"/></mor></w>
    <w>in<mor type="mor"><mw><pos><c>prep</c></pos><stem>in</stem></mw><gra type="gra" index="3" head="1" relation="JCT"/></mor></w>
    <w>the<mor type="mor"><mw><pos><c>det</c><s>art</s></pos><stem>the</stem></mw><gra type="gra" index="4" head="5" relation="DET"/></mor></w>
    <w>mornin<shortening>g</shortening><mor type="mor"><mw><pos><c>n</c></pos><stem>morning</stem></mw><gra type="gra" index="5" head="3" relation="POBJ"/></mor></w>
    <t type="e"><mor type="mor"><mt type="e"/><gra type="gra" index="6" head="1" relation="PUNCT"/></mor></t>

    <a type="actions">&lt;1w&gt; picks up beds and puts on other side of dollhouse</a>
  </u>
  <u who="CHI" uID="u91">
    <w formType="onomatopoeia">woo_woo_woo_wa<mor type="mor"><mw><pos><c>on</c></pos><stem>woo_woo_woo_wa</stem></mw><gra type="gra" index="1" head="0" relation="INCROOT"/></mor></w>
    <t type="p"><mor type="mor"><mt type="p"/><gra type="gra" index="2" head="1" relation="PUNCT"/></mor></t>

    <a type="actions">&lt;1w&gt; puts man in car . puts other man in car .</a>
    <a type="paralinguistics">car noise</a>
  </u>
  <u who="CHI" uID="u92">
    <w formType="onomatopoeia">woo_woo_woo_woo<mor type="mor"><mw><pos><c>on</c></pos><stem>woo_woo_woo_woo</stem></mw><gra type="gra" index="1" head="0" relation="INCROOT"/></mor></w>
    <t type="p"><mor type="mor"><mt type="p"/><gra type="gra" index="2" head="1" relation="PUNCT"/></mor></t>

    <a type="actions">&lt;1w&gt; pushes car around</a>
  </u>
  <u who="MOT" uID="u93">
    <w>where<mor type="mor"><mw><pos><c>pro</c><s>int</s></pos><stem>where</stem></mw><gra type="gra" index="1" head="2" relation="LINK"/></mor></w>
    <w>are<mor type="mor"><mw><pos><c>cop</c></pos><stem>be</stem><mk type="sfxf">PRES</mk></mw><gra type="gra" index="2" head="0" relation="ROOT"/></mor></w>
    <w>they<mor type="mor"><mw><pos><c>pro</c><s>sub</s></pos><stem>they</stem></mw><gra type="gra" index="3" head="2" relation="PRED"/></mor></w>
    <w>going<mor type="mor"><mw><pos><c>part</c></pos><stem>go</stem><mk type="sfx">PRESP</mk></mw><gra type="gra" index="4" head="3" relation="OM"/></mor></w>
    <t type="q"><mor type="mor"><mt type="q"/><gra type="gra" index="5" head="2" relation="PUNCT"/></mor></t>

    <a type="actions">&lt;aft&gt; sets down but it falls over &lt;dur&gt; takes out man and bench , putting man in bench . &lt;bef&gt; rummages in dollhouse . takes out bed , examines , and puts down in dollhouse .</a>
  </u>
  <u who="CHI" uID="u94">
    <w type="filler">uh</w>
    <w>going<mor type="mor"><mw><pos><c>part</c></pos><stem>go</stem><mk type="sfx">PRESP</mk></mw><gra type="gra" index="1" head="0" relation="INCROOT"/></mor></w>
    <t type="p"><mor type="mor"><mt type="p"/><gra type="gra" index="2" head="1" relation="PUNCT"/></mor></t>

    <a type="actions">puts hand on car</a>
  </u>
  <u who="MOT" uID="u95">
    <w>where<mor type="mor"><mw><pos><c>pro</c><s>int</s></pos><stem>where</stem></mw><gra type="gra" index="1" head="2" relation="LINK"/></mor></w>
    <g><w>are<mor type="mor"><mw><pos><c>cop</c></pos><stem>be</stem><mk type="sfxf">PRES</mk></mw><gra type="gra" index="2" head="0" relation="ROOT"/></mor></w><k type="stressing"/></g>
    <w>they<mor type="mor"><mw><pos><c>pro</c><s>sub</s></pos><stem>they</stem></mw><gra type="gra" index="3" head="2" relation="PRED"/></mor></w>
    <w>going<mor type="mor"><mw><pos><c>part</c></pos><stem>go</stem><mk type="sfx">PRESP</mk></mw><gra type="gra" index="4" head="3" relation="OM"/></mor></w>
    <t type="q"><mor type="mor"><mt type="q"/><gra type="gra" index="5" head="2" relation="PUNCT"/></mor></t>

    <a type="actions">rights bench</a>
  </u>
  <u who="CHI" uID="u96">
    <w type="filler">uh</w>
    <w>going<mor type="mor"><mw><pos><c>part</c></pos><stem>go</stem><mk type="sfx">PRESP</mk></mw><gra type="gra" index="1" head="0" relation="INCROOT"/></mor></w>
    <t type="p"><mor type="mor"><mt type="p"/><gra type="gra" index="2" head="1" relation="PUNCT"/></mor></t>

    <a type="actions">manipulates man in car</a>
    <a type="gesture">glances at fallen objects</a>
  </u>
  <u who="MOT" uID="u97">
    <w>for<mor type="mor"><mw><pos><c>prep</c></pos><stem>for</stem></mw><gra type="gra" index="1" head="0" relation="INCROOT"/></mor></w>
    <w>a<mor type="mor"><mw><pos><c>det</c><s>art</s></pos><stem>a</stem></mw><gra type="gra" index="2" head="3" relation="DET"/></mor></w>
    <g><w>ride<mor type="mor"><mw><pos><c>n</c></pos><stem>ride</stem></mw><gra type="gra" index="3" head="1" relation="POBJ"/></mor></w><k type="stressing"/></g>
    <t type="q"><mor type="mor"><mt type="q"/><gra type="gra" index="4" head="1" relation="PUNCT"/></mor></t>

  </u>
  <u who="CHI" uID="u98">
    <w>in<mor type="mor"><mw><pos><c>prep</c></pos><stem>in</stem></mw><gra type="gra" index="1" head="0" relation="INCROOT"/></mor></w>
    <w>a<mor type="mor"><mw><pos><c>det</c><s>art</s></pos><stem>a</stem></mw><gra type="gra" index="2" head="3" relation="DET"/></mor></w>
    <g><w>ride<mor type="mor"><mw><pos><c>n</c></pos><stem>ride</stem></mw><gra type="gra" index="3" head="1" relation="POBJ"/></mor></w><k type="stressing"/></g>
    <t type="p"><mor type="mor"><mt type="p"/><gra type="gra" index="4" head="1" relation="PUNCT"/></mor></t>

    <a type="actions">pushes car a little</a>
  </u>
  <u who="MOT" uID="u99">
    <w>yeah<mor type="mor"><mw><pos><c>co</c></pos><stem>yeah</stem></mw><gra type="gra" index="1" head="0" relation="INCROOT"/></mor></w>
    <pause symbolic-length="simple"/>
    <w>for<mor type="mor"><mw><pos><c>prep</c></pos><stem>for</stem></mw><gra type="gra" index="2" head="1" relation="JCT"/></mor></w>
    <w>a<mor type="mor"><mw><pos><c>det</c><s>art</s></pos><stem>a</stem></mw><gra type="gra" index="3" head="4" relation="DET"/></mor></w>
    <g><w>ride<mor type="mor"><mw><pos><c>n</c></pos><stem>ride</stem></mw><gra type="gra" index="4" head="2" relation="POBJ"/></mor></w><k type="stressing"/></g>
    <t type="p"><mor type="mor"><mt type="p"/><gra type="gra" index="5" head="1" relation="PUNCT"/></mor></t>

    <a type="actions">picks up object and puts in bench . straightens men</a>
  </u>
  <u who="CHI" uID="u100">
    <w untranscribed="unintelligible-with-pho">yyy</w>
    <w untranscribed="unintelligible-with-pho">yyy</w>
    <w untranscribed="unintelligible-with-pho">yyy</w>
    <t type="p"></t>

    <a type="extension" flavor="pho">&lt;1w&gt; e dIh tS6den</a>
  </u>
  <u who="CHI" uID="u101">
    <w formType="onomatopoeia">dee_dee<mor type="mor"><mw><pos><c>on</c></pos><stem>dee_dee</stem></mw><gra type="gra" index="1" head="0" relation="INCROOT"/></mor></w>
    <t type="p"><mor type="mor"><mt type="p"/><gra type="gra" index="2" head="1" relation="PUNCT"/></mor></t>

    <a type="actions">&lt;1w&gt; makes car noise .</a>
  </u>
  <u who="CHI" uID="u102">
    <w>uhoh<mor type="mor"><mw><pos><c>co</c></pos><stem>uhoh</stem></mw><gra type="gra" index="1" head="0" relation="INCROOT"/></mor></w>
    <t type="e"><mor type="mor"><mt type="e"/><gra type="gra" index="2" head="1" relation="PUNCT"/></mor></t>

    <a type="actions">&lt;1w&gt; makes crash sound</a>
  </u>
  <u who="CHI" uID="u103">
    <w>children<mor type="mor"><mw><pos><c>n</c></pos><stem>child</stem><mk type="sfxf">PL</mk></mw><gra type="gra" index="1" head="0" relation="INCROOT"/></mor></w>
    <t type="p"><mor type="mor"><mt type="p"/><gra type="gra" index="2" head="1" relation="PUNCT"/></mor></t>

  </u>
  <u who="CHI" uID="u104">
    <w untranscribed="unintelligible-with-pho">yyy</w>
    <w untranscribed="unintelligible-with-pho">yyy</w>
    <w untranscribed="unintelligible-with-pho">yyy</w>
    <t type="p"></t>

    <a type="extension" flavor="pho">&lt;1w&gt; e dIh tS6den</a>
  </u>
  <u who="MOT" uID="u105">
    <w>uhoh<mor type="mor"><mw><pos><c>co</c></pos><stem>uhoh</stem></mw><gra type="gra" index="1" head="0" relation="INCROOT"/></mor></w>
    <t type="e"><mor type="mor"><mt type="e"/><gra type="gra" index="2" head="1" relation="PUNCT"/></mor></t>

    <a type="actions">&lt;1w&gt; takes object out of dollhouse and puts on floor</a>
  </u>
  <u who="MOT" uID="u106">
    <w>accident<mor type="mor"><mw><pos><c>n</c></pos><stem>accident</stem></mw><gra type="gra" index="1" head="0" relation="INCROOT"/></mor></w>
    <t type="e"><mor type="mor"><mt type="e"/><gra type="gra" index="2" head="1" relation="PUNCT"/></mor></t>

  </u>
  <u who="CHI" uID="u107">
    <w type="filler">uh</w>
    <t type="e"></t>

    <a type="actions">&lt;aft&gt; picks up one man and then another . puts man in mouth and bites</a>
  </u>
  <u who="MOT" uID="u108">
    <w>look<mor type="mor"><mw><pos><c>co</c></pos><stem>look</stem></mw><gra type="gra" index="1" head="3" relation="COM"/></mor></w>
    <pause symbolic-length="simple"/>
    <w>here's<mor type="mor"><mw><pos><c>pro</c><s>exist</s></pos><stem>here</stem></mw><gra type="gra" index="2" head="3" relation="SUBJ"/><mor-post><mw><pos><c>cop</c></pos><stem>be</stem><mk type="sfxf">3S</mk></mw><gra type="gra" index="3" head="0" relation="ROOT"/></mor-post></mor></w>
    <w>a<mor type="mor"><mw><pos><c>det</c><s>art</s></pos><stem>a</stem></mw><gra type="gra" index="4" head="5" relation="DET"/></mor></w>
    <w>dog<mor type="mor"><mw><pos><c>n</c></pos><stem>dog</stem></mw><gra type="gra" index="5" head="3" relation="PRED"/></mor></w>
    <t type="p"><mor type="mor"><mt type="p"/><gra type="gra" index="6" head="3" relation="PUNCT"/></mor></t>

  </u>
  <u who="MOT" uID="u109">
    <w>look<mor type="mor"><mw><pos><c>v</c></pos><stem>look</stem></mw><gra type="gra" index="1" head="0" relation="ROOT"/></mor></w>
    <w>at<mor type="mor"><mw><pos><c>prep</c></pos><stem>at</stem></mw><gra type="gra" index="2" head="1" relation="JCT"/></mor></w>
    <w>the<mor type="mor"><mw><pos><c>det</c><s>art</s></pos><stem>the</stem></mw><gra type="gra" index="3" head="4" relation="DET"/></mor></w>
    <w>dog<mor type="mor"><mw><pos><c>n</c></pos><stem>dog</stem></mw><gra type="gra" index="4" head="2" relation="POBJ"/></mor></w>
    <pause symbolic-length="simple"/>
    <w>Tom<mor type="mor"><mw><pos><c>n</c><s>prop</s></pos><stem>Tom</stem></mw><gra type="gra" index="5" head="4" relation="APP"/></mor></w>
    <t type="e"><mor type="mor"><mt type="e"/><gra type="gra" index="6" head="1" relation="PUNCT"/></mor></t>

  </u>
  <u who="MOT" uID="u110">
    <w formType="onomatopoeia">arf_arf<mor type="mor"><mw><pos><c>on</c></pos><stem>arf_arf</stem></mw><gra type="gra" index="1" head="0" relation="INCROOT"/></mor></w>
    <t type="p"><mor type="mor"><mt type="p"/><gra type="gra" index="2" head="1" relation="PUNCT"/></mor></t>

  </u>
  <u who="MOT" uID="u111">
    <w>look<mor type="mor"><mw><pos><c>v</c></pos><stem>look</stem></mw><gra type="gra" index="1" head="0" relation="ROOT"/></mor></w>
    <w>at<mor type="mor"><mw><pos><c>prep</c></pos><stem>at</stem></mw><gra type="gra" index="2" head="1" relation="JCT"/></mor></w>
    <w>that<mor type="mor"><mw><pos><c>det</c><s>dem</s></pos><stem>that</stem></mw><gra type="gra" index="3" head="4" relation="DET"/></mor></w>
    <w>dog<mor type="mor"><mw><pos><c>n</c></pos><stem>dog</stem></mw><gra type="gra" index="4" head="2" relation="POBJ"/></mor></w>
    <t type="p"><mor type="mor"><mt type="p"/><gra type="gra" index="5" head="1" relation="PUNCT"/></mor></t>

    <a type="comments">&lt;1w&gt; whispers</a>
  </u>
  <u who="MOT" uID="u112">
    <w formType="onomatopoeia">ruff_ruff_ruff<mor type="mor"><mw><pos><c>on</c></pos><stem>ruff_ruff_ruff</stem></mw><gra type="gra" index="1" head="0" relation="INCROOT"/></mor></w>
    <t type="e"><mor type="mor"><mt type="e"/><gra type="gra" index="2" head="1" relation="PUNCT"/></mor></t>

    <a type="actions">&lt;aft&gt; lowers dog to floor</a>
  </u>
  <u who="CHI" uID="u113">
    <w formType="onomatopoeia">ruff<mor type="mor"><mw><pos><c>on</c></pos><stem>ruff</stem></mw><gra type="gra" index="1" head="0" relation="INCROOT"/></mor></w>
    <t type="p"><mor type="mor"><mt type="p"/><gra type="gra" index="2" head="1" relation="PUNCT"/></mor></t>

    <a type="paralinguistics">spoken softly</a>
  </u>
  <u who="MOT" uID="u114">
    <w>that's<mor type="mor"><mw><pos><c>pro</c><s>dem</s></pos><stem>that</stem></mw><gra type="gra" index="1" head="2" relation="SUBJ"/><mor-post><mw><pos><c>cop</c></pos><stem>be</stem><mk type="sfxf">3S</mk></mw><gra type="gra" index="2" head="0" relation="ROOT"/></mor-post></mor></w>
    <w>a<mor type="mor"><mw><pos><c>det</c><s>art</s></pos><stem>a</stem></mw><gra type="gra" index="3" head="4" relation="DET"/></mor></w>
    <w>dog<mor type="mor"><mw><pos><c>n</c></pos><stem>dog</stem></mw><gra type="gra" index="4" head="2" relation="PRED"/></mor></w>
    <t type="p"><mor type="mor"><mt type="p"/><gra type="gra" index="5" head="2" relation="PUNCT"/></mor></t>

  </u>
  <u who="CHI" uID="u115">
    <w formType="onomatopoeia">ruff_ruff_ruff<mor type="mor"><mw><pos><c>on</c></pos><stem>ruff_ruff_ruff</stem></mw><gra type="gra" index="1" head="0" relation="INCROOT"/></mor></w>
    <t type="p"><mor type="mor"><mt type="p"/><gra type="gra" index="2" head="1" relation="PUNCT"/></mor></t>

    <a type="actions">stops biting man . examines objects and puts down</a>
  </u>
  <u who="MOT" uID="u116">
    <w>mhm<mor type="mor"><mw><pos><c>co</c></pos><stem>mhm</stem></mw><menx>yes</menx><gra type="gra" index="1" head="0" relation="INCROOT"/></mor></w>
    <t type="p"><mor type="mor"><mt type="p"/><gra type="gra" index="2" head="1" relation="PUNCT"/></mor></t>

    <a type="actions">manipulates dog . takes object out of dollhouse</a>
  </u>
  <u who="MOT" uID="u117">
    <w>you<mor type="mor"><mw><pos><c>pro</c><s>per</s></pos><stem>you</stem></mw><gra type="gra" index="1" head="2" relation="SUBJ"/></mor></w>
    <w>bet<mor type="mor"><mw><pos><c>v</c></pos><stem>bet</stem><mk type="sfxf">ZERO</mk></mw><gra type="gra" index="2" head="0" relation="ROOT"/></mor></w>
    <pause symbolic-length="simple"/>
    <w>that's<mor type="mor"><mw><pos><c>pro</c><s>dem</s></pos><stem>that</stem></mw><gra type="gra" index="3" head="4" relation="SUBJ"/><mor-post><mw><pos><c>cop</c></pos><stem>be</stem><mk type="sfxf">3S</mk></mw><gra type="gra" index="4" head="2" relation="COMP"/></mor-post></mor></w>
    <w>a<mor type="mor"><mw><pos><c>det</c><s>art</s></pos><stem>a</stem></mw><gra type="gra" index="5" head="6" relation="DET"/></mor></w>
    <w>dog<mor type="mor"><mw><pos><c>n</c></pos><stem>dog</stem></mw><gra type="gra" index="6" head="4" relation="PRED"/></mor></w>
    <t type="p"><mor type="mor"><mt type="p"/><gra type="gra" index="7" head="2" relation="PUNCT"/></mor></t>

    <a type="explanation">&lt;1w&gt; as if said to herself</a>
  </u>
  <u who="CHI" uID="u118">
    <w formType="onomatopoeia">tick_tck_tck_tck<mor type="mor"><mw><pos><c>on</c></pos><stem>tick_tck_tck_tck</stem></mw><gra type="gra" index="1" head="0" relation="INCROOT"/></mor></w>
    <t type="p"><mor type="mor"><mt type="p"/><gra type="gra" index="2" head="1" relation="PUNCT"/></mor></t>

    <a type="actions">reaches for Mother's hand . holds object toward ear , sets down , takes and holds to ear</a>
  </u>
  <u who="MOT" uID="u119">
    <w formType="onomatopoeia">tick_tick_tick_tick_tick<mor type="mor"><mw><pos><c>on</c></pos><stem>tick_tick_tick_tick_tick</stem></mw><gra type="gra" index="1" head="0" relation="INCROOT"/></mor></w>
    <t type="p"><mor type="mor"><mt type="p"/><gra type="gra" index="2" head="1" relation="PUNCT"/></mor></t>

    <a type="actions">holds arm toward Tom's ear</a>
    <a type="paralinguistics">&lt;aft&gt; laughs</a>
  </u>
  <u who="CHI" uID="u120">
    <w formType="onomatopoeia">tick_tick<mor type="mor"><mw><pos><c>on</c></pos><stem>tick_tick</stem></mw><gra type="gra" index="1" head="0" relation="INCROOT"/></mor></w>
    <t type="p"><mor type="mor"><mt type="p"/><gra type="gra" index="2" head="1" relation="PUNCT"/></mor></t>

    <a type="actions">rubs ear</a>
    <a type="extension" flavor="pho">tI+tI</a>
  </u>
  <u who="MOT" uID="u121">
    <w>haha<mor type="mor"><mw><pos><c>co</c></pos><stem>haha</stem></mw><gra type="gra" index="1" head="0" relation="INCROOT"/></mor></w>
    <t type="p"><mor type="mor"><mt type="p"/><gra type="gra" index="2" head="1" relation="PUNCT"/></mor></t>

    <a type="actions">takes away arm . straightens watch . manipulates nesting cups</a>
  </u>
  <u who="MOT" uID="u122">
    <w>yeah<mor type="mor"><mw><pos><c>co</c></pos><stem>yeah</stem></mw><gra type="gra" index="1" head="0" relation="INCROOT"/></mor></w>
    <t type="e"><mor type="mor"><mt type="e"/><gra type="gra" index="2" head="1" relation="PUNCT"/></mor></t>

    <a type="paralinguistics">&lt;aft&gt; laughs</a>
  </u>
  <u who="CHI" uID="u123">
    <w formType="onomatopoeia">tick_tick_tick_tick_tick_tick<mor type="mor"><mw><pos><c>on</c></pos><stem>tick_tick_tick_tick_tick_tick</stem></mw><gra type="gra" index="1" head="0" relation="INCROOT"/></mor></w>
    <t type="p"><mor type="mor"><mt type="p"/><gra type="gra" index="2" head="1" relation="PUNCT"/></mor></t>

    <a type="actions">holds own wrist to ear</a>
    <a type="extension" flavor="pho">tI</a>
  </u>
  <u who="MOT" uID="u124">
    <w>build<mor type="mor"><mw><pos><c>v</c></pos><stem>build</stem></mw><gra type="gra" index="1" head="0" relation="ROOT"/></mor></w>
    <w>a<mor type="mor"><mw><pos><c>det</c><s>art</s></pos><stem>a</stem></mw><gra type="gra" index="2" head="3" relation="DET"/></mor></w>
    <w>pyramid<mor type="mor"><mw><pos><c>n</c></pos><stem>pyramid</stem></mw><gra type="gra" index="3" head="1" relation="OBJ"/></mor></w>
    <t type="p"><mor type="mor"><mt type="p"/><gra type="gra" index="4" head="1" relation="PUNCT"/></mor></t>

    <a type="actions">builds tower</a>
  </u>
  <u who="MOT" uID="u125">
    <w formType="word play">dum_doo_doo_doo<mor type="mor"><mw><pos><c>wplay</c></pos><stem>dum_doo_doo_doo</stem></mw><gra type="gra" index="1" head="0" relation="INCROOT"/></mor></w>
    <t type="p"><mor type="mor"><mt type="p"/><gra type="gra" index="2" head="1" relation="PUNCT"/></mor></t>

    <a type="paralinguistics">&lt;1w&gt; sings</a>
  </u>
  <u who="MOT" uID="u126">
    <w>look<mor type="mor"><mw><pos><c>v</c></pos><stem>look</stem></mw><gra type="gra" index="1" head="0" relation="ROOT"/></mor></w>
    <pause symbolic-length="simple"/>
    <w>Tom<mor type="mor"><mw><pos><c>n</c><s>prop</s></pos><stem>Tom</stem></mw><gra type="gra" index="2" head="1" relation="OBJ"/></mor></w>
    <t type="e"><mor type="mor"><mt type="e"/><gra type="gra" index="3" head="1" relation="PUNCT"/></mor></t>

  </u>
  <u who="MOT" uID="u127">
    <w>look<mor type="mor"><mw><pos><c>co</c></pos><stem>look</stem></mw><gra type="gra" index="1" head="0" relation="INCROOT"/></mor></w>
    <t type="p"><mor type="mor"><mt type="p"/><gra type="gra" index="2" head="1" relation="PUNCT"/></mor></t>

  </u>
  <u who="CHI" uID="u128">
    <w type="filler">uh</w>
    <t type="e"></t>

    <a type="actions">&lt;bef&gt; picks up nesting cup , manipulates , puts on floor</a>
  </u>
  <u who="MOT" uID="u129">
    <w>look<mor type="mor"><mw><pos><c>co</c></pos><stem>look</stem></mw><gra type="gra" index="1" head="2" relation="COM"/></mor></w>
    <pause symbolic-length="simple"/>
    <w>look<mor type="mor"><mw><pos><c>co</c></pos><stem>look</stem></mw><gra type="gra" index="2" head="0" relation="INCROOT"/></mor></w>
    <t type="p"><mor type="mor"><mt type="p"/><gra type="gra" index="3" head="2" relation="PUNCT"/></mor></t>

    <a type="actions">&lt;aft&gt; puts Tom's nesting cups on tower</a>
  </u>
  <u who="CHI" uID="u130">
    <w>ah<mor type="mor"><mw><pos><c>co</c></pos><stem>ah</stem></mw><gra type="gra" index="1" head="0" relation="INCROOT"/></mor></w>
    <t type="e"><mor type="mor"><mt type="e"/><gra type="gra" index="2" head="1" relation="PUNCT"/></mor></t>

    <a type="actions">picks up tower carefully but it falls . falls again</a>
    <a type="paralinguistics">&lt;aft&gt; crying and whining that changes to laughing</a>
  </u>
  <u who="MOT" uID="u131">
    <w>uhoh<mor type="mor"><mw><pos><c>co</c></pos><stem>uhoh</stem></mw><gra type="gra" index="1" head="0" relation="INCROOT"/></mor></w>
    <t type="e"><mor type="mor"><mt type="e"/><gra type="gra" index="2" head="1" relation="PUNCT"/></mor></t>

    <a type="actions">pushes dollhouse away . retrieves cups</a>
  </u>
  <u who="MOT" uID="u132">
    <w>uhoh<mor type="mor"><mw><pos><c>co</c></pos><stem>uhoh</stem></mw><gra type="gra" index="1" head="0" relation="INCROOT"/></mor></w>
    <t type="e"><mor type="mor"><mt type="e"/><gra type="gra" index="2" head="1" relation="PUNCT"/></mor></t>

  </u>
  <u who="MOT" uID="u133">
    <w>uhoh<mor type="mor"><mw><pos><c>co</c></pos><stem>uhoh</stem></mw><gra type="gra" index="1" head="0" relation="INCROOT"/></mor></w>
    <t type="e"><mor type="mor"><mt type="e"/><gra type="gra" index="2" head="1" relation="PUNCT"/></mor></t>

    <a type="paralinguistics">&lt;1w&gt; spoken in high pitch</a>
  </u>
  <u who="CHI" uID="u134">
    <w>more<mor type="mor"><mw><pos><c>pro</c><s>indef</s></pos><stem>more</stem></mw><gra type="gra" index="1" head="0" relation="INCROOT"/></mor></w>
    <t type="q"><mor type="mor"><mt type="q"/><gra type="gra" index="2" head="1" relation="PUNCT"/></mor></t>

  </u>
  <u who="CHI" uID="u135">
    <w>more<mor type="mor"><mw><pos><c>pro</c><s>indef</s></pos><stem>more</stem></mw><gra type="gra" index="1" head="0" relation="INCROOT"/></mor></w>
    <t type="q"><mor type="mor"><mt type="q"/><gra type="gra" index="2" head="1" relation="PUNCT"/></mor></t>

  </u>
  <u who="MOT" uID="u136">
    <w>mhm<mor type="mor"><mw><pos><c>co</c></pos><stem>mhm</stem></mw><menx>yes</menx><gra type="gra" index="1" head="0" relation="INCROOT"/></mor></w>
    <t type="p"><mor type="mor"><mt type="p"/><gra type="gra" index="2" head="1" relation="PUNCT"/></mor></t>

    <a type="actions">pushes dollhouse further away . picks up nesting cups and begins stacking rapidly</a>
  </u>
  <u who="CHI" uID="u137">
    <w>more<mor type="mor"><mw><pos><c>pro</c><s>indef</s></pos><stem>more</stem></mw><gra type="gra" index="1" head="0" relation="INCROOT"/></mor></w>
    <w untranscribed="unintelligible-with-pho">yyy</w>
    <t type="p"><mor type="mor"><mt type="p"/><gra type="gra" index="2" head="1" relation="PUNCT"/></mor></t>

    <a type="extension" flavor="pho">&lt;2w&gt; Sei S&amp;k</a>
  </u>
  <u who="CHI" uID="u138">
    <w untranscribed="unintelligible-with-pho">yyy</w>
    <w><shortening>th</shortening>em<mor type="mor"><mw><pos><c>pro</c><s>obj</s></pos><stem>them</stem></mw><gra type="gra" index="1" head="0" relation="INCROOT"/></mor></w>
    <t type="p"><mor type="mor"><mt type="p"/><gra type="gra" index="2" head="1" relation="PUNCT"/></mor></t>

    <a type="actions">&lt;1w&gt; picks up nesting cups rapidly and holds</a>
    <a type="extension" flavor="pho">&lt;1w&gt; Sei S&amp;k</a>
    <a type="alternative">&lt;1w&gt; stack</a>
  </u>
  <u who="MOT" uID="u139">
    <w>put<mor type="mor"><mw><pos><c>part</c></pos><stem>put</stem><mk type="sfxf">PASTP</mk></mw><gra type="gra" index="1" head="0" relation="INCROOT"/></mor></w>
    <w>that<mor type="mor"><mw><pos><c>adv</c></pos><stem>that</stem></mw><gra type="gra" index="2" head="3" relation="JCT"/></mor></w>
    <w>one<mor type="mor"><mw><pos><c>det</c><s>num</s></pos><stem>one</stem></mw><gra type="gra" index="3" head="1" relation="COMP"/></mor></w>
    <w>on<mor type="mor"><mw><pos><c>prep</c></pos><stem>on</stem></mw><gra type="gra" index="4" head="3" relation="JCT"/></mor></w>
    <w>here<mor type="mor"><mw><pos><c>n</c></pos><stem>here</stem></mw><gra type="gra" index="5" head="4" relation="POBJ"/></mor></w>
    <t type="p"><mor type="mor"><mt type="p"/><gra type="gra" index="6" head="1" relation="PUNCT"/></mor></t>

    <a type="actions">taps nesting cup stack</a>
    <a type="gesture">points to nesting cup to her right</a>
  </u>
  <u who="CHI" uID="u140">
    <e><action/></e>
    <t type="p"></t>

    <a type="actions">puts own nesting cup on stack</a>
  </u>
  <u who="MOT" uID="u141">
    <w>no<mor type="mor"><mw><pos><c>qn</c></pos><stem>no</stem></mw><gra type="gra" index="1" head="3" relation="QUANT"/></mor></w>
    <pause symbolic-length="simple"/>
    <g><w>this<mor type="mor"><mw><pos><c>det</c><s>dem</s></pos><stem>this</stem></mw><gra type="gra" index="2" head="3" relation="DET"/></mor></w><k type="stressing"/></g>
    <w>one<mor type="mor"><mw><pos><c>pro</c><s>indef</s></pos><stem>one</stem></mw><gra type="gra" index="3" head="0" relation="INCROOT"/></mor></w>
    <t type="p"><mor type="mor"><mt type="p"/><gra type="gra" index="4" head="3" relation="PUNCT"/></mor></t>

    <a type="gesture">points to nesting cup</a>
  </u>
</CHAT>