<?xml version="1.0" encoding="UTF-8"?>

<CHAT xmlns:xsi="http://www.w3.org/2001/XMLSchema-instance"
      xmlns="http://www.talkbank.org/ns/talkbank"
      xsi:schemaLocation="http://www.talkbank.org/ns/talkbank https://talkbank.org/software/talkbank.xsd"
            DesignType="cross"
            ActivityType="toyplay"
            GroupType="TD"
      PID="11312/c-00015242-1"
      Version="2.16.0"
      Lang="eng"
      Corpus="Bates"
      >
  <Participants>
    <participant
      id="CHI"
    name="Vicki"
      role="Target_Child"
      language="eng"
      age="P1Y08M"
      sex="female"
      group="TD"
      SES="MC"

    />
    <participant
      id="MOT"
      role="Mother"
      language="eng"
      sex="female"

    />
  </Participants>
  <comment type="Types">cross, toyplay, TD</comment>
  <u who="MOT" uID="u0">
    <e><action/></e>
    <t type="p"></t>

    <a type="actions">drives filled car toward Vicki . picks up man in dollhouse and attempts to put in car . stops and puts down in dollhouse</a>
  </u>
  <u who="CHI" uID="u1">
    <e><action/></e>
    <t type="p"></t>

    <a type="actions">holds ladder . takes car , pulls toward self and then lets go</a>
  </u>
  <u who="CHI" uID="u2">
    <w type="filler">uh</w>
    <t type="p"></t>

    <a type="actions">takes man from dollhouse and puts in car . repeats</a>
    <a type="comments">spoken softly</a>
  </u>
  <u who="MOT" uID="u3">
    <e><action/></e>
    <t type="p"></t>

    <a type="actions">reaches in dollhouse , fumbles , takes out chicken and puts on floor . picks up another chicken , examines briefly and puts down by other one</a>
  </u>
  <u who="CHI" uID="u4">
    <e><action/></e>
    <t type="p"></t>

    <a type="gesture">looks around . glances at ladder . looks around with a bewildered look</a>
  </u>
  <u who="MOT" uID="u5">
    <w>look<mor type="mor"><mw><pos><c>v</c></pos><stem>look</stem></mw><gra type="gra" index="1" head="0" relation="ROOT"/></mor></w>
    <pause symbolic-length="simple"/>
    <w>Vicki<mor type="mor"><mw><pos><c>n</c><s>prop</s></pos><stem>Vicki</stem></mw><gra type="gra" index="2" head="1" relation="OBJ"/></mor></w>
    <t type="p"><mor type="mor"><mt type="p"/><gra type="gra" index="3" head="1" relation="PUNCT"/></mor></t>

    <a type="actions">&lt;aft&gt; pushes car toward dollhouse . picks up nesting cups and holds &lt;dur&gt; pulls car toward self and holds . &lt;bef&gt; pushes dollhouse away .</a>
    <a type="paralinguistics">spoken softly</a>
  </u>
  <u who="MOT" uID="u6">
    <w>where's<mor type="mor"><mw><pos><c>pro</c><s>int</s></pos><stem>where</stem></mw><gra type="gra" index="1" head="2" relation="SUBJ"/><mor-post><mw><pos><c>cop</c></pos><stem>be</stem><mk type="sfxf">3S</mk></mw><gra type="gra" index="2" head="0" relation="ROOT"/></mor-post></mor></w>
    <w>that<mor type="mor"><mw><pos><c>det</c><s>dem</s></pos><stem>that</stem></mw><gra type="gra" index="3" head="4" relation="DET"/></mor></w>
    <w>car<mor type="mor"><mw><pos><c>n</c></pos><stem>car</stem></mw><gra type="gra" index="4" head="2" relation="PRED"/></mor></w>
    <w>gonna<mor type="mor"><mw><pos><c>part</c></pos><stem>go</stem><mk type="sfx">PRESP</mk></mw><gra type="gra" index="5" head="4" relation="XMOD"/><mor-post><mw><pos><c>inf</c></pos><stem>to</stem></mw><gra type="gra" index="6" head="7" relation="INF"/></mor-post></mor></w>
    <w>go<mor type="mor"><mw><pos><c>v</c></pos><stem>go</stem></mw><gra type="gra" index="7" head="5" relation="COMP"/></mor></w>
    <t type="q"><mor type="mor"><mt type="q"/><gra type="gra" index="8" head="2" relation="PUNCT"/></mor></t>

  </u>
  <u who="MOT" uID="u7">
    <w>hm<p type="drawl"/><mor type="mor"><mw><pos><c>co</c></pos><stem>hm</stem></mw><gra type="gra" index="1" head="0" relation="INCROOT"/></mor></w>
    <t type="q"><mor type="mor"><mt type="q"/><gra type="gra" index="2" head="1" relation="PUNCT"/></mor></t>

    <a type="gesture">&lt;1w&gt; points to car</a>
  </u>
  <u who="CHI" uID="u8">
    <e><action/></e>
    <t type="p"></t>

    <a type="gesture">looks at Mother , at car , at Mother</a>
  </u>
  <u who="MOT" uID="u9">
    <e><action/></e>
    <t type="p"></t>

    <a type="actions">puts nesting cups down . reaches in dollhouse through door and takes out man . walks man on Vicki's leg and stomach</a>
  </u>
  <u who="CHI" uID="u10">
    <e><action/></e>
    <t type="p"></t>

    <a type="actions">takes man and holds &lt;aft&gt; opens mouth</a>
    <a type="gesture">smiles</a>
  </u>
  <u who="MOT" uID="u11">
    <e><action/></e>
    <t type="p"></t>

    <a type="actions">reaches in dollhouse and moves bed slightly . takes hand out</a>
  </u>
  <u who="CHI" uID="u12">
    <e><action/></e>
    <t type="p"></t>

    <a type="actions">puts man on floor . shuts dollhouse door . shuts other door in two tries</a>
  </u>
  <u who="MOT" uID="u13">
    <e><action/></e>
    <t type="p"></t>

    <a type="actions">takes man from car and taps him on shut door . puts man on floor and opens door</a>
  </u>
  <u who="CHI" uID="u14">
    <e><action/></e>
    <t type="p"></t>

    <a type="actions">picks up man and puts in dollhouse</a>
  </u>
  <u who="MOT" uID="u15">
    <e><action/></e>
    <t type="p"></t>

    <a type="actions">shuts door</a>
  </u>
  <u who="CHI" uID="u16">
    <w untranscribed="unintelligible-with-pho">yyy</w>
    <t type="e"></t>

    <a type="actions">&lt;bef&gt; opens door</a>
    <a type="extension" flavor="pho">de de de</a>
  </u>
  <u who="MOT" uID="u17">
    <w>whoops<mor type="mor"><mw><pos><c>co</c></pos><stem>whoops</stem></mw><gra type="gra" index="1" head="0" relation="INCROOT"/></mor></w>
    <t type="p"><mor type="mor"><mt type="p"/><gra type="gra" index="2" head="1" relation="PUNCT"/></mor></t>

    <a type="actions">&lt;aft&gt; picks up man , taps on top of door and puts down in front of Vicki</a>
  </u>
  <u who="CHI" uID="u18">
    <w type="filler">um</w>
    <t type="p"></t>

    <a type="gesture">shakes head</a>
    <a type="actions">&lt;bef&gt; takes man , pushes in dollhouse and closes door</a>
    <a type="paralinguistics">&lt;bef&gt; soft struggle noise</a>
  </u>
  <u who="MOT" uID="u19">
    <e><action/></e>
    <t type="p"></t>

    <a type="actions">walks chicken toward Vicki , then on her leg . puts chicken down</a>
  </u>
  <u who="CHI" uID="u20">
    <e><action/><ga type="paralinguistics">soft laugh</ga></e>
    <t type="p"></t>

    <a type="actions">takes chicken and taps it on her leg</a>
  </u>
  <u who="MOT" uID="u21">
    <e><action/></e>
    <t type="p"></t>

    <a type="actions">picks up another chicken and walks it . puts it on car . reaches for car but stops and puts hand back</a>
  </u>
  <u who="CHI" uID="u22">
    <e><action/></e>
    <t type="p"></t>

    <a type="actions">attempts to put her chicken by Mother's . attempts to press her chicken on car . puts chicken down</a>
  </u>
  <u who="MOT" uID="u23">
    <e><action/></e>
    <t type="p"></t>

    <a type="actions">pushes car away</a>
  </u>
  <u who="CHI" uID="u24">
    <w untranscribed="unintelligible-with-pho">yyy</w>
    <t type="p"></t>

    <a type="actions">picks up man and tosses in dollhouse . repeats</a>
    <a type="extension" flavor="pho">cu+u_u w6</a>
  </u>
  <u who="MOT" uID="u25">
    <e><action/></e>
    <t type="p"></t>

    <a type="actions">opens dollhouse door , picks up man that had been tossed and puts in through door</a>
  </u>
  <u who="CHI" uID="u26">
    <e><action/></e>
    <t type="p"></t>

    <a type="actions">takes man out of car and throws in dollhouse . man in the doorway falls</a>
  </u>
  <u who="MOT" uID="u27">
    <e><action/></e>
    <t type="p"></t>

    <a type="actions">begins to pick up fallen man but stops</a>
  </u>
  <u who="CHI" uID="u28">
    <e><action/></e>
    <t type="p"></t>

    <a type="actions">picks up man and puts in dollhouse . attempts to shut doors</a>
  </u>
  <u who="MOT" uID="u29">
    <e><action/></e>
    <t type="p"></t>

    <a type="actions">arranges man on furniture in dollhouse , putting hand through window . removes obstacle from door and shuts door</a>
  </u>
  <u who="CHI" uID="u30">
    <e><action/></e>
    <t type="p"></t>

    <a type="actions">picks up man in car and throws in dollhouse</a>
  </u>
  <u who="MOT" uID="u31">
    <e><action/></e>
    <t type="p"></t>

    <a type="actions">opens both doors and pauses . picks up man and puts out through door . walks man toward Vicki and puts down by her</a>
  </u>
  <u who="CHI" uID="u32">
    <e><action/></e>
    <t type="p"></t>

    <a type="actions">picks up man</a>
    <a type="gesture">smiles</a>
  </u>
  <u who="MOT" uID="u33">
    <e><action/></e>
    <t type="p"></t>

    <a type="actions">picks up another man and repeats</a>
  </u>
  <u who="CHI" uID="u34">
    <e><action/></e>
    <t type="p"></t>

    <a type="actions">picks up another man and repeats takes man</a>
    <a type="gesture">smiles</a>
  </u>
  <u who="CHI" uID="u35">
    <e><action/></e>
    <t type="p"></t>

    <a type="actions">manipulates men</a>
  </u>
  <u who="MOT" uID="u36">
    <e><action/></e>
    <t type="p"></t>

    <a type="actions">picks up man by Vicki's foot , walks him toward her and puts him down</a>
  </u>
  <u who="CHI" uID="u37">
    <e><action/></e>
    <t type="p"></t>

    <a type="actions">knocks new man away</a>
  </u>
  <u who="MOT" uID="u38">
    <w>where's<mor type="mor"><mw><pos><c>pro</c><s>int</s></pos><stem>where</stem></mw><gra type="gra" index="1" head="2" relation="SUBJ"/><mor-post><mw><pos><c>cop</c></pos><stem>be</stem><mk type="sfxf">3S</mk></mw><gra type="gra" index="2" head="0" relation="ROOT"/></mor-post></mor></w>
    <w>the<mor type="mor"><mw><pos><c>det</c><s>art</s></pos><stem>the</stem></mw><gra type="gra" index="3" head="4" relation="DET"/></mor></w>
    <w>doggy<mor type="mor"><mw><pos><c>adj</c></pos><stem>dog</stem><mk type="sfxf">dn</mk><mk type="sfx">Y</mk></mw><gra type="gra" index="4" head="2" relation="PRED"/></mor></w>
    <t type="q"><mor type="mor"><mt type="q"/><gra type="gra" index="5" head="2" relation="PUNCT"/></mor></t>

    <a type="gesture">nods head toward Vicki</a>
    <a type="actions">picks up nesting cups and puts them next to Vicki</a>
  </u>
  <u who="MOT" uID="u39">
    <w>hm<p type="drawl"/><mor type="mor"><mw><pos><c>co</c></pos><stem>hm</stem></mw><gra type="gra" index="1" head="0" relation="INCROOT"/></mor></w>
    <t type="q"><mor type="mor"><mt type="q"/><gra type="gra" index="2" head="1" relation="PUNCT"/></mor></t>

  </u>
  <u who="CHI" uID="u40">
    <w type="filler">um</w>
    <t type="e"></t>

    <a type="actions">&lt;aft&gt; takes off nesting cup and puts down on floor . holds up nesting cup , examines and puts down on floor &lt;dur&gt; picks up nesting cups and attempts to unnest . &lt;bef&gt; holds nesting cups and attempts to unstack by pressing .</a>
  </u>
  <u who="MOT" uID="u41">
    <e><action/></e>
    <t type="p"></t>

    <a type="actions">opens dollhouse doors , rotates dollhouse around and shuts far doors . rotates more toward Vicki and opens rear doors more . pulls out man in chair and puts down by Vicki . pulls out another man , walks him briefly and puts down by Vicki</a>
  </u>
  <u who="CHI" uID="u42">
    <e><action/></e>
    <t type="p"></t>

    <a type="actions">picks up nesting cups , restacks a few and holds</a>
  </u>
  <u who="MOT" uID="u43">
    <w formType="onomatopoeia">wooo<mor type="mor"><mw><pos><c>on</c></pos><stem>wooo</stem></mw><gra type="gra" index="1" head="0" relation="INCROOT"/></mor></w>
    <t type="p"><mor type="mor"><mt type="p"/><gra type="gra" index="2" head="1" relation="PUNCT"/></mor></t>

    <a type="actions">&lt;aft&gt; puts man in car . repeats</a>
    <a type="paralinguistics">spoken softly</a>
    <a type="explanation">car sound ?</a>
  </u>
  <u who="CHI" uID="u44">
    <w>car<mor type="mor"><mw><pos><c>n</c></pos><stem>car</stem></mw><gra type="gra" index="1" head="0" relation="INCROOT"/></mor></w>
    <t type="e"><mor type="mor"><mt type="e"/><gra type="gra" index="2" head="1" relation="PUNCT"/></mor></t>

    <a type="actions">&lt;1w&gt; examines . &lt;1w&gt; takes out man . &lt;bef&gt; unstacks and restacks a few nesting cups .</a>
    <a type="paralinguistics">&lt;1w&gt; laughs</a>
    <a type="extension" flavor="pho">&lt;1w&gt; kA</a>
  </u>
  <u who="CHI" uID="u45">
    <w type="filler">uh</w>
    <w type="filler">uh</w>
    <t type="e"></t>

    <a type="actions">&lt;1w&gt; bites hat</a>
  </u>
  <u who="MOT" uID="u46">
    <g><w>anyhow<mor type="mor"><mw><pos><c>adv</c></pos><stem>anyhow</stem></mw><gra type="gra" index="1" head="4" relation="JCT"/></mor></w><k type="best guess"/></g>
    <w>you<mor type="mor"><mw><pos><c>pro</c><s>per</s></pos><stem>you</stem></mw><gra type="gra" index="2" head="4" relation="SUBJ"/></mor></w>
    <w>just<mor type="mor"><mw><pos><c>adv</c></pos><stem>just</stem></mw><gra type="gra" index="3" head="4" relation="JCT"/></mor></w>
    <w>like<mor type="mor"><mw><pos><c>v</c></pos><stem>like</stem></mw><gra type="gra" index="4" head="0" relation="ROOT"/></mor></w>
    <w>to<mor type="mor"><mw><pos><c>inf</c></pos><stem>to</stem></mw><gra type="gra" index="5" head="6" relation="INF"/></mor></w>
    <w>chew<mor type="mor"><mw><pos><c>v</c></pos><stem>chew</stem></mw><gra type="gra" index="6" head="4" relation="COMP"/></mor></w>
    <t type="p"><mor type="mor"><mt type="p"/><gra type="gra" index="7" head="4" relation="PUNCT"/></mor></t>

    <a type="actions">&lt;aft&gt; picks up ladder , examines briefly and attempts to put inside dollhouse</a>
    <a type="gesture">shakes head toward Vicki</a>
  </u>
  <u who="CHI" uID="u47">
    <e><happening>laughs</happening></e>
    <t type="p"></t>

    <a type="actions">&lt;aft&gt; puts man down</a>
  </u>
  <u who="MOT" uID="u48">
    <e><action/></e>
    <t type="p"></t>

    <a type="actions">puts ladder inside house . picks up man and climbs him up ladder . puts man in dollhouse</a>
  </u>
  <u who="CHI" uID="u49">
    <e><action/></e>
    <t type="p"></t>

    <a type="actions">unnests one cup , holds , nests , unnests and puts on floor</a>
  </u>
  <u who="MOT" uID="u50">
    <e><action/></e>
    <t type="p"></t>

    <a type="actions">touches nesting cup on floor</a>
  </u>
  <u who="CHI" uID="u51">
    <w>ah<mor type="mor"><mw><pos><c>co</c></pos><stem>ah</stem></mw><gra type="gra" index="1" head="0" relation="INCROOT"/></mor></w>
    <t type="e"><mor type="mor"><mt type="e"/><gra type="gra" index="2" head="1" relation="PUNCT"/></mor></t>

    <a type="actions">pulls nesting cups away from Mother . manipulates cups</a>
  </u>
  <u who="MOT" uID="u52">
    <e><action/></e>
    <t type="p"></t>

    <a type="actions">picks up nesting cup by dollhouse and puts down by Vicki . puts man in nesting cup . discards car</a>
  </u>
  <u who="CHI" uID="u53">
    <w type="filler">um</w>
    <t type="p"></t>

    <a type="actions">&lt;aft&gt; tosses in dollhouse</a>
    <a type="gesture">shakes head</a>
  </u>
  <u who="MOT" uID="u54">
    <e><action/></e>
    <t type="p"></t>

    <a type="actions">pushes objects through door into dollhouse</a>
  </u>
  <u who="CHI" uID="u55">
    <e><action/></e>
    <t type="p"></t>

    <a type="actions">pushes objects through door into dollhouse . pulls car out again , examines and puts down</a>
  </u>
  <u who="MOT" uID="u56">
    <e><action/></e>
    <t type="p"></t>

    <a type="actions">puts men through door into dollhouse , walking some in</a>
  </u>
  <u who="CHI" uID="u57">
    <e><action/></e>
    <t type="p"></t>

    <a type="actions">unnests nesting cups , holds and renests</a>
  </u>
  <u who="MOT" uID="u58">
    <e><action/></e>
    <t type="p"></t>

    <a type="actions">reaches for nesting cups behind Vicki</a>
  </u>
  <u who="CHI" uID="u59">
    <e><action/></e>
    <t type="p"></t>

    <a type="actions">picks up nesting cups , holds and attempts to put in stack</a>
    <a type="gesture">hand follows Mother's</a>
  </u>
  <u who="MOT" uID="u60">
    <w><shortening>wh</shortening>oop<mor type="mor"><mw><pos><c>co</c></pos><stem>whoop</stem></mw><gra type="gra" index="1" head="5" relation="COM"/></mor></w>
    <pause symbolic-length="simple"/>
    <w type="omission">they<mor type="mor"><mw><pos><c>0pro</c><s>sub</s></pos><stem>they</stem></mw><gra type="gra" index="2" head="5" relation="SUBJ"/></mor></w>
    <w>don't<mor type="mor"><mw><pos><c>mod</c></pos><stem>do</stem></mw><gra type="gra" index="3" head="5" relation="AUX"/><mor-post><mw><pos><c>neg</c></pos><stem>not</stem></mw><gra type="gra" index="4" head="3" relation="NEG"/></mor-post></mor></w>
    <w>fit<mor type="mor"><mw><pos><c>v</c></pos><stem>fit</stem><mk type="sfxf">ZERO</mk></mw><gra type="gra" index="5" head="0" relation="ROOT"/></mor></w>
    <t type="e"><mor type="mor"><mt type="e"/><gra type="gra" index="6" head="5" relation="PUNCT"/></mor></t>

    <a type="actions">&lt;dur&gt; takes out small nesting cup and puts on floor &lt;bef&gt; puts small nesting cup in stack .</a>
  </u>
  <u who="CHI" uID="u61">
    <e><action/></e>
    <t type="p"></t>

    <a type="explanation">does so expectantly</a>
    <a type="actions">puts nesting cups in stack</a>
  </u>
  <u who="MOT" uID="u62">
    <e><action/></e>
    <t type="p"></t>

    <a type="actions">picks up small nesting cup and puts in stack , while righting it</a>
  </u>
  <u who="CHI" uID="u63">
    <e><action/><ga type="paralinguistics">sighs mumbles softly</ga></e>
    <t type="p"></t>

    <a type="actions">&lt;dur&gt; holds &lt;bef&gt; reaches toward nesting cups and fumbles stack .</a>
    <a type="gesture">shakes head</a>
  </u>
  <u who="CHI" uID="u64">
    <w type="filler">uh</w>
    <t type="p"></t>

    <a type="actions">&lt;aft&gt; pushes ball out with finger &lt;dur&gt; lets ball stick . &lt;bef&gt; reaches in shape box and attempts to put ball through hole in lid .</a>
  </u>
  <u who="MOT" uID="u65">
    <e><action/></e>
    <t type="p"></t>

    <a type="actions">discards objects . pulls shape box toward self . begins to shut lid but takes hand away</a>
  </u>
  <u who="CHI" uID="u66">
    <w type="filler">uh</w>
    <t type="e"></t>

    <a type="actions">&lt;aft&gt; puts down nesting cups &lt;dur&gt; takes hand out . &lt;bef&gt; has hand on lid of shape box . reaches in .</a>
  </u>
  <u who="MOT" uID="u67">
    <e><action/></e>
    <t type="p"></t>

    <a type="actions">reaches in shape box , takes out object and examines briefly . shuts lid and drops in object</a>
  </u>
  <u who="CHI" uID="u68">
    <e><action/><ga type="paralinguistics">slight laugh</ga></e>
    <t type="p"></t>

    <a type="actions">&lt;aft&gt; attempts to put object in open lid . shuts lid . puts object on lid</a>
  </u>
  <u who="MOT" uID="u69">
    <e><action/></e>
    <t type="p"></t>

    <a type="gesture">points to correct hole</a>
  </u>
  <u who="CHI" uID="u70">
    <e><action/></e>
    <t type="p"></t>

    <a type="actions">attempts to put in correct hole briefly . holds object up . examines side of shape box briefly . touches top , pushes shape box back a bit . attempts another hole and then another</a>
  </u>
  <u who="MOT" uID="u71">
    <w>here<mor type="mor"><mw><pos><c>adv</c></pos><stem>here</stem></mw><gra type="gra" index="1" head="2" relation="JCT"/></mor></w>
    <pause symbolic-length="simple"/>
    <w>try<mor type="mor"><mw><pos><c>v</c></pos><stem>try</stem></mw><gra type="gra" index="2" head="0" relation="ROOT"/></mor></w>
    <w>it<mor type="mor"><mw><pos><c>pro</c><s>per</s></pos><stem>it</stem></mw><gra type="gra" index="3" head="2" relation="OBJ"/></mor></w>
    <w>this<mor type="mor"><mw><pos><c>pro</c><s>dem</s></pos><stem>this</stem></mw><gra type="gra" index="4" head="2" relation="OBJ"/></mor></w>
    <w>way<mor type="mor"><mw><pos><c>adv</c></pos><stem>way</stem></mw><gra type="gra" index="5" head="4" relation="JCT"/></mor></w>
    <t type="p"><mor type="mor"><mt type="p"/><gra type="gra" index="6" head="2" relation="PUNCT"/></mor></t>

    <a type="actions">takes Vicki's hand and pulls it to the right hole , making her drop it in</a>
  </u>
  <u who="CHI" uID="u72">
    <e><happening>laughs</happening></e>
    <t type="p"></t>

    <a type="actions">&lt;aft&gt; opens lid , takes out object , shuts lid and attempts to put in correct hole . pauses . tries again . pauses . begins another hole . pauses</a>
  </u>
  <u who="MOT" uID="u73">
    <w>turn<mor type="mor"><mw><pos><c>n</c></pos><stem>turn</stem></mw><gra type="gra" index="1" head="0" relation="INCROOT"/></mor></w>
    <w>around<mor type="mor"><mw><pos><c>adv</c></pos><stem>around</stem></mw><gra type="gra" index="2" head="1" relation="JCT"/></mor></w>
    <t type="p"><mor type="mor"><mt type="p"/><gra type="gra" index="3" head="1" relation="PUNCT"/></mor></t>

    <a type="actions">&lt;aft&gt; helps Vicki</a>
    <a type="gesture">points to correct hole</a>
  </u>
  <u who="CHI" uID="u74">
    <w type="filler">uh</w>
    <t type="p"></t>

    <a type="actions">attempts correct hole and succeeds</a>
  </u>
</CHAT>