<?xml version="1.0" encoding="UTF-8"?>

<CHAT xmlns:xsi="http://www.w3.org/2001/XMLSchema-instance"
      xmlns="http://www.talkbank.org/ns/talkbank"
      xsi:schemaLocation="http://www.talkbank.org/ns/talkbank https://talkbank.org/software/talkbank.xsd"
            DesignType="cross"
            ActivityType="toyplay"
            GroupType="TD"
      PID="11312/c-00015278-1"
      Version="2.16.0"
      Lang="eng"
      Corpus="Bates"
      >
  <Participants>
    <participant
      id="CHI"
    name="Chuck"
      role="Target_Child"
      language="eng"
      age="P2Y04M"
      sex="male"
      group="TD"
      SES="MC"

    />
    <participant
      id="MOT"
      role="Mother"
      language="eng"
      sex="female"

    />
  </Participants>
  <comment type="Types">cross, toyplay, TD</comment>
  <u who="MOT" uID="u0">
    <w>so<mor type="mor"><mw><pos><c>adv</c></pos><stem>so</stem></mw><gra type="gra" index="1" head="5" relation="JCT"/></mor></w>
    <w>what<mor type="mor"><mw><pos><c>pro</c><s>int</s></pos><stem>what</stem></mw><gra type="gra" index="2" head="5" relation="SUBJ"/></mor></w>
    <w>do<mor type="mor"><mw><pos><c>mod</c></pos><stem>do</stem></mw><gra type="gra" index="3" head="5" relation="AUX"/></mor></w>
    <w>ya<mor type="mor"><mw><pos><c>pro</c><s>per</s></pos><stem>you</stem></mw><gra type="gra" index="4" head="5" relation="SUBJ"/></mor></w>
    <w>think<mor type="mor"><mw><pos><c>v</c></pos><stem>think</stem></mw><gra type="gra" index="5" head="0" relation="ROOT"/></mor></w>
    <t type="q"><mor type="mor"><mt type="q"/><gra type="gra" index="6" head="5" relation="PUNCT"/></mor></t>

    <a type="gesture">looks at Chuck</a>
    <a type="actions">sitting</a>
  </u>
  <u who="MOT" uID="u1">
    <w>is<mor type="mor"><mw><pos><c>cop</c></pos><stem>be</stem><mk type="sfxf">3S</mk></mw><gra type="gra" index="1" head="0" relation="ROOT"/></mor></w>
    <w>that<mor type="mor"><mw><pos><c>pro</c><s>dem</s></pos><stem>that</stem></mw><gra type="gra" index="2" head="1" relation="PRED"/></mor></w>
    <w>pretty<mor type="mor"><mw><pos><c>adv</c></pos><stem>pretty</stem></mw><gra type="gra" index="3" head="4" relation="JCT"/></mor></w>
    <w>good<mor type="mor"><mw><pos><c>adj</c></pos><stem>good</stem></mw><gra type="gra" index="4" head="2" relation="OM"/></mor></w>
    <t type="q"><mor type="mor"><mt type="q"/><gra type="gra" index="5" head="1" relation="PUNCT"/></mor></t>

  </u>
  <u who="CHI" uID="u2">
    <w>yeah<mor type="mor"><mw><pos><c>co</c></pos><stem>yeah</stem></mw><gra type="gra" index="1" head="0" relation="INCROOT"/></mor></w>
    <t type="p"><mor type="mor"><mt type="p"/><gra type="gra" index="2" head="1" relation="PUNCT"/></mor></t>

    <a type="gesture">glances at Mother</a>
    <a type="actions">&lt;bef&gt; sitting , eating orange</a>
  </u>
  <u who="MOT" uID="u3">
    <w>yeah<mor type="mor"><mw><pos><c>co</c></pos><stem>yeah</stem></mw><gra type="gra" index="1" head="0" relation="INCROOT"/></mor></w>
    <t type="q"><mor type="mor"><mt type="q"/><gra type="gra" index="2" head="1" relation="PUNCT"/></mor></t>

    <a type="actions">moves coffee cup</a>
  </u>
  <u who="MOT" uID="u4">
    <w>okay<mor type="mor"><mw><pos><c>co</c></pos><stem>okay</stem></mw><gra type="gra" index="1" head="0" relation="INCROOT"/></mor></w>
    <t type="p"><mor type="mor"><mt type="p"/><gra type="gra" index="2" head="1" relation="PUNCT"/></mor></t>

  </u>
  <u who="MOT" uID="u5">
    <w>that<mor type="mor"><mw><pos><c>comp</c></pos><stem>that</stem></mw><gra type="gra" index="1" head="2" relation="LINK"/></mor></w>
    <w>hit<mor type="mor"><mw><pos><c>v</c></pos><stem>hit</stem><mk type="sfxf">ZERO</mk></mw><gra type="gra" index="2" head="0" relation="ROOT"/></mor></w>
    <w>the<mor type="mor"><mw><pos><c>det</c><s>art</s></pos><stem>the</stem></mw><gra type="gra" index="3" head="4" relation="DET"/></mor></w>
    <w>spot<mor type="mor"><mw><pos><c>n</c></pos><stem>spot</stem></mw><gra type="gra" index="4" head="2" relation="OBJ"/></mor></w>
    <t type="q"><mor type="mor"><mt type="q"/><gra type="gra" index="5" head="2" relation="PUNCT"/></mor></t>

  </u>
  <u who="CHI" uID="u6">
    <w untranscribed="unintelligible">xxx</w>
    <pause symbolic-length="simple"/>
    <w>huh<mor type="mor"><mw><pos><c>co</c></pos><stem>huh</stem></mw><gra type="gra" index="1" head="0" relation="INCROOT"/></mor></w>
    <t type="p"><mor type="mor"><mt type="p"/><gra type="gra" index="2" head="1" relation="PUNCT"/></mor></t>

  </u>
  <u who="MOT" uID="u7">
    <w>hm<p type="drawl"/><mor type="mor"><mw><pos><c>co</c></pos><stem>hm</stem></mw><gra type="gra" index="1" head="0" relation="INCROOT"/></mor></w>
    <t type="q"><mor type="mor"><mt type="q"/><gra type="gra" index="2" head="1" relation="PUNCT"/></mor></t>

  </u>
  <u who="CHI" uID="u8">
    <w>seed<mor type="mor"><mw><pos><c>n</c></pos><stem>seed</stem></mw><gra type="gra" index="1" head="2" relation="MOD"/></mor></w>
    <pause symbolic-length="simple"/>
    <w>Mum<mor type="mor"><mw><pos><c>n</c><s>prop</s></pos><stem>Mum</stem></mw><gra type="gra" index="2" head="0" relation="ROOT"/></mor></w>
    <t type="q"><mor type="mor"><mt type="q"/><gra type="gra" index="3" head="2" relation="PUNCT"/></mor></t>

    <a type="gesture">&lt;aft&gt; looks at Mother</a>
    <a type="extension" flavor="pho">o zi m6m</a>
  </u>
  <u who="MOT" uID="u9">
    <w>right<mor type="mor"><mw><pos><c>adv</c></pos><stem>right</stem></mw><gra type="gra" index="1" head="2" relation="JCT"/></mor></w>
    <w>there<mor type="mor"><mw><pos><c>n</c></pos><stem>there</stem></mw><gra type="gra" index="2" head="0" relation="INCROOT"/></mor></w>
    <t type="q"><mor type="mor"><mt type="q"/><gra type="gra" index="3" head="2" relation="PUNCT"/></mor></t>

  </u>
  <u who="MOT" uID="u10">
    <w>a<mor type="mor"><mw><pos><c>det</c><s>art</s></pos><stem>a</stem></mw><gra type="gra" index="1" head="2" relation="DET"/></mor></w>
    <w>seed<mor type="mor"><mw><pos><c>n</c></pos><stem>seed</stem></mw><gra type="gra" index="2" head="4" relation="SUBJ"/></mor></w>
    <w>right<mor type="mor"><mw><pos><c>adv</c></pos><stem>right</stem></mw><gra type="gra" index="3" head="4" relation="JCT"/></mor></w>
    <w>there<mor type="mor"><mw><pos><c>n</c></pos><stem>there</stem></mw><gra type="gra" index="4" head="0" relation="INCROOT"/></mor></w>
    <t type="q"><mor type="mor"><mt type="q"/><gra type="gra" index="5" head="4" relation="PUNCT"/></mor></t>

  </u>
  <u who="CHI" uID="u11">
    <w>yeah<mor type="mor"><mw><pos><c>co</c></pos><stem>yeah</stem></mw><gra type="gra" index="1" head="0" relation="INCROOT"/></mor></w>
    <t type="p"><mor type="mor"><mt type="p"/><gra type="gra" index="2" head="1" relation="PUNCT"/></mor></t>

  </u>
  <u who="MOT" uID="u12">
    <w>yeah<mor type="mor"><mw><pos><c>co</c></pos><stem>yeah</stem></mw><gra type="gra" index="1" head="3" relation="COM"/></mor></w>
    <pause symbolic-length="simple"/>
    <w>I<mor type="mor"><mw><pos><c>pro</c><s>sub</s></pos><stem>I</stem></mw><gra type="gra" index="2" head="3" relation="SUBJ"/></mor></w>
    <w>think<mor type="mor"><mw><pos><c>v</c></pos><stem>think</stem></mw><gra type="gra" index="3" head="0" relation="ROOT"/></mor></w>
    <w>there's<mor type="mor"><mw><pos><c>pro</c><s>exist</s></pos><stem>there</stem></mw><gra type="gra" index="4" head="5" relation="SUBJ"/><mor-post><mw><pos><c>cop</c></pos><stem>be</stem><mk type="sfxf">3S</mk></mw><gra type="gra" index="5" head="3" relation="COMP"/></mor-post></mor></w>
    <w>probably<mor type="mor"><mw><pos><c>adv</c></pos><stem>probable</stem><mk type="sfxf">dadj</mk><mk type="sfx">LY</mk></mw><gra type="gra" index="6" head="7" relation="JCT"/></mor></w>
    <w>seeds<mor type="mor"><mw><pos><c>n</c></pos><stem>seed</stem><mk type="sfx">PL</mk></mw><gra type="gra" index="7" head="5" relation="PRED"/></mor></w>
    <w>in<mor type="mor"><mw><pos><c>prep</c></pos><stem>in</stem></mw><gra type="gra" index="8" head="7" relation="NJCT"/></mor></w>
    <w>each<mor type="mor"><mw><pos><c>qn</c></pos><stem>each</stem></mw><gra type="gra" index="9" head="8" relation="POBJ"/></mor></w>
    <w>of<mor type="mor"><mw><pos><c>prep</c></pos><stem>of</stem></mw><gra type="gra" index="10" head="9" relation="NJCT"/></mor></w>
    <w>them<mor type="mor"><mw><pos><c>pro</c><s>obj</s></pos><stem>them</stem></mw><gra type="gra" index="11" head="10" relation="POBJ"/></mor></w>
    <t type="p"><mor type="mor"><mt type="p"/><gra type="gra" index="12" head="3" relation="PUNCT"/></mor></t>

    <a type="gesture">leans closer to Chuck . looks at oranges</a>
  </u>
  <u who="CHI" uID="u13">
    <w>no<mor type="mor"><mw><pos><c>co</c></pos><stem>no</stem></mw><gra type="gra" index="1" head="0" relation="INCROOT"/></mor></w>
    <t type="p"><mor type="mor"><mt type="p"/><gra type="gra" index="2" head="1" relation="PUNCT"/></mor></t>

    <a type="gesture">&lt;bef&gt; looks at room . &lt;dur&gt; looks at orange</a>
  </u>
  <u who="MOT" uID="u14">
    <w>I<mor type="mor"><mw><pos><c>pro</c><s>sub</s></pos><stem>I</stem></mw><gra type="gra" index="1" head="2" relation="SUBJ"/></mor></w>
    <w>think<mor type="mor"><mw><pos><c>v</c></pos><stem>think</stem></mw><gra type="gra" index="2" head="0" relation="ROOT"/></mor></w>
    <w>those<mor type="mor"><mw><pos><c>det</c><s>dem</s></pos><stem>those</stem></mw><gra type="gra" index="3" head="6" relation="SUBJ"/></mor></w>
    <w>are<mor type="mor"><mw><pos><c>aux</c></pos><stem>be</stem><mk type="sfxf">PRES</mk></mw><gra type="gra" index="4" head="6" relation="AUX"/></mor></w>
    <w>juice<mor type="mor"><mw><pos><c>n</c></pos><stem>juice</stem></mw><gra type="gra" index="5" head="6" relation="MOD"/></mor></w>
    <w>oranges<mor type="mor"><mw><pos><c>n</c></pos><stem>orange</stem><mk type="sfx">PL</mk></mw><gra type="gra" index="6" head="2" relation="OBJ"/></mor></w>
    <pause symbolic-length="simple"/>
    <w>Chuck<mor type="mor"><mw><pos><c>n</c><s>prop</s></pos><stem>Chuck</stem></mw><gra type="gra" index="7" head="6" relation="APP"/></mor></w>
    <t type="p"><mor type="mor"><mt type="p"/><gra type="gra" index="8" head="2" relation="PUNCT"/></mor></t>

    <a type="actions">&lt;aft&gt; drinks</a>
  </u>
  <u who="CHI" uID="u15">
    <e><action/></e>
    <t type="p"></t>

    <a type="actions">eats</a>
    <a type="gesture">looks at orange closely</a>
  </u>
  <u who="MOT" uID="u16">
    <w>should<mor type="mor"><mw><pos><c>mod</c></pos><stem>should</stem></mw><gra type="gra" index="1" head="3" relation="AUX"/></mor></w>
    <w>I<mor type="mor"><mw><pos><c>pro</c><s>sub</s></pos><stem>I</stem></mw><gra type="gra" index="2" head="3" relation="SUBJ"/></mor></w>
    <w>help<mor type="mor"><mw><pos><c>v</c></pos><stem>help</stem></mw><gra type="gra" index="3" head="0" relation="ROOT"/></mor></w>
    <w>you<mor type="mor"><mw><pos><c>pro</c><s>per</s></pos><stem>you</stem></mw><gra type="gra" index="4" head="3" relation="OBJ"/></mor></w>
    <t type="q"><mor type="mor"><mt type="q"/><gra type="gra" index="5" head="3" relation="PUNCT"/></mor></t>

    <a type="gesture">looks at Chuck</a>
    <a type="actions">&lt;bef&gt; leans close . picks up orange piece . &lt;aft&gt; leans back</a>
  </u>
  <u who="CHI" uID="u17">
    <e><action/><ga type="paralinguistics">grunts</ga></e>
    <t type="p"></t>

    <a type="actions">&lt;bef&gt; kind of jumps . &lt;aft&gt; eats . takes orange</a>
    <a type="gesture">looks at orange .</a>
  </u>
  <u who="MOT" uID="u18">
    <w>that's<mor type="mor"><mw><pos><c>pro</c><s>dem</s></pos><stem>that</stem></mw><gra type="gra" index="1" head="2" relation="SUBJ"/><mor-post><mw><pos><c>cop</c></pos><stem>be</stem><mk type="sfxf">3S</mk></mw><gra type="gra" index="2" head="0" relation="ROOT"/></mor-post></mor></w>
    <w>kinda<mor type="mor"><mw><pos><c>adv</c></pos><stem>kinda</stem></mw><gra type="gra" index="3" head="4" relation="JCT"/></mor></w>
    <w>hard<mor type="mor"><mw><pos><c>adj</c></pos><stem>hard</stem></mw><gra type="gra" index="4" head="2" relation="PRED"/></mor></w>
    <w>to<mor type="mor"><mw><pos><c>inf</c></pos><stem>to</stem></mw><gra type="gra" index="5" head="6" relation="INF"/></mor></w>
    <w>chew<mor type="mor"><mw><pos><c>v</c></pos><stem>chew</stem></mw><gra type="gra" index="6" head="4" relation="XMOD"/></mor></w>
    <pause symbolic-length="simple"/>
    <w>isn't<mor type="mor"><mw><pos><c>cop</c></pos><stem>be</stem><mk type="sfxf">3S</mk></mw><gra type="gra" index="7" head="6" relation="COMP"/><mor-post><mw><pos><c>neg</c></pos><stem>not</stem></mw><gra type="gra" index="8" head="7" relation="NEG"/></mor-post></mor></w>
    <w>it<mor type="mor"><mw><pos><c>pro</c><s>per</s></pos><stem>it</stem></mw><gra type="gra" index="9" head="7" relation="SUBJ"/></mor></w>
    <t type="q"><mor type="mor"><mt type="q"/><gra type="gra" index="10" head="2" relation="PUNCT"/></mor></t>

    <a type="paralinguistics">spoken softly</a>
  </u>
  <u who="CHI" uID="u19">
    <e><action/></e>
    <t type="p"></t>

    <a type="actions">pulls orange skins from mouth . throws skins</a>
  </u>
  <u who="MOT" uID="u20">
    <w>okay<mor type="mor"><mw><pos><c>co</c></pos><stem>okay</stem></mw><gra type="gra" index="1" head="4" relation="COM"/></mor></w>
    <pause symbolic-length="simple"/>
    <w>I'm<mor type="mor"><mw><pos><c>pro</c><s>sub</s></pos><stem>I</stem></mw><gra type="gra" index="2" head="4" relation="SUBJ"/><mor-post><mw><pos><c>aux</c></pos><stem>be</stem><mk type="sfxf">1S</mk></mw><gra type="gra" index="3" head="4" relation="AUX"/></mor-post></mor></w>
    <w>gonna<mor type="mor"><mw><pos><c>part</c></pos><stem>go</stem><mk type="sfxf">PRESP</mk></mw><gra type="gra" index="4" head="0" relation="ROOT"/><mor-post><mw><pos><c>prep</c></pos><stem>to</stem></mw><gra type="gra" index="5" head="4" relation="JCT"/></mor-post></mor></w>
    <w>run<mor type="mor"><mw><pos><c>n</c></pos><stem>run</stem></mw><gra type="gra" index="6" head="7" relation="MOD"/></mor></w>
    <w>back<mor type="mor"><mw><pos><c>n</c></pos><stem>back</stem></mw><gra type="gra" index="7" head="5" relation="POBJ"/></mor></w>
    <w>and<mor type="mor"><mw><pos><c>coord</c></pos><stem>and</stem></mw><gra type="gra" index="8" head="4" relation="CONJ"/></mor></w>
    <w>get<mor type="mor"><mw><pos><c>v</c></pos><stem>get</stem></mw><gra type="gra" index="9" head="8" relation="COORD"/></mor></w>
    <w>some<mor type="mor"><mw><pos><c>qn</c></pos><stem>some</stem></mw><gra type="gra" index="10" head="11" relation="QUANT"/></mor></w>
    <w>medicine<mor type="mor"><mw><pos><c>n</c></pos><stem>medicine</stem></mw><gra type="gra" index="11" head="9" relation="OBJ"/></mor></w>
    <w>for<mor type="mor"><mw><pos><c>prep</c></pos><stem>for</stem></mw><gra type="gra" index="12" head="9" relation="JCT"/></mor></w>
    <w>you<mor type="mor"><mw><pos><c>pro</c><s>per</s></pos><stem>you</stem></mw><gra type="gra" index="13" head="14" relation="SUBJ"/></mor></w>
    <pause symbolic-length="simple"/>
    <w>okay<mor type="mor"><mw><pos><c>co</c></pos><stem>okay</stem></mw><gra type="gra" index="14" head="12" relation="POBJ"/></mor></w>
    <t type="q"><mor type="mor"><mt type="q"/><gra type="gra" index="15" head="4" relation="PUNCT"/></mor></t>

  </u>
  <u who="MOT" uID="u21">
    <w>I'll<mor type="mor"><mw><pos><c>pro</c><s>sub</s></pos><stem>I</stem></mw><gra type="gra" index="1" head="3" relation="SUBJ"/><mor-post><mw><pos><c>mod</c></pos><stem>will</stem></mw><gra type="gra" index="2" head="3" relation="AUX"/></mor-post></mor></w>
    <w>be<mor type="mor"><mw><pos><c>cop</c></pos><stem>be</stem></mw><gra type="gra" index="3" head="0" relation="ROOT"/></mor></w>
    <w>right<mor type="mor"><mw><pos><c>adj</c></pos><stem>right</stem></mw><gra type="gra" index="4" head="5" relation="MOD"/></mor></w>
    <w>back<mor type="mor"><mw><pos><c>n</c></pos><stem>back</stem></mw><gra type="gra" index="5" head="3" relation="PRED"/></mor></w>
    <t type="p"><mor type="mor"><mt type="p"/><gra type="gra" index="6" head="3" relation="PUNCT"/></mor></t>

    <a type="actions">&lt;aft&gt; goes to get cough medicine . returns with medicine and sets it on counter</a>
  </u>
  <u who="MOT" uID="u22">
    <w>having<mor type="mor"><mw><pos><c>part</c></pos><stem>have</stem><mk type="sfx">PRESP</mk></mw><gra type="gra" index="1" head="0" relation="ROOT"/></mor></w>
    <w>trouble<mor type="mor"><mw><pos><c>n</c></pos><stem>trouble</stem></mw><gra type="gra" index="2" head="1" relation="OBJ"/></mor></w>
    <w>with<mor type="mor"><mw><pos><c>prep</c></pos><stem>with</stem></mw><gra type="gra" index="3" head="1" relation="JCT"/></mor></w>
    <w>that<mor type="mor"><mw><pos><c>pro</c><s>dem</s></pos><stem>that</stem></mw><gra type="gra" index="4" head="3" relation="POBJ"/></mor></w>
    <t type="q"><mor type="mor"><mt type="q"/><gra type="gra" index="5" head="1" relation="PUNCT"/></mor></t>

  </u>
  <u who="CHI" uID="u23">
    <w>yeah<mor type="mor"><mw><pos><c>co</c></pos><stem>yeah</stem></mw><gra type="gra" index="1" head="0" relation="INCROOT"/></mor></w>
    <t type="p"><mor type="mor"><mt type="p"/><gra type="gra" index="2" head="1" relation="PUNCT"/></mor></t>

  </u>
  <u who="MOT" uID="u24">
    <w>ya<mor type="mor"><mw><pos><c>pro</c><s>per</s></pos><stem>you</stem></mw><gra type="gra" index="1" head="2" relation="SUBJ"/></mor></w>
    <w>are<mor type="mor"><mw><pos><c>cop</c></pos><stem>be</stem><mk type="sfxf">PRES</mk></mw><gra type="gra" index="2" head="0" relation="ROOT"/></mor></w>
    <t type="q"><mor type="mor"><mt type="q"/><gra type="gra" index="3" head="2" relation="PUNCT"/></mor></t>

    <a type="actions">&lt;aft&gt; sits down</a>
  </u>
  <u who="MOT" uID="u25">
    <w>oh<mor type="mor"><mw><pos><c>co</c></pos><stem>oh</stem></mw><gra type="gra" index="1" head="3" relation="COM"/></mor></w>
    <pause symbolic-length="simple"/>
    <w>ya<mor type="mor"><mw><pos><c>pro</c><s>per</s></pos><stem>you</stem></mw><gra type="gra" index="2" head="3" relation="SUBJ"/></mor></w>
    <w>got<mor type="mor"><mw><pos><c>v</c></pos><stem>get</stem><mk type="sfxf">PAST</mk></mw><gra type="gra" index="3" head="0" relation="ROOT"/></mor></w>
    <w>all<mor type="mor"><mw><pos><c>qn</c></pos><stem>all</stem></mw><gra type="gra" index="4" head="6" relation="QUANT"/></mor></w>
    <w>the<mor type="mor"><mw><pos><c>det</c><s>art</s></pos><stem>the</stem></mw><gra type="gra" index="5" head="6" relation="DET"/></mor></w>
    <w>seeds<mor type="mor"><mw><pos><c>n</c></pos><stem>seed</stem><mk type="sfx">PL</mk></mw><gra type="gra" index="6" head="3" relation="OBJ"/></mor></w>
    <w>all<mor type="mor"><mw><pos><c>adv</c></pos><stem>all</stem></mw><gra type="gra" index="7" head="8" relation="JCT"/></mor></w>
    <w>lined<mor type="mor"><mw><pos><c>part</c></pos><stem>line</stem><mk type="sfx">PASTP</mk></mw><gra type="gra" index="8" head="3" relation="XJCT"/></mor></w>
    <w>up<mor type="mor"><mw><pos><c>prep</c></pos><stem>up</stem></mw><gra type="gra" index="9" head="8" relation="JCT"/></mor></w>
    <w>there<mor type="mor"><mw><pos><c>n</c></pos><stem>there</stem></mw><gra type="gra" index="10" head="9" relation="POBJ"/></mor></w>
    <pause symbolic-length="simple"/>
    <w>hm<p type="drawl"/><mor type="mor"><mw><pos><c>co</c></pos><stem>hm</stem></mw><gra type="gra" index="11" head="8" relation="COM"/></mor></w>
    <t type="q"><mor type="mor"><mt type="q"/><gra type="gra" index="12" head="3" relation="PUNCT"/></mor></t>

    <a type="gesture">&lt;aft&gt; looks at Chuck</a>
  </u>
  <u who="CHI" uID="u26">
    <w>seed<mor type="mor"><mw><pos><c>n</c></pos><stem>seed</stem></mw><gra type="gra" index="1" head="0" relation="INCROOT"/></mor></w>
    <t type="q"><mor type="mor"><mt type="q"/><gra type="gra" index="2" head="1" relation="PUNCT"/></mor></t>

    <a type="gesture">looks at seed</a>
    <a type="actions">sets seed on counter</a>
    <a type="extension" flavor="pho">si</a>
  </u>
  <u who="MOT" uID="u27">
    <w>seed<mor type="mor"><mw><pos><c>n</c></pos><stem>seed</stem></mw><gra type="gra" index="1" head="0" relation="INCROOT"/></mor></w>
    <pause symbolic-length="simple"/>
    <w>yeah<mor type="mor"><mw><pos><c>co</c></pos><stem>yeah</stem></mw><gra type="gra" index="2" head="1" relation="COM"/></mor></w>
    <t type="p"><mor type="mor"><mt type="p"/><gra type="gra" index="3" head="1" relation="PUNCT"/></mor></t>

    <a type="paralinguistics">coughs</a>
    <a type="extension" flavor="pho">xxx si</a>
  </u>
  <u who="CHI" uID="u28">
    <w untranscribed="unintelligible">xxx</w>
    <w>seed<mor type="mor"><mw><pos><c>n</c></pos><stem>seed</stem></mw><gra type="gra" index="1" head="0" relation="INCROOT"/></mor></w>
    <t type="p"><mor type="mor"><mt type="p"/><gra type="gra" index="2" head="1" relation="PUNCT"/></mor></t>

  </u>
  <u who="CHI" uID="u29">
    <w>Mommy<mor type="mor"><mw><pos><c>n</c><s>prop</s></pos><stem>Mommy</stem></mw><gra type="gra" index="1" head="0" relation="INCROOT"/></mor></w>
    <t type="p"><mor type="mor"><mt type="p"/><gra type="gra" index="2" head="1" relation="PUNCT"/></mor></t>

    <a type="gesture">&lt;aft&gt; looks at seeds</a>
  </u>
  <u who="MOT" uID="u30">
    <w>what's<mor type="mor"><mw><pos><c>pro</c><s>int</s></pos><stem>what</stem></mw><gra type="gra" index="1" head="2" relation="SUBJ"/><mor-post><mw><pos><c>cop</c></pos><stem>be</stem><mk type="sfxf">3S</mk></mw><gra type="gra" index="2" head="0" relation="ROOT"/></mor-post></mor></w>
    <w>the<mor type="mor"><mw><pos><c>det</c><s>art</s></pos><stem>the</stem></mw><gra type="gra" index="3" head="5" relation="DET"/></mor></w>
    <w>matter<mor type="mor"><mw><pos><c>n</c></pos><stem>matter</stem></mw><gra type="gra" index="4" head="5" relation="MOD"/></mor></w>
    <pause symbolic-length="simple"/>
    <w>sweetie<mor type="mor"><mw><pos><c>n</c></pos><stem>sweet</stem><mk type="sfxf">dadj</mk><mk type="sfx">DIM</mk></mw><gra type="gra" index="5" head="2" relation="PRED"/></mor></w>
    <t type="q"><mor type="mor"><mt type="q"/><gra type="gra" index="6" head="2" relation="PUNCT"/></mor></t>

    <a type="actions">&lt;bef&gt; tenderly touches Chuck's back . wipes his mouth</a>
  </u>
  <u who="MOT" uID="u31">
    <w>okay<mor type="mor"><mw><pos><c>co</c></pos><stem>okay</stem></mw><gra type="gra" index="1" head="2" relation="COM"/></mor></w>
    <pause symbolic-length="simple"/>
    <w>tell<mor type="mor"><mw><pos><c>v</c></pos><stem>tell</stem></mw><gra type="gra" index="2" head="0" relation="ROOT"/></mor></w>
    <w>me<mor type="mor"><mw><pos><c>pro</c><s>obj</s></pos><stem>me</stem></mw><gra type="gra" index="3" head="2" relation="OBJ"/></mor></w>
    <w>about<mor type="mor"><mw><pos><c>prep</c></pos><stem>about</stem></mw><gra type="gra" index="4" head="2" relation="JCT"/></mor></w>
    <w>the<mor type="mor"><mw><pos><c>det</c><s>art</s></pos><stem>the</stem></mw><gra type="gra" index="5" head="6" relation="DET"/></mor></w>
    <w>seeds<mor type="mor"><mw><pos><c>n</c></pos><stem>seed</stem><mk type="sfx">PL</mk></mw><gra type="gra" index="6" head="4" relation="POBJ"/></mor></w>
    <w>again<mor type="mor"><mw><pos><c>adv</c><s>tem</s></pos><stem>again</stem></mw><gra type="gra" index="7" head="6" relation="JCT"/></mor></w>
    <t type="p"><mor type="mor"><mt type="p"/><gra type="gra" index="8" head="2" relation="PUNCT"/></mor></t>

  </u>
  <u who="MOT" uID="u32">
    <w>what<mor type="mor"><mw><pos><c>pro</c><s>int</s></pos><stem>what</stem></mw><gra type="gra" index="1" head="2" relation="LINK"/></mor></w>
    <w>were<mor type="mor"><mw><pos><c>cop</c></pos><stem>be</stem><mk type="sfxf">PAST</mk></mw><gra type="gra" index="2" head="0" relation="ROOT"/></mor></w>
    <w>ya<mor type="mor"><mw><pos><c>pro</c><s>per</s></pos><stem>you</stem></mw><gra type="gra" index="3" head="2" relation="PRED"/></mor></w>
    <w>gonna<mor type="mor"><mw><pos><c>part</c></pos><stem>go</stem><mk type="sfxf">PRESP</mk></mw><gra type="gra" index="4" head="3" relation="XMOD"/><mor-post><mw><pos><c>inf</c></pos><stem>to</stem></mw><gra type="gra" index="5" head="6" relation="INF"/></mor-post></mor></w>
    <w>say<mor type="mor"><mw><pos><c>co</c></pos><stem>say</stem></mw><gra type="gra" index="6" head="4" relation="COMP"/></mor></w>
    <t type="q"><mor type="mor"><mt type="q"/><gra type="gra" index="7" head="2" relation="PUNCT"/></mor></t>

  </u>
  <u who="CHI" uID="u33">
    <w>the<mor type="mor"><mw><pos><c>det</c><s>art</s></pos><stem>the</stem></mw><gra type="gra" index="1" head="2" relation="DET"/></mor></w>
    <w>seeds<mor type="mor"><mw><pos><c>n</c></pos><stem>seed</stem><mk type="sfx">PL</mk></mw><gra type="gra" index="2" head="0" relation="INCROOT"/></mor></w>
    <t type="p"><mor type="mor"><mt type="p"/><gra type="gra" index="3" head="2" relation="PUNCT"/></mor></t>

    <a type="actions">picks up orange</a>
    <a type="extension" flavor="pho">de sis</a>
  </u>
  <u who="MOT" uID="u34">
    <w>would<mor type="mor"><mw><pos><c>mod</c></pos><stem>will</stem><mk type="sfxf">COND</mk></mw><gra type="gra" index="1" head="3" relation="AUX"/></mor></w>
    <w>you<mor type="mor"><mw><pos><c>pro</c><s>per</s></pos><stem>you</stem></mw><gra type="gra" index="2" head="3" relation="SUBJ"/></mor></w>
    <w>like<mor type="mor"><mw><pos><c>v</c></pos><stem>like</stem></mw><gra type="gra" index="3" head="0" relation="ROOT"/></mor></w>
    <w>to<mor type="mor"><mw><pos><c>inf</c></pos><stem>to</stem></mw><gra type="gra" index="4" head="5" relation="INF"/></mor></w>
    <w>take<mor type="mor"><mw><pos><c>v</c></pos><stem>take</stem></mw><gra type="gra" index="5" head="3" relation="COMP"/></mor></w>
    <w>this<mor type="mor"><mw><pos><c>det</c><s>dem</s></pos><stem>this</stem></mw><gra type="gra" index="6" head="5" relation="OBJ"/></mor></w>
    <w>from<mor type="mor"><mw><pos><c>prep</c></pos><stem>from</stem></mw><gra type="gra" index="7" head="6" relation="JCT"/></mor></w>
    <w>your<mor type="mor"><mw><pos><c>det</c><s>poss</s></pos><stem>your</stem></mw><gra type="gra" index="8" head="9" relation="DET"/></mor></w>
    <w>mom<mor type="mor"><mw><pos><c>n</c></pos><stem>mom</stem></mw><gra type="gra" index="9" head="7" relation="POBJ"/></mor></w>
    <t type="q"><mor type="mor"><mt type="q"/><gra type="gra" index="10" head="3" relation="PUNCT"/></mor></t>

    <a type="gesture">holds up cough medicine</a>
  </u>
  <u who="MOT" uID="u35">
    <w>huh<mor type="mor"><mw><pos><c>co</c></pos><stem>huh</stem></mw><gra type="gra" index="1" head="0" relation="INCROOT"/></mor></w>
    <t type="q"><mor type="mor"><mt type="q"/><gra type="gra" index="2" head="1" relation="PUNCT"/></mor></t>

  </u>
  <u who="CHI" uID="u36">
    <w>wait<mor type="mor"><mw><pos><c>co</c></pos><stem>wait</stem></mw><gra type="gra" index="1" head="2" relation="COM"/></mor></w>
    <w type="filler">uh</w>
    <w type="filler">uh</w>
    <w>get<mor type="mor"><mw><pos><c>v</c></pos><stem>get</stem></mw><gra type="gra" index="2" head="0" relation="ROOT"/></mor></w>
    <g><w>seeds<mor type="mor"><mw><pos><c>n</c></pos><stem>seed</stem><mk type="sfx">PL</mk></mw><gra type="gra" index="3" head="2" relation="OBJ"/></mor></w><error/></g>
    <t type="p"><mor type="mor"><mt type="p"/><gra type="gra" index="4" head="2" relation="PUNCT"/></mor></t>

    <a type="actions">picks at orange</a>
    <a type="extension" flavor="pho">et 6 6 get 6 sis</a>
  </u>
  <u who="MOT" uID="u37">
    <w>wait<mor type="mor"><mw><pos><c>v</c></pos><stem>wait</stem></mw><gra type="gra" index="1" head="0" relation="ROOT"/></mor></w>
    <w><shortening>un</shortening>til<mor type="mor"><mw><pos><c>conj</c></pos><stem>until</stem></mw><gra type="gra" index="2" head="4" relation="LINK"/></mor></w>
    <w>you<mor type="mor"><mw><pos><c>pro</c><s>per</s></pos><stem>you</stem></mw><gra type="gra" index="3" head="4" relation="SUBJ"/></mor></w>
    <w>get<mor type="mor"><mw><pos><c>v</c></pos><stem>get</stem></mw><gra type="gra" index="4" head="1" relation="COMP"/></mor></w>
    <w>your<mor type="mor"><mw><pos><c>det</c><s>poss</s></pos><stem>your</stem></mw><gra type="gra" index="5" head="6" relation="DET"/></mor></w>
    <w>seeds<mor type="mor"><mw><pos><c>n</c></pos><stem>seed</stem><mk type="sfx">PL</mk></mw><gra type="gra" index="6" head="4" relation="OBJ"/></mor></w>
    <t type="q"><mor type="mor"><mt type="q"/><gra type="gra" index="7" head="1" relation="PUNCT"/></mor></t>

  </u>
  <u who="MOT" uID="u38">
    <w>okay<mor type="mor"><mw><pos><c>co</c></pos><stem>okay</stem></mw><gra type="gra" index="1" head="0" relation="INCROOT"/></mor></w>
    <t type="p"><mor type="mor"><mt type="p"/><gra type="gra" index="2" head="1" relation="PUNCT"/></mor></t>

  </u>
  <u who="CHI" uID="u39">
    <w>get<mor type="mor"><mw><pos><c>v</c></pos><stem>get</stem></mw><gra type="gra" index="1" head="0" relation="ROOT"/></mor></w>
    <g><w>seed<mor type="mor"><mw><pos><c>n</c></pos><stem>seed</stem></mw><gra type="gra" index="2" head="1" relation="OBJ"/></mor></w><error/></g>
    <t type="p"><mor type="mor"><mt type="p"/><gra type="gra" index="3" head="1" relation="PUNCT"/></mor></t>

    <a type="actions">sets seed on counter</a>
    <a type="extension" flavor="pho">ga it</a>
  </u>
  <u who="MOT" uID="u40">
    <w>got<mor type="mor"><mw><pos><c>v</c></pos><stem>get</stem><mk type="sfxf">PAST</mk></mw><gra type="gra" index="1" head="0" relation="ROOT"/></mor></w>
    <w>your<mor type="mor"><mw><pos><c>det</c><s>poss</s></pos><stem>your</stem></mw><gra type="gra" index="2" head="3" relation="DET"/></mor></w>
    <w>seed<mor type="mor"><mw><pos><c>n</c></pos><stem>seed</stem></mw><gra type="gra" index="3" head="1" relation="OBJ"/></mor></w>
    <pause symbolic-length="simple"/>
    <w>okay<mor type="mor"><mw><pos><c>adj</c></pos><stem>okay</stem></mw><gra type="gra" index="4" head="3" relation="POSTMOD"/></mor></w>
    <t type="p"><mor type="mor"><mt type="p"/><gra type="gra" index="5" head="1" relation="PUNCT"/></mor></t>

    <a type="actions">gives medicine to Chuck</a>
  </u>
  <u who="CHI" uID="u41">
    <e><action/></e>
    <t type="p"></t>

    <a type="actions">takes medicine</a>
    <a type="gesture">looks at medicine</a>
  </u>
  <u who="MOT" uID="u42">
    <w>what<mor type="mor"><mw><pos><c>pro</c><s>int</s></pos><stem>what</stem></mw><gra type="gra" index="1" head="0" relation="INCROOT"/></mor></w>
    <t type="q"><mor type="mor"><mt type="q"/><gra type="gra" index="2" head="1" relation="PUNCT"/></mor></t>

  </u>
  <u who="CHI" uID="u43">
    <w untranscribed="unintelligible">xxx</w>
    <t type="p"></t>

    <a type="gesture">looks at medicine</a>
  </u>
  <u who="MOT" uID="u44">
    <w>something<mor type="mor"><mw><pos><c>pro</c><s>indef</s></pos><stem>something</stem></mw><gra type="gra" index="1" head="0" relation="INCROOT"/></mor></w>
    <w>about<mor type="mor"><mw><pos><c>prep</c></pos><stem>about</stem></mw><gra type="gra" index="2" head="1" relation="NJCT"/></mor></w>
    <w>the<mor type="mor"><mw><pos><c>det</c><s>art</s></pos><stem>the</stem></mw><gra type="gra" index="3" head="4" relation="DET"/></mor></w>
    <w>medicine<mor type="mor"><mw><pos><c>n</c></pos><stem>medicine</stem></mw><gra type="gra" index="4" head="2" relation="POBJ"/></mor></w>
    <t type="p"><mor type="mor"><mt type="p"/><gra type="gra" index="5" head="1" relation="PUNCT"/></mor></t>

    <a type="gesture">&lt;bef&gt; looks at Chuck . leans close . &lt;dur&gt; shrugs hand</a>
  </u>
  <u who="CHI" uID="u45">
    <e><action/></e>
    <t type="p"></t>

    <a type="actions">holds medicine close to Mother's face</a>
    <a type="gesture">looks at Mother</a>
  </u>
  <u who="MOT" uID="u46">
    <w>oh<mor type="mor"><mw><pos><c>co</c></pos><stem>oh</stem></mw><gra type="gra" index="1" head="0" relation="INCROOT"/></mor></w>
    <t type="e"><mor type="mor"><mt type="e"/><gra type="gra" index="2" head="1" relation="PUNCT"/></mor></t>

  </u>
  <u who="MOT" uID="u47">
    <w>yeah<mor type="mor"><mw><pos><c>co</c></pos><stem>yeah</stem></mw><gra type="gra" index="1" head="0" relation="INCROOT"/></mor></w>
    <t type="e"><mor type="mor"><mt type="e"/><gra type="gra" index="2" head="1" relation="PUNCT"/></mor></t>

  </u>
  <u who="MOT" uID="u48">
    <w>I<mor type="mor"><mw><pos><c>pro</c><s>sub</s></pos><stem>I</stem></mw><gra type="gra" index="1" head="2" relation="SUBJ"/></mor></w>
    <w>see<mor type="mor"><mw><pos><c>v</c></pos><stem>see</stem></mw><gra type="gra" index="2" head="0" relation="ROOT"/></mor></w>
    <w>in<mor type="mor"><mw><pos><c>prep</c></pos><stem>in</stem></mw><gra type="gra" index="3" head="2" relation="JCT"/></mor></w>
    <w>there<mor type="mor"><mw><pos><c>n</c></pos><stem>there</stem></mw><gra type="gra" index="4" head="3" relation="POBJ"/></mor></w>
    <pause symbolic-length="simple"/>
    <w>mhm<mor type="mor"><mw><pos><c>co</c></pos><stem>mhm</stem></mw><menx>yes</menx><gra type="gra" index="5" head="2" relation="COM"/></mor></w>
    <t type="p"><mor type="mor"><mt type="p"/><gra type="gra" index="6" head="2" relation="PUNCT"/></mor></t>

  </u>
  <u who="CHI" uID="u49">
    <e><action/></e>
    <t type="p"></t>

    <a type="actions">puts medicine to lips</a>
  </u>
  <u who="MOT" uID="u50">
    <w>oops<mor type="mor"><mw><pos><c>co</c></pos><stem>oops</stem></mw><gra type="gra" index="1" head="0" relation="INCROOT"/></mor></w>
    <t type="p"><mor type="mor"><mt type="p"/><gra type="gra" index="2" head="1" relation="PUNCT"/></mor></t>

    <a type="actions">reaches hand out</a>
  </u>
  <u who="MOT" uID="u51">
    <w>turn<mor type="mor"><mw><pos><c>v</c></pos><stem>turn</stem></mw><gra type="gra" index="1" head="0" relation="ROOT"/></mor></w>
    <w>it<mor type="mor"><mw><pos><c>pro</c><s>per</s></pos><stem>it</stem></mw><gra type="gra" index="2" head="1" relation="OBJ"/></mor></w>
    <w>the<mor type="mor"><mw><pos><c>det</c><s>art</s></pos><stem>the</stem></mw><gra type="gra" index="3" head="5" relation="DET"/></mor></w>
    <w>other<mor type="mor"><mw><pos><c>qn</c></pos><stem>other</stem></mw><gra type="gra" index="4" head="5" relation="QUANT"/></mor></w>
    <w>way<mor type="mor"><mw><pos><c>n</c></pos><stem>way</stem></mw><gra type="gra" index="5" head="1" relation="OBJ"/></mor></w>
    <t type="p"><mor type="mor"><mt type="p"/><gra type="gra" index="6" head="1" relation="PUNCT"/></mor></t>

  </u>
  <u who="CHI" uID="u52">
    <e><action/></e>
    <t type="p"></t>

    <a type="actions">turns bottle</a>
  </u>
  <u who="MOT" uID="u53">
    <w>that's<mor type="mor"><mw><pos><c>pro</c><s>dem</s></pos><stem>that</stem></mw><gra type="gra" index="1" head="2" relation="SUBJ"/><mor-post><mw><pos><c>cop</c></pos><stem>be</stem><mk type="sfxf">3S</mk></mw><gra type="gra" index="2" head="0" relation="ROOT"/></mor-post></mor></w>
    <w>a<mor type="mor"><mw><pos><c>det</c><s>art</s></pos><stem>a</stem></mw><gra type="gra" index="3" head="4" relation="DET"/></mor></w>
    <w>boy<mor type="mor"><mw><pos><c>n</c></pos><stem>boy</stem></mw><gra type="gra" index="4" head="2" relation="PRED"/></mor></w>
    <t type="p"><mor type="mor"><mt type="p"/><gra type="gra" index="5" head="2" relation="PUNCT"/></mor></t>

  </u>
  <u who="CHI" uID="u54">
    <e><action/></e>
    <t type="p"></t>

    <a type="actions">drinks</a>
  </u>
  <u who="MOT" uID="u55">
    <w>that<mor type="mor"><mw><pos><c>det</c><s>dem</s></pos><stem>that</stem></mw><gra type="gra" index="1" head="2" relation="DET"/></mor></w>
    <w>help<mor type="mor"><mw><pos><c>n</c></pos><stem>help</stem></mw><gra type="gra" index="2" head="0" relation="INCROOT"/></mor></w>
    <w>your<mor type="mor"><mw><pos><c>det</c><s>poss</s></pos><stem>your</stem></mw><gra type="gra" index="3" head="4" relation="DET"/></mor></w>
    <w>cough<mor type="mor"><mw><pos><c>n</c></pos><stem>cough</stem></mw><gra type="gra" index="4" head="2" relation="OBJ"/></mor></w>
    <t type="q"><mor type="mor"><mt type="q"/><gra type="gra" index="5" head="2" relation="PUNCT"/></mor></t>

    <a type="actions">wipes his face</a>
  </u>
  <u who="MOT" uID="u56">
    <w>mhm<mor type="mor"><mw><pos><c>co</c></pos><stem>mhm</stem></mw><menx>yes</menx><gra type="gra" index="1" head="0" relation="INCROOT"/></mor></w>
    <t type="p"><mor type="mor"><mt type="p"/><gra type="gra" index="2" head="1" relation="PUNCT"/></mor></t>

  </u>
  <u who="MOT" uID="u57">
    <w>okay<mor type="mor"><mw><pos><c>co</c></pos><stem>okay</stem></mw><gra type="gra" index="1" head="0" relation="INCROOT"/></mor></w>
    <t type="p"><mor type="mor"><mt type="p"/><gra type="gra" index="2" head="1" relation="PUNCT"/></mor></t>

  </u>
  <u who="MOT" uID="u58">
    <w>thank_you<mor type="mor"><mw><pos><c>co</c></pos><stem>thank_you</stem></mw><gra type="gra" index="1" head="2" relation="COM"/></mor></w>
    <pause symbolic-length="simple"/>
    <w>Chuck<mor type="mor"><mw><pos><c>n</c><s>prop</s></pos><stem>Chuck</stem></mw><gra type="gra" index="2" head="0" relation="INCROOT"/></mor></w>
    <t type="p"><mor type="mor"><mt type="p"/><gra type="gra" index="3" head="2" relation="PUNCT"/></mor></t>

  </u>
  <u who="CHI" uID="u59">
    <w>thank_you<mor type="mor"><mw><pos><c>co</c></pos><stem>thank_you</stem></mw><gra type="gra" index="1" head="0" relation="INCROOT"/></mor></w>
    <t type="p"><mor type="mor"><mt type="p"/><gra type="gra" index="2" head="1" relation="PUNCT"/></mor></t>

    <a type="gesture">&lt;bef&gt; glances at camera</a>
    <a type="extension" flavor="pho">w6 ku</a>
  </u>
  <u who="MOT" uID="u60">
    <w>you're<mor type="mor"><mw><pos><c>pro</c><s>per</s></pos><stem>you</stem></mw><gra type="gra" index="1" head="2" relation="SUBJ"/><mor-post><mw><pos><c>cop</c></pos><stem>be</stem><mk type="sfxf">PRES</mk></mw><gra type="gra" index="2" head="0" relation="ROOT"/></mor-post></mor></w>
    <w>welcome<mor type="mor"><mw><pos><c>adj</c></pos><stem>welcome</stem></mw><gra type="gra" index="3" head="2" relation="PRED"/></mor></w>
    <t type="p"><mor type="mor"><mt type="p"/><gra type="gra" index="4" head="2" relation="PUNCT"/></mor></t>

    <a type="actions">moves cup</a>
    <a type="paralinguistics">whispers</a>
  </u>
  <u who="MOT" uID="u61">
    <w>that's<mor type="mor"><mw><pos><c>pro</c><s>dem</s></pos><stem>that</stem></mw><gra type="gra" index="1" head="2" relation="SUBJ"/><mor-post><mw><pos><c>cop</c></pos><stem>be</stem><mk type="sfxf">3S</mk></mw><gra type="gra" index="2" head="0" relation="ROOT"/></mor-post></mor></w>
    <w>the<mor type="mor"><mw><pos><c>det</c><s>art</s></pos><stem>the</stem></mw><gra type="gra" index="3" head="5" relation="DET"/></mor></w>
    <w>hard<mor type="mor"><mw><pos><c>adj</c></pos><stem>hard</stem></mw><gra type="gra" index="4" head="5" relation="MOD"/></mor></w>
    <w>part<mor type="mor"><mw><pos><c>n</c></pos><stem>part</stem></mw><gra type="gra" index="5" head="2" relation="PRED"/></mor></w>
    <w>to<mor type="mor"><mw><pos><c>inf</c></pos><stem>to</stem></mw><gra type="gra" index="6" head="7" relation="INF"/></mor></w>
    <w>chew<mor type="mor"><mw><pos><c>v</c></pos><stem>chew</stem></mw><gra type="gra" index="7" head="5" relation="XMOD"/></mor></w>
    <pause symbolic-length="simple"/>
    <w>isn't<mor type="mor"><mw><pos><c>cop</c></pos><stem>be</stem><mk type="sfxf">3S</mk></mw><gra type="gra" index="8" head="7" relation="COMP"/><mor-post><mw><pos><c>neg</c></pos><stem>not</stem></mw><gra type="gra" index="9" head="8" relation="NEG"/></mor-post></mor></w>
    <w>it<mor type="mor"><mw><pos><c>pro</c><s>per</s></pos><stem>it</stem></mw><gra type="gra" index="10" head="8" relation="SUBJ"/></mor></w>
    <t type="q"><mor type="mor"><mt type="q"/><gra type="gra" index="11" head="2" relation="PUNCT"/></mor></t>

  </u>
  <u who="MOT" uID="u62">
    <w>huh<mor type="mor"><mw><pos><c>co</c></pos><stem>huh</stem></mw><gra type="gra" index="1" head="0" relation="INCROOT"/></mor></w>
    <t type="q"><mor type="mor"><mt type="q"/><gra type="gra" index="2" head="1" relation="PUNCT"/></mor></t>

  </u>
  <u who="MOT" uID="u63">
    <w>is<mor type="mor"><mw><pos><c>cop</c></pos><stem>be</stem><mk type="sfxf">3S</mk></mw><gra type="gra" index="1" head="0" relation="ROOT"/></mor></w>
    <w>that<mor type="mor"><mw><pos><c>pro</c><s>dem</s></pos><stem>that</stem></mw><gra type="gra" index="2" head="5" relation="SUBJ"/></mor></w>
    <w>hard<mor type="mor"><mw><pos><c>adv</c></pos><stem>hard</stem></mw><gra type="gra" index="3" head="5" relation="JCT"/></mor></w>
    <w>to<mor type="mor"><mw><pos><c>inf</c></pos><stem>to</stem></mw><gra type="gra" index="4" head="5" relation="INF"/></mor></w>
    <w>chew<mor type="mor"><mw><pos><c>v</c></pos><stem>chew</stem></mw><gra type="gra" index="5" head="1" relation="CPRED"/></mor></w>
    <t type="q"><mor type="mor"><mt type="q"/><gra type="gra" index="6" head="1" relation="PUNCT"/></mor></t>

    <a type="gesture">&lt;aft&gt; smiles</a>
  </u>
  <u who="CHI" uID="u64">
    <e><action/></e>
    <t type="p"></t>

    <a type="actions">eats . takes rind out of mouth and gives to Mother</a>
  </u>
  <u who="MOT" uID="u65">
    <w>yuck<mor type="mor"><mw><pos><c>co</c></pos><stem>yuck</stem></mw><gra type="gra" index="1" head="0" relation="INCROOT"/></mor></w>
    <t type="p"><mor type="mor"><mt type="p"/><gra type="gra" index="2" head="1" relation="PUNCT"/></mor></t>

    <a type="actions">&lt;aft&gt; sets rind on counter</a>
    <a type="gesture">makes face</a>
  </u>
  <u who="CHI" uID="u66">
    <w>yuck<mor type="mor"><mw><pos><c>co</c></pos><stem>yuck</stem></mw><gra type="gra" index="1" head="0" relation="INCROOT"/></mor></w>
    <t type="p"><mor type="mor"><mt type="p"/><gra type="gra" index="2" head="1" relation="PUNCT"/></mor></t>

    <a type="gesture">&lt;aft&gt; nods . looks at seeds</a>
    <a type="extension" flavor="pho">j6</a>
  </u>
  <u who="MOT" uID="u67">
    <w>yuck<mor type="mor"><mw><pos><c>co</c></pos><stem>yuck</stem></mw><gra type="gra" index="1" head="0" relation="INCROOT"/></mor></w>
    <t type="e"><mor type="mor"><mt type="e"/><gra type="gra" index="2" head="1" relation="PUNCT"/></mor></t>

    <a type="actions">wipes hand</a>
  </u>
  <u who="MOT" uID="u68">
    <w>can<mor type="mor"><mw><pos><c>mod</c></pos><stem>can</stem></mw><gra type="gra" index="1" head="3" relation="AUX"/></mor></w>
    <w>we<mor type="mor"><mw><pos><c>pro</c><s>sub</s></pos><stem>we</stem></mw><gra type="gra" index="2" head="3" relation="SUBJ"/></mor></w>
    <w>put<mor type="mor"><mw><pos><c>v</c></pos><stem>put</stem><mk type="sfxf">ZERO</mk></mw><gra type="gra" index="3" head="0" relation="ROOT"/></mor></w>
    <w>it<mor type="mor"><mw><pos><c>pro</c><s>per</s></pos><stem>it</stem></mw><gra type="gra" index="4" head="3" relation="OBJ"/></mor></w>
    <w>in<mor type="mor"><mw><pos><c>prep</c></pos><stem>in</stem></mw><gra type="gra" index="5" head="3" relation="JCT"/></mor></w>
    <w>your<mor type="mor"><mw><pos><c>det</c><s>poss</s></pos><stem>your</stem></mw><gra type="gra" index="6" head="8" relation="DET"/></mor></w>
    <w>little<mor type="mor"><mw><pos><c>adj</c></pos><stem>little</stem></mw><gra type="gra" index="7" head="8" relation="MOD"/></mor></w>
    <w>pile<mor type="mor"><mw><pos><c>n</c></pos><stem>pile</stem></mw><gra type="gra" index="8" head="5" relation="POBJ"/></mor></w>
    <w>here<mor type="mor"><mw><pos><c>adv</c></pos><stem>here</stem></mw><gra type="gra" index="9" head="3" relation="JCT"/></mor></w>
    <t type="q"><mor type="mor"><mt type="q"/><gra type="gra" index="10" head="3" relation="PUNCT"/></mor></t>

  </u>
  <u who="MOT" uID="u69">
    <w>okay<mor type="mor"><mw><pos><c>co</c></pos><stem>okay</stem></mw><gra type="gra" index="1" head="4" relation="COM"/></mor></w>
    <pause symbolic-length="simple"/>
    <w>we'll<mor type="mor"><mw><pos><c>pro</c><s>sub</s></pos><stem>we</stem></mw><gra type="gra" index="2" head="4" relation="SUBJ"/><mor-post><mw><pos><c>mod</c></pos><stem>will</stem></mw><gra type="gra" index="3" head="4" relation="AUX"/></mor-post></mor></w>
    <w>make<mor type="mor"><mw><pos><c>v</c></pos><stem>make</stem></mw><gra type="gra" index="4" head="0" relation="ROOT"/></mor></w>
    <w>a<mor type="mor"><mw><pos><c>det</c><s>art</s></pos><stem>a</stem></mw><gra type="gra" index="5" head="7" relation="DET"/></mor></w>
    <w>little<mor type="mor"><mw><pos><c>adj</c></pos><stem>little</stem></mw><gra type="gra" index="6" head="7" relation="MOD"/></mor></w>
    <w>pile<mor type="mor"><mw><pos><c>n</c></pos><stem>pile</stem></mw><gra type="gra" index="7" head="4" relation="OBJ"/></mor></w>
    <t type="p"><mor type="mor"><mt type="p"/><gra type="gra" index="8" head="4" relation="PUNCT"/></mor></t>

  </u>
  <u who="CHI" uID="u70">
    <e><action/></e>
    <t type="p"></t>

    <a type="explanation">done playfully</a>
    <a type="gesture">glances at camera and smiles . glances at Mother and smiles</a>
    <a type="actions">eats . sets rind in pile . squirms . eats</a>
  </u>
  <u who="MOT" uID="u71">
    <w>what's<mor type="mor"><mw><pos><c>pro</c><s>int</s></pos><stem>what</stem></mw><gra type="gra" index="1" head="2" relation="SUBJ"/><mor-post><mw><pos><c>cop</c></pos><stem>be</stem><mk type="sfxf">3S</mk></mw><gra type="gra" index="2" head="0" relation="ROOT"/></mor-post></mor></w>
    <w>the<mor type="mor"><mw><pos><c>det</c><s>art</s></pos><stem>the</stem></mw><gra type="gra" index="3" head="4" relation="DET"/></mor></w>
    <w>matter<mor type="mor"><mw><pos><c>v</c></pos><stem>matter</stem></mw><gra type="gra" index="4" head="2" relation="CPRED"/></mor></w>
    <t type="q"><mor type="mor"><mt type="q"/><gra type="gra" index="5" head="2" relation="PUNCT"/></mor></t>

  </u>
  <u who="MOT" uID="u72">
    <w>did<mor type="mor"><mw><pos><c>v</c></pos><stem>do</stem><mk type="sfxf">PAST</mk></mw><gra type="gra" index="1" head="0" relation="ROOT"/></mor></w>
    <w>all<mor type="mor"><mw><pos><c>qn</c></pos><stem>all</stem></mw><gra type="gra" index="2" head="3" relation="QUANT"/></mor></w>
    <w>of<mor type="mor"><mw><pos><c>prep</c></pos><stem>of</stem></mw><gra type="gra" index="3" head="1" relation="JCT"/></mor></w>
    <w>a<mor type="mor"><mw><pos><c>det</c><s>art</s></pos><stem>a</stem></mw><gra type="gra" index="4" head="8" relation="DET"/></mor></w>
    <w>sudden<mor type="mor"><mw><pos><c>adj</c></pos><stem>sudden</stem></mw><gra type="gra" index="5" head="8" relation="JCT"/></mor></w>
    <w>did<mor type="mor"><mw><pos><c>mod</c></pos><stem>do</stem><mk type="sfxf">PAST</mk></mw><gra type="gra" index="6" head="8" relation="AUX"/></mor></w>
    <w>you<mor type="mor"><mw><pos><c>pro</c><s>per</s></pos><stem>you</stem></mw><gra type="gra" index="7" head="8" relation="SUBJ"/></mor></w>
    <w>decide<mor type="mor"><mw><pos><c>v</c></pos><stem>decide</stem></mw><gra type="gra" index="8" head="3" relation="POBJ"/></mor></w>
    <w>that<mor type="mor"><mw><pos><c>comp</c></pos><stem>that</stem></mw><gra type="gra" index="9" head="12" relation="LINK"/></mor></w>
    <w>somebody<mor type="mor"><mw><pos><c>pro</c><s>indef</s></pos><stem>somebody</stem></mw><gra type="gra" index="10" head="12" relation="SUBJ"/></mor></w>
    <w>was<mor type="mor"><mw><pos><c>aux</c></pos><stem>be</stem><mk type="sfxf">PAST</mk><mk type="sfxf">13S</mk></mw><gra type="gra" index="11" head="12" relation="AUX"/></mor></w>
    <w>looking<mor type="mor"><mw><pos><c>part</c></pos><stem>look</stem><mk type="sfx">PRESP</mk></mw><gra type="gra" index="12" head="8" relation="COMP"/></mor></w>
    <w>at<mor type="mor"><mw><pos><c>prep</c></pos><stem>at</stem></mw><gra type="gra" index="13" head="12" relation="JCT"/></mor></w>
    <w>you<mor type="mor"><mw><pos><c>pro</c><s>per</s></pos><stem>you</stem></mw><gra type="gra" index="14" head="13" relation="POBJ"/></mor></w>
    <t type="q"><mor type="mor"><mt type="q"/><gra type="gra" index="15" head="1" relation="PUNCT"/></mor></t>

  </u>
  <u who="CHI" uID="u73">
    <w>yeah<mor type="mor"><mw><pos><c>co</c></pos><stem>yeah</stem></mw><gra type="gra" index="1" head="0" relation="INCROOT"/></mor></w>
    <t type="p"><mor type="mor"><mt type="p"/><gra type="gra" index="2" head="1" relation="PUNCT"/></mor></t>

    <a type="gesture">&lt;bef&gt; looks at camera</a>
    <a type="paralinguistics">spoken softly</a>
  </u>
  <u who="MOT" uID="u74">
    <w>hm<p type="drawl"/><mor type="mor"><mw><pos><c>co</c></pos><stem>hm</stem></mw><gra type="gra" index="1" head="0" relation="INCROOT"/></mor></w>
    <t type="q"><mor type="mor"><mt type="q"/><gra type="gra" index="2" head="1" relation="PUNCT"/></mor></t>

  </u>
  <u who="MOT" uID="u75">
    <w>make<mor type="mor"><mw><pos><c>v</c></pos><stem>make</stem></mw><gra type="gra" index="1" head="0" relation="ROOT"/></mor></w>
    <w>it<mor type="mor"><mw><pos><c>pro</c><s>per</s></pos><stem>it</stem></mw><gra type="gra" index="2" head="1" relation="OBJ"/></mor></w>
    <t type="q"><mor type="mor"><mt type="q"/><gra type="gra" index="3" head="1" relation="PUNCT"/></mor></t>

  </u>
  <u who="CHI" uID="u76">
    <w>yeah<mor type="mor"><mw><pos><c>co</c></pos><stem>yeah</stem></mw><gra type="gra" index="1" head="0" relation="INCROOT"/></mor></w>
    <t type="p"><mor type="mor"><mt type="p"/><gra type="gra" index="2" head="1" relation="PUNCT"/></mor></t>

    <a type="actions">&lt;bef&gt; eats , struggles</a>
  </u>
  <u who="MOT" uID="u77">
    <w>you<mor type="mor"><mw><pos><c>pro</c><s>per</s></pos><stem>you</stem></mw><gra type="gra" index="1" head="2" relation="SUBJ"/></mor></w>
    <w>wan<shortening>t</shortening><mor type="mor"><mw><pos><c>v</c></pos><stem>want</stem></mw><gra type="gra" index="2" head="0" relation="ROOT"/></mor></w>
    <w><shortening>t</shortening>a<mor type="mor"><mw><pos><c>inf</c></pos><stem>to</stem></mw><gra type="gra" index="3" head="4" relation="INF"/></mor></w>
    <w>get<mor type="mor"><mw><pos><c>v</c></pos><stem>get</stem></mw><gra type="gra" index="4" head="2" relation="COMP"/></mor></w>
    <g><w>all<mor type="mor"><mw><pos><c>qn</c></pos><stem>all</stem></mw><gra type="gra" index="5" head="7" relation="QUANT"/></mor></w><k type="stressing"/></g>
    <w>the<mor type="mor"><mw><pos><c>det</c><s>art</s></pos><stem>the</stem></mw><gra type="gra" index="6" head="7" relation="DET"/></mor></w>
    <w>juice<mor type="mor"><mw><pos><c>n</c></pos><stem>juice</stem></mw><gra type="gra" index="7" head="10" relation="SUBJ"/></mor></w>
    <pause symbolic-length="simple"/>
    <w>don't<mor type="mor"><mw><pos><c>mod</c></pos><stem>do</stem></mw><gra type="gra" index="8" head="10" relation="AUX"/><mor-post><mw><pos><c>neg</c></pos><stem>not</stem></mw><gra type="gra" index="9" head="8" relation="NEG"/></mor-post></mor></w>
    <w>ya<mor type="mor"><mw><pos><c>pro</c><s>per</s></pos><stem>you</stem></mw><gra type="gra" index="10" head="4" relation="OBJ"/></mor></w>
    <t type="q"><mor type="mor"><mt type="q"/><gra type="gra" index="11" head="2" relation="PUNCT"/></mor></t>

  </u>
  <u who="CHI" uID="u78">
    <w>yeah<mor type="mor"><mw><pos><c>co</c></pos><stem>yeah</stem></mw><gra type="gra" index="1" head="0" relation="INCROOT"/></mor></w>
    <t type="p"><mor type="mor"><mt type="p"/><gra type="gra" index="2" head="1" relation="PUNCT"/></mor></t>

  </u>
  <u who="MOT" uID="u79">
    <w>hm<p type="drawl"/><mor type="mor"><mw><pos><c>co</c></pos><stem>hm</stem></mw><gra type="gra" index="1" head="0" relation="INCROOT"/></mor></w>
    <t type="q"><mor type="mor"><mt type="q"/><gra type="gra" index="2" head="1" relation="PUNCT"/></mor></t>

    <a type="actions">reaches for orange</a>
    <a type="gesture">looks at Chuck</a>
  </u>
  <u who="MOT" uID="u80">
    <w>d<shortening>o</shortening><mor type="mor"><mw><pos><c>mod</c></pos><stem>do</stem></mw><gra type="gra" index="1" head="3" relation="AUX"/></mor></w>
    <w>ya<mor type="mor"><mw><pos><c>pro</c><s>per</s></pos><stem>you</stem></mw><gra type="gra" index="2" head="3" relation="SUBJ"/></mor></w>
    <w>want<mor type="mor"><mw><pos><c>v</c></pos><stem>want</stem></mw><gra type="gra" index="3" head="0" relation="ROOT"/></mor></w>
    <w>more<mor type="mor"><mw><pos><c>adv</c></pos><stem>more</stem></mw><gra type="gra" index="4" head="3" relation="JCT"/></mor></w>
    <t type="q"><mor type="mor"><mt type="q"/><gra type="gra" index="5" head="3" relation="PUNCT"/></mor></t>

  </u>
  <u who="MOT" uID="u81">
    <w>hm<p type="drawl"/><mor type="mor"><mw><pos><c>co</c></pos><stem>hm</stem></mw><gra type="gra" index="1" head="0" relation="INCROOT"/></mor></w>
    <t type="q"><mor type="mor"><mt type="q"/><gra type="gra" index="2" head="1" relation="PUNCT"/></mor></t>

  </u>
  <u who="CHI" uID="u82">
    <w>a<mor type="mor"><mw><pos><c>det</c><s>art</s></pos><stem>a</stem></mw><gra type="gra" index="1" head="2" relation="DET"/></mor></w>
    <w>piece<mor type="mor"><mw><pos><c>n</c></pos><stem>piece</stem></mw><gra type="gra" index="2" head="0" relation="INCROOT"/></mor></w>
    <t type="p"><mor type="mor"><mt type="p"/><gra type="gra" index="3" head="2" relation="PUNCT"/></mor></t>

    <a type="actions">reaches for orange</a>
    <a type="gesture">&lt;bef&gt; looks at seed</a>
    <a type="extension" flavor="pho">ah piS</a>
  </u>
  <u who="MOT" uID="u83">
    <w>another<mor type="mor"><mw><pos><c>qn</c></pos><stem>another</stem></mw><gra type="gra" index="1" head="2" relation="QUANT"/></mor></w>
    <w>piece<mor type="mor"><mw><pos><c>n</c></pos><stem>piece</stem></mw><gra type="gra" index="2" head="0" relation="INCROOT"/></mor></w>
    <t type="q"><mor type="mor"><mt type="q"/><gra type="gra" index="3" head="2" relation="PUNCT"/></mor></t>

    <a type="actions">&lt;aft&gt; wipes Chuck's mouth</a>
  </u>
  <u who="CHI" uID="u84">
    <w>another<mor type="mor"><mw><pos><c>qn</c></pos><stem>another</stem></mw><gra type="gra" index="1" head="2" relation="QUANT"/></mor></w>
    <w>piece<mor type="mor"><mw><pos><c>n</c></pos><stem>piece</stem></mw><gra type="gra" index="2" head="0" relation="INCROOT"/></mor></w>
    <t type="p"><mor type="mor"><mt type="p"/><gra type="gra" index="3" head="2" relation="PUNCT"/></mor></t>

    <a type="extension" flavor="pho">6 oD pis</a>
  </u>
  <u who="MOT" uID="u85">
    <w>you<mor type="mor"><mw><pos><c>pro</c><s>per</s></pos><stem>you</stem></mw><gra type="gra" index="1" head="3" relation="SUBJ"/></mor></w>
    <w>can<mor type="mor"><mw><pos><c>mod</c></pos><stem>can</stem></mw><gra type="gra" index="2" head="3" relation="AUX"/></mor></w>
    <w>reach<mor type="mor"><mw><pos><c>v</c></pos><stem>reach</stem></mw><gra type="gra" index="3" head="0" relation="ROOT"/></mor></w>
    <t type="trail off"><mor type="mor"><mt type="trail off"/><gra type="gra" index="4" head="3" relation="PUNCT"/></mor></t>

  </u>
  <u who="CHI" uID="u86">
    <w>yeah<mor type="mor"><mw><pos><c>co</c></pos><stem>yeah</stem></mw><gra type="gra" index="1" head="0" relation="INCROOT"/></mor></w>
    <t type="p"><mor type="mor"><mt type="p"/><gra type="gra" index="2" head="1" relation="PUNCT"/></mor></t>

  </u>
  <u who="MOT" uID="u87">
    <w>okay<mor type="mor"><mw><pos><c>co</c></pos><stem>okay</stem></mw><gra type="gra" index="1" head="0" relation="INCROOT"/></mor></w>
    <t type="p"><mor type="mor"><mt type="p"/><gra type="gra" index="2" head="1" relation="PUNCT"/></mor></t>

  </u>
  <u who="CHI" uID="u88">
    <w>here<mor type="mor"><mw><pos><c>adv</c></pos><stem>here</stem></mw><gra type="gra" index="1" head="0" relation="INCROOT"/></mor></w>
    <t type="p"><mor type="mor"><mt type="p"/><gra type="gra" index="2" head="1" relation="PUNCT"/></mor></t>

    <a type="actions">&lt;bef&gt; reaches for orange . &lt;dur&gt; hands seed to Mother</a>
    <a type="extension" flavor="pho">hi6</a>
  </u>
  <u who="MOT" uID="u89">
    <w>okay<mor type="mor"><mw><pos><c>co</c></pos><stem>okay</stem></mw><gra type="gra" index="1" head="0" relation="INCROOT"/></mor></w>
    <t type="p"><mor type="mor"><mt type="p"/><gra type="gra" index="2" head="1" relation="PUNCT"/></mor></t>

  </u>
  <u who="MOT" uID="u90">
    <w>thank_you<mor type="mor"><mw><pos><c>co</c></pos><stem>thank_you</stem></mw><gra type="gra" index="1" head="0" relation="INCROOT"/></mor></w>
    <t type="p"><mor type="mor"><mt type="p"/><gra type="gra" index="2" head="1" relation="PUNCT"/></mor></t>

  </u>
  <u who="MOT" uID="u91">
    <w>oh<mor type="mor"><mw><pos><c>co</c></pos><stem>oh</stem></mw><gra type="gra" index="1" head="2" relation="COM"/></mor></w>
    <w>thank_you<mor type="mor"><mw><pos><c>co</c></pos><stem>thank_you</stem></mw><gra type="gra" index="2" head="0" relation="INCROOT"/></mor></w>
    <t type="p"><mor type="mor"><mt type="p"/><gra type="gra" index="3" head="2" relation="PUNCT"/></mor></t>

  </u>
  <u who="CHI" uID="u92">
    <e><action/></e>
    <t type="p"></t>

    <a type="actions">gets more orange</a>
  </u>
  <u who="MOT" uID="u93">
    <w>Chuck<mor type="mor"><mw><pos><c>n</c><s>prop</s></pos><stem>Chuck</stem></mw><gra type="gra" index="1" head="5" relation="LINK"/></mor></w>
    <pause symbolic-length="simple"/>
    <w>I<mor type="mor"><mw><pos><c>pro</c><s>sub</s></pos><stem>I</stem></mw><gra type="gra" index="2" head="5" relation="SUBJ"/></mor></w>
    <w>don't<mor type="mor"><mw><pos><c>mod</c></pos><stem>do</stem></mw><gra type="gra" index="3" head="5" relation="AUX"/><mor-post><mw><pos><c>neg</c></pos><stem>not</stem></mw><gra type="gra" index="4" head="3" relation="NEG"/></mor-post></mor></w>
    <w>think<mor type="mor"><mw><pos><c>v</c></pos><stem>think</stem></mw><gra type="gra" index="5" head="0" relation="ROOT"/></mor></w>
    <w>I<mor type="mor"><mw><pos><c>pro</c><s>sub</s></pos><stem>I</stem></mw><gra type="gra" index="6" head="7" relation="SUBJ"/></mor></w>
    <w>need<mor type="mor"><mw><pos><c>v</c></pos><stem>need</stem></mw><gra type="gra" index="7" head="5" relation="COMP"/></mor></w>
    <w>that<mor type="mor"><mw><pos><c>comp</c></pos><stem>that</stem></mw><gra type="gra" index="8" head="9" relation="MOD"/></mor></w>
    <w>sweetie<mor type="mor"><mw><pos><c>n</c></pos><stem>sweet</stem><mk type="sfxf">dadj</mk><mk type="sfx">DIM</mk></mw><gra type="gra" index="9" head="7" relation="OBJ"/></mor></w>
    <t type="p"><mor type="mor"><mt type="p"/><gra type="gra" index="10" head="5" relation="PUNCT"/></mor></t>

    <a type="gesture">looks at orange</a>
  </u>
  <u who="CHI" uID="u94">
    <e><action/></e>
    <t type="p"></t>

    <a type="gesture">&lt;aft&gt; glances at Mother</a>
    <a type="actions">reaches for orange peeler</a>
  </u>
  <u who="MOT" uID="u95">
    <w>okay<mor type="mor"><mw><pos><c>co</c></pos><stem>okay</stem></mw><gra type="gra" index="1" head="0" relation="INCROOT"/></mor></w>
    <t type="q"><mor type="mor"><mt type="q"/><gra type="gra" index="2" head="1" relation="PUNCT"/></mor></t>

    <a type="actions">peels off skins</a>
  </u>
  <u who="MOT" uID="u96">
    <w>that's<mor type="mor"><mw><pos><c>pro</c><s>dem</s></pos><stem>that</stem></mw><gra type="gra" index="1" head="2" relation="SUBJ"/><mor-post><mw><pos><c>cop</c></pos><stem>be</stem><mk type="sfxf">3S</mk></mw><gra type="gra" index="2" head="0" relation="ROOT"/></mor-post></mor></w>
    <w>just<mor type="mor"><mw><pos><c>adv</c></pos><stem>just</stem></mw><gra type="gra" index="3" head="5" relation="JCT"/></mor></w>
    <w>to<mor type="mor"><mw><pos><c>inf</c></pos><stem>to</stem></mw><gra type="gra" index="4" head="5" relation="INF"/></mor></w>
    <w>peel<mor type="mor"><mw><pos><c>v</c></pos><stem>peel</stem></mw><gra type="gra" index="5" head="2" relation="CPRED"/></mor></w>
    <w>with<mor type="mor"><mw><pos><c>prep</c></pos><stem>with</stem></mw><gra type="gra" index="6" head="5" relation="JCT"/></mor></w>
    <t type="p"><mor type="mor"><mt type="p"/><gra type="gra" index="7" head="2" relation="PUNCT"/></mor></t>

  </u>
  <u who="MOT" uID="u97">
    <w>okay<mor type="mor"><mw><pos><c>adj</c></pos><stem>okay</stem></mw><gra type="gra" index="1" head="3" relation="JCT"/></mor></w>
    <pause symbolic-length="simple"/>
    <w>we<mor type="mor"><mw><pos><c>pro</c><s>sub</s></pos><stem>we</stem></mw><gra type="gra" index="2" head="3" relation="SUBJ"/></mor></w>
    <w>have<mor type="mor"><mw><pos><c>v</c></pos><stem>have</stem></mw><gra type="gra" index="3" head="0" relation="ROOT"/></mor></w>
    <w>it<mor type="mor"><mw><pos><c>pro</c><s>per</s></pos><stem>it</stem></mw><gra type="gra" index="4" head="3" relation="OBJ"/></mor></w>
    <w>all<mor type="mor"><mw><pos><c>adv</c></pos><stem>all</stem></mw><gra type="gra" index="5" head="6" relation="JCT"/></mor></w>
    <w>peeled<mor type="mor"><mw><pos><c>v</c></pos><stem>peel</stem><mk type="sfx">PAST</mk></mw><gra type="gra" index="6" head="3" relation="COMP"/></mor></w>
    <w>here<mor type="mor"><mw><pos><c>adv</c></pos><stem>here</stem></mw><gra type="gra" index="7" head="6" relation="JCT"/></mor></w>
    <t type="p"><mor type="mor"><mt type="p"/><gra type="gra" index="8" head="3" relation="PUNCT"/></mor></t>

  </u>
  <u who="CHI" uID="u98">
    <w>the<mor type="mor"><mw><pos><c>det</c><s>art</s></pos><stem>the</stem></mw><gra type="gra" index="1" head="2" relation="DET"/></mor></w>
    <w>seed<mor type="mor"><mw><pos><c>n</c></pos><stem>seed</stem></mw><gra type="gra" index="2" head="0" relation="INCROOT"/></mor></w>
    <t type="p"><mor type="mor"><mt type="p"/><gra type="gra" index="3" head="2" relation="PUNCT"/></mor></t>

    <a type="extension" flavor="pho">d6 si ah ah</a>
  </u>
  <u who="CHI" uID="u99">
    <w type="fragment">a<p type="drawl"/>h</w>
    <t type="e"></t>

  </u>
  <u who="CHI" uID="u100">
    <w type="fragment">a<p type="drawl"/>h</w>
    <t type="e"></t>

    <a type="actions">&lt;aft&gt; reaches across counter .</a>
  </u>
  <u who="MOT" uID="u101">
    <w>sure<mor type="mor"><mw><pos><c>adj</c></pos><stem>sure</stem></mw><gra type="gra" index="1" head="0" relation="INCROOT"/></mor></w>
    <w>ya<mor type="mor"><mw><pos><c>pro</c><s>per</s></pos><stem>you</stem></mw><gra type="gra" index="2" head="5" relation="SUBJ"/></mor></w>
    <w>aren't<mor type="mor"><mw><pos><c>aux</c></pos><stem>be</stem><mk type="sfxf">PRES</mk></mw><gra type="gra" index="3" head="5" relation="AUX"/><mor-post><mw><pos><c>neg</c></pos><stem>not</stem></mw><gra type="gra" index="4" head="3" relation="NEG"/></mor-post></mor></w>
    <w>getting<mor type="mor"><mw><pos><c>part</c></pos><stem>get</stem><mk type="sfx">PRESP</mk></mw><gra type="gra" index="5" head="1" relation="CMOD"/></mor></w>
    <w>tired<mor type="mor"><mw><pos><c>part</c></pos><stem>tire</stem><mk type="sfx">PASTP</mk></mw><gra type="gra" index="6" head="5" relation="COMP"/></mor></w>
    <t type="q"><mor type="mor"><mt type="q"/><gra type="gra" index="7" head="1" relation="PUNCT"/></mor></t>

    <a type="gesture">glances at camera</a>
    <a type="paralinguistics">&lt;bef&gt; laughs</a>
  </u>
  <u who="CHI" uID="u102">
    <w>ah<mor type="mor"><mw><pos><c>co</c></pos><stem>ah</stem></mw><gra type="gra" index="1" head="0" relation="INCROOT"/></mor></w>
    <t type="e"><mor type="mor"><mt type="e"/><gra type="gra" index="2" head="1" relation="PUNCT"/></mor></t>

    <a type="actions">picks up orange</a>
  </u>
  <u who="CHI" uID="u103">
    <w formType="child-invented">owie<replacement><w>orange<mor type="mor"><mw><pos><c>adj</c></pos><stem>orange</stem></mw><gra type="gra" index="1" head="0" relation="INCROOT"/></mor></w></replacement></w>
    <t type="p"><mor type="mor"><mt type="p"/><gra type="gra" index="2" head="1" relation="PUNCT"/></mor></t>

  </u>
  <u who="MOT" uID="u104">
    <w>okay<mor type="mor"><mw><pos><c>co</c></pos><stem>okay</stem></mw><gra type="gra" index="1" head="0" relation="INCROOT"/></mor></w>
    <t type="p"><mor type="mor"><mt type="p"/><gra type="gra" index="2" head="1" relation="PUNCT"/></mor></t>

    <a type="gesture">&lt;bef&gt; looks at seed</a>
  </u>
  <u who="MOT" uID="u105">
    <w>Chuck<mor type="mor"><mw><pos><c>n</c><s>prop</s></pos><stem>Chuck</stem></mw><gra type="gra" index="1" head="3" relation="SUBJ"/></mor></w>
    <pause symbolic-length="simple"/>
    <w>here's<mor type="mor"><mw><pos><c>pro</c><s>exist</s></pos><stem>here</stem></mw><gra type="gra" index="2" head="3" relation="SUBJ"/><mor-post><mw><pos><c>cop</c></pos><stem>be</stem><mk type="sfxf">3S</mk></mw><gra type="gra" index="3" head="0" relation="ROOT"/></mor-post></mor></w>
    <w>a<mor type="mor"><mw><pos><c>det</c><s>art</s></pos><stem>a</stem></mw><gra type="gra" index="4" head="5" relation="DET"/></mor></w>
    <w>piece<mor type="mor"><mw><pos><c>n</c></pos><stem>piece</stem></mw><gra type="gra" index="5" head="3" relation="PRED"/></mor></w>
    <t type="p"><mor type="mor"><mt type="p"/><gra type="gra" index="6" head="3" relation="PUNCT"/></mor></t>

  </u>
  <u who="MOT" uID="u106">
    <pause symbolic-length="simple"/>
    <w>this<mor type="mor"><mw><pos><c>pro</c><s>dem</s></pos><stem>this</stem></mw><gra type="gra" index="1" head="8" relation="LINK"/></mor></w>
    <w>one<mor type="mor"><mw><pos><c>det</c><s>num</s></pos><stem>one</stem></mw><gra type="gra" index="2" head="3" relation="QUANT"/></mor></w>
    <w>looks<mor type="mor"><mw><pos><c>n</c></pos><stem>look</stem><mk type="sfx">PL</mk></mw><gra type="gra" index="3" head="8" relation="SUBJ"/></mor></w>
    <w>like<mor type="mor"><mw><pos><c>co</c></pos><stem>like</stem></mw><gra type="gra" index="4" head="3" relation="COM"/></mor></w>
    <w>maybe<mor type="mor"><mw><pos><c>adv</c></pos><stem>maybe</stem></mw><gra type="gra" index="5" head="8" relation="JCT"/></mor></w>
    <w>doesn't<mor type="mor"><mw><pos><c>mod</c></pos><stem>do</stem><mk type="sfxf">3S</mk></mw><gra type="gra" index="6" head="8" relation="AUX"/><mor-post><mw><pos><c>neg</c></pos><stem>not</stem></mw><gra type="gra" index="7" head="6" relation="NEG"/></mor-post></mor></w>
    <w>have<mor type="mor"><mw><pos><c>v</c></pos><stem>have</stem></mw><gra type="gra" index="8" head="0" relation="ROOT"/></mor></w>
    <w>any<mor type="mor"><mw><pos><c>qn</c></pos><stem>any</stem></mw><gra type="gra" index="9" head="10" relation="QUANT"/></mor></w>
    <w>seeds<mor type="mor"><mw><pos><c>n</c></pos><stem>seed</stem><mk type="sfx">PL</mk></mw><gra type="gra" index="10" head="8" relation="OBJ"/></mor></w>
    <w>in<mor type="mor"><mw><pos><c>prep</c></pos><stem>in</stem></mw><gra type="gra" index="11" head="8" relation="JCT"/></mor></w>
    <w>it<mor type="mor"><mw><pos><c>pro</c><s>per</s></pos><stem>it</stem></mw><gra type="gra" index="12" head="11" relation="POBJ"/></mor></w>
    <t type="p"><mor type="mor"><mt type="p"/><gra type="gra" index="13" head="8" relation="PUNCT"/></mor></t>

    <a type="actions">&lt;aft&gt; holds slice to light</a>
  </u>
  <u who="MOT" uID="u107">
    <w>see<mor type="mor"><mw><pos><c>v</c></pos><stem>see</stem></mw><gra type="gra" index="1" head="0" relation="ROOT"/></mor></w>
    <t type="q"><mor type="mor"><mt type="q"/><gra type="gra" index="2" head="1" relation="PUNCT"/></mor></t>

  </u>
  <u who="CHI" uID="u108">
    <w>yeah<mor type="mor"><mw><pos><c>co</c></pos><stem>yeah</stem></mw><gra type="gra" index="1" head="0" relation="INCROOT"/></mor></w>
    <t type="p"><mor type="mor"><mt type="p"/><gra type="gra" index="2" head="1" relation="PUNCT"/></mor></t>

    <a type="gesture">looks at orange</a>
    <a type="paralinguistics">spoken softly</a>
  </u>
  <u who="MOT" uID="u109">
    <w>do<mor type="mor"><mw><pos><c>mod</c></pos><stem>do</stem></mw><gra type="gra" index="1" head="3" relation="AUX"/></mor></w>
    <w>ya<mor type="mor"><mw><pos><c>pro</c><s>per</s></pos><stem>you</stem></mw><gra type="gra" index="2" head="3" relation="SUBJ"/></mor></w>
    <w>see<mor type="mor"><mw><pos><c>v</c></pos><stem>see</stem></mw><gra type="gra" index="3" head="0" relation="ROOT"/></mor></w>
    <w>any<mor type="mor"><mw><pos><c>qn</c></pos><stem>any</stem></mw><gra type="gra" index="4" head="3" relation="OBJ"/></mor></w>
    <t type="q"><mor type="mor"><mt type="q"/><gra type="gra" index="5" head="3" relation="PUNCT"/></mor></t>

  </u>
  <u who="MOT" uID="u110">
    <w>that<mor type="mor"><mw><pos><c>det</c><s>dem</s></pos><stem>that</stem></mw><gra type="gra" index="1" head="2" relation="DET"/></mor></w>
    <w>one<mor type="mor"><mw><pos><c>pro</c><s>indef</s></pos><stem>one</stem></mw><gra type="gra" index="2" head="5" relation="SUBJ"/></mor></w>
    <w>doesn't<mor type="mor"><mw><pos><c>mod</c></pos><stem>do</stem><mk type="sfxf">3S</mk></mw><gra type="gra" index="3" head="5" relation="AUX"/><mor-post><mw><pos><c>neg</c></pos><stem>not</stem></mw><gra type="gra" index="4" head="3" relation="NEG"/></mor-post></mor></w>
    <w>look<mor type="mor"><mw><pos><c>v</c></pos><stem>look</stem></mw><gra type="gra" index="5" head="9" relation="CJCT"/></mor></w>
    <w>like<mor type="mor"><mw><pos><c>co</c></pos><stem>like</stem></mw><gra type="gra" index="6" head="5" relation="COM"/></mor></w>
    <w>it<mor type="mor"><mw><pos><c>pro</c><s>per</s></pos><stem>it</stem></mw><gra type="gra" index="7" head="9" relation="SUBJ"/></mor></w>
    <w>has<mor type="mor"><mw><pos><c>aux</c></pos><stem>have</stem><mk type="sfxf">3S</mk></mw><gra type="gra" index="8" head="9" relation="AUX"/></mor></w>
    <w>any<mor type="mor"><mw><pos><c>qn</c></pos><stem>any</stem></mw><gra type="gra" index="9" head="0" relation="ROOT"/></mor></w>
    <t type="p"><mor type="mor"><mt type="p"/><gra type="gra" index="10" head="9" relation="PUNCT"/></mor></t>

  </u>
  <u who="MOT" uID="u111">
    <w>hot<wk type="cmp"/>dog<mor type="mor"><mwc><pos><c>n</c></pos><mw><pos><c>adj</c></pos><stem>hot</stem></mw><mw><pos><c>n</c></pos><stem>dog</stem></mw></mwc><gra type="gra" index="1" head="0" relation="INCROOT"/></mor></w>
    <t type="e"><mor type="mor"><mt type="e"/><gra type="gra" index="2" head="1" relation="PUNCT"/></mor></t>

    <a type="actions">&lt;aft&gt; sets down slice . plays with orange</a>
  </u>
  <u who="MOT" uID="u112">
    <w>okay<mor type="mor"><mw><pos><c>co</c></pos><stem>okay</stem></mw><gra type="gra" index="1" head="0" relation="INCROOT"/></mor></w>
    <t type="p"><mor type="mor"><mt type="p"/><gra type="gra" index="2" head="1" relation="PUNCT"/></mor></t>

  </u>
  <u who="CHI" uID="u113">
    <w>has<mor type="mor"><mw><pos><c>v</c></pos><stem>have</stem><mk type="sfxf">3S</mk></mw><gra type="gra" index="1" head="0" relation="ROOT"/></mor></w>
    <g><w>any<mor type="mor"><mw><pos><c>qn</c></pos><stem>any</stem></mw><gra type="gra" index="2" head="1" relation="OBJ"/></mor></w><error/></g>
    <t type="q"><mor type="mor"><mt type="q"/><gra type="gra" index="3" head="1" relation="PUNCT"/></mor></t>

    <a type="extension" flavor="pho">h6 eni</a>
  </u>
  <u who="MOT" uID="u114">
    <w>ya<mor type="mor"><mw><pos><c>pro</c><s>per</s></pos><stem>you</stem></mw><gra type="gra" index="1" head="2" relation="SUBJ"/></mor></w>
    <w>like<mor type="mor"><mw><pos><c>v</c></pos><stem>like</stem></mw><gra type="gra" index="2" head="0" relation="ROOT"/></mor></w>
    <w>the<mor type="mor"><mw><pos><c>det</c><s>art</s></pos><stem>the</stem></mw><gra type="gra" index="3" head="4" relation="DET"/></mor></w>
    <w>seeds<mor type="mor"><mw><pos><c>n</c></pos><stem>seed</stem><mk type="sfx">PL</mk></mw><gra type="gra" index="4" head="7" relation="SUBJ"/></mor></w>
    <pause symbolic-length="simple"/>
    <w>don't<mor type="mor"><mw><pos><c>mod</c></pos><stem>do</stem></mw><gra type="gra" index="5" head="7" relation="AUX"/><mor-post><mw><pos><c>neg</c></pos><stem>not</stem></mw><gra type="gra" index="6" head="5" relation="NEG"/></mor-post></mor></w>
    <w>ya<mor type="mor"><mw><pos><c>pro</c><s>per</s></pos><stem>you</stem></mw><gra type="gra" index="7" head="2" relation="OBJ"/></mor></w>
    <t type="q"><mor type="mor"><mt type="q"/><gra type="gra" index="8" head="2" relation="PUNCT"/></mor></t>

  </u>
  <u who="CHI" uID="u115">
    <e><action/></e>
    <t type="p"></t>

    <a type="gesture">nods . coughs</a>
  </u>
  <u who="MOT" uID="u116">
    <w>cover<mor type="mor"><mw><pos><c>v</c></pos><stem>cover</stem></mw><gra type="gra" index="1" head="0" relation="ROOT"/></mor></w>
    <w>ya<mor type="mor"><mw><pos><c>pro</c><s>per</s></pos><stem>you</stem></mw><gra type="gra" index="2" head="1" relation="OBJ"/></mor></w>
    <t type="trail off"><mor type="mor"><mt type="trail off"/><gra type="gra" index="3" head="1" relation="PUNCT"/></mor></t>

    <a type="gesture">looks at Chuck</a>
  </u>
  <u who="MOT" uID="u117">
    <w>can<mor type="mor"><mw><pos><c>mod</c></pos><stem>can</stem></mw><gra type="gra" index="1" head="3" relation="AUX"/></mor></w>
    <w>you<mor type="mor"><mw><pos><c>pro</c><s>per</s></pos><stem>you</stem></mw><gra type="gra" index="2" head="3" relation="SUBJ"/></mor></w>
    <w>cover<mor type="mor"><mw><pos><c>v</c></pos><stem>cover</stem></mw><gra type="gra" index="3" head="0" relation="ROOT"/></mor></w>
    <w>your<mor type="mor"><mw><pos><c>det</c><s>poss</s></pos><stem>your</stem></mw><gra type="gra" index="4" head="5" relation="DET"/></mor></w>
    <w>mouth<mor type="mor"><mw><pos><c>n</c></pos><stem>mouth</stem></mw><gra type="gra" index="5" head="3" relation="OBJ"/></mor></w>
    <t type="q"><mor type="mor"><mt type="q"/><gra type="gra" index="6" head="3" relation="PUNCT"/></mor></t>

  </u>
  <u who="CHI" uID="u118">
    <e><action/></e>
    <t type="p"></t>

    <a type="actions">covers mouth</a>
  </u>
  <u who="MOT" uID="u119">
    <w>that's<mor type="mor"><mw><pos><c>pro</c><s>dem</s></pos><stem>that</stem></mw><gra type="gra" index="1" head="2" relation="SUBJ"/><mor-post><mw><pos><c>cop</c></pos><stem>be</stem><mk type="sfxf">3S</mk></mw><gra type="gra" index="2" head="0" relation="ROOT"/></mor-post></mor></w>
    <w>a<mor type="mor"><mw><pos><c>det</c><s>art</s></pos><stem>a</stem></mw><gra type="gra" index="3" head="4" relation="DET"/></mor></w>
    <w>boy<mor type="mor"><mw><pos><c>n</c></pos><stem>boy</stem></mw><gra type="gra" index="4" head="2" relation="PRED"/></mor></w>
    <t type="p"><mor type="mor"><mt type="p"/><gra type="gra" index="5" head="2" relation="PUNCT"/></mor></t>

    <a type="gesture">looks at seed</a>
  </u>
  <u who="MOT" uID="u120">
    <g><w>big<mor type="mor"><mw><pos><c>adj</c></pos><stem>big</stem></mw><gra type="gra" index="1" head="2" relation="MOD"/></mor></w><k type="stressing"/></g>
    <w>boy<mor type="mor"><mw><pos><c>n</c></pos><stem>boy</stem></mw><gra type="gra" index="2" head="0" relation="INCROOT"/></mor></w>
    <t type="p"><mor type="mor"><mt type="p"/><gra type="gra" index="3" head="2" relation="PUNCT"/></mor></t>

    <a type="paralinguistics">&lt;aft&gt; laughs</a>
  </u>
  <u who="CHI" uID="u121">
    <w>yuck<mor type="mor"><mw><pos><c>co</c></pos><stem>yuck</stem></mw><gra type="gra" index="1" head="0" relation="INCROOT"/></mor></w>
    <t type="p"><mor type="mor"><mt type="p"/><gra type="gra" index="2" head="1" relation="PUNCT"/></mor></t>

    <a type="gesture">&lt;bef&gt; points , looks at orange</a>
  </u>
  <u who="MOT" uID="u122">
    <w>yeah<mor type="mor"><mw><pos><c>co</c></pos><stem>yeah</stem></mw><gra type="gra" index="1" head="0" relation="INCROOT"/></mor></w>
    <t type="p"><mor type="mor"><mt type="p"/><gra type="gra" index="2" head="1" relation="PUNCT"/></mor></t>

    <a type="gesture">points to orange</a>
  </u>
  <u who="MOT" uID="u123">
    <w>okay<mor type="mor"><mw><pos><c>co</c></pos><stem>okay</stem></mw><gra type="gra" index="1" head="0" relation="INCROOT"/></mor></w>
    <t type="p"><mor type="mor"><mt type="p"/><gra type="gra" index="2" head="1" relation="PUNCT"/></mor></t>

  </u>
  <u who="MOT" uID="u124">
    <w>well<mor type="mor"><mw><pos><c>co</c></pos><stem>well</stem></mw><gra type="gra" index="1" head="3" relation="COM"/></mor></w>
    <w>you<mor type="mor"><mw><pos><c>pro</c><s>per</s></pos><stem>you</stem></mw><gra type="gra" index="2" head="3" relation="SUBJ"/></mor></w>
    <w>eat<mor type="mor"><mw><pos><c>v</c></pos><stem>eat</stem></mw><gra type="gra" index="3" head="0" relation="ROOT"/></mor></w>
    <w>those<mor type="mor"><mw><pos><c>det</c><s>dem</s></pos><stem>those</stem></mw><gra type="gra" index="4" head="3" relation="OBJ"/></mor></w>
    <t type="p"><mor type="mor"><mt type="p"/><gra type="gra" index="5" head="3" relation="PUNCT"/></mor></t>

  </u>
  <u who="MOT" uID="u125">
    <w>get<mor type="mor"><mw><pos><c>v</c></pos><stem>get</stem></mw><gra type="gra" index="1" head="0" relation="ROOT"/></mor></w>
    <w>the<mor type="mor"><mw><pos><c>det</c><s>art</s></pos><stem>the</stem></mw><gra type="gra" index="2" head="3" relation="DET"/></mor></w>
    <w>seeds<mor type="mor"><mw><pos><c>n</c></pos><stem>seed</stem><mk type="sfx">PL</mk></mw><gra type="gra" index="3" head="1" relation="OBJ"/></mor></w>
    <w>out_of<mor type="mor"><mw><pos><c>prep</c></pos><stem>out_of</stem></mw><gra type="gra" index="4" head="1" relation="JCT"/></mor></w>
    <w>those<mor type="mor"><mw><pos><c>pro</c><s>dem</s></pos><stem>those</stem></mw><gra type="gra" index="5" head="4" relation="POBJ"/></mor></w>
    <w>then<mor type="mor"><mw><pos><c>adv</c><s>tem</s></pos><stem>then</stem></mw><gra type="gra" index="6" head="9" relation="JCT"/></mor></w>
    <w>you<mor type="mor"><mw><pos><c>pro</c><s>per</s></pos><stem>you</stem></mw><gra type="gra" index="7" head="9" relation="SUBJ"/></mor></w>
    <w>can<mor type="mor"><mw><pos><c>mod</c></pos><stem>can</stem></mw><gra type="gra" index="8" head="9" relation="AUX"/></mor></w>
    <w>have<mor type="mor"><mw><pos><c>v</c></pos><stem>have</stem></mw><gra type="gra" index="9" head="1" relation="CJCT"/></mor></w>
    <w>more<mor type="mor"><mw><pos><c>adv</c></pos><stem>more</stem></mw><gra type="gra" index="10" head="11" relation="JCT"/></mor></w>
    <pause symbolic-length="simple"/>
    <w>okay<mor type="mor"><mw><pos><c>adj</c></pos><stem>okay</stem></mw><gra type="gra" index="11" head="9" relation="JCT"/></mor></w>
    <t type="q"><mor type="mor"><mt type="q"/><gra type="gra" index="12" head="1" relation="PUNCT"/></mor></t>

  </u>
  <u who="CHI" uID="u126">
    <w untranscribed="unintelligible">xxx</w>
    <pause symbolic-length="simple"/>
    <w>a<mor type="mor"><mw><pos><c>det</c><s>art</s></pos><stem>a</stem></mw><gra type="gra" index="1" head="2" relation="DET"/></mor></w>
    <w>seed<mor type="mor"><mw><pos><c>n</c></pos><stem>seed</stem></mw><gra type="gra" index="2" head="3" relation="SUBJ"/></mor></w>
    <pause symbolic-length="simple"/>
    <w>eat<mor type="mor"><mw><pos><c>v</c></pos><stem>eat</stem></mw><gra type="gra" index="3" head="0" relation="ROOT"/></mor></w>
    <g><w>it<mor type="mor"><mw><pos><c>pro</c><s>per</s></pos><stem>it</stem></mw><gra type="gra" index="4" head="3" relation="OBJ"/></mor></w><error/></g>
    <t type="p"><mor type="mor"><mt type="p"/><gra type="gra" index="5" head="3" relation="PUNCT"/></mor></t>

    <a type="actions">&lt;aft&gt; glances at camera . eats</a>
  </u>
  <u who="MOT" uID="u127">
    <w>no<mor type="mor"><mw><pos><c>co</c></pos><stem>no</stem></mw><gra type="gra" index="1" head="4" relation="COM"/></mor></w>
    <pause symbolic-length="simple"/>
    <w>don't<mor type="mor"><mw><pos><c>mod</c></pos><stem>do</stem></mw><gra type="gra" index="2" head="4" relation="AUX"/><mor-post><mw><pos><c>neg</c></pos><stem>not</stem></mw><gra type="gra" index="3" head="2" relation="NEG"/></mor-post></mor></w>
    <w>eat<mor type="mor"><mw><pos><c>v</c></pos><stem>eat</stem></mw><gra type="gra" index="4" head="0" relation="ROOT"/></mor></w>
    <w>the<mor type="mor"><mw><pos><c>det</c><s>art</s></pos><stem>the</stem></mw><gra type="gra" index="5" head="6" relation="DET"/></mor></w>
    <w>seed<mor type="mor"><mw><pos><c>n</c></pos><stem>seed</stem></mw><gra type="gra" index="6" head="4" relation="OBJ"/></mor></w>
    <t type="p"><mor type="mor"><mt type="p"/><gra type="gra" index="7" head="4" relation="PUNCT"/></mor></t>

    <a type="actions">&lt;1w&gt; leans close and looks at Chuck</a>
  </u>
  <u who="MOT" uID="u128">
    <w>take<mor type="mor"><mw><pos><c>v</c></pos><stem>take</stem></mw><gra type="gra" index="1" head="0" relation="ROOT"/></mor></w>
    <w>the<mor type="mor"><mw><pos><c>det</c><s>art</s></pos><stem>the</stem></mw><gra type="gra" index="2" head="3" relation="DET"/></mor></w>
    <w>seed<mor type="mor"><mw><pos><c>n</c></pos><stem>seed</stem></mw><gra type="gra" index="3" head="1" relation="OBJ"/></mor></w>
    <w>out<mor type="mor"><mw><pos><c>adv</c></pos><stem>out</stem></mw><gra type="gra" index="4" head="1" relation="JCT"/></mor></w>
    <t type="p"><mor type="mor"><mt type="p"/><gra type="gra" index="5" head="1" relation="PUNCT"/></mor></t>

    <a type="actions">&lt;1w&gt; drinks</a>
  </u>
  <u who="MOT" uID="u129">
    <w><shortening>o</shortening>kay<mor type="mor"><mw><pos><c>co</c></pos><stem>okay</stem></mw><gra type="gra" index="1" head="0" relation="INCROOT"/></mor></w>
    <t type="p"><mor type="mor"><mt type="p"/><gra type="gra" index="2" head="1" relation="PUNCT"/></mor></t>

    <a type="gesture">&lt;1w&gt; looks at seed</a>
  </u>
  <u who="CHI" uID="u130">
    <w>seed<mor type="mor"><mw><pos><c>n</c></pos><stem>seed</stem></mw><gra type="gra" index="1" head="0" relation="INCROOT"/></mor></w>
    <t type="q"><mor type="mor"><mt type="q"/><gra type="gra" index="2" head="1" relation="PUNCT"/></mor></t>

    <a type="actions">&lt;bef&gt; takes out seed . &lt;dur&gt; looks at seed . &lt;aft&gt; sets seed on counter</a>
    <a type="extension" flavor="pho">id</a>
  </u>
  <u who="MOT" uID="u131">
    <w>yeah<mor type="mor"><mw><pos><c>co</c></pos><stem>yeah</stem></mw><gra type="gra" index="1" head="0" relation="INCROOT"/></mor></w>
    <t type="p"><mor type="mor"><mt type="p"/><gra type="gra" index="2" head="1" relation="PUNCT"/></mor></t>

  </u>
  <u who="CHI" uID="u132">
    <w>I<mor type="mor"><mw><pos><c>pro</c><s>sub</s></pos><stem>I</stem></mw><gra type="gra" index="1" head="2" relation="SUBJ"/></mor></w>
    <w>see<mor type="mor"><mw><pos><c>v</c></pos><stem>see</stem></mw><gra type="gra" index="2" head="0" relation="ROOT"/></mor></w>
    <g><w>seed<mor type="mor"><mw><pos><c>n</c></pos><stem>seed</stem></mw><gra type="gra" index="3" head="2" relation="OBJ"/></mor></w><error/></g>
    <t type="p"><mor type="mor"><mt type="p"/><gra type="gra" index="4" head="2" relation="PUNCT"/></mor></t>

    <a type="actions">picks up seed</a>
    <a type="extension" flavor="pho">6 i sid</a>
  </u>
  <u who="MOT" uID="u133">
    <w>you<mor type="mor"><mw><pos><c>pro</c><s>per</s></pos><stem>you</stem></mw><gra type="gra" index="1" head="2" relation="SUBJ"/></mor></w>
    <w>see<mor type="mor"><mw><pos><c>v</c></pos><stem>see</stem></mw><gra type="gra" index="2" head="0" relation="ROOT"/></mor></w>
    <w>the<mor type="mor"><mw><pos><c>det</c><s>art</s></pos><stem>the</stem></mw><gra type="gra" index="3" head="4" relation="DET"/></mor></w>
    <g><w>seed<mor type="mor"><mw><pos><c>n</c></pos><stem>seed</stem></mw><gra type="gra" index="4" head="2" relation="OBJ"/></mor></w><k type="stressing"/></g>
    <t type="q"><mor type="mor"><mt type="q"/><gra type="gra" index="5" head="2" relation="PUNCT"/></mor></t>

  </u>
  <u who="MOT" uID="u134">
    <w>that's<mor type="mor"><mw><pos><c>pro</c><s>dem</s></pos><stem>that</stem></mw><gra type="gra" index="1" head="2" relation="SUBJ"/><mor-post><mw><pos><c>cop</c></pos><stem>be</stem><mk type="sfxf">3S</mk></mw><gra type="gra" index="2" head="0" relation="ROOT"/></mor-post></mor></w>
    <w>hard<mor type="mor"><mw><pos><c>adv</c></pos><stem>hard</stem></mw><gra type="gra" index="3" head="2" relation="JCT"/></mor></w>
    <w>to<mor type="mor"><mw><pos><c>inf</c></pos><stem>to</stem></mw><gra type="gra" index="4" head="5" relation="INF"/></mor></w>
    <w>say<mor type="mor"><mw><pos><c>v</c></pos><stem>say</stem></mw><gra type="gra" index="5" head="2" relation="XJCT"/></mor></w>
    <pause symbolic-length="simple"/>
    <w>isn't<mor type="mor"><mw><pos><c>cop</c></pos><stem>be</stem><mk type="sfxf">3S</mk></mw><gra type="gra" index="6" head="5" relation="COMP"/><mor-post><mw><pos><c>neg</c></pos><stem>not</stem></mw><gra type="gra" index="7" head="6" relation="NEG"/></mor-post></mor></w>
    <w>it<mor type="mor"><mw><pos><c>pro</c><s>per</s></pos><stem>it</stem></mw><gra type="gra" index="8" head="6" relation="SUBJ"/></mor></w>
    <t type="q"><mor type="mor"><mt type="q"/><gra type="gra" index="9" head="2" relation="PUNCT"/></mor></t>

  </u>
  <u who="CHI" uID="u135">
    <w>I<mor type="mor"><mw><pos><c>pro</c><s>sub</s></pos><stem>I</stem></mw><gra type="gra" index="1" head="2" relation="SUBJ"/></mor></w>
    <w>see<mor type="mor"><mw><pos><c>v</c></pos><stem>see</stem></mw><gra type="gra" index="2" head="0" relation="ROOT"/></mor></w>
    <w>any<mor type="mor"><mw><pos><c>qn</c></pos><stem>any</stem></mw><gra type="gra" index="3" head="4" relation="QUANT"/></mor></w>
    <w>seed<mor type="mor"><mw><pos><c>n</c></pos><stem>seed</stem></mw><gra type="gra" index="4" head="2" relation="OBJ"/></mor></w>
    <t type="p"><mor type="mor"><mt type="p"/><gra type="gra" index="5" head="2" relation="PUNCT"/></mor></t>

    <a type="gesture">looks at seed</a>
    <a type="extension" flavor="pho">6 sit 6ni hid</a>
  </u>
  <u who="MOT" uID="u136">
    <w>you<mor type="mor"><mw><pos><c>pro</c><s>per</s></pos><stem>you</stem></mw><gra type="gra" index="1" head="4" relation="SUBJ"/></mor></w>
    <w>don't<mor type="mor"><mw><pos><c>mod</c></pos><stem>do</stem></mw><gra type="gra" index="2" head="4" relation="AUX"/><mor-post><mw><pos><c>neg</c></pos><stem>not</stem></mw><gra type="gra" index="3" head="2" relation="NEG"/></mor-post></mor></w>
    <w>see<mor type="mor"><mw><pos><c>v</c></pos><stem>see</stem></mw><gra type="gra" index="4" head="0" relation="ROOT"/></mor></w>
    <w>any<mor type="mor"><mw><pos><c>qn</c></pos><stem>any</stem></mw><gra type="gra" index="5" head="6" relation="QUANT"/></mor></w>
    <w>seeds<mor type="mor"><mw><pos><c>n</c></pos><stem>seed</stem><mk type="sfx">PL</mk></mw><gra type="gra" index="6" head="4" relation="OBJ"/></mor></w>
    <t type="q"><mor type="mor"><mt type="q"/><gra type="gra" index="7" head="4" relation="PUNCT"/></mor></t>

  </u>
  <u who="MOT" uID="u137">
    <w>I<mor type="mor"><mw><pos><c>pro</c><s>sub</s></pos><stem>I</stem></mw><gra type="gra" index="1" head="4" relation="SUBJ"/></mor></w>
    <w>don't<mor type="mor"><mw><pos><c>mod</c></pos><stem>do</stem></mw><gra type="gra" index="2" head="4" relation="AUX"/><mor-post><mw><pos><c>neg</c></pos><stem>not</stem></mw><gra type="gra" index="3" head="2" relation="NEG"/></mor-post></mor></w>
    <w>think<mor type="mor"><mw><pos><c>v</c></pos><stem>think</stem></mw><gra type="gra" index="4" head="0" relation="ROOT"/></mor></w>
    <w>that's<mor type="mor"><mw><pos><c>pro</c><s>dem</s></pos><stem>that</stem></mw><gra type="gra" index="5" head="6" relation="SUBJ"/><mor-post><mw><pos><c>cop</c></pos><stem>be</stem><mk type="sfxf">3S</mk></mw><gra type="gra" index="6" head="4" relation="COMP"/></mor-post></mor></w>
    <w>a<mor type="mor"><mw><pos><c>det</c><s>art</s></pos><stem>a</stem></mw><gra type="gra" index="7" head="8" relation="DET"/></mor></w>
    <w>seed<mor type="mor"><mw><pos><c>n</c></pos><stem>seed</stem></mw><gra type="gra" index="8" head="6" relation="PRED"/></mor></w>
    <t type="p"><mor type="mor"><mt type="p"/><gra type="gra" index="9" head="4" relation="PUNCT"/></mor></t>

    <a type="actions">&lt;1w&gt; leans close</a>
  </u>
  <u who="MOT" uID="u138">
    <g><w>I</w>
    <w>think</w>
    <w>that's</w>
    <w>just</w><k type="retracing with correction"/></g>
    <w>I<mor type="mor"><mw><pos><c>pro</c><s>sub</s></pos><stem>I</stem></mw><gra type="gra" index="1" head="2" relation="SUBJ"/></mor></w>
    <w>think<mor type="mor"><mw><pos><c>v</c></pos><stem>think</stem></mw><gra type="gra" index="2" head="0" relation="ROOT"/></mor></w>
    <w>you<mor type="mor"><mw><pos><c>pro</c><s>per</s></pos><stem>you</stem></mw><gra type="gra" index="3" head="6" relation="SUBJ"/></mor></w>
    <w>can<mor type="mor"><mw><pos><c>mod</c></pos><stem>can</stem></mw><gra type="gra" index="4" head="6" relation="AUX"/></mor></w>
    <w>just<mor type="mor"><mw><pos><c>adj</c></pos><stem>just</stem></mw><gra type="gra" index="5" head="6" relation="MOD"/></mor></w>
    <g><w>pop<mor type="mor"><mw><pos><c>n</c></pos><stem>pop</stem></mw><gra type="gra" index="6" head="2" relation="OBJ"/></mor></w><k type="stressing"/></g>
    <w>that<mor type="mor"><mw><pos><c>comp</c></pos><stem>that</stem></mw><gra type="gra" index="7" head="6" relation="POSTMOD"/></mor></w>
    <w>all<mor type="mor"><mw><pos><c>adv</c></pos><stem>all</stem></mw><gra type="gra" index="8" head="9" relation="JCT"/></mor></w>
    <w>in<mor type="mor"><mw><pos><c>prep</c></pos><stem>in</stem></mw><gra type="gra" index="9" head="7" relation="JCT"/></mor></w>
    <w>your<mor type="mor"><mw><pos><c>det</c><s>poss</s></pos><stem>your</stem></mw><gra type="gra" index="10" head="11" relation="DET"/></mor></w>
    <w>mouth<mor type="mor"><mw><pos><c>n</c></pos><stem>mouth</stem></mw><gra type="gra" index="11" head="9" relation="POBJ"/></mor></w>
    <t type="p"><mor type="mor"><mt type="p"/><gra type="gra" index="12" head="2" relation="PUNCT"/></mor></t>

  </u>
  <u who="MOT" uID="u139">
    <w>pop<mor type="mor"><mw><pos><c>n</c></pos><stem>pop</stem></mw><gra type="gra" index="1" head="0" relation="INCROOT"/></mor></w>
    <t type="e"><mor type="mor"><mt type="e"/><gra type="gra" index="2" head="1" relation="PUNCT"/></mor></t>

    <a type="actions">&lt;aft&gt; picks up napkin and gives to Chuck</a>
    <a type="gesture">smiles at Chuck</a>
  </u>
  <u who="CHI" uID="u140">
    <e><action/></e>
    <t type="p"></t>

    <a type="actions">puts orange in mouth . turns to Mother and eats</a>
  </u>
  <u who="MOT" uID="u141">
    <w>gettin<shortening>g</shortening><mor type="mor"><mw><pos><c>part</c></pos><stem>get</stem><mk type="sfx">PRESP</mk></mw><gra type="gra" index="1" head="0" relation="ROOT"/></mor></w>
    <w>kind<mor type="mor"><mw><pos><c>n</c></pos><stem>kind</stem></mw><gra type="gra" index="2" head="1" relation="OBJ"/></mor></w>
    <w>o<shortening>f</shortening><mor type="mor"><mw><pos><c>prep</c></pos><stem>of</stem></mw><gra type="gra" index="3" head="2" relation="NJCT"/></mor></w>
    <w>sticky<mor type="mor"><mw><pos><c>n</c></pos><stem>sticky</stem></mw><gra type="gra" index="4" head="3" relation="POBJ"/></mor></w>
    <t type="p"><mor type="mor"><mt type="p"/><gra type="gra" index="5" head="1" relation="PUNCT"/></mor></t>

  </u>
  <u who="MOT" uID="u142">
    <w>let<mor type="mor"><mw><pos><c>v</c></pos><stem>let</stem><mk type="sfxf">ZERO</mk></mw><gra type="gra" index="1" head="0" relation="ROOT"/></mor></w>
    <w>me<mor type="mor"><mw><pos><c>pro</c><s>obj</s></pos><stem>me</stem></mw><gra type="gra" index="2" head="3" relation="SUBJ"/></mor></w>
    <w>get<mor type="mor"><mw><pos><c>v</c></pos><stem>get</stem></mw><gra type="gra" index="3" head="1" relation="COMP"/></mor></w>
    <w>a<mor type="mor"><mw><pos><c>det</c><s>art</s></pos><stem>a</stem></mw><gra type="gra" index="4" head="6" relation="DET"/></mor></w>
    <w>clean<mor type="mor"><mw><pos><c>adj</c></pos><stem>clean</stem></mw><gra type="gra" index="5" head="6" relation="MOD"/></mor></w>
    <w>one<mor type="mor"><mw><pos><c>pro</c><s>indef</s></pos><stem>one</stem></mw><gra type="gra" index="6" head="3" relation="OBJ"/></mor></w>
    <w>for<mor type="mor"><mw><pos><c>prep</c></pos><stem>for</stem></mw><gra type="gra" index="7" head="6" relation="NJCT"/></mor></w>
    <w>ya<mor type="mor"><mw><pos><c>pro</c><s>per</s></pos><stem>you</stem></mw><gra type="gra" index="8" head="7" relation="POBJ"/></mor></w>
    <t type="p"><mor type="mor"><mt type="p"/><gra type="gra" index="9" head="1" relation="PUNCT"/></mor></t>

    <a type="actions">&lt;aft&gt; goes to kitchen , comes back and sits</a>
  </u>
  <u who="CHI" uID="u143">
    <e><action/></e>
    <t type="p"></t>

    <a type="actions">looks at Mother . wipes</a>
  </u>
  <u who="MOT" uID="u144">
    <w>okay<mor type="mor"><mw><pos><c>co</c></pos><stem>okay</stem></mw><gra type="gra" index="1" head="0" relation="INCROOT"/></mor></w>
    <t type="p"><mor type="mor"><mt type="p"/><gra type="gra" index="2" head="1" relation="PUNCT"/></mor></t>

  </u>
  <u who="MOT" uID="u145">
    <w>put<mor type="mor"><mw><pos><c>v</c></pos><stem>put</stem><mk type="sfxf">ZERO</mk></mw><gra type="gra" index="1" head="0" relation="ROOT"/></mor></w>
    <w>it<mor type="mor"><mw><pos><c>pro</c><s>per</s></pos><stem>it</stem></mw><gra type="gra" index="2" head="1" relation="OBJ"/></mor></w>
    <w>in<mor type="mor"><mw><pos><c>prep</c></pos><stem>in</stem></mw><gra type="gra" index="3" head="1" relation="JCT"/></mor></w>
    <w>your<mor type="mor"><mw><pos><c>det</c><s>poss</s></pos><stem>your</stem></mw><gra type="gra" index="4" head="5" relation="DET"/></mor></w>
    <w>discard<mor type="mor"><mw><pos><c>v</c></pos><stem>discard</stem></mw><gra type="gra" index="5" head="3" relation="POBJ"/></mor></w>
    <w>pile<mor type="mor"><mw><pos><c>n</c></pos><stem>pile</stem></mw><gra type="gra" index="6" head="5" relation="OBJ"/></mor></w>
    <pause symbolic-length="simple"/>
    <w>okay<mor type="mor"><mw><pos><c>adj</c></pos><stem>okay</stem></mw><gra type="gra" index="7" head="6" relation="POSTMOD"/></mor></w>
    <t type="q"><mor type="mor"><mt type="q"/><gra type="gra" index="8" head="1" relation="PUNCT"/></mor></t>

  </u>
  <u who="CHI" uID="u146">
    <e><action/></e>
    <t type="p"></t>

    <a type="actions">puts in discard pile</a>
  </u>
</CHAT>