<?xml version="1.0" encoding="UTF-8"?>

<CHAT xmlns:xsi="http://www.w3.org/2001/XMLSchema-instance"
      xmlns="http://www.talkbank.org/ns/talkbank"
      xsi:schemaLocation="http://www.talkbank.org/ns/talkbank https://talkbank.org/software/talkbank.xsd"
            DesignType="cross"
            ActivityType="toyplay"
            GroupType="TD"
      PID="11312/c-00015280-1"
      Version="2.16.0"
      Lang="eng"
      Corpus="Bates"
      >
  <Participants>
    <participant
      id="CHI"
    name="Ed"
      role="Target_Child"
      language="eng"
      age="P2Y04M"
      sex="male"
      group="TD"
      SES="MC"

    />
    <participant
      id="MOT"
      role="Mother"
      language="eng"
      sex="female"

    />
  </Participants>
  <comment type="Types">cross, toyplay, TD</comment>
  <u who="MOT" uID="u0">
    <w>would<mor type="mor"><mw><pos><c>mod</c></pos><stem>will</stem><mk type="sfxf">COND</mk></mw><gra type="gra" index="1" head="3" relation="AUX"/></mor></w>
    <w>you<mor type="mor"><mw><pos><c>pro</c><s>per</s></pos><stem>you</stem></mw><gra type="gra" index="2" head="3" relation="SUBJ"/></mor></w>
    <w>like<mor type="mor"><mw><pos><c>v</c></pos><stem>like</stem></mw><gra type="gra" index="3" head="0" relation="ROOT"/></mor></w>
    <w>a<mor type="mor"><mw><pos><c>det</c><s>art</s></pos><stem>a</stem></mw><gra type="gra" index="4" head="5" relation="DET"/></mor></w>
    <w>glass<mor type="mor"><mw><pos><c>n</c></pos><stem>glass</stem></mw><gra type="gra" index="5" head="3" relation="OBJ"/></mor></w>
    <w>of<mor type="mor"><mw><pos><c>prep</c></pos><stem>of</stem></mw><gra type="gra" index="6" head="5" relation="NJCT"/></mor></w>
    <w>eggnog<mor type="mor"><mw><pos><c>n</c></pos><stem>eggnog</stem></mw><gra type="gra" index="7" head="6" relation="POBJ"/></mor></w>
    <t type="q"><mor type="mor"><mt type="q"/><gra type="gra" index="8" head="3" relation="PUNCT"/></mor></t>

    <a type="actions">&lt;1w&gt; leans over Ed . &lt;1w&gt; walks to kitchen .</a>
    <a type="gesture">looks at Ed</a>
  </u>
  <u who="MOT" uID="u1">
    <w>would<mor type="mor"><mw><pos><c>mod</c></pos><stem>will</stem><mk type="sfxf">COND</mk></mw><gra type="gra" index="1" head="3" relation="AUX"/></mor></w>
    <w>you<mor type="mor"><mw><pos><c>pro</c><s>per</s></pos><stem>you</stem></mw><gra type="gra" index="2" head="3" relation="SUBJ"/></mor></w>
    <pause symbolic-length="simple"/>
    <w>Bun<mor type="mor"><mw><pos><c>n</c><s>prop</s></pos><stem>Bun</stem></mw><gra type="gra" index="3" head="0" relation="INCROOT"/></mor></w>
    <t type="q"><mor type="mor"><mt type="q"/><gra type="gra" index="4" head="3" relation="PUNCT"/></mor></t>

    <a type="actions">&lt;1w&gt; prepares snack</a>
  </u>
  <u who="CHI" uID="u2">
    <w>uhhuh<mor type="mor"><mw><pos><c>co</c></pos><stem>uhhuh</stem></mw><gra type="gra" index="1" head="0" relation="INCROOT"/></mor></w>
    <t type="p"><mor type="mor"><mt type="p"/><gra type="gra" index="2" head="1" relation="PUNCT"/></mor></t>

    <a type="actions">&lt;bef&gt; walks to chair . &lt;dur&gt; gets on chair</a>
  </u>
  <u who="MOT" uID="u3">
    <w>want<mor type="mor"><mw><pos><c>v</c></pos><stem>want</stem></mw><gra type="gra" index="1" head="0" relation="ROOT"/></mor></w>
    <w>a<mor type="mor"><mw><pos><c>det</c><s>art</s></pos><stem>a</stem></mw><gra type="gra" index="2" head="3" relation="DET"/></mor></w>
    <w>lot<mor type="mor"><mw><pos><c>n</c></pos><stem>lot</stem></mw><gra type="gra" index="3" head="1" relation="OBJ"/></mor></w>
    <w>or<mor type="mor"><mw><pos><c>coord</c></pos><stem>or</stem></mw><gra type="gra" index="4" head="3" relation="CONJ"/></mor></w>
    <w>a<mor type="mor"><mw><pos><c>det</c><s>art</s></pos><stem>a</stem></mw><gra type="gra" index="5" head="6" relation="DET"/></mor></w>
    <w>little<mor type="mor"><mw><pos><c>adj</c></pos><stem>little</stem></mw><gra type="gra" index="6" head="4" relation="COORD"/></mor></w>
    <t type="q"><mor type="mor"><mt type="q"/><gra type="gra" index="7" head="1" relation="PUNCT"/></mor></t>

    <a type="gesture">looks at Ed</a>
  </u>
  <u who="CHI" uID="u4">
    <w type="filler">uh</w>
    <pause symbolic-length="simple"/>
    <w>lot<mor type="mor"><mw><pos><c>n</c></pos><stem>lot</stem></mw><gra type="gra" index="1" head="0" relation="INCROOT"/></mor></w>
    <t type="p"><mor type="mor"><mt type="p"/><gra type="gra" index="2" head="1" relation="PUNCT"/></mor></t>

    <a type="actions">turns toward Mother</a>
    <a type="gesture">&lt;bef&gt; looks around . &lt;dur&gt; looks at Mother</a>
  </u>
  <u who="MOT" uID="u5">
    <w>okay<mor type="mor"><mw><pos><c>co</c></pos><stem>okay</stem></mw><gra type="gra" index="1" head="0" relation="INCROOT"/></mor></w>
    <t type="p"><mor type="mor"><mt type="p"/><gra type="gra" index="2" head="1" relation="PUNCT"/></mor></t>

    <a type="gesture">looks at Ed</a>
  </u>
  <u who="MOT" uID="u6">
    <w>here's<mor type="mor"><mw><pos><c>pro</c><s>exist</s></pos><stem>here</stem></mw><gra type="gra" index="1" head="2" relation="SUBJ"/><mor-post><mw><pos><c>cop</c></pos><stem>be</stem><mk type="sfxf">3S</mk></mw><gra type="gra" index="2" head="0" relation="ROOT"/></mor-post></mor></w>
    <w>a<mor type="mor"><mw><pos><c>det</c><s>art</s></pos><stem>a</stem></mw><gra type="gra" index="3" head="5" relation="DET"/></mor></w>
    <w>whole<mor type="mor"><mw><pos><c>adj</c></pos><stem>whole</stem></mw><gra type="gra" index="4" head="5" relation="MOD"/></mor></w>
    <w>lot<mor type="mor"><mw><pos><c>n</c></pos><stem>lot</stem></mw><gra type="gra" index="5" head="2" relation="PRED"/></mor></w>
    <t type="p"><mor type="mor"><mt type="p"/><gra type="gra" index="6" head="2" relation="PUNCT"/></mor></t>

    <a type="actions">&lt;1w&gt; brings cup to Ed .</a>
  </u>
  <u who="MOT" uID="u7">
    <w>should<mor type="mor"><mw><pos><c>mod</c></pos><stem>should</stem></mw><gra type="gra" index="1" head="3" relation="AUX"/></mor></w>
    <w>we<mor type="mor"><mw><pos><c>pro</c><s>sub</s></pos><stem>we</stem></mw><gra type="gra" index="2" head="3" relation="SUBJ"/></mor></w>
    <w>put<mor type="mor"><mw><pos><c>v</c></pos><stem>put</stem><mk type="sfxf">ZERO</mk></mw><gra type="gra" index="3" head="0" relation="ROOT"/></mor></w>
    <w>your<mor type="mor"><mw><pos><c>det</c><s>poss</s></pos><stem>your</stem></mw><gra type="gra" index="4" head="5" relation="DET"/></mor></w>
    <w>bib<mor type="mor"><mw><pos><c>n</c></pos><stem>bib</stem></mw><gra type="gra" index="5" head="3" relation="OBJ"/></mor></w>
    <w>on<mor type="mor"><mw><pos><c>adv</c></pos><stem>on</stem></mw><gra type="gra" index="6" head="3" relation="JCT"/></mor></w>
    <t type="q"><mor type="mor"><mt type="q"/><gra type="gra" index="7" head="3" relation="PUNCT"/></mor></t>

    <a type="paralinguistics">&lt;1w&gt; spoken softly</a>
    <a type="actions">&lt;1w&gt; leans over and holds out bib . &lt;1w&gt; stands behind Ed and puts bib on</a>
  </u>
  <u who="MOT" uID="u8">
    <w>huh<mor type="mor"><mw><pos><c>co</c></pos><stem>huh</stem></mw><gra type="gra" index="1" head="2" relation="COM"/></mor></w>
    <w>Ed<mor type="mor"><mw><pos><c>n</c><s>prop</s></pos><stem>Ed</stem></mw><gra type="gra" index="2" head="0" relation="INCROOT"/></mor></w>
    <t type="q"><mor type="mor"><mt type="q"/><gra type="gra" index="3" head="2" relation="PUNCT"/></mor></t>

  </u>
  <u who="CHI" uID="u9">
    <e><action/></e>
    <t type="p"></t>

    <a type="actions">drinks</a>
  </u>
  <u who="MOT" uID="u10">
    <w>pretty<mor type="mor"><mw><pos><c>adv</c></pos><stem>pretty</stem></mw><gra type="gra" index="1" head="2" relation="JCT"/></mor></w>
    <w>good<mor type="mor"><mw><pos><c>adj</c></pos><stem>good</stem></mw><gra type="gra" index="2" head="0" relation="INCROOT"/></mor></w>
    <pause symbolic-length="simple"/>
    <w>huh<mor type="mor"><mw><pos><c>co</c></pos><stem>huh</stem></mw><gra type="gra" index="3" head="2" relation="COM"/></mor></w>
    <t type="q"><mor type="mor"><mt type="q"/><gra type="gra" index="4" head="2" relation="PUNCT"/></mor></t>

    <a type="gesture">watches Ed</a>
  </u>
  <u who="MOT" uID="u11">
    <w>you<mor type="mor"><mw><pos><c>pro</c><s>per</s></pos><stem>you</stem></mw><gra type="gra" index="1" head="2" relation="SUBJ"/></mor></w>
    <w>were<mor type="mor"><mw><pos><c>cop</c></pos><stem>be</stem><mk type="sfxf">PAST</mk></mw><gra type="gra" index="2" head="0" relation="ROOT"/></mor></w>
    <w>very<mor type="mor"><mw><pos><c>adv</c></pos><stem>very</stem></mw><gra type="gra" index="3" head="4" relation="JCT"/></mor></w>
    <w>thirsty<mor type="mor"><mw><pos><c>adj</c></pos><stem>thirst</stem><mk type="sfxf">dn</mk><mk type="sfx">Y</mk></mw><gra type="gra" index="4" head="2" relation="PRED"/></mor></w>
    <pause symbolic-length="simple"/>
    <w>I<mor type="mor"><mw><pos><c>pro</c><s>sub</s></pos><stem>I</stem></mw><gra type="gra" index="5" head="6" relation="SUBJ"/></mor></w>
    <w>guess<mor type="mor"><mw><pos><c>v</c></pos><stem>guess</stem></mw><gra type="gra" index="6" head="2" relation="CJCT"/></mor></w>
    <t type="p"><mor type="mor"><mt type="p"/><gra type="gra" index="7" head="2" relation="PUNCT"/></mor></t>

    <a type="actions">&lt;1w&gt; sits</a>
  </u>
  <u who="CHI" uID="u12">
    <e><action/></e>
    <t type="p"></t>

    <a type="gesture">looks around , at Mother</a>
    <a type="actions">drinks</a>
  </u>
  <u who="MOT" uID="u13">
    <g><w>very<mor type="mor"><mw><pos><c>adv</c></pos><stem>very</stem></mw><gra type="gra" index="1" head="2" relation="JCT"/></mor></w><k type="stressing"/></g>
    <w>thirsty<mor type="mor"><mw><pos><c>adj</c></pos><stem>thirst</stem><mk type="sfxf">dn</mk><mk type="sfx">Y</mk></mw><gra type="gra" index="2" head="0" relation="INCROOT"/></mor></w>
    <pause symbolic-length="simple"/>
    <w>I<mor type="mor"><mw><pos><c>pro</c><s>sub</s></pos><stem>I</stem></mw><gra type="gra" index="3" head="4" relation="SUBJ"/></mor></w>
    <w>guess<mor type="mor"><mw><pos><c>v</c></pos><stem>guess</stem></mw><gra type="gra" index="4" head="2" relation="CMOD"/></mor></w>
    <t type="p"><mor type="mor"><mt type="p"/><gra type="gra" index="5" head="2" relation="PUNCT"/></mor></t>

    <a type="gesture">looks at Ed</a>
    <a type="paralinguistics">&lt;1w&gt; laughs</a>
  </u>
  <u who="MOT" uID="u14">
    <w>what<mor type="mor"><mw><pos><c>pro</c><s>int</s></pos><stem>what</stem></mw><gra type="gra" index="1" head="4" relation="LINK"/></mor></w>
    <w>do<mor type="mor"><mw><pos><c>mod</c></pos><stem>do</stem></mw><gra type="gra" index="2" head="4" relation="AUX"/></mor></w>
    <w>you<mor type="mor"><mw><pos><c>pro</c><s>per</s></pos><stem>you</stem></mw><gra type="gra" index="3" head="4" relation="SUBJ"/></mor></w>
    <w>have<mor type="mor"><mw><pos><c>v</c></pos><stem>have</stem></mw><gra type="gra" index="4" head="0" relation="ROOT"/></mor></w>
    <w>on<mor type="mor"><mw><pos><c>prep</c></pos><stem>on</stem></mw><gra type="gra" index="5" head="4" relation="JCT"/></mor></w>
    <w>your<mor type="mor"><mw><pos><c>det</c><s>poss</s></pos><stem>your</stem></mw><gra type="gra" index="6" head="7" relation="DET"/></mor></w>
    <w>face<mor type="mor"><mw><pos><c>n</c></pos><stem>face</stem></mw><gra type="gra" index="7" head="5" relation="POBJ"/></mor></w>
    <w>now<mor type="mor"><mw><pos><c>adv</c><s>tem</s></pos><stem>now</stem></mw><gra type="gra" index="8" head="4" relation="JCT"/></mor></w>
    <t type="q"><mor type="mor"><mt type="q"/><gra type="gra" index="9" head="4" relation="PUNCT"/></mor></t>

  </u>
  <u who="CHI" uID="u15">
    <w>mustache<mor type="mor"><mw><pos><c>n</c></pos><stem>mustache</stem></mw><gra type="gra" index="1" head="0" relation="INCROOT"/></mor></w>
    <t type="p"><mor type="mor"><mt type="p"/><gra type="gra" index="2" head="1" relation="PUNCT"/></mor></t>

    <a type="gesture">&lt;bef&gt; looks at Mother , around . &lt;dur&gt; looks at Mother . &lt;aft&gt; looks down , around</a>
    <a type="extension" flavor="pho">mO+t6tS</a>
  </u>
  <u who="MOT" uID="u16">
    <w>yeah<mor type="mor"><mw><pos><c>co</c></pos><stem>yeah</stem></mw><gra type="gra" index="1" head="0" relation="INCROOT"/></mor></w>
    <t type="p"><mor type="mor"><mt type="p"/><gra type="gra" index="2" head="1" relation="PUNCT"/></mor></t>

    <a type="gesture">&lt;aft&gt; looks down , at Ed</a>
    <a type="explanation">chair falls</a>
    <a type="actions">sits back</a>
  </u>
  <u who="CHI" uID="u17">
    <w>I<mor type="mor"><mw><pos><c>pro</c><s>sub</s></pos><stem>I</stem></mw><gra type="gra" index="1" head="2" relation="SUBJ"/></mor></w>
    <g><w>want<mor type="mor"><mw><pos><c>v</c></pos><stem>want</stem></mw><gra type="gra" index="2" head="0" relation="ROOT"/></mor></w><error/></g>
    <w>get<mor type="mor"><mw><pos><c>v</c></pos><stem>get</stem></mw><gra type="gra" index="3" head="2" relation="COMP"/></mor></w>
    <w>down<mor type="mor"><mw><pos><c>adv</c></pos><stem>down</stem></mw><gra type="gra" index="4" head="5" relation="JCT"/></mor></w>
    <w>now<mor type="mor"><mw><pos><c>adv</c><s>tem</s></pos><stem>now</stem></mw><gra type="gra" index="5" head="3" relation="JCT"/></mor></w>
    <t type="p"><mor type="mor"><mt type="p"/><gra type="gra" index="6" head="2" relation="PUNCT"/></mor></t>

    <a type="actions">puts cup down on table</a>
    <a type="gesture">&lt;aft&gt; looks out , around</a>
    <a type="extension" flavor="pho">ai w6n get daun nau</a>
  </u>
  <u who="MOT" uID="u18">
    <w>you<mor type="mor"><mw><pos><c>pro</c><s>per</s></pos><stem>you</stem></mw><gra type="gra" index="1" head="2" relation="SUBJ"/></mor></w>
    <w>want<mor type="mor"><mw><pos><c>v</c></pos><stem>want</stem></mw><gra type="gra" index="2" head="0" relation="ROOT"/></mor></w>
    <w>down<mor type="mor"><mw><pos><c>adv</c></pos><stem>down</stem></mw><gra type="gra" index="3" head="4" relation="JCT"/></mor></w>
    <w>now<mor type="mor"><mw><pos><c>adv</c><s>tem</s></pos><stem>now</stem></mw><gra type="gra" index="4" head="2" relation="JCT"/></mor></w>
    <t type="q"><mor type="mor"><mt type="q"/><gra type="gra" index="5" head="2" relation="PUNCT"/></mor></t>

    <a type="gesture">looks at Ed</a>
    <a type="paralinguistics">&lt;1w&gt; laughs</a>
  </u>
  <u who="MOT" uID="u19">
    <w>that<mor type="mor"><mw><pos><c>pro</c><s>dem</s></pos><stem>that</stem></mw><gra type="gra" index="1" head="2" relation="SUBJ"/></mor></w>
    <w>was<mor type="mor"><mw><pos><c>cop</c></pos><stem>be</stem><mk type="sfxf">PAST</mk><mk type="sfxf">13S</mk></mw><gra type="gra" index="2" head="0" relation="ROOT"/></mor></w>
    <w>a<mor type="mor"><mw><pos><c>det</c><s>art</s></pos><stem>a</stem></mw><gra type="gra" index="3" head="6" relation="DET"/></mor></w>
    <w>pretty<mor type="mor"><mw><pos><c>adj</c></pos><stem>pretty</stem></mw><gra type="gra" index="4" head="5" relation="JCT"/></mor></w>
    <w>quick<mor type="mor"><mw><pos><c>adj</c></pos><stem>quick</stem></mw><gra type="gra" index="5" head="6" relation="MOD"/></mor></w>
    <w>snack<mor type="mor"><mw><pos><c>n</c></pos><stem>snack</stem></mw><gra type="gra" index="6" head="2" relation="PRED"/></mor></w>
    <t type="p"><mor type="mor"><mt type="p"/><gra type="gra" index="7" head="2" relation="PUNCT"/></mor></t>

  </u>
  <u who="MOT" uID="u20">
    <w>should<mor type="mor"><mw><pos><c>mod</c></pos><stem>should</stem></mw><gra type="gra" index="1" head="3" relation="AUX"/></mor></w>
    <w>we<mor type="mor"><mw><pos><c>pro</c><s>sub</s></pos><stem>we</stem></mw><gra type="gra" index="2" head="3" relation="SUBJ"/></mor></w>
    <w>wipe<mor type="mor"><mw><pos><c>v</c></pos><stem>wipe</stem></mw><gra type="gra" index="3" head="0" relation="ROOT"/></mor></w>
    <w>off<mor type="mor"><mw><pos><c>prep</c></pos><stem>off</stem></mw><gra type="gra" index="4" head="3" relation="JCT"/></mor></w>
    <w>your<mor type="mor"><mw><pos><c>det</c><s>poss</s></pos><stem>your</stem></mw><gra type="gra" index="5" head="7" relation="DET"/></mor></w>
    <w>eggnog<mor type="mor"><mw><pos><c>n</c></pos><stem>eggnog</stem></mw><gra type="gra" index="6" head="7" relation="MOD"/></mor></w>
    <w>moustache<mor type="mor"><mw><pos><c>n</c></pos><stem>moustache</stem></mw><gra type="gra" index="7" head="4" relation="POBJ"/></mor></w>
    <t type="q"><mor type="mor"><mt type="q"/><gra type="gra" index="8" head="3" relation="PUNCT"/></mor></t>

  </u>
  <u who="CHI" uID="u21">
    <w>mhm<mor type="mor"><mw><pos><c>co</c></pos><stem>mhm</stem></mw><menx>yes</menx><gra type="gra" index="1" head="0" relation="INCROOT"/></mor></w>
    <t type="p"><mor type="mor"><mt type="p"/><gra type="gra" index="2" head="1" relation="PUNCT"/></mor></t>

    <a type="gesture">looks at Mother</a>
  </u>
  <u who="MOT" uID="u22">
    <w>okay<mor type="mor"><mw><pos><c>co</c></pos><stem>okay</stem></mw><gra type="gra" index="1" head="0" relation="INCROOT"/></mor></w>
    <t type="p"><mor type="mor"><mt type="p"/><gra type="gra" index="2" head="1" relation="PUNCT"/></mor></t>

    <a type="gesture">&lt;1w&gt; looks at Investigator</a>
  </u>
  <u who="MOT" uID="u23">
    <w>would<mor type="mor"><mw><pos><c>mod</c></pos><stem>will</stem><mk type="sfxf">COND</mk></mw><gra type="gra" index="1" head="3" relation="AUX"/></mor></w>
    <w>you<mor type="mor"><mw><pos><c>pro</c><s>per</s></pos><stem>you</stem></mw><gra type="gra" index="2" head="3" relation="SUBJ"/></mor></w>
    <w>like<mor type="mor"><mw><pos><c>v</c></pos><stem>like</stem></mw><gra type="gra" index="3" head="0" relation="ROOT"/></mor></w>
    <w>some<mor type="mor"><mw><pos><c>qn</c></pos><stem>some</stem></mw><gra type="gra" index="4" head="6" relation="QUANT"/></mor></w>
    <w>more<mor type="mor"><mw><pos><c>qn</c></pos><stem>more</stem></mw><gra type="gra" index="5" head="6" relation="QUANT"/></mor></w>
    <w>eggnog<mor type="mor"><mw><pos><c>n</c></pos><stem>eggnog</stem></mw><gra type="gra" index="6" head="3" relation="OBJ"/></mor></w>
    <t type="q"><mor type="mor"><mt type="q"/><gra type="gra" index="7" head="3" relation="PUNCT"/></mor></t>

  </u>
  <u who="MOT" uID="u24">
    <w>or<mor type="mor"><mw><pos><c>coord</c></pos><stem>or</stem></mw><gra type="gra" index="1" head="0" relation="INCROOT"/></mor></w>
    <w>something<mor type="mor"><mw><pos><c>pro</c><s>indef</s></pos><stem>something</stem></mw><gra type="gra" index="2" head="1" relation="COORD"/></mor></w>
    <w>else<mor type="mor"><mw><pos><c>post</c></pos><stem>else</stem></mw><gra type="gra" index="3" head="2" relation="PQ"/></mor></w>
    <t type="q"><mor type="mor"><mt type="q"/><gra type="gra" index="4" head="1" relation="PUNCT"/></mor></t>

  </u>
  <u who="CHI" uID="u25">
    <g><w>something</w><k type="retracing"/></g>
    <w>something<mor type="mor"><mw><pos><c>pro</c><s>indef</s></pos><stem>something</stem></mw><gra type="gra" index="1" head="0" relation="INCROOT"/></mor></w>
    <w>else<mor type="mor"><mw><pos><c>post</c></pos><stem>else</stem></mw><gra type="gra" index="2" head="1" relation="PQ"/></mor></w>
    <t type="p"><mor type="mor"><mt type="p"/><gra type="gra" index="3" head="1" relation="PUNCT"/></mor></t>

    <a type="gesture">&lt;bef&gt; looks around . &lt;dur&gt; looks at Mother</a>
    <a type="actions">&lt;bef&gt; on knees in chair</a>
    <a type="extension" flavor="pho">s6min s6mDIN els6</a>
  </u>
  <u who="MOT" uID="u26">
    <w>you<mor type="mor"><mw><pos><c>pro</c><s>per</s></pos><stem>you</stem></mw><gra type="gra" index="1" head="2" relation="SUBJ"/></mor></w>
    <w>want<mor type="mor"><mw><pos><c>v</c></pos><stem>want</stem></mw><gra type="gra" index="2" head="0" relation="ROOT"/></mor></w>
    <w>something<mor type="mor"><mw><pos><c>pro</c><s>indef</s></pos><stem>something</stem></mw><gra type="gra" index="3" head="2" relation="OBJ"/></mor></w>
    <w>else<mor type="mor"><mw><pos><c>post</c></pos><stem>else</stem></mw><gra type="gra" index="4" head="3" relation="PQ"/></mor></w>
    <t type="q"><mor type="mor"><mt type="q"/><gra type="gra" index="5" head="2" relation="PUNCT"/></mor></t>

    <a type="gesture">looks at Ed</a>
  </u>
  <u who="MOT" uID="u27">
    <w>how<mor type="mor"><mw><pos><c>pro</c><s>int</s></pos><stem>how</stem></mw><gra type="gra" index="1" head="3" relation="LINK"/></mor></w>
    <w><shortening>a</shortening>bout<mor type="mor"><mw><pos><c>adv</c></pos><stem>about</stem></mw><gra type="gra" index="2" head="3" relation="JCT"/></mor></w>
    <w>if<mor type="mor"><mw><pos><c>conj</c></pos><stem>if</stem></mw><gra type="gra" index="3" head="5" relation="LINK"/></mor></w>
    <w>I<mor type="mor"><mw><pos><c>pro</c><s>sub</s></pos><stem>I</stem></mw><gra type="gra" index="4" head="5" relation="SUBJ"/></mor></w>
    <w>give<mor type="mor"><mw><pos><c>v</c></pos><stem>give</stem></mw><gra type="gra" index="5" head="0" relation="ROOT"/></mor></w>
    <w>you<mor type="mor"><mw><pos><c>pro</c><s>per</s></pos><stem>you</stem></mw><gra type="gra" index="6" head="5" relation="OBJ2"/></mor></w>
    <w>a<mor type="mor"><mw><pos><c>det</c><s>art</s></pos><stem>a</stem></mw><gra type="gra" index="7" head="9" relation="DET"/></mor></w>
    <w>little<mor type="mor"><mw><pos><c>adj</c></pos><stem>little</stem></mw><gra type="gra" index="8" head="9" relation="MOD"/></mor></w>
    <w>cracker<mor type="mor"><mw><pos><c>n</c></pos><stem>cracker</stem></mw><gra type="gra" index="9" head="5" relation="OBJ"/></mor></w>
    <w>with<mor type="mor"><mw><pos><c>prep</c></pos><stem>with</stem></mw><gra type="gra" index="10" head="9" relation="NJCT"/></mor></w>
    <w>some<mor type="mor"><mw><pos><c>qn</c></pos><stem>some</stem></mw><gra type="gra" index="11" head="12" relation="QUANT"/></mor></w>
    <w>peanut<wk type="cmp"/>butter<mor type="mor"><mwc><pos><c>n</c></pos><mw><pos><c>n</c></pos><stem>peanut</stem></mw><mw><pos><c>n</c></pos><stem>butter</stem></mw></mwc><gra type="gra" index="12" head="10" relation="POBJ"/></mor></w>
    <w>on<mor type="mor"><mw><pos><c>prep</c></pos><stem>on</stem></mw><gra type="gra" index="13" head="12" relation="NJCT"/></mor></w>
    <w>it<mor type="mor"><mw><pos><c>pro</c><s>per</s></pos><stem>it</stem></mw><gra type="gra" index="14" head="13" relation="POBJ"/></mor></w>
    <t type="q"><mor type="mor"><mt type="q"/><gra type="gra" index="15" head="5" relation="PUNCT"/></mor></t>

  </u>
  <u who="CHI" uID="u28">
    <w>oh<mor type="mor"><mw><pos><c>co</c></pos><stem>oh</stem></mw><gra type="gra" index="1" head="0" relation="INCROOT"/></mor></w>
    <t type="e"><mor type="mor"><mt type="e"/><gra type="gra" index="2" head="1" relation="PUNCT"/></mor></t>

    <a type="gesture">smiles . looks at Mother , out , at Mother</a>
  </u>
  <u who="MOT" uID="u29">
    <w>that'd<mor type="mor"><mw><pos><c>pro</c><s>rel</s></pos><stem>that</stem></mw><gra type="gra" index="1" head="3" relation="LINK"/><mor-post><mw><pos><c>mod</c></pos><stem>genmod</stem></mw><gra type="gra" index="2" head="3" relation="AUX"/></mor-post></mor></w>
    <w>be<mor type="mor"><mw><pos><c>cop</c></pos><stem>be</stem></mw><gra type="gra" index="3" head="0" relation="ROOT"/></mor></w>
    <w>good<mor type="mor"><mw><pos><c>adj</c></pos><stem>good</stem></mw><gra type="gra" index="4" head="3" relation="PRED"/></mor></w>
    <pause symbolic-length="simple"/>
    <w>huh<mor type="mor"><mw><pos><c>co</c></pos><stem>huh</stem></mw><gra type="gra" index="5" head="3" relation="COM"/></mor></w>
    <t type="q"><mor type="mor"><mt type="q"/><gra type="gra" index="6" head="3" relation="PUNCT"/></mor></t>

  </u>
  <u who="MOT" uID="u30">
    <w>that<mor type="mor"><mw><pos><c>pro</c><s>dem</s></pos><stem>that</stem></mw><gra type="gra" index="1" head="3" relation="SUBJ"/></mor></w>
    <w>can<mor type="mor"><mw><pos><c>mod</c></pos><stem>can</stem></mw><gra type="gra" index="2" head="3" relation="AUX"/></mor></w>
    <w>be<mor type="mor"><mw><pos><c>cop</c></pos><stem>be</stem></mw><gra type="gra" index="3" head="0" relation="ROOT"/></mor></w>
    <w>part<mor type="mor"><mw><pos><c>adj</c></pos><stem>part</stem></mw><gra type="gra" index="4" head="3" relation="PRED"/></mor></w>
    <w>of<mor type="mor"><mw><pos><c>prep</c></pos><stem>of</stem></mw><gra type="gra" index="5" head="4" relation="JCT"/></mor></w>
    <w>your<mor type="mor"><mw><pos><c>det</c><s>poss</s></pos><stem>your</stem></mw><gra type="gra" index="6" head="7" relation="DET"/></mor></w>
    <w>lunch<mor type="mor"><mw><pos><c>n</c></pos><stem>lunch</stem></mw><gra type="gra" index="7" head="5" relation="POBJ"/></mor></w>
    <t type="p"><mor type="mor"><mt type="p"/><gra type="gra" index="8" head="3" relation="PUNCT"/></mor></t>

    <a type="actions">&lt;aft&gt; prepares snack</a>
  </u>
  <u who="CHI" uID="u31">
    <e><action/><ga type="paralinguistics">burped</ga></e>
    <t type="p"></t>

    <a type="gesture">looks at Mother</a>
  </u>
  <u who="MOT" uID="u32">
    <w>you<mor type="mor"><mw><pos><c>pro</c><s>per</s></pos><stem>you</stem></mw><gra type="gra" index="1" head="2" relation="SUBJ"/></mor></w>
    <w>burped<mor type="mor"><mw><pos><c>v</c></pos><stem>burp</stem><mk type="sfx">PAST</mk></mw><gra type="gra" index="2" head="0" relation="ROOT"/></mor></w>
    <t type="e"><mor type="mor"><mt type="e"/><gra type="gra" index="3" head="2" relation="PUNCT"/></mor></t>

    <a type="actions">prepares snack</a>
  </u>
  <u who="MOT" uID="u33">
    <w>get<mor type="mor"><mw><pos><c>v</c></pos><stem>get</stem></mw><gra type="gra" index="1" head="0" relation="ROOT"/></mor></w>
    <w>out_of<mor type="mor"><mw><pos><c>prep</c></pos><stem>out_of</stem></mw><gra type="gra" index="2" head="1" relation="JCT"/></mor></w>
    <w>here<mor type="mor"><mw><pos><c>n</c></pos><stem>here</stem></mw><gra type="gra" index="3" head="5" relation="MOD"/></mor></w>
    <pause symbolic-length="simple"/>
    <w>little<mor type="mor"><mw><pos><c>adj</c></pos><stem>little</stem></mw><gra type="gra" index="4" head="5" relation="MOD"/></mor></w>
    <w>crackers<mor type="mor"><mw><pos><c>n</c></pos><stem>cracker</stem><mk type="sfx">PL</mk></mw><gra type="gra" index="5" head="2" relation="POBJ"/></mor></w>
    <w untranscribed="unintelligible">xxx</w>
    <pause symbolic-length="simple"/>
    <w>they<mor type="mor"><mw><pos><c>pro</c><s>sub</s></pos><stem>they</stem></mw><gra type="gra" index="6" head="9" relation="SUBJ"/></mor></w>
    <w>won't<mor type="mor"><mw><pos><c>mod</c></pos><stem>will</stem></mw><gra type="gra" index="7" head="9" relation="AUX"/><mor-post><mw><pos><c>neg</c></pos><stem>not</stem></mw><gra type="gra" index="8" head="7" relation="NEG"/></mor-post></mor></w>
    <w>come<mor type="mor"><mw><pos><c>v</c></pos><stem>come</stem></mw><gra type="gra" index="9" head="1" relation="CJCT"/></mor></w>
    <w>out<mor type="mor"><mw><pos><c>adv</c></pos><stem>out</stem></mw><gra type="gra" index="10" head="9" relation="JCT"/></mor></w>
    <t type="p"><mor type="mor"><mt type="p"/><gra type="gra" index="11" head="1" relation="PUNCT"/></mor></t>

  </u>
  <u who="MOT" uID="u34">
    <w>you<mor type="mor"><mw><pos><c>pro</c><s>per</s></pos><stem>you</stem></mw><gra type="gra" index="1" head="2" relation="SUBJ"/></mor></w>
    <w>want<mor type="mor"><mw><pos><c>v</c></pos><stem>want</stem></mw><gra type="gra" index="2" head="0" relation="ROOT"/></mor></w>
    <w>this<mor type="mor"><mw><pos><c>det</c><s>dem</s></pos><stem>this</stem></mw><gra type="gra" index="3" head="4" relation="DET"/></mor></w>
    <w>kind<mor type="mor"><mw><pos><c>adj</c></pos><stem>kind</stem></mw><gra type="gra" index="4" head="2" relation="JCT"/></mor></w>
    <w>of<mor type="mor"><mw><pos><c>prep</c></pos><stem>of</stem></mw><gra type="gra" index="5" head="4" relation="JCT"/></mor></w>
    <w>cracker<mor type="mor"><mw><pos><c>n</c></pos><stem>cracker</stem></mw><gra type="gra" index="6" head="5" relation="POBJ"/></mor></w>
    <t type="q"><mor type="mor"><mt type="q"/><gra type="gra" index="7" head="2" relation="PUNCT"/></mor></t>

  </u>
  <u who="CHI" uID="u35">
    <g><w>that<mor type="mor"><mw><pos><c>pro</c><s>dem</s></pos><stem>that</stem></mw><gra type="gra" index="1" head="3" relation="DET"/></mor></w><k type="stressing"/></g>
    <g><w>kind<mor type="mor"><mw><pos><c>adj</c></pos><stem>kind</stem></mw><gra type="gra" index="2" head="3" relation="MOD"/></mor></w><error/></g>
    <w>cracker<mor type="mor"><mw><pos><c>n</c></pos><stem>cracker</stem></mw><gra type="gra" index="3" head="0" relation="INCROOT"/></mor></w>
    <t type="p"><mor type="mor"><mt type="p"/><gra type="gra" index="4" head="3" relation="PUNCT"/></mor></t>

    <a type="gesture">&lt;aft&gt; looks at cracker</a>
  </u>
  <u who="MOT" uID="u36">
    <w>think<mor type="mor"><mw><pos><c>v</c></pos><stem>think</stem></mw><gra type="gra" index="1" head="0" relation="ROOT"/></mor></w>
    <w>you<mor type="mor"><mw><pos><c>pro</c><s>per</s></pos><stem>you</stem></mw><gra type="gra" index="2" head="3" relation="SUBJ"/></mor></w>
    <w>need<mor type="mor"><mw><pos><c>v</c></pos><stem>need</stem></mw><gra type="gra" index="3" head="1" relation="COMP"/></mor></w>
    <w>some<mor type="mor"><mw><pos><c>qn</c></pos><stem>some</stem></mw><gra type="gra" index="4" head="5" relation="QUANT"/></mor></w>
    <w>milk<mor type="mor"><mw><pos><c>n</c></pos><stem>milk</stem></mw><gra type="gra" index="5" head="3" relation="OBJ"/></mor></w>
    <w>with<mor type="mor"><mw><pos><c>prep</c></pos><stem>with</stem></mw><gra type="gra" index="6" head="3" relation="JCT"/></mor></w>
    <w>this<mor type="mor"><mw><pos><c>pro</c><s>dem</s></pos><stem>this</stem></mw><gra type="gra" index="7" head="6" relation="POBJ"/></mor></w>
    <t type="q"><mor type="mor"><mt type="q"/><gra type="gra" index="8" head="1" relation="PUNCT"/></mor></t>

    <a type="gesture">&lt;1w&gt; looks at cracker</a>
  </u>
  <u who="MOT" uID="u37">
    <w>think<mor type="mor"><mw><pos><c>v</c></pos><stem>think</stem></mw><gra type="gra" index="1" head="0" relation="ROOT"/></mor></w>
    <w>you<mor type="mor"><mw><pos><c>pro</c><s>per</s></pos><stem>you</stem></mw><gra type="gra" index="2" head="3" relation="SUBJ"/></mor></w>
    <w>need<mor type="mor"><mw><pos><c>v</c></pos><stem>need</stem></mw><gra type="gra" index="3" head="1" relation="COMP"/></mor></w>
    <w>some<mor type="mor"><mw><pos><c>qn</c></pos><stem>some</stem></mw><gra type="gra" index="4" head="5" relation="QUANT"/></mor></w>
    <w>milk<mor type="mor"><mw><pos><c>n</c></pos><stem>milk</stem></mw><gra type="gra" index="5" head="3" relation="OBJ"/></mor></w>
    <w>to<mor type="mor"><mw><pos><c>prep</c></pos><stem>to</stem></mw><gra type="gra" index="6" head="3" relation="JCT"/></mor></w>
    <w>drink<mor type="mor"><mw><pos><c>n</c></pos><stem>drink</stem></mw><gra type="gra" index="7" head="6" relation="POBJ"/></mor></w>
    <w>with<mor type="mor"><mw><pos><c>prep</c></pos><stem>with</stem></mw><gra type="gra" index="8" head="3" relation="JCT"/></mor></w>
    <w>this<mor type="mor"><mw><pos><c>det</c><s>dem</s></pos><stem>this</stem></mw><gra type="gra" index="9" head="10" relation="DET"/></mor></w>
    <w>cracker<mor type="mor"><mw><pos><c>n</c></pos><stem>cracker</stem></mw><gra type="gra" index="10" head="8" relation="POBJ"/></mor></w>
    <t type="q"><mor type="mor"><mt type="q"/><gra type="gra" index="11" head="1" relation="PUNCT"/></mor></t>

  </u>
  <u who="CHI" uID="u38">
    <w>or<mor type="mor"><mw><pos><c>coord</c></pos><stem>or</stem></mw><gra type="gra" index="1" head="4" relation="LINK"/></mor></w>
    <w>some<mor type="mor"><mw><pos><c>qn</c></pos><stem>some</stem></mw><gra type="gra" index="2" head="4" relation="QUANT"/></mor></w>
    <w>more<mor type="mor"><mw><pos><c>qn</c></pos><stem>more</stem></mw><gra type="gra" index="3" head="4" relation="QUANT"/></mor></w>
    <w>eggnog<mor type="mor"><mw><pos><c>n</c></pos><stem>eggnog</stem></mw><gra type="gra" index="4" head="0" relation="INCROOT"/></mor></w>
    <t type="p"><mor type="mor"><mt type="p"/><gra type="gra" index="5" head="4" relation="PUNCT"/></mor></t>

    <a type="actions">turns to cup</a>
    <a type="gesture">&lt;bef&gt; nods . &lt;dur&gt; looks inside cup . looks at Mother</a>
  </u>
  <u who="MOT" uID="u39">
    <w>okay<mor type="mor"><mw><pos><c>adj</c></pos><stem>okay</stem></mw><gra type="gra" index="1" head="3" relation="LINK"/></mor></w>
    <pause symbolic-length="simple"/>
    <w>I<mor type="mor"><mw><pos><c>pro</c><s>sub</s></pos><stem>I</stem></mw><gra type="gra" index="2" head="3" relation="SUBJ"/></mor></w>
    <w>guess<mor type="mor"><mw><pos><c>v</c></pos><stem>guess</stem></mw><gra type="gra" index="3" head="0" relation="ROOT"/></mor></w>
    <w>you<mor type="mor"><mw><pos><c>pro</c><s>per</s></pos><stem>you</stem></mw><gra type="gra" index="4" head="6" relation="SUBJ"/></mor></w>
    <w>may<mor type="mor"><mw><pos><c>mod</c></pos><stem>may</stem></mw><gra type="gra" index="5" head="6" relation="AUX"/></mor></w>
    <w>have<mor type="mor"><mw><pos><c>v</c></pos><stem>have</stem></mw><gra type="gra" index="6" head="3" relation="COMP"/></mor></w>
    <w>the<mor type="mor"><mw><pos><c>det</c><s>art</s></pos><stem>the</stem></mw><gra type="gra" index="7" head="8" relation="DET"/></mor></w>
    <w>eggnog<mor type="mor"><mw><pos><c>n</c></pos><stem>eggnog</stem></mw><gra type="gra" index="8" head="6" relation="OBJ"/></mor></w>
    <t type="p"><mor type="mor"><mt type="p"/><gra type="gra" index="9" head="3" relation="PUNCT"/></mor></t>

  </u>
  <u who="MOT" uID="u40">
    <w>it's<mor type="mor"><mw><pos><c>pro</c><s>per</s></pos><stem>it</stem></mw><gra type="gra" index="1" head="2" relation="SUBJ"/><mor-post><mw><pos><c>cop</c></pos><stem>be</stem><mk type="sfxf">3S</mk></mw><gra type="gra" index="2" head="0" relation="ROOT"/></mor-post></mor></w>
    <w>pretty<mor type="mor"><mw><pos><c>adj</c></pos><stem>pretty</stem></mw><gra type="gra" index="3" head="4" relation="JCT"/></mor></w>
    <w>good<mor type="mor"><mw><pos><c>adj</c></pos><stem>good</stem></mw><gra type="gra" index="4" head="2" relation="PRED"/></mor></w>
    <w>for<mor type="mor"><mw><pos><c>prep</c></pos><stem>for</stem></mw><gra type="gra" index="5" head="2" relation="JCT"/></mor></w>
    <w>you<mor type="mor"><mw><pos><c>pro</c><s>per</s></pos><stem>you</stem></mw><gra type="gra" index="6" head="5" relation="POBJ"/></mor></w>
    <t type="p"><mor type="mor"><mt type="p"/><gra type="gra" index="7" head="2" relation="PUNCT"/></mor></t>

    <a type="gesture">&lt;1w&gt; looks at cup</a>
    <a type="actions">&lt;1w&gt; goes back to kitchen . &lt;2u&gt; walks to table . puts plate down in front of Ed . picks up cup and fills it</a>
  </u>
  <u who="CHI" uID="u41">
    <e><action/></e>
    <t type="p"></t>

    <a type="gesture">looks at cracker , out , cracker</a>
    <a type="actions">turns toward plate . pulls plate toward self . picks up cracker and eats</a>
  </u>
  <u who="MOT" uID="u42">
    <w>Bunny<mor type="mor"><mw><pos><c>n</c><s>prop</s></pos><stem>Bunny</stem></mw><gra type="gra" index="1" head="4" relation="SUBJ"/></mor></w>
    <pause symbolic-length="simple"/>
    <w>could<mor type="mor"><mw><pos><c>mod</c></pos><stem>could</stem></mw><gra type="gra" index="2" head="4" relation="AUX"/></mor></w>
    <w>you<mor type="mor"><mw><pos><c>pro</c><s>per</s></pos><stem>you</stem></mw><gra type="gra" index="3" head="4" relation="SUBJ"/></mor></w>
    <w>turn<mor type="mor"><mw><pos><c>v</c></pos><stem>turn</stem></mw><gra type="gra" index="4" head="0" relation="ROOT"/></mor></w>
    <w>that<mor type="mor"><mw><pos><c>det</c><s>dem</s></pos><stem>that</stem></mw><gra type="gra" index="5" head="6" relation="DET"/></mor></w>
    <w>cracker<mor type="mor"><mw><pos><c>n</c></pos><stem>cracker</stem></mw><gra type="gra" index="6" head="4" relation="OBJ"/></mor></w>
    <w>over<mor type="mor"><mw><pos><c>prep</c></pos><stem>over</stem></mw><gra type="gra" index="7" head="4" relation="JCT"/></mor></w>
    <w>so<mor type="mor"><mw><pos><c>conj</c></pos><stem>so</stem></mw><gra type="gra" index="8" head="9" relation="LINK"/></mor></w>
    <w>you<mor type="mor"><mw><pos><c>pro</c><s>per</s></pos><stem>you</stem></mw><gra type="gra" index="9" head="7" relation="POBJ"/></mor></w>
    <t type="trail off"><mor type="mor"><mt type="trail off"/><gra type="gra" index="10" head="4" relation="PUNCT"/></mor></t>

    <a type="actions">&lt;1w&gt; takes cracker and closes it .</a>
    <a type="gesture">looks at Ed , at cracker</a>
  </u>
  <u who="MOT" uID="u43">
    <w>here<mor type="mor"><mw><pos><c>adv</c></pos><stem>here</stem></mw><gra type="gra" index="1" head="4" relation="JCT"/></mor></w>
    <pause symbolic-length="simple"/>
    <w>I'll<mor type="mor"><mw><pos><c>pro</c><s>sub</s></pos><stem>I</stem></mw><gra type="gra" index="2" head="4" relation="SUBJ"/><mor-post><mw><pos><c>mod</c></pos><stem>will</stem></mw><gra type="gra" index="3" head="4" relation="AUX"/></mor-post></mor></w>
    <w>close<mor type="mor"><mw><pos><c>v</c></pos><stem>close</stem></mw><gra type="gra" index="4" head="0" relation="ROOT"/></mor></w>
    <w>it<mor type="mor"><mw><pos><c>pro</c><s>per</s></pos><stem>it</stem></mw><gra type="gra" index="5" head="4" relation="OBJ"/></mor></w>
    <w>up<mor type="mor"><mw><pos><c>adv</c></pos><stem>up</stem></mw><gra type="gra" index="6" head="4" relation="JCT"/></mor></w>
    <w>for<mor type="mor"><mw><pos><c>prep</c></pos><stem>for</stem></mw><gra type="gra" index="7" head="4" relation="JCT"/></mor></w>
    <w>you<mor type="mor"><mw><pos><c>pro</c><s>per</s></pos><stem>you</stem></mw><gra type="gra" index="8" head="7" relation="POBJ"/></mor></w>
    <t type="p"><mor type="mor"><mt type="p"/><gra type="gra" index="9" head="4" relation="PUNCT"/></mor></t>

    <a type="actions">&lt;1w&gt; hands cracker to Ed</a>
  </u>
  <u who="MOT" uID="u44">
    <w>make<mor type="mor"><mw><pos><c>v</c></pos><stem>make</stem></mw><gra type="gra" index="1" head="0" relation="ROOT"/></mor></w>
    <w>a<mor type="mor"><mw><pos><c>det</c><s>art</s></pos><stem>a</stem></mw><gra type="gra" index="2" head="4" relation="DET"/></mor></w>
    <w>little<mor type="mor"><mw><pos><c>adj</c></pos><stem>little</stem></mw><gra type="gra" index="3" head="4" relation="MOD"/></mor></w>
    <w>sandwich<mor type="mor"><mw><pos><c>n</c></pos><stem>sandwich</stem></mw><gra type="gra" index="4" head="1" relation="OBJ"/></mor></w>
    <pause symbolic-length="simple"/>
    <w>okay<mor type="mor"><mw><pos><c>adj</c></pos><stem>okay</stem></mw><gra type="gra" index="5" head="4" relation="POSTMOD"/></mor></w>
    <t type="q"><mor type="mor"><mt type="q"/><gra type="gra" index="6" head="1" relation="PUNCT"/></mor></t>

  </u>
  <u who="CHI" uID="u45">
    <e><action/></e>
    <t type="p"></t>

    <a type="actions">takes cracker and eats it</a>
    <a type="gesture">looks at cracker , out , at cracker</a>
  </u>
  <u who="MOT" uID="u46">
    <w>wipe<mor type="mor"><mw><pos><c>v</c></pos><stem>wipe</stem></mw><gra type="gra" index="1" head="0" relation="ROOT"/></mor></w>
    <w>your<mor type="mor"><mw><pos><c>det</c><s>poss</s></pos><stem>your</stem></mw><gra type="gra" index="2" head="3" relation="DET"/></mor></w>
    <w>hands<mor type="mor"><mw><pos><c>n</c></pos><stem>hand</stem><mk type="sfx">PL</mk></mw><gra type="gra" index="3" head="1" relation="OBJ"/></mor></w>
    <w>too<mor type="mor"><mw><pos><c>adv</c></pos><stem>too</stem></mw><gra type="gra" index="4" head="1" relation="JCT"/></mor></w>
    <t type="p"><mor type="mor"><mt type="p"/><gra type="gra" index="5" head="1" relation="PUNCT"/></mor></t>

    <a type="gesture">looks at Ed</a>
    <a type="actions">&lt;1w&gt; puts napkin by Ed .</a>
  </u>
  <u who="MOT" uID="u47">
    <w>here's<mor type="mor"><mw><pos><c>pro</c><s>exist</s></pos><stem>here</stem></mw><gra type="gra" index="1" head="2" relation="SUBJ"/><mor-post><mw><pos><c>cop</c></pos><stem>be</stem><mk type="sfxf">3S</mk></mw><gra type="gra" index="2" head="0" relation="ROOT"/></mor-post></mor></w>
    <w>your<mor type="mor"><mw><pos><c>det</c><s>poss</s></pos><stem>your</stem></mw><gra type="gra" index="3" head="4" relation="DET"/></mor></w>
    <w>eggnog<mor type="mor"><mw><pos><c>n</c></pos><stem>eggnog</stem></mw><gra type="gra" index="4" head="2" relation="PRED"/></mor></w>
    <t type="p"><mor type="mor"><mt type="p"/><gra type="gra" index="5" head="2" relation="PUNCT"/></mor></t>

    <a type="actions">&lt;1w&gt; brings eggnog to Ed .</a>
  </u>
  <u who="MOT" uID="u48">
    <w>is<mor type="mor"><mw><pos><c>cop</c></pos><stem>be</stem><mk type="sfxf">3S</mk></mw><gra type="gra" index="1" head="0" relation="ROOT"/></mor></w>
    <w>that<mor type="mor"><mw><pos><c>comp</c></pos><stem>that</stem></mw><gra type="gra" index="2" head="1" relation="PRED"/></mor></w>
    <w>a<mor type="mor"><mw><pos><c>det</c><s>art</s></pos><stem>a</stem></mw><gra type="gra" index="3" head="6" relation="DET"/></mor></w>
    <w>pretty<mor type="mor"><mw><pos><c>adj</c></pos><stem>pretty</stem></mw><gra type="gra" index="4" head="5" relation="JCT"/></mor></w>
    <w>good<mor type="mor"><mw><pos><c>adj</c></pos><stem>good</stem></mw><gra type="gra" index="5" head="6" relation="MOD"/></mor></w>
    <w>cracker<mor type="mor"><mw><pos><c>n</c></pos><stem>cracker</stem></mw><gra type="gra" index="6" head="2" relation="OM"/></mor></w>
    <t type="q"><mor type="mor"><mt type="q"/><gra type="gra" index="7" head="1" relation="PUNCT"/></mor></t>

    <a type="actions">&lt;1w&gt; sits</a>
  </u>
  <u who="CHI" uID="u49">
    <e><action/></e>
    <t type="p"></t>

    <a type="gesture">looks at Mother . nods</a>
    <a type="actions">puts cracker down . wipes hands . eats</a>
  </u>
  <u who="MOT" uID="u50">
    <w>wan<shortening>t</shortening><mor type="mor"><mw><pos><c>v</c></pos><stem>want</stem></mw><gra type="gra" index="1" head="0" relation="ROOT"/></mor></w>
    <w><shortening>t</shortening>a<mor type="mor"><mw><pos><c>inf</c></pos><stem>to</stem></mw><gra type="gra" index="2" head="3" relation="INF"/></mor></w>
    <w>lean<mor type="mor"><mw><pos><c>v</c></pos><stem>lean</stem></mw><gra type="gra" index="3" head="1" relation="COMP"/></mor></w>
    <w>over<mor type="mor"><mw><pos><c>prep</c></pos><stem>over</stem></mw><gra type="gra" index="4" head="3" relation="JCT"/></mor></w>
    <w>the<mor type="mor"><mw><pos><c>det</c><s>art</s></pos><stem>the</stem></mw><gra type="gra" index="5" head="6" relation="DET"/></mor></w>
    <w>plate<mor type="mor"><mw><pos><c>n</c></pos><stem>plate</stem></mw><gra type="gra" index="6" head="4" relation="POBJ"/></mor></w>
    <t type="q"><mor type="mor"><mt type="q"/><gra type="gra" index="7" head="1" relation="PUNCT"/></mor></t>

    <a type="actions">&lt;1w&gt; pushes plate toward Ed</a>
    <a type="gesture">looks at Ed</a>
  </u>
  <u who="MOT" uID="u51">
    <w>thank_you<mor type="mor"><mw><pos><c>co</c></pos><stem>thank_you</stem></mw><gra type="gra" index="1" head="0" relation="INCROOT"/></mor></w>
    <t type="p"><mor type="mor"><mt type="p"/><gra type="gra" index="2" head="1" relation="PUNCT"/></mor></t>

  </u>
  <u who="CHI" uID="u52">
    <e><action/></e>
    <t type="p"></t>

    <a type="actions">leans . eats</a>
    <a type="gesture">looks at Mother , out</a>
  </u>
  <u who="MOT" uID="u53">
    <w>poor<mor type="mor"><mw><pos><c>adj</c></pos><stem>poor</stem></mw><gra type="gra" index="1" head="2" relation="MOD"/></mor></w>
    <w>Verity_Claire<mor type="mor"><mw><pos><c>n</c><s>prop</s></pos><stem>Verity_Claire</stem></mw><gra type="gra" index="2" head="7" relation="SUBJ"/></mor></w>
    <pause symbolic-length="simple"/>
    <w>just<mor type="mor"><mw><pos><c>adv</c></pos><stem>just</stem></mw><gra type="gra" index="3" head="4" relation="JCT"/></mor></w>
    <w>crying<mor type="mor"><mw><pos><c>part</c></pos><stem>cry</stem><mk type="sfx">PRESP</mk></mw><gra type="gra" index="4" head="2" relation="XMOD"/></mor></w>
    <w>and<mor type="mor"><mw><pos><c>coord</c></pos><stem>and</stem></mw><gra type="gra" index="5" head="2" relation="CONJ"/></mor></w>
    <w>crying<mor type="mor"><mw><pos><c>part</c></pos><stem>cry</stem><mk type="sfx">PRESP</mk></mw><gra type="gra" index="6" head="5" relation="COORD"/></mor></w>
    <w>isn't<mor type="mor"><mw><pos><c>cop</c></pos><stem>be</stem><mk type="sfxf">3S</mk></mw><gra type="gra" index="7" head="0" relation="ROOT"/><mor-post><mw><pos><c>neg</c></pos><stem>not</stem></mw><gra type="gra" index="8" head="7" relation="NEG"/></mor-post></mor></w>
    <w>she<mor type="mor"><mw><pos><c>pro</c><s>sub</s></pos><stem>she</stem></mw><gra type="gra" index="9" head="7" relation="PRED"/></mor></w>
    <t type="q"><mor type="mor"><mt type="q"/><gra type="gra" index="10" head="7" relation="PUNCT"/></mor></t>

    <a type="gesture">looks at Ed</a>
    <a type="explanation">baby crying in background</a>
  </u>
  <u who="MOT" uID="u54">
    <w>I<mor type="mor"><mw><pos><c>pro</c><s>sub</s></pos><stem>I</stem></mw><gra type="gra" index="1" head="4" relation="SUBJ"/></mor></w>
    <w>don't<mor type="mor"><mw><pos><c>mod</c></pos><stem>do</stem></mw><gra type="gra" index="2" head="4" relation="AUX"/><mor-post><mw><pos><c>neg</c></pos><stem>not</stem></mw><gra type="gra" index="3" head="2" relation="NEG"/></mor-post></mor></w>
    <w>know<mor type="mor"><mw><pos><c>v</c></pos><stem>know</stem></mw><gra type="gra" index="4" head="0" relation="ROOT"/></mor></w>
    <w>why<mor type="mor"><mw><pos><c>pro</c><s>int</s></pos><stem>why</stem></mw><gra type="gra" index="5" head="7" relation="LINK"/></mor></w>
    <w>she's<mor type="mor"><mw><pos><c>pro</c><s>sub</s></pos><stem>she</stem></mw><gra type="gra" index="6" head="7" relation="SUBJ"/><mor-post><mw><pos><c>cop</c></pos><stem>be</stem><mk type="sfxf">3S</mk></mw><gra type="gra" index="7" head="4" relation="COMP"/></mor-post></mor></w>
    <w>so<mor type="mor"><mw><pos><c>adv</c></pos><stem>so</stem></mw><gra type="gra" index="8" head="9" relation="JCT"/></mor></w>
    <w>sad<mor type="mor"><mw><pos><c>adj</c></pos><stem>sad</stem></mw><gra type="gra" index="9" head="7" relation="PRED"/></mor></w>
    <w>today<mor type="mor"><mw><pos><c>adv</c><s>tem</s></pos><stem>today</stem></mw><gra type="gra" index="10" head="9" relation="JCT"/></mor></w>
    <t type="p"><mor type="mor"><mt type="p"/><gra type="gra" index="11" head="4" relation="PUNCT"/></mor></t>

  </u>
  <u who="CHI" uID="u55">
    <e><action/></e>
    <t type="p"></t>

    <a type="gesture">looks out , at cracker . nods .</a>
    <a type="actions">eats</a>
  </u>
  <u who="MOT" uID="u56">
    <w>better<mor type="mor"><mw><pos><c>adv</c></pos><stem>good</stem><mk type="sfxf">CP</mk></mw><gra type="gra" index="1" head="2" relation="JCT"/></mor></w>
    <w>drink<mor type="mor"><mw><pos><c>v</c></pos><stem>drink</stem></mw><gra type="gra" index="2" head="0" relation="ROOT"/></mor></w>
    <w>some<mor type="mor"><mw><pos><c>qn</c></pos><stem>some</stem></mw><gra type="gra" index="3" head="4" relation="QUANT"/></mor></w>
    <w>eggnog<mor type="mor"><mw><pos><c>n</c></pos><stem>eggnog</stem></mw><gra type="gra" index="4" head="2" relation="OBJ"/></mor></w>
    <pause symbolic-length="simple"/>
    <w>Ed<mor type="mor"><mw><pos><c>n</c><s>prop</s></pos><stem>Ed</stem></mw><gra type="gra" index="5" head="8" relation="COM"/></mor></w>
    <pause symbolic-length="simple"/>
    <w>your<mor type="mor"><mw><pos><c>det</c><s>poss</s></pos><stem>your</stem></mw><gra type="gra" index="6" head="7" relation="DET"/></mor></w>
    <pause symbolic-length="simple"/>
    <w>mouth's<mor type="mor"><mw><pos><c>n</c></pos><stem>mouth</stem></mw><gra type="gra" index="7" head="8" relation="SUBJ"/><mor-post><mw><pos><c>cop</c></pos><stem>be</stem><mk type="sfxf">3S</mk></mw><gra type="gra" index="8" head="4" relation="CMOD"/></mor-post></mor></w>
    <w>all<mor type="mor"><mw><pos><c>adv</c></pos><stem>all</stem></mw><gra type="gra" index="9" head="10" relation="JCT"/></mor></w>
    <w>dry<mor type="mor"><mw><pos><c>adj</c></pos><stem>dry</stem></mw><gra type="gra" index="10" head="8" relation="PRED"/></mor></w>
    <t type="p"><mor type="mor"><mt type="p"/><gra type="gra" index="11" head="2" relation="PUNCT"/></mor></t>

    <a type="actions">&lt;1w&gt; pusher plate closer to Ed</a>
    <a type="gesture">looks at Ed</a>
  </u>
  <u who="MOT" uID="u57">
    <w>mm<p type="drawl"/><mor type="mor"><mw><pos><c>co</c></pos><stem>mm</stem></mw><gra type="gra" index="1" head="0" relation="INCROOT"/></mor></w>
    <t type="p"><mor type="mor"><mt type="p"/><gra type="gra" index="2" head="1" relation="PUNCT"/></mor></t>

  </u>
  <u who="MOT" uID="u58">
    <w>pretty<mor type="mor"><mw><pos><c>adv</c></pos><stem>pretty</stem></mw><gra type="gra" index="1" head="2" relation="JCT"/></mor></w>
    <w>good<mor type="mor"><mw><pos><c>adj</c></pos><stem>good</stem></mw><gra type="gra" index="2" head="3" relation="MOD"/></mor></w>
    <w>stuff<mor type="mor"><mw><pos><c>n</c></pos><stem>stuff</stem></mw><gra type="gra" index="3" head="0" relation="INCROOT"/></mor></w>
    <t type="e"><mor type="mor"><mt type="e"/><gra type="gra" index="4" head="3" relation="PUNCT"/></mor></t>

  </u>
  <u who="CHI" uID="u59">
    <w>mm<p type="drawl"/><mor type="mor"><mw><pos><c>co</c></pos><stem>mm</stem></mw><gra type="gra" index="1" head="0" relation="INCROOT"/></mor></w>
    <t type="p"><mor type="mor"><mt type="p"/><gra type="gra" index="2" head="1" relation="PUNCT"/></mor></t>

    <a type="gesture">&lt;1w&gt; looks at cup .</a>
    <a type="actions">&lt;bef&gt; drinks , stops , drinks some more .</a>
  </u>
  <u who="CHI" uID="u60">
    <w>I<mor type="mor"><mw><pos><c>pro</c><s>sub</s></pos><stem>I</stem></mw><gra type="gra" index="1" head="2" relation="SUBJ"/></mor></w>
    <w>want<mor type="mor"><mw><pos><c>v</c></pos><stem>want</stem></mw><gra type="gra" index="2" head="0" relation="ROOT"/></mor></w>
    <w>some<mor type="mor"><mw><pos><c>qn</c></pos><stem>some</stem></mw><gra type="gra" index="3" head="4" relation="QUANT"/></mor></w>
    <w>more<mor type="mor"><mw><pos><c>pro</c><s>indef</s></pos><stem>more</stem></mw><gra type="gra" index="4" head="2" relation="OBJ"/></mor></w>
    <t type="e"><mor type="mor"><mt type="e"/><gra type="gra" index="5" head="2" relation="PUNCT"/></mor></t>

    <a type="gesture">&lt;1w&gt; looks at Mother</a>
    <a type="actions">&lt;1w&gt; puts cup down on table and pushes it toward Mother</a>
  </u>
  <u who="MOT" uID="u61">
    <w>we<mor type="mor"><mw><pos><c>pro</c><s>sub</s></pos><stem>we</stem></mw><gra type="gra" index="1" head="4" relation="SUBJ"/></mor></w>
    <w>don't<mor type="mor"><mw><pos><c>mod</c></pos><stem>do</stem></mw><gra type="gra" index="2" head="4" relation="AUX"/><mor-post><mw><pos><c>neg</c></pos><stem>not</stem></mw><gra type="gra" index="3" head="2" relation="NEG"/></mor-post></mor></w>
    <w>have<mor type="mor"><mw><pos><c>v</c></pos><stem>have</stem></mw><gra type="gra" index="4" head="0" relation="ROOT"/></mor></w>
    <w>any<mor type="mor"><mw><pos><c>qn</c></pos><stem>any</stem></mw><gra type="gra" index="5" head="7" relation="QUANT"/></mor></w>
    <w>more<mor type="mor"><mw><pos><c>qn</c></pos><stem>more</stem></mw><gra type="gra" index="6" head="7" relation="QUANT"/></mor></w>
    <w>eggnog<mor type="mor"><mw><pos><c>n</c></pos><stem>eggnog</stem></mw><gra type="gra" index="7" head="4" relation="OBJ"/></mor></w>
    <pause symbolic-length="simple"/>
    <w>that<mor type="mor"><mw><pos><c>pro</c><s>rel</s></pos><stem>that</stem></mw><gra type="gra" index="8" head="9" relation="LINK"/></mor></w>
    <w>was<mor type="mor"><mw><pos><c>cop</c></pos><stem>be</stem><mk type="sfxf">PAST</mk><mk type="sfxf">13S</mk></mw><gra type="gra" index="9" head="7" relation="CMOD"/></mor></w>
    <w>all<mor type="mor"><mw><pos><c>adv</c></pos><stem>all</stem></mw><gra type="gra" index="10" head="9" relation="JCT"/></mor></w>
    <pause symbolic-length="simple"/>
    <w>but<mor type="mor"><mw><pos><c>conj</c></pos><stem>but</stem></mw><gra type="gra" index="11" head="14" relation="LINK"/></mor></w>
    <w>I'll<mor type="mor"><mw><pos><c>pro</c><s>sub</s></pos><stem>I</stem></mw><gra type="gra" index="12" head="14" relation="SUBJ"/><mor-post><mw><pos><c>mod</c></pos><stem>will</stem></mw><gra type="gra" index="13" head="14" relation="AUX"/></mor-post></mor></w>
    <w>give<mor type="mor"><mw><pos><c>v</c></pos><stem>give</stem></mw><gra type="gra" index="14" head="4" relation="CJCT"/></mor></w>
    <w>you<mor type="mor"><mw><pos><c>pro</c><s>per</s></pos><stem>you</stem></mw><gra type="gra" index="15" head="14" relation="OBJ2"/></mor></w>
    <w>some<mor type="mor"><mw><pos><c>qn</c></pos><stem>some</stem></mw><gra type="gra" index="16" head="17" relation="QUANT"/></mor></w>
    <w>milk<mor type="mor"><mw><pos><c>n</c></pos><stem>milk</stem></mw><gra type="gra" index="17" head="14" relation="OBJ"/></mor></w>
    <t type="p"><mor type="mor"><mt type="p"/><gra type="gra" index="18" head="4" relation="PUNCT"/></mor></t>

    <a type="gesture">looks at Ed , at cup</a>
    <a type="actions">&lt;aft&gt; prepares snack</a>
  </u>
  <u who="CHI" uID="u62">
    <w>give<mor type="mor"><mw><pos><c>v</c></pos><stem>give</stem></mw><gra type="gra" index="1" head="0" relation="ROOT"/></mor></w>
    <w>me<mor type="mor"><mw><pos><c>pro</c><s>obj</s></pos><stem>me</stem></mw><gra type="gra" index="2" head="1" relation="OBJ2"/></mor></w>
    <w>some<mor type="mor"><mw><pos><c>qn</c></pos><stem>some</stem></mw><gra type="gra" index="3" head="4" relation="QUANT"/></mor></w>
    <w>milk<mor type="mor"><mw><pos><c>n</c></pos><stem>milk</stem></mw><gra type="gra" index="4" head="1" relation="OBJ"/></mor></w>
    <t type="q"><mor type="mor"><mt type="q"/><gra type="gra" index="5" head="1" relation="PUNCT"/></mor></t>

    <a type="gesture">&lt;aft&gt; looks around , at Mother , at plate , out</a>
    <a type="actions">&lt;aft&gt; eats cracker . sits facing out</a>
  </u>
  <u who="MOT" uID="u63">
    <w>why<mor type="mor"><mw><pos><c>pro</c><s>int</s></pos><stem>why</stem></mw><gra type="gra" index="1" head="5" relation="JCT"/></mor></w>
    <w>don't<mor type="mor"><mw><pos><c>mod</c></pos><stem>do</stem></mw><gra type="gra" index="2" head="5" relation="AUX"/><mor-post><mw><pos><c>neg</c></pos><stem>not</stem></mw><gra type="gra" index="3" head="2" relation="NEG"/></mor-post></mor></w>
    <w>you<mor type="mor"><mw><pos><c>pro</c><s>per</s></pos><stem>you</stem></mw><gra type="gra" index="4" head="5" relation="SUBJ"/></mor></w>
    <w>sit<mor type="mor"><mw><pos><c>v</c></pos><stem>sit</stem></mw><gra type="gra" index="5" head="0" relation="ROOT"/></mor></w>
    <w>straight<mor type="mor"><mw><pos><c>adv</c></pos><stem>straight</stem></mw><gra type="gra" index="6" head="5" relation="JCT"/></mor></w>
    <t type="q"><mor type="mor"><mt type="q"/><gra type="gra" index="7" head="5" relation="PUNCT"/></mor></t>

    <a type="gesture">looks at Ed</a>
    <a type="actions">&lt;1w&gt; puts milk on table . &lt;1w&gt; walks around table .</a>
  </u>
  <u who="MOT" uID="u64">
    <w>turn<mor type="mor"><mw><pos><c>n</c></pos><stem>turn</stem></mw><gra type="gra" index="1" head="0" relation="INCROOT"/></mor></w>
    <w>around<mor type="mor"><mw><pos><c>adv</c></pos><stem>around</stem></mw><gra type="gra" index="2" head="1" relation="JCT"/></mor></w>
    <t type="p"><mor type="mor"><mt type="p"/><gra type="gra" index="3" head="1" relation="PUNCT"/></mor></t>

    <a type="actions">&lt;1w&gt; sits .</a>
  </u>
  <u who="CHI" uID="u65">
    <w>I'm<mor type="mor"><mw><pos><c>pro</c><s>sub</s></pos><stem>I</stem></mw><gra type="gra" index="1" head="4" relation="SUBJ"/><mor-post><mw><pos><c>aux</c></pos><stem>be</stem><mk type="sfxf">1S</mk></mw><gra type="gra" index="2" head="4" relation="AUX"/></mor-post></mor></w>
    <w>just<mor type="mor"><mw><pos><c>adv</c></pos><stem>just</stem></mw><gra type="gra" index="3" head="4" relation="JCT"/></mor></w>
    <w>lookin<shortening>g</shortening><mor type="mor"><mw><pos><c>part</c></pos><stem>look</stem><mk type="sfx">PRESP</mk></mw><gra type="gra" index="4" head="0" relation="ROOT"/></mor></w>
    <w>at<mor type="mor"><mw><pos><c>prep</c></pos><stem>at</stem></mw><gra type="gra" index="5" head="4" relation="JCT"/></mor></w>
    <w>da<replacement><w>the<mor type="mor"><mw><pos><c>det</c><s>art</s></pos><stem>the</stem></mw><gra type="gra" index="6" head="8" relation="DET"/></mor></w></replacement></w>
    <w>frog<mor type="mor"><mw><pos><c>n</c></pos><stem>frog</stem></mw><gra type="gra" index="7" head="8" relation="MOD"/></mor></w>
    <w>ladies<mor type="mor"><mw><pos><c>n</c></pos><stem>lady</stem><mk type="sfx">PL</mk></mw><gra type="gra" index="8" head="5" relation="POBJ"/></mor></w>
    <t type="p"><mor type="mor"><mt type="p"/><gra type="gra" index="9" head="4" relation="PUNCT"/></mor></t>

    <a type="gesture">looks out . slightly points at Investigators . looks at Mother , out</a>
  </u>
  <u who="MOT" uID="u66">
    <w>you're<mor type="mor"><mw><pos><c>pro</c><s>per</s></pos><stem>you</stem></mw><gra type="gra" index="1" head="4" relation="SUBJ"/><mor-post><mw><pos><c>aux</c></pos><stem>be</stem><mk type="sfxf">PRES</mk></mw><gra type="gra" index="2" head="4" relation="AUX"/></mor-post></mor></w>
    <w>just<mor type="mor"><mw><pos><c>adv</c></pos><stem>just</stem></mw><gra type="gra" index="3" head="4" relation="JCT"/></mor></w>
    <w>lookin<shortening>g</shortening><mor type="mor"><mw><pos><c>part</c></pos><stem>look</stem><mk type="sfx">PRESP</mk></mw><gra type="gra" index="4" head="0" relation="ROOT"/></mor></w>
    <w>at<mor type="mor"><mw><pos><c>prep</c></pos><stem>at</stem></mw><gra type="gra" index="5" head="4" relation="JCT"/></mor></w>
    <w>the<mor type="mor"><mw><pos><c>det</c><s>art</s></pos><stem>the</stem></mw><gra type="gra" index="6" head="8" relation="DET"/></mor></w>
    <w>frog<mor type="mor"><mw><pos><c>n</c></pos><stem>frog</stem></mw><gra type="gra" index="7" head="8" relation="MOD"/></mor></w>
    <w>ladies<mor type="mor"><mw><pos><c>n</c></pos><stem>lady</stem><mk type="sfx">PL</mk></mw><gra type="gra" index="8" head="5" relation="POBJ"/></mor></w>
    <pause symbolic-length="simple"/>
    <w>huh<mor type="mor"><mw><pos><c>co</c></pos><stem>huh</stem></mw><gra type="gra" index="9" head="4" relation="COM"/></mor></w>
    <t type="q"><mor type="mor"><mt type="q"/><gra type="gra" index="10" head="4" relation="PUNCT"/></mor></t>

    <a type="gesture">looks at Ed</a>
    <a type="addressee">Investigators</a>
    <a type="paralinguistics">&lt;1w&gt; laughs</a>
  </u>
  <u who="MOT" uID="u67">
    <w>that's<mor type="mor"><mw><pos><c>pro</c><s>dem</s></pos><stem>that</stem></mw><gra type="gra" index="1" head="2" relation="SUBJ"/><mor-post><mw><pos><c>cop</c></pos><stem>be</stem><mk type="sfxf">3S</mk></mw><gra type="gra" index="2" head="0" relation="ROOT"/></mor-post></mor></w>
    <w>what<mor type="mor"><mw><pos><c>pro</c><s>int</s></pos><stem>what</stem></mw><gra type="gra" index="3" head="6" relation="LINK"/></mor></w>
    <w>you're<mor type="mor"><mw><pos><c>pro</c><s>per</s></pos><stem>you</stem></mw><gra type="gra" index="4" head="6" relation="SUBJ"/><mor-post><mw><pos><c>aux</c></pos><stem>be</stem><mk type="sfxf">PRES</mk></mw><gra type="gra" index="5" head="6" relation="AUX"/></mor-post></mor></w>
    <w>known<mor type="mor"><mw><pos><c>part</c></pos><stem>know</stem><mk type="sfxf">PASTP</mk></mw><gra type="gra" index="6" head="2" relation="CPRED"/></mor></w>
    <w>as<mor type="mor"><mw><pos><c>prep</c></pos><stem>as</stem></mw><gra type="gra" index="7" head="6" relation="JCT"/></mor></w>
    <w>around<mor type="mor"><mw><pos><c>prep</c></pos><stem>around</stem></mw><gra type="gra" index="8" head="7" relation="JCT"/></mor></w>
    <w>here<mor type="mor"><mw><pos><c>n</c></pos><stem>here</stem></mw><gra type="gra" index="9" head="8" relation="POBJ"/></mor></w>
    <t type="p"><mor type="mor"><mt type="p"/><gra type="gra" index="10" head="2" relation="PUNCT"/></mor></t>

  </u>
</CHAT>