<?xml version="1.0" encoding="UTF-8"?>

<CHAT xmlns:xsi="http://www.w3.org/2001/XMLSchema-instance"
      xmlns="http://www.talkbank.org/ns/talkbank"
      xsi:schemaLocation="http://www.talkbank.org/ns/talkbank https://talkbank.org/software/talkbank.xsd"
            DesignType="cross"
            ActivityType="toyplay"
            GroupType="TD"
      PID="11312/c-00015281-1"
      Version="2.16.0"
      Lang="eng"
      Corpus="Bates"
      >
  <Participants>
    <participant
      id="CHI"
    name="Frank"
      role="Target_Child"
      language="eng"
      age="P2Y04M"
      sex="male"
      group="TD"
      SES="MC"

    />
    <participant
      id="MOT"
      role="Mother"
      language="eng"
      sex="female"

    />
    <participant
      id="INV"
      role="Investigator"
      language="eng"

    />
  </Participants>
  <comment type="Types">cross, toyplay, TD</comment>
  <u who="MOT" uID="u0">
    <w>two<mor type="mor"><mw><pos><c>det</c><s>num</s></pos><stem>two</stem></mw><gra type="gra" index="1" head="2" relation="QUANT"/></mor></w>
    <w>hands<mor type="mor"><mw><pos><c>n</c></pos><stem>hand</stem><mk type="sfx">PL</mk></mw><gra type="gra" index="2" head="0" relation="INCROOT"/></mor></w>
    <t type="p"><mor type="mor"><mt type="p"/><gra type="gra" index="3" head="2" relation="PUNCT"/></mor></t>

  </u>
  <u who="MOT" uID="u1">
    <w>its<mor type="mor"><mw><pos><c>det</c><s>poss</s></pos><stem>its</stem></mw><gra type="gra" index="1" head="4" relation="DET"/></mor></w>
    <w>a<mor type="mor"><mw><pos><c>det</c><s>art</s></pos><stem>a</stem></mw><gra type="gra" index="2" head="4" relation="DET"/></mor></w>
    <w>big<mor type="mor"><mw><pos><c>adj</c></pos><stem>big</stem></mw><gra type="gra" index="3" head="4" relation="MOD"/></mor></w>
    <w>one<mor type="mor"><mw><pos><c>pro</c><s>indef</s></pos><stem>one</stem></mw><gra type="gra" index="4" head="0" relation="INCROOT"/></mor></w>
    <t type="p"><mor type="mor"><mt type="p"/><gra type="gra" index="5" head="4" relation="PUNCT"/></mor></t>

  </u>
  <u who="MOT" uID="u2">
    <pause symbolic-length="simple"/>
    <w>that's<mor type="mor"><mw><pos><c>pro</c><s>dem</s></pos><stem>that</stem></mw><gra type="gra" index="1" head="2" relation="SUBJ"/><mor-post><mw><pos><c>cop</c></pos><stem>be</stem><mk type="sfxf">3S</mk></mw><gra type="gra" index="2" head="0" relation="ROOT"/></mor-post></mor></w>
    <w>a<mor type="mor"><mw><pos><c>det</c><s>art</s></pos><stem>a</stem></mw><gra type="gra" index="3" head="5" relation="DET"/></mor></w>
    <w>big<mor type="mor"><mw><pos><c>adj</c></pos><stem>big</stem></mw><gra type="gra" index="4" head="5" relation="MOD"/></mor></w>
    <w>one<mor type="mor"><mw><pos><c>pro</c><s>indef</s></pos><stem>one</stem></mw><gra type="gra" index="5" head="2" relation="PRED"/></mor></w>
    <t type="p"><mor type="mor"><mt type="p"/><gra type="gra" index="6" head="2" relation="PUNCT"/></mor></t>

  </u>
  <u who="MOT" uID="u3">
    <w>how<mor type="mor"><mw><pos><c>pro</c><s>int</s></pos><stem>how</stem></mw><gra type="gra" index="1" head="4" relation="JCT"/></mor></w>
    <w>do<mor type="mor"><mw><pos><c>mod</c></pos><stem>do</stem></mw><gra type="gra" index="2" head="4" relation="AUX"/></mor></w>
    <w>ya<mor type="mor"><mw><pos><c>pro</c><s>per</s></pos><stem>you</stem></mw><gra type="gra" index="3" head="4" relation="SUBJ"/></mor></w>
    <w>like<mor type="mor"><mw><pos><c>v</c></pos><stem>like</stem></mw><gra type="gra" index="4" head="0" relation="ROOT"/></mor></w>
    <w>that<mor type="mor"><mw><pos><c>pro</c><s>dem</s></pos><stem>that</stem></mw><gra type="gra" index="5" head="4" relation="OBJ"/></mor></w>
    <t type="q"><mor type="mor"><mt type="q"/><gra type="gra" index="6" head="4" relation="PUNCT"/></mor></t>

  </u>
  <u who="MOT" uID="u4">
    <w>huh<mor type="mor"><mw><pos><c>co</c></pos><stem>huh</stem></mw><gra type="gra" index="1" head="0" relation="INCROOT"/></mor></w>
    <t type="q"><mor type="mor"><mt type="q"/><gra type="gra" index="2" head="1" relation="PUNCT"/></mor></t>

    <a type="actions">&lt;bef&gt; sits at table with snack . &lt;aft&gt; reaches for cookie</a>
    <a type="gesture">looks at Frank</a>
  </u>
  <u who="CHI" uID="u5">
    <e><action/></e>
    <t type="p"></t>

    <a type="actions">runs to table . leans to take drink . glances at camera</a>
  </u>
  <u who="MOT" uID="u6">
    <w>want<mor type="mor"><mw><pos><c>v</c></pos><stem>want</stem></mw><gra type="gra" index="1" head="0" relation="ROOT"/></mor></w>
    <w>a<mor type="mor"><mw><pos><c>det</c><s>art</s></pos><stem>a</stem></mw><gra type="gra" index="2" head="3" relation="DET"/></mor></w>
    <w>cookie<mor type="mor"><mw><pos><c>n</c></pos><stem>cookie</stem></mw><gra type="gra" index="3" head="1" relation="OBJ"/></mor></w>
    <t type="q"><mor type="mor"><mt type="q"/><gra type="gra" index="4" head="1" relation="PUNCT"/></mor></t>

  </u>
  <u who="MOT" uID="u7">
    <w>huh<mor type="mor"><mw><pos><c>co</c></pos><stem>huh</stem></mw><gra type="gra" index="1" head="0" relation="INCROOT"/></mor></w>
    <t type="q"><mor type="mor"><mt type="q"/><gra type="gra" index="2" head="1" relation="PUNCT"/></mor></t>

  </u>
  <u who="MOT" uID="u8">
    <w>Mommy<mor type="mor"><mw><pos><c>n</c><s>prop</s></pos><stem>Mommy</stem></mw><gra type="gra" index="1" head="2" relation="SUBJ"/></mor></w>
    <w>have<mor type="mor"><mw><pos><c>v</c></pos><stem>have</stem></mw><gra type="gra" index="2" head="0" relation="ROOT"/></mor></w>
    <w>one<mor type="mor"><mw><pos><c>pro</c><s>indef</s></pos><stem>one</stem></mw><gra type="gra" index="3" head="2" relation="OBJ"/></mor></w>
    <t type="q"><mor type="mor"><mt type="q"/><gra type="gra" index="4" head="2" relation="PUNCT"/></mor></t>

    <a type="actions">eats</a>
  </u>
  <u who="CHI" uID="u9">
    <w>Ma<mor type="mor"><mw><pos><c>n</c><s>prop</s></pos><stem>Ma</stem></mw><gra type="gra" index="1" head="2" relation="MOD"/></mor></w>
    <pause symbolic-length="simple"/>
    <w>half<mor type="mor"><mw><pos><c>n</c></pos><stem>half</stem></mw><gra type="gra" index="2" head="0" relation="INCROOT"/></mor></w>
    <t type="p"><mor type="mor"><mt type="p"/><gra type="gra" index="3" head="2" relation="PUNCT"/></mor></t>

    <a type="extension" flavor="pho">ma hep</a>
    <a type="gesture">&lt;bef&gt; nods . looks at Mother . &lt;dur&gt; reaches for cookie</a>
  </u>
  <u who="MOT" uID="u10">
    <w>huh<mor type="mor"><mw><pos><c>co</c></pos><stem>huh</stem></mw><gra type="gra" index="1" head="0" relation="INCROOT"/></mor></w>
    <t type="q"><mor type="mor"><mt type="q"/><gra type="gra" index="2" head="1" relation="PUNCT"/></mor></t>

  </u>
  <u who="MOT" uID="u11">
    <w>well<mor type="mor"><mw><pos><c>co</c></pos><stem>well</stem></mw><gra type="gra" index="1" head="3" relation="COM"/></mor></w>
    <pause symbolic-length="simple"/>
    <w>you<mor type="mor"><mw><pos><c>pro</c><s>per</s></pos><stem>you</stem></mw><gra type="gra" index="2" head="3" relation="SUBJ"/></mor></w>
    <w>got<mor type="mor"><mw><pos><c>v</c></pos><stem>get</stem><mk type="sfxf">PAST</mk></mw><gra type="gra" index="3" head="0" relation="ROOT"/></mor></w>
    <w>half<mor type="mor"><mw><pos><c>n</c></pos><stem>half</stem></mw><gra type="gra" index="4" head="3" relation="OBJ"/></mor></w>
    <w>of<mor type="mor"><mw><pos><c>prep</c></pos><stem>of</stem></mw><gra type="gra" index="5" head="4" relation="NJCT"/></mor></w>
    <w>it<mor type="mor"><mw><pos><c>pro</c><s>per</s></pos><stem>it</stem></mw><gra type="gra" index="6" head="5" relation="POBJ"/></mor></w>
    <t type="p"><mor type="mor"><mt type="p"/><gra type="gra" index="7" head="3" relation="PUNCT"/></mor></t>

    <a type="actions">&lt;1u&gt; moves cup</a>
  </u>
  <u who="CHI" uID="u12">
    <w>zzz<mor type="mor"><mw><pos><c>co</c></pos><stem>zzz</stem></mw><gra type="gra" index="1" head="0" relation="INCROOT"/></mor></w>
    <t type="p"><mor type="mor"><mt type="p"/><gra type="gra" index="2" head="1" relation="PUNCT"/></mor></t>

    <a type="paralinguistics">grunts</a>
    <a type="actions">&lt;bef&gt; breaks cookie . &lt;dur&gt; eats . looks at Mother</a>
  </u>
  <u who="MOT" uID="u13">
    <w>ya<mor type="mor"><mw><pos><c>pro</c><s>per</s></pos><stem>you</stem></mw><gra type="gra" index="1" head="2" relation="SUBJ"/></mor></w>
    <w>having<mor type="mor"><mw><pos><c>part</c></pos><stem>have</stem><mk type="sfx">PRESP</mk></mw><gra type="gra" index="2" head="0" relation="ROOT"/></mor></w>
    <w>fun<mor type="mor"><mw><pos><c>n</c></pos><stem>fun</stem></mw><gra type="gra" index="3" head="2" relation="OBJ"/></mor></w>
    <t type="q"><mor type="mor"><mt type="q"/><gra type="gra" index="4" head="2" relation="PUNCT"/></mor></t>

    <a type="actions">pats Frank's side with back of hand</a>
  </u>
  <u who="CHI" uID="u14">
    <w><shortening>h</shortening>uh<mor type="mor"><mw><pos><c>co</c></pos><stem>huh</stem></mw><gra type="gra" index="1" head="0" relation="INCROOT"/></mor></w>
    <t type="q"><mor type="mor"><mt type="q"/><gra type="gra" index="2" head="1" relation="PUNCT"/></mor></t>

  </u>
  <u who="MOT" uID="u15">
    <w>ya<mor type="mor"><mw><pos><c>pro</c><s>per</s></pos><stem>you</stem></mw><gra type="gra" index="1" head="2" relation="SUBJ"/></mor></w>
    <w>having<mor type="mor"><mw><pos><c>part</c></pos><stem>have</stem><mk type="sfx">PRESP</mk></mw><gra type="gra" index="2" head="0" relation="ROOT"/></mor></w>
    <w>fun<mor type="mor"><mw><pos><c>n</c></pos><stem>fun</stem></mw><gra type="gra" index="3" head="2" relation="OBJ"/></mor></w>
    <t type="q"><mor type="mor"><mt type="q"/><gra type="gra" index="4" head="2" relation="PUNCT"/></mor></t>

  </u>
  <u who="CHI" uID="u16">
    <w><shortening>h</shortening>uh<mor type="mor"><mw><pos><c>co</c></pos><stem>huh</stem></mw><gra type="gra" index="1" head="0" relation="INCROOT"/></mor></w>
    <t type="p"><mor type="mor"><mt type="p"/><gra type="gra" index="2" head="1" relation="PUNCT"/></mor></t>

  </u>
  <u who="MOT" uID="u17">
    <w>are<mor type="mor"><mw><pos><c>cop</c></pos><stem>be</stem><mk type="sfxf">PRES</mk></mw><gra type="gra" index="1" head="0" relation="ROOT"/></mor></w>
    <w>ya<mor type="mor"><mw><pos><c>pro</c><s>per</s></pos><stem>you</stem></mw><gra type="gra" index="2" head="1" relation="SUBJ"/></mor></w>
    <t type="q"><mor type="mor"><mt type="q"/><gra type="gra" index="3" head="1" relation="PUNCT"/></mor></t>

  </u>
  <u who="CHI" uID="u18">
    <w>uhhuh<mor type="mor"><mw><pos><c>co</c></pos><stem>uhhuh</stem></mw><gra type="gra" index="1" head="0" relation="INCROOT"/></mor></w>
    <t type="p"><mor type="mor"><mt type="p"/><gra type="gra" index="2" head="1" relation="PUNCT"/></mor></t>

    <a type="gesture">looks at Mother</a>
  </u>
  <u who="MOT" uID="u19">
    <w>yeah<mor type="mor"><mw><pos><c>co</c></pos><stem>yeah</stem></mw><gra type="gra" index="1" head="3" relation="COM"/></mor></w>
    <w>ya<mor type="mor"><mw><pos><c>pro</c><s>per</s></pos><stem>you</stem></mw><gra type="gra" index="2" head="3" relation="SUBJ"/></mor></w>
    <w>like<mor type="mor"><mw><pos><c>v</c></pos><stem>like</stem></mw><gra type="gra" index="3" head="0" relation="ROOT"/></mor></w>
    <w>reading<mor type="mor"><mw><pos><c>part</c></pos><stem>read</stem><mk type="sfx">PRESP</mk></mw><gra type="gra" index="4" head="3" relation="COMP"/></mor></w>
    <w>books<mor type="mor"><mw><pos><c>n</c></pos><stem>book</stem><mk type="sfx">PL</mk></mw><gra type="gra" index="5" head="4" relation="OBJ"/></mor></w>
    <t type="q"><mor type="mor"><mt type="q"/><gra type="gra" index="6" head="3" relation="PUNCT"/></mor></t>

  </u>
  <u who="CHI" uID="u20">
    <e><action/></e>
    <t type="p"></t>

    <a type="gesture">nods . looks around room</a>
  </u>
  <u who="MOT" uID="u21">
    <w>uhhuh<mor type="mor"><mw><pos><c>co</c></pos><stem>uhhuh</stem></mw><gra type="gra" index="1" head="0" relation="INCROOT"/></mor></w>
    <t type="p"><mor type="mor"><mt type="p"/><gra type="gra" index="2" head="1" relation="PUNCT"/></mor></t>

    <a type="gesture">looks around room , following Frank's eyes . looks at Frank</a>
    <a type="actions">&lt;aft&gt; eats</a>
  </u>
  <u who="MOT" uID="u22">
    <w>icing<mor type="mor"><mw><pos><c>n</c></pos><stem>icing</stem></mw><gra type="gra" index="1" head="0" relation="INCROOT"/></mor></w>
    <t type="p"><mor type="mor"><mt type="p"/><gra type="gra" index="2" head="1" relation="PUNCT"/></mor></t>

  </u>
  <u who="MOT" uID="u23">
    <w>mm<p type="drawl"/><mor type="mor"><mw><pos><c>co</c></pos><stem>mm</stem></mw><gra type="gra" index="1" head="0" relation="INCROOT"/></mor></w>
    <t type="e"><mor type="mor"><mt type="e"/><gra type="gra" index="2" head="1" relation="PUNCT"/></mor></t>

  </u>
  <u who="MOT" uID="u24">
    <w>you<mor type="mor"><mw><pos><c>pro</c><s>per</s></pos><stem>you</stem></mw><gra type="gra" index="1" head="2" relation="SUBJ"/></mor></w>
    <w>like<mor type="mor"><mw><pos><c>v</c></pos><stem>like</stem></mw><gra type="gra" index="2" head="0" relation="ROOT"/></mor></w>
    <w>cookies<mor type="mor"><mw><pos><c>n</c></pos><stem>cookie</stem><mk type="sfx">PL</mk></mw><gra type="gra" index="3" head="2" relation="OBJ"/></mor></w>
    <t type="q"><mor type="mor"><mt type="q"/><gra type="gra" index="4" head="2" relation="PUNCT"/></mor></t>

    <a type="explanation">&lt;2u&gt; makes face</a>
  </u>
  <u who="CHI" uID="u25">
    <w>yeah<mor type="mor"><mw><pos><c>co</c></pos><stem>yeah</stem></mw><gra type="gra" index="1" head="0" relation="INCROOT"/></mor></w>
    <t type="p"><mor type="mor"><mt type="p"/><gra type="gra" index="2" head="1" relation="PUNCT"/></mor></t>

    <a type="paralinguistics">grunts</a>
    <a type="gesture">&lt;bef&gt; looks at fingers . looks at Mother . &lt;dur&gt; looks at cookie</a>
    <a type="actions">&lt;bef&gt; eats icing . &lt;dur&gt; struggles to break cookie</a>
  </u>
  <u who="MOT" uID="u26">
    <w>there<mor type="mor"><mw><pos><c>adv</c></pos><stem>there</stem></mw><gra type="gra" index="1" head="3" relation="JCT"/></mor></w>
    <w>ya<mor type="mor"><mw><pos><c>pro</c><s>per</s></pos><stem>you</stem></mw><gra type="gra" index="2" head="3" relation="SUBJ"/></mor></w>
    <w>go<mor type="mor"><mw><pos><c>v</c></pos><stem>go</stem></mw><gra type="gra" index="3" head="0" relation="ROOT"/></mor></w>
    <t type="p"><mor type="mor"><mt type="p"/><gra type="gra" index="4" head="3" relation="PUNCT"/></mor></t>

  </u>
  <u who="MOT" uID="u27">
    <w>you<mor type="mor"><mw><pos><c>pro</c><s>per</s></pos><stem>you</stem></mw><gra type="gra" index="1" head="2" relation="SUBJ"/></mor></w>
    <w>making<mor type="mor"><mw><pos><c>part</c></pos><stem>make</stem><mk type="sfx">PRESP</mk></mw><gra type="gra" index="2" head="0" relation="ROOT"/></mor></w>
    <w>a<mor type="mor"><mw><pos><c>det</c><s>art</s></pos><stem>a</stem></mw><gra type="gra" index="3" head="4" relation="DET"/></mor></w>
    <w>mess<mor type="mor"><mw><pos><c>n</c></pos><stem>mess</stem></mw><gra type="gra" index="4" head="2" relation="OBJ"/></mor></w>
    <t type="q"><mor type="mor"><mt type="q"/><gra type="gra" index="5" head="2" relation="PUNCT"/></mor></t>

  </u>
  <u who="CHI" uID="u28">
    <w>uhuh<mor type="mor"><mw><pos><c>co</c></pos><stem>uhuh</stem></mw><gra type="gra" index="1" head="0" relation="INCROOT"/></mor></w>
    <t type="p"><mor type="mor"><mt type="p"/><gra type="gra" index="2" head="1" relation="PUNCT"/></mor></t>

  </u>
  <u who="MOT" uID="u29">
    <w>yeah<mor type="mor"><mw><pos><c>co</c></pos><stem>yeah</stem></mw><gra type="gra" index="1" head="0" relation="INCROOT"/></mor></w>
    <t type="p"><mor type="mor"><mt type="p"/><gra type="gra" index="2" head="1" relation="PUNCT"/></mor></t>

  </u>
  <u who="MOT" uID="u30">
    <w>there<mor type="mor"><mw><pos><c>adv</c></pos><stem>there</stem></mw><gra type="gra" index="1" head="2" relation="JCT"/></mor></w>
    <pause symbolic-length="simple"/>
    <w>there<mor type="mor"><mw><pos><c>adv</c></pos><stem>there</stem></mw><gra type="gra" index="2" head="4" relation="JCT"/></mor></w>
    <w>you<mor type="mor"><mw><pos><c>pro</c><s>per</s></pos><stem>you</stem></mw><gra type="gra" index="3" head="4" relation="SUBJ"/></mor></w>
    <w>got<mor type="mor"><mw><pos><c>v</c></pos><stem>get</stem><mk type="sfxf">PAST</mk></mw><gra type="gra" index="4" head="0" relation="ROOT"/></mor></w>
    <w>it<mor type="mor"><mw><pos><c>pro</c><s>per</s></pos><stem>it</stem></mw><gra type="gra" index="5" head="4" relation="OBJ"/></mor></w>
    <t type="p"><mor type="mor"><mt type="p"/><gra type="gra" index="6" head="4" relation="PUNCT"/></mor></t>

  </u>
  <u who="MOT" uID="u31">
    <w>thank_you<mor type="mor"><mw><pos><c>co</c></pos><stem>thank_you</stem></mw><gra type="gra" index="1" head="0" relation="INCROOT"/></mor></w>
    <t type="p"><mor type="mor"><mt type="p"/><gra type="gra" index="2" head="1" relation="PUNCT"/></mor></t>

    <a type="gesture">&lt;1u&gt; nods</a>
    <a type="actions">&lt;3u&gt; takes cookie</a>
  </u>
  <u who="CHI" uID="u32">
    <w>mine<mor type="mor"><mw><pos><c>pro</c><s>poss</s></pos><stem>mine</stem></mw><gra type="gra" index="1" head="0" relation="INCROOT"/></mor></w>
    <t type="p"><mor type="mor"><mt type="p"/><gra type="gra" index="2" head="1" relation="PUNCT"/></mor></t>

    <a type="actions">&lt;bef&gt; offers Mother half of cookie . looks at Mother . &lt;dur&gt; holds up cookie</a>
  </u>
  <u who="MOT" uID="u33">
    <w>uhhuh<mor type="mor"><mw><pos><c>co</c></pos><stem>uhhuh</stem></mw><gra type="gra" index="1" head="2" relation="COM"/></mor></w>
    <pause symbolic-length="simple"/>
    <w>mine<mor type="mor"><mw><pos><c>pro</c><s>poss</s></pos><stem>mine</stem></mw><gra type="gra" index="2" head="0" relation="INCROOT"/></mor></w>
    <t type="p"><mor type="mor"><mt type="p"/><gra type="gra" index="3" head="2" relation="PUNCT"/></mor></t>

    <a type="actions">possessively holds cookie back</a>
  </u>
  <u who="CHI" uID="u34">
    <w>mine<mor type="mor"><mw><pos><c>pro</c><s>poss</s></pos><stem>mine</stem></mw><gra type="gra" index="1" head="0" relation="INCROOT"/></mor></w>
    <t type="p"><mor type="mor"><mt type="p"/><gra type="gra" index="2" head="1" relation="PUNCT"/></mor></t>

  </u>
  <u who="MOT" uID="u35">
    <w>mine<mor type="mor"><mw><pos><c>pro</c><s>poss</s></pos><stem>mine</stem></mw><gra type="gra" index="1" head="0" relation="INCROOT"/></mor></w>
    <t type="p"><mor type="mor"><mt type="p"/><gra type="gra" index="2" head="1" relation="PUNCT"/></mor></t>

    <a type="actions">holds cookie back</a>
  </u>
  <u who="CHI" uID="u36">
    <w>mine<mor type="mor"><mw><pos><c>pro</c><s>poss</s></pos><stem>mine</stem></mw><gra type="gra" index="1" head="0" relation="INCROOT"/></mor></w>
    <t type="p"><mor type="mor"><mt type="p"/><gra type="gra" index="2" head="1" relation="PUNCT"/></mor></t>

  </u>
  <u who="CHI" uID="u37">
    <w>mine<mor type="mor"><mw><pos><c>pro</c><s>poss</s></pos><stem>mine</stem></mw><gra type="gra" index="1" head="0" relation="INCROOT"/></mor></w>
    <t type="p"><mor type="mor"><mt type="p"/><gra type="gra" index="2" head="1" relation="PUNCT"/></mor></t>

  </u>
  <u who="MOT" uID="u38">
    <w>uhhuh<mor type="mor"><mw><pos><c>co</c></pos><stem>uhhuh</stem></mw><gra type="gra" index="1" head="0" relation="INCROOT"/></mor></w>
    <t type="p"><mor type="mor"><mt type="p"/><gra type="gra" index="2" head="1" relation="PUNCT"/></mor></t>

    <a type="gesture">smiles</a>
    <a type="actions">shakes head . &lt;aft&gt; gives cookie to Frank</a>
  </u>
  <u who="CHI" uID="u39">
    <w>mine<mor type="mor"><mw><pos><c>pro</c><s>poss</s></pos><stem>mine</stem></mw><gra type="gra" index="1" head="0" relation="INCROOT"/></mor></w>
    <t type="p"><mor type="mor"><mt type="p"/><gra type="gra" index="2" head="1" relation="PUNCT"/></mor></t>

  </u>
  <u who="CHI" uID="u40">
    <w>mine<mor type="mor"><mw><pos><c>pro</c><s>poss</s></pos><stem>mine</stem></mw><gra type="gra" index="1" head="0" relation="INCROOT"/></mor></w>
    <t type="q"><mor type="mor"><mt type="q"/><gra type="gra" index="2" head="1" relation="PUNCT"/></mor></t>

    <a type="actions">takes cookie</a>
  </u>
  <u who="MOT" uID="u41">
    <w>yeah<mor type="mor"><mw><pos><c>co</c></pos><stem>yeah</stem></mw><gra type="gra" index="1" head="0" relation="INCROOT"/></mor></w>
    <t type="p"><mor type="mor"><mt type="p"/><gra type="gra" index="2" head="1" relation="PUNCT"/></mor></t>

  </u>
  <u who="CHI" uID="u42">
    <w>oop<shortening>s</shortening><mor type="mor"><mw><pos><c>co</c></pos><stem>oops</stem></mw><gra type="gra" index="1" head="0" relation="INCROOT"/></mor></w>
    <t type="e"><mor type="mor"><mt type="e"/><gra type="gra" index="2" head="1" relation="PUNCT"/></mor></t>

    <a type="gesture">looks at Mother</a>
  </u>
  <u who="MOT" uID="u43">
    <w>oop<shortening>s</shortening><mor type="mor"><mw><pos><c>co</c></pos><stem>oops</stem></mw><gra type="gra" index="1" head="0" relation="INCROOT"/></mor></w>
    <t type="e"><mor type="mor"><mt type="e"/><gra type="gra" index="2" head="1" relation="PUNCT"/></mor></t>

  </u>
  <u who="MOT" uID="u44">
    <w>what<mor type="mor"><mw><pos><c>pro</c><s>int</s></pos><stem>what</stem></mw><gra type="gra" index="1" head="4" relation="LINK"/></mor></w>
    <w>do<mor type="mor"><mw><pos><c>mod</c></pos><stem>do</stem></mw><gra type="gra" index="2" head="4" relation="AUX"/></mor></w>
    <w>you<mor type="mor"><mw><pos><c>pro</c><s>per</s></pos><stem>you</stem></mw><gra type="gra" index="3" head="4" relation="SUBJ"/></mor></w>
    <w>want<mor type="mor"><mw><pos><c>v</c></pos><stem>want</stem></mw><gra type="gra" index="4" head="0" relation="ROOT"/></mor></w>
    <w>me<mor type="mor"><mw><pos><c>pro</c><s>obj</s></pos><stem>me</stem></mw><gra type="gra" index="5" head="4" relation="OBJ"/></mor></w>
    <w>to<mor type="mor"><mw><pos><c>inf</c></pos><stem>to</stem></mw><gra type="gra" index="6" head="7" relation="INF"/></mor></w>
    <w>ask<mor type="mor"><mw><pos><c>v</c></pos><stem>ask</stem></mw><gra type="gra" index="7" head="4" relation="COMP"/></mor></w>
    <w>him<mor type="mor"><mw><pos><c>pro</c><s>obj</s></pos><stem>him</stem></mw><gra type="gra" index="8" head="7" relation="OBJ"/></mor></w>
    <pause symbolic-length="simple"/>
    <w>anything<mor type="mor"><mw><pos><c>pro</c><s>indef</s></pos><stem>anything</stem></mw><gra type="gra" index="9" head="7" relation="OBJ"/></mor></w>
    <t type="q"><mor type="mor"><mt type="q"/><gra type="gra" index="10" head="4" relation="PUNCT"/></mor></t>

    <a type="paralinguistics">&lt;1u&gt; gasp</a>
    <a type="gesture">&lt;1u&gt; makes a surprised face . &lt;2u&gt; looks at Investigator</a>
  </u>
  <u who="INV" uID="u45">
    <w>anything<mor type="mor"><mw><pos><c>pro</c><s>indef</s></pos><stem>anything</stem></mw><gra type="gra" index="1" head="3" relation="LINK"/></mor></w>
    <w>you<mor type="mor"><mw><pos><c>pro</c><s>per</s></pos><stem>you</stem></mw><gra type="gra" index="2" head="3" relation="SUBJ"/></mor></w>
    <w>feel<mor type="mor"><mw><pos><c>v</c></pos><stem>feel</stem></mw><gra type="gra" index="3" head="0" relation="ROOT"/></mor></w>
    <w>like<mor type="mor"><mw><pos><c>prep</c></pos><stem>like</stem></mw><gra type="gra" index="4" head="3" relation="JCT"/></mor></w>
    <w>talking<mor type="mor"><mw><pos><c>n</c><s>gerund</s></pos><stem>talk</stem><mk type="sfx">PRESP</mk></mw><gra type="gra" index="5" head="4" relation="POBJ"/></mor></w>
    <w>about<mor type="mor"><mw><pos><c>adv</c></pos><stem>about</stem></mw><gra type="gra" index="6" head="5" relation="JCT"/></mor></w>
    <t type="p"><mor type="mor"><mt type="p"/><gra type="gra" index="7" head="3" relation="PUNCT"/></mor></t>

  </u>
  <u who="CHI" uID="u46">
    <e><action/></e>
    <t type="p"></t>

    <a type="gesture">glances at Investigator</a>
    <a type="actions">&lt;aft&gt; turns around</a>
  </u>
  <u who="MOT" uID="u47">
    <w>hey<mor type="mor"><mw><pos><c>co</c></pos><stem>hey</stem></mw><gra type="gra" index="1" head="0" relation="INCROOT"/></mor></w>
    <t type="p"><mor type="mor"><mt type="p"/><gra type="gra" index="2" head="1" relation="PUNCT"/></mor></t>

  </u>
  <u who="MOT" uID="u48">
    <w>did<mor type="mor"><mw><pos><c>mod</c></pos><stem>do</stem><mk type="sfxf">PAST</mk></mw><gra type="gra" index="1" head="3" relation="AUX"/></mor></w>
    <w>you<mor type="mor"><mw><pos><c>pro</c><s>per</s></pos><stem>you</stem></mw><gra type="gra" index="2" head="3" relation="SUBJ"/></mor></w>
    <w>have<mor type="mor"><mw><pos><c>v</c></pos><stem>have</stem></mw><gra type="gra" index="3" head="0" relation="ROOT"/></mor></w>
    <w>a<mor type="mor"><mw><pos><c>det</c><s>art</s></pos><stem>a</stem></mw><gra type="gra" index="4" head="6" relation="DET"/></mor></w>
    <w>good<mor type="mor"><mw><pos><c>adj</c></pos><stem>good</stem></mw><gra type="gra" index="5" head="6" relation="MOD"/></mor></w>
    <w>time<mor type="mor"><mw><pos><c>n</c></pos><stem>time</stem></mw><gra type="gra" index="6" head="3" relation="OBJ"/></mor></w>
    <w>yesterday<mor type="mor"><mw><pos><c>adv</c><s>tem</s></pos><stem>yesterday</stem></mw><gra type="gra" index="7" head="6" relation="POSTMOD"/></mor></w>
    <t type="q"><mor type="mor"><mt type="q"/><gra type="gra" index="8" head="3" relation="PUNCT"/></mor></t>

  </u>
  <u who="CHI" uID="u49">
    <w>yeah<mor type="mor"><mw><pos><c>co</c></pos><stem>yeah</stem></mw><gra type="gra" index="1" head="0" relation="INCROOT"/></mor></w>
    <t type="p"><mor type="mor"><mt type="p"/><gra type="gra" index="2" head="1" relation="PUNCT"/></mor></t>

    <a type="actions">&lt;bef&gt; turns , looks at Mother . &lt;dur&gt; walks away</a>
  </u>
  <u who="MOT" uID="u50">
    <w>what<mor type="mor"><mw><pos><c>pro</c><s>int</s></pos><stem>what</stem></mw><gra type="gra" index="1" head="4" relation="OBJ"/></mor></w>
    <w>did<mor type="mor"><mw><pos><c>mod</c></pos><stem>do</stem><mk type="sfxf">PAST</mk></mw><gra type="gra" index="2" head="4" relation="AUX"/></mor></w>
    <w>you<mor type="mor"><mw><pos><c>pro</c><s>per</s></pos><stem>you</stem></mw><gra type="gra" index="3" head="4" relation="SUBJ"/></mor></w>
    <w>do<mor type="mor"><mw><pos><c>v</c></pos><stem>do</stem></mw><gra type="gra" index="4" head="0" relation="ROOT"/></mor></w>
    <t type="q"><mor type="mor"><mt type="q"/><gra type="gra" index="5" head="4" relation="PUNCT"/></mor></t>

  </u>
  <u who="MOT" uID="u51">
    <w>what<mor type="mor"><mw><pos><c>pro</c><s>int</s></pos><stem>what</stem></mw><gra type="gra" index="1" head="4" relation="OBJ"/></mor></w>
    <w>did<mor type="mor"><mw><pos><c>mod</c></pos><stem>do</stem><mk type="sfxf">PAST</mk></mw><gra type="gra" index="2" head="4" relation="AUX"/></mor></w>
    <w>you<mor type="mor"><mw><pos><c>pro</c><s>per</s></pos><stem>you</stem></mw><gra type="gra" index="3" head="4" relation="SUBJ"/></mor></w>
    <g><w>do<mor type="mor"><mw><pos><c>v</c></pos><stem>do</stem></mw><gra type="gra" index="4" head="0" relation="ROOT"/></mor></w><k type="stressing"/></g>
    <w>yesterday<mor type="mor"><mw><pos><c>adv</c><s>tem</s></pos><stem>yesterday</stem></mw><gra type="gra" index="5" head="4" relation="JCT"/></mor></w>
    <t type="q"><mor type="mor"><mt type="q"/><gra type="gra" index="6" head="4" relation="PUNCT"/></mor></t>

  </u>
  <u who="CHI" uID="u52">
    <w type="filler">uh</w>
    <t type="p"></t>

  </u>
  <u who="CHI" uID="u53">
    <w type="filler">uh</w>
    <t type="p"></t>

  </u>
  <u who="CHI" uID="u54">
    <w>hit<mor type="mor"><mw><pos><c>v</c></pos><stem>hit</stem><mk type="sfxf">ZERO</mk></mw><gra type="gra" index="1" head="0" relation="ROOT"/></mor></w>
    <w>Jason<mor type="mor"><mw><pos><c>n</c><s>prop</s></pos><stem>Jason</stem></mw><gra type="gra" index="2" head="1" relation="OBJ"/></mor></w>
    <t type="p"><mor type="mor"><mt type="p"/><gra type="gra" index="3" head="1" relation="PUNCT"/></mor></t>

    <a type="actions">&lt;1u&gt; turns</a>
    <a type="gesture">looks at Mother</a>
  </u>
  <u who="MOT" uID="u55">
    <w>no<mor type="mor"><mw><pos><c>co</c></pos><stem>no</stem></mw><gra type="gra" index="1" head="0" relation="INCROOT"/></mor></w>
    <t type="p"><mor type="mor"><mt type="p"/><gra type="gra" index="2" head="1" relation="PUNCT"/></mor></t>

    <a type="actions">shakes head</a>
  </u>
  <u who="INV" uID="u56">
    <linker type="quoted utterance next"/>
    <w>hit<mor type="mor"><mw><pos><c>v</c></pos><stem>hit</stem><mk type="sfxf">ZERO</mk></mw><gra type="gra" index="1" head="0" relation="ROOT"/></mor></w>
    <w>Jason<mor type="mor"><mw><pos><c>n</c><s>prop</s></pos><stem>Jason</stem></mw><gra type="gra" index="2" head="1" relation="OBJ"/></mor></w>
    <t type="p"><mor type="mor"><mt type="p"/><gra type="gra" index="3" head="1" relation="PUNCT"/></mor></t>

  </u>
  <u who="INV" uID="u57">
    <w>he<mor type="mor"><mw><pos><c>pro</c><s>sub</s></pos><stem>he</stem></mw><gra type="gra" index="1" head="2" relation="SUBJ"/></mor></w>
    <w>said<mor type="mor"><mw><pos><c>v</c></pos><stem>say</stem><mk type="sfxf">PAST</mk></mw><gra type="gra" index="2" head="0" relation="ROOT"/></mor></w>
    <t type="p"><mor type="mor"><mt type="p"/><gra type="gra" index="3" head="2" relation="PUNCT"/></mor></t>

  </u>
  <u who="MOT" uID="u58">
    <w>oh<mor type="mor"><mw><pos><c>co</c></pos><stem>oh</stem></mw><gra type="gra" index="1" head="3" relation="COM"/></mor></w>
    <w>he<mor type="mor"><mw><pos><c>pro</c><s>sub</s></pos><stem>he</stem></mw><gra type="gra" index="2" head="3" relation="SUBJ"/></mor></w>
    <w>hit<mor type="mor"><mw><pos><c>v</c></pos><stem>hit</stem><mk type="sfxf">ZERO</mk></mw><gra type="gra" index="3" head="0" relation="ROOT"/></mor></w>
    <w>Jason<mor type="mor"><mw><pos><c>n</c><s>prop</s></pos><stem>Jason</stem></mw><gra type="gra" index="4" head="3" relation="OBJ"/></mor></w>
    <w>this<mor type="mor"><mw><pos><c>det</c><s>dem</s></pos><stem>this</stem></mw><gra type="gra" index="5" head="6" relation="DET"/></mor></w>
    <w>morning<mor type="mor"><mw><pos><c>n</c></pos><stem>morning</stem></mw><gra type="gra" index="6" head="4" relation="POBJ"/></mor></w>
    <t type="p"><mor type="mor"><mt type="p"/><gra type="gra" index="7" head="3" relation="PUNCT"/></mor></t>

    <a type="gesture">glances at Investigator</a>
  </u>
  <u who="MOT" uID="u59">
    <w>huh<mor type="mor"><mw><pos><c>co</c></pos><stem>huh</stem></mw><gra type="gra" index="1" head="0" relation="INCROOT"/></mor></w>
    <t type="q"><mor type="mor"><mt type="q"/><gra type="gra" index="2" head="1" relation="PUNCT"/></mor></t>

  </u>
  <u who="MOT" uID="u60">
    <w>that<mor type="mor"><mw><pos><c>pro</c><s>dem</s></pos><stem>that</stem></mw><gra type="gra" index="1" head="2" relation="SUBJ"/></mor></w>
    <w>was<mor type="mor"><mw><pos><c>cop</c></pos><stem>be</stem><mk type="sfxf">PAST</mk><mk type="sfxf">13S</mk></mw><gra type="gra" index="2" head="0" relation="ROOT"/></mor></w>
    <w>a<mor type="mor"><mw><pos><c>det</c><s>art</s></pos><stem>a</stem></mw><gra type="gra" index="3" head="5" relation="DET"/></mor></w>
    <w>bad<mor type="mor"><mw><pos><c>adj</c></pos><stem>bad</stem></mw><gra type="gra" index="4" head="5" relation="MOD"/></mor></w>
    <w>boy<mor type="mor"><mw><pos><c>n</c></pos><stem>boy</stem></mw><gra type="gra" index="5" head="2" relation="PRED"/></mor></w>
    <t type="p"><mor type="mor"><mt type="p"/><gra type="gra" index="6" head="2" relation="PUNCT"/></mor></t>

  </u>
  <u who="MOT" uID="u61">
    <w>you<mor type="mor"><mw><pos><c>pro</c><s>per</s></pos><stem>you</stem></mw><gra type="gra" index="1" head="4" relation="SUBJ"/></mor></w>
    <w>won't<mor type="mor"><mw><pos><c>mod</c></pos><stem>will</stem></mw><gra type="gra" index="2" head="4" relation="AUX"/><mor-post><mw><pos><c>neg</c></pos><stem>not</stem></mw><gra type="gra" index="3" head="2" relation="NEG"/></mor-post></mor></w>
    <w>hit<mor type="mor"><mw><pos><c>v</c></pos><stem>hit</stem><mk type="sfxf">ZERO</mk></mw><gra type="gra" index="4" head="0" relation="ROOT"/></mor></w>
    <w>Jason<mor type="mor"><mw><pos><c>n</c><s>prop</s></pos><stem>Jason</stem></mw><gra type="gra" index="5" head="4" relation="OBJ"/></mor></w>
    <w>anymore<mor type="mor"><mw><pos><c>adv</c></pos><stem>anymore</stem></mw><gra type="gra" index="6" head="8" relation="JCT"/></mor></w>
    <pause symbolic-length="simple"/>
    <w>will<mor type="mor"><mw><pos><c>mod</c></pos><stem>will</stem></mw><gra type="gra" index="7" head="8" relation="AUX"/></mor></w>
    <w>ya<mor type="mor"><mw><pos><c>pro</c><s>per</s></pos><stem>you</stem></mw><gra type="gra" index="8" head="4" relation="OBJ"/></mor></w>
    <t type="q"><mor type="mor"><mt type="q"/><gra type="gra" index="9" head="4" relation="PUNCT"/></mor></t>

    <a type="addressee">Frank</a>
  </u>
  <u who="CHI" uID="u62">
    <w>no<mor type="mor"><mw><pos><c>co</c></pos><stem>no</stem></mw><gra type="gra" index="1" head="0" relation="INCROOT"/></mor></w>
    <t type="p"><mor type="mor"><mt type="p"/><gra type="gra" index="2" head="1" relation="PUNCT"/></mor></t>

    <a type="gesture">&lt;bef&gt; smiles . nods . &lt;dur&gt; shakes head . looks at cookie</a>
  </u>
  <u who="MOT" uID="u63">
    <w>no<mor type="mor"><mw><pos><c>qn</c></pos><stem>no</stem></mw><gra type="gra" index="1" head="2" relation="QUANT"/></mor></w>
    <pause symbolic-length="simple"/>
    <w>that<mor type="mor"><mw><pos><c>pro</c><s>dem</s></pos><stem>that</stem></mw><gra type="gra" index="2" head="3" relation="SUBJ"/></mor></w>
    <w>was<mor type="mor"><mw><pos><c>cop</c></pos><stem>be</stem><mk type="sfxf">PAST</mk><mk type="sfxf">13S</mk></mw><gra type="gra" index="3" head="0" relation="ROOT"/></mor></w>
    <w>a<mor type="mor"><mw><pos><c>det</c><s>art</s></pos><stem>a</stem></mw><gra type="gra" index="4" head="6" relation="DET"/></mor></w>
    <w>bad<mor type="mor"><mw><pos><c>adj</c></pos><stem>bad</stem></mw><gra type="gra" index="5" head="6" relation="MOD"/></mor></w>
    <w>boy<mor type="mor"><mw><pos><c>n</c></pos><stem>boy</stem></mw><gra type="gra" index="6" head="3" relation="PRED"/></mor></w>
    <t type="p"><mor type="mor"><mt type="p"/><gra type="gra" index="7" head="3" relation="PUNCT"/></mor></t>

  </u>
  <u who="MOT" uID="u64">
    <pause symbolic-length="simple"/>
    <w>did<mor type="mor"><mw><pos><c>mod</c></pos><stem>do</stem><mk type="sfxf">PAST</mk></mw><gra type="gra" index="1" head="3" relation="AUX"/></mor></w>
    <w>you<mor type="mor"><mw><pos><c>pro</c><s>per</s></pos><stem>you</stem></mw><gra type="gra" index="2" head="3" relation="SUBJ"/></mor></w>
    <w>go<mor type="mor"><mw><pos><c>v</c></pos><stem>go</stem></mw><gra type="gra" index="3" head="4" relation="SRL"/></mor></w>
    <w>skiing<mor type="mor"><mw><pos><c>part</c></pos><stem>ski</stem><mk type="sfx">PRESP</mk></mw><gra type="gra" index="4" head="0" relation="ROOT"/></mor></w>
    <t type="q"><mor type="mor"><mt type="q"/><gra type="gra" index="5" head="4" relation="PUNCT"/></mor></t>

    <a type="actions">&lt;1u .&gt; shifts in seat</a>
  </u>
  <u who="CHI" uID="u65">
    <w>yeah<mor type="mor"><mw><pos><c>co</c></pos><stem>yeah</stem></mw><gra type="gra" index="1" head="0" relation="INCROOT"/></mor></w>
    <t type="p"><mor type="mor"><mt type="p"/><gra type="gra" index="2" head="1" relation="PUNCT"/></mor></t>

    <a type="gesture">smiles . looks at cookie</a>
  </u>
  <u who="MOT" uID="u66">
    <w>and<mor type="mor"><mw><pos><c>coord</c></pos><stem>and</stem></mw><gra type="gra" index="1" head="5" relation="LINK"/></mor></w>
    <w>what<mor type="mor"><mw><pos><c>pro</c><s>int</s></pos><stem>what</stem></mw><gra type="gra" index="2" head="5" relation="OBJ"/></mor></w>
    <w>did<mor type="mor"><mw><pos><c>mod</c></pos><stem>do</stem><mk type="sfxf">PAST</mk></mw><gra type="gra" index="3" head="5" relation="AUX"/></mor></w>
    <w>you<mor type="mor"><mw><pos><c>pro</c><s>per</s></pos><stem>you</stem></mw><gra type="gra" index="4" head="5" relation="SUBJ"/></mor></w>
    <w>do<mor type="mor"><mw><pos><c>v</c></pos><stem>do</stem></mw><gra type="gra" index="5" head="0" relation="ROOT"/></mor></w>
    <t type="q"><mor type="mor"><mt type="q"/><gra type="gra" index="6" head="5" relation="PUNCT"/></mor></t>

    <a type="gesture">looks at Frank</a>
  </u>
  <u who="CHI" uID="u67">
    <w untranscribed="unintelligible">xxx</w>
    <t type="p"></t>

    <a type="gesture">looks at Mother</a>
  </u>
  <u who="MOT" uID="u68">
    <w>hm<p type="drawl"/><mor type="mor"><mw><pos><c>co</c></pos><stem>hm</stem></mw><gra type="gra" index="1" head="0" relation="INCROOT"/></mor></w>
    <t type="q"><mor type="mor"><mt type="q"/><gra type="gra" index="2" head="1" relation="PUNCT"/></mor></t>

  </u>
  <u who="CHI" uID="u69">
    <w untranscribed="unintelligible">xxx</w>
    <t type="p"></t>

    <a type="gesture">glances at cookie</a>
  </u>
  <u who="MOT" uID="u70">
    <w>did<mor type="mor"><mw><pos><c>mod</c></pos><stem>do</stem><mk type="sfxf">PAST</mk></mw><gra type="gra" index="1" head="3" relation="AUX"/></mor></w>
    <w>you<mor type="mor"><mw><pos><c>pro</c><s>per</s></pos><stem>you</stem></mw><gra type="gra" index="2" head="3" relation="SUBJ"/></mor></w>
    <w>go<mor type="mor"><mw><pos><c>v</c></pos><stem>go</stem></mw><gra type="gra" index="3" head="0" relation="ROOT"/></mor></w>
    <w>fast<mor type="mor"><mw><pos><c>adv</c></pos><stem>fast</stem></mw><gra type="gra" index="4" head="3" relation="JCT"/></mor></w>
    <t type="q"><mor type="mor"><mt type="q"/><gra type="gra" index="5" head="3" relation="PUNCT"/></mor></t>

  </u>
  <u who="CHI" uID="u71">
    <e><action/></e>
    <t type="p"></t>

    <a type="gesture">nods</a>
  </u>
  <u who="MOT" uID="u72">
    <w>do<mor type="mor"><mw><pos><c>mod</c></pos><stem>do</stem></mw><gra type="gra" index="1" head="3" relation="AUX"/></mor></w>
    <w>you<mor type="mor"><mw><pos><c>pro</c><s>per</s></pos><stem>you</stem></mw><gra type="gra" index="2" head="3" relation="SUBJ"/></mor></w>
    <w>want<mor type="mor"><mw><pos><c>v</c></pos><stem>want</stem></mw><gra type="gra" index="3" head="0" relation="ROOT"/></mor></w>
    <w>to<mor type="mor"><mw><pos><c>inf</c></pos><stem>to</stem></mw><gra type="gra" index="4" head="5" relation="INF"/></mor></w>
    <w>go<mor type="mor"><mw><pos><c>v</c></pos><stem>go</stem></mw><gra type="gra" index="5" head="3" relation="COMP"/></mor></w>
    <w>next<mor type="mor"><mw><pos><c>adj</c></pos><stem>next</stem></mw><gra type="gra" index="6" head="7" relation="MOD"/></mor></w>
    <w>week<mor type="mor"><mw><pos><c>n</c></pos><stem>week</stem></mw><gra type="gra" index="7" head="5" relation="OBJ"/></mor></w>
    <w>with<mor type="mor"><mw><pos><c>prep</c></pos><stem>with</stem></mw><gra type="gra" index="8" head="5" relation="JCT"/></mor></w>
    <w>Daddy<mor type="mor"><mw><pos><c>n</c><s>prop</s></pos><stem>Daddy</stem></mw><gra type="gra" index="9" head="8" relation="POBJ"/></mor></w>
    <pause symbolic-length="simple"/>
    <w>too<mor type="mor"><mw><pos><c>post</c></pos><stem>too</stem></mw><gra type="gra" index="10" head="5" relation="JCT"/></mor></w>
    <t type="q"><mor type="mor"><mt type="q"/><gra type="gra" index="11" head="3" relation="PUNCT"/></mor></t>

  </u>
  <u who="MOT" uID="u73">
    <w>huh<mor type="mor"><mw><pos><c>co</c></pos><stem>huh</stem></mw><gra type="gra" index="1" head="0" relation="INCROOT"/></mor></w>
    <t type="q"><mor type="mor"><mt type="q"/><gra type="gra" index="2" head="1" relation="PUNCT"/></mor></t>

  </u>
  <u who="CHI" uID="u74">
    <w>yeah<mor type="mor"><mw><pos><c>co</c></pos><stem>yeah</stem></mw><gra type="gra" index="1" head="0" relation="INCROOT"/></mor></w>
    <t type="p"><mor type="mor"><mt type="p"/><gra type="gra" index="2" head="1" relation="PUNCT"/></mor></t>

  </u>
  <u who="MOT" uID="u75">
    <w>yeah<mor type="mor"><mw><pos><c>co</c></pos><stem>yeah</stem></mw><gra type="gra" index="1" head="0" relation="INCROOT"/></mor></w>
    <t type="q"><mor type="mor"><mt type="q"/><gra type="gra" index="2" head="1" relation="PUNCT"/></mor></t>

  </u>
  <u who="MOT" uID="u76">
    <w>did<mor type="mor"><mw><pos><c>mod</c></pos><stem>do</stem><mk type="sfxf">PAST</mk></mw><gra type="gra" index="1" head="3" relation="AUX"/></mor></w>
    <w>you<mor type="mor"><mw><pos><c>pro</c><s>per</s></pos><stem>you</stem></mw><gra type="gra" index="2" head="3" relation="SUBJ"/></mor></w>
    <w>ride<mor type="mor"><mw><pos><c>v</c></pos><stem>ride</stem></mw><gra type="gra" index="3" head="0" relation="ROOT"/></mor></w>
    <w>up<mor type="mor"><mw><pos><c>prep</c></pos><stem>up</stem></mw><gra type="gra" index="4" head="3" relation="JCT"/></mor></w>
    <w>the<mor type="mor"><mw><pos><c>det</c><s>art</s></pos><stem>the</stem></mw><gra type="gra" index="5" head="7" relation="DET"/></mor></w>
    <w>chair<mor type="mor"><mw><pos><c>n</c></pos><stem>chair</stem></mw><gra type="gra" index="6" head="7" relation="MOD"/></mor></w>
    <w>lift<mor type="mor"><mw><pos><c>n</c></pos><stem>lift</stem></mw><gra type="gra" index="7" head="4" relation="POBJ"/></mor></w>
    <t type="q"><mor type="mor"><mt type="q"/><gra type="gra" index="8" head="3" relation="PUNCT"/></mor></t>

  </u>
  <u who="CHI" uID="u77">
    <w>yeah<mor type="mor"><mw><pos><c>co</c></pos><stem>yeah</stem></mw><gra type="gra" index="1" head="0" relation="INCROOT"/></mor></w>
    <t type="p"><mor type="mor"><mt type="p"/><gra type="gra" index="2" head="1" relation="PUNCT"/></mor></t>

  </u>
  <u who="MOT" uID="u78">
    <w>two<mor type="mor"><mw><pos><c>det</c><s>num</s></pos><stem>two</stem></mw><gra type="gra" index="1" head="2" relation="QUANT"/></mor></w>
    <w>times<mor type="mor"><mw><pos><c>n</c></pos><stem>time</stem><mk type="sfx">PL</mk></mw><gra type="gra" index="2" head="0" relation="INCROOT"/></mor></w>
    <t type="q"><mor type="mor"><mt type="q"/><gra type="gra" index="3" head="2" relation="PUNCT"/></mor></t>

  </u>
  <u who="MOT" uID="u79">
    <w>yeah<mor type="mor"><mw><pos><c>co</c></pos><stem>yeah</stem></mw><gra type="gra" index="1" head="3" relation="COM"/></mor></w>
    <pause symbolic-length="simple"/>
    <w>we<mor type="mor"><mw><pos><c>pro</c><s>sub</s></pos><stem>we</stem></mw><gra type="gra" index="2" head="3" relation="SUBJ"/></mor></w>
    <w>had<mor type="mor"><mw><pos><c>v</c></pos><stem>have</stem><mk type="sfxf">PAST</mk></mw><gra type="gra" index="3" head="0" relation="ROOT"/></mor></w>
    <w>fun<mor type="mor"><mw><pos><c>n</c></pos><stem>fun</stem></mw><gra type="gra" index="4" head="7" relation="SUBJ"/></mor></w>
    <w>didn't<mor type="mor"><mw><pos><c>mod</c></pos><stem>do</stem><mk type="sfxf">PAST</mk></mw><gra type="gra" index="5" head="7" relation="AUX"/><mor-post><mw><pos><c>neg</c></pos><stem>not</stem></mw><gra type="gra" index="6" head="5" relation="NEG"/></mor-post></mor></w>
    <w>we<mor type="mor"><mw><pos><c>pro</c><s>sub</s></pos><stem>we</stem></mw><gra type="gra" index="7" head="3" relation="COMP"/></mor></w>
    <t type="q"><mor type="mor"><mt type="q"/><gra type="gra" index="8" head="3" relation="PUNCT"/></mor></t>

  </u>
  <u who="CHI" uID="u80">
    <w>we<mor type="mor"><mw><pos><c>pro</c><s>sub</s></pos><stem>we</stem></mw><gra type="gra" index="1" head="3" relation="SUBJ"/></mor></w>
    <w>did<mor type="mor"><mw><pos><c>mod</c></pos><stem>do</stem><mk type="sfxf">PAST</mk></mw><gra type="gra" index="2" head="3" relation="AUX"/></mor></w>
    <w>ski<mor type="mor"><mw><pos><c>v</c></pos><stem>ski</stem></mw><gra type="gra" index="3" head="0" relation="ROOT"/></mor></w>
    <t type="p"><mor type="mor"><mt type="p"/><gra type="gra" index="4" head="3" relation="PUNCT"/></mor></t>

    <a type="extension" flavor="pho">wi dIt ski</a>
    <a type="gesture">&lt;bef&gt; nods slightly</a>
    <a type="actions">eats</a>
  </u>
  <u who="MOT" uID="u81">
    <w>pardon<mor type="mor"><mw><pos><c>v</c></pos><stem>pardon</stem></mw><gra type="gra" index="1" head="0" relation="ROOT"/></mor></w>
    <w>me<mor type="mor"><mw><pos><c>pro</c><s>obj</s></pos><stem>me</stem></mw><gra type="gra" index="2" head="1" relation="OBJ"/></mor></w>
    <t type="q"><mor type="mor"><mt type="q"/><gra type="gra" index="3" head="1" relation="PUNCT"/></mor></t>

  </u>
  <u who="CHI" uID="u82">
    <w>we<mor type="mor"><mw><pos><c>pro</c><s>sub</s></pos><stem>we</stem></mw><gra type="gra" index="1" head="2" relation="SUBJ"/></mor></w>
    <g><w>ski<mor type="mor"><mw><pos><c>v</c></pos><stem>ski</stem></mw><gra type="gra" index="2" head="0" relation="ROOT"/></mor></w><error/></g>
    <t type="p"><mor type="mor"><mt type="p"/><gra type="gra" index="3" head="2" relation="PUNCT"/></mor></t>

    <a type="extension" flavor="pho">wi tSi tSi</a>
  </u>
  <u who="MOT" uID="u83">
    <w>you<mor type="mor"><mw><pos><c>pro</c><s>per</s></pos><stem>you</stem></mw><gra type="gra" index="1" head="2" relation="SUBJ"/></mor></w>
    <w>ski<mor type="mor"><mw><pos><c>v</c></pos><stem>ski</stem></mw><gra type="gra" index="2" head="0" relation="ROOT"/></mor></w>
    <w>with<mor type="mor"><mw><pos><c>prep</c></pos><stem>with</stem></mw><gra type="gra" index="3" head="2" relation="JCT"/></mor></w>
    <w>the<mor type="mor"><mw><pos><c>det</c><s>art</s></pos><stem>the</stem></mw><gra type="gra" index="4" head="5" relation="DET"/></mor></w>
    <w>kids<mor type="mor"><mw><pos><c>n</c></pos><stem>kid</stem><mk type="sfx">PL</mk></mw><gra type="gra" index="5" head="3" relation="POBJ"/></mor></w>
    <t type="q"><mor type="mor"><mt type="q"/><gra type="gra" index="6" head="2" relation="PUNCT"/></mor></t>

  </u>
  <u who="CHI" uID="u84">
    <w>yeah<mor type="mor"><mw><pos><c>co</c></pos><stem>yeah</stem></mw><gra type="gra" index="1" head="0" relation="INCROOT"/></mor></w>
    <t type="p"><mor type="mor"><mt type="p"/><gra type="gra" index="2" head="1" relation="PUNCT"/></mor></t>

    <a type="actions">eats</a>
    <a type="gesture">&lt;aft&gt; looks at Mother</a>
  </u>
  <u who="MOT" uID="u85">
    <w>yeah<mor type="mor"><mw><pos><c>co</c></pos><stem>yeah</stem></mw><gra type="gra" index="1" head="3" relation="COM"/></mor></w>
    <pause symbolic-length="simple"/>
    <w>that<mor type="mor"><mw><pos><c>pro</c><s>dem</s></pos><stem>that</stem></mw><gra type="gra" index="2" head="3" relation="SUBJ"/></mor></w>
    <w>was<mor type="mor"><mw><pos><c>cop</c></pos><stem>be</stem><mk type="sfxf">PAST</mk><mk type="sfxf">13S</mk></mw><gra type="gra" index="3" head="0" relation="ROOT"/></mor></w>
    <w>fun<mor type="mor"><mw><pos><c>adj</c></pos><stem>fun</stem></mw><gra type="gra" index="4" head="3" relation="PRED"/></mor></w>
    <t type="p"><mor type="mor"><mt type="p"/><gra type="gra" index="5" head="3" relation="PUNCT"/></mor></t>

  </u>
  <u who="MOT" uID="u86">
    <w>and<mor type="mor"><mw><pos><c>coord</c></pos><stem>and</stem></mw><gra type="gra" index="1" head="4" relation="LINK"/></mor></w>
    <w>did<mor type="mor"><mw><pos><c>mod</c></pos><stem>do</stem><mk type="sfxf">PAST</mk></mw><gra type="gra" index="2" head="4" relation="AUX"/></mor></w>
    <w>you<mor type="mor"><mw><pos><c>pro</c><s>per</s></pos><stem>you</stem></mw><gra type="gra" index="3" head="4" relation="SUBJ"/></mor></w>
    <w>cry<mor type="mor"><mw><pos><c>v</c></pos><stem>cry</stem></mw><gra type="gra" index="4" head="0" relation="ROOT"/></mor></w>
    <t type="q"><mor type="mor"><mt type="q"/><gra type="gra" index="5" head="4" relation="PUNCT"/></mor></t>

    <a type="gesture">looks at Frank</a>
  </u>
  <u who="CHI" uID="u87">
    <w>yeah<mor type="mor"><mw><pos><c>co</c></pos><stem>yeah</stem></mw><gra type="gra" index="1" head="0" relation="INCROOT"/></mor></w>
    <t type="p"><mor type="mor"><mt type="p"/><gra type="gra" index="2" head="1" relation="PUNCT"/></mor></t>

    <a type="gesture">&lt;bef&gt; nods</a>
    <a type="actions">&lt;bef&gt; eats</a>
  </u>
  <u who="MOT" uID="u88">
    <w>you<mor type="mor"><mw><pos><c>pro</c><s>per</s></pos><stem>you</stem></mw><gra type="gra" index="1" head="2" relation="SUBJ"/></mor></w>
    <w>were<mor type="mor"><mw><pos><c>cop</c></pos><stem>be</stem><mk type="sfxf">PAST</mk></mw><gra type="gra" index="2" head="0" relation="ROOT"/></mor></w>
    <w>sad<mor type="mor"><mw><pos><c>adj</c></pos><stem>sad</stem></mw><gra type="gra" index="3" head="2" relation="PRED"/></mor></w>
    <pause symbolic-length="simple"/>
    <w>huh<mor type="mor"><mw><pos><c>co</c></pos><stem>huh</stem></mw><gra type="gra" index="4" head="2" relation="COM"/></mor></w>
    <t type="q"><mor type="mor"><mt type="q"/><gra type="gra" index="5" head="2" relation="PUNCT"/></mor></t>

  </u>
  <u who="CHI" uID="u89">
    <w>uhhuh<mor type="mor"><mw><pos><c>co</c></pos><stem>uhhuh</stem></mw><gra type="gra" index="1" head="0" relation="INCROOT"/></mor></w>
    <t type="p"><mor type="mor"><mt type="p"/><gra type="gra" index="2" head="1" relation="PUNCT"/></mor></t>

    <a type="actions">&lt;aft&gt; eats</a>
  </u>
  <u who="MOT" uID="u90">
    <w>but<mor type="mor"><mw><pos><c>conj</c></pos><stem>but</stem></mw><gra type="gra" index="1" head="5" relation="LINK"/></mor></w>
    <w>Mommy<mor type="mor"><mw><pos><c>n</c><s>prop</s></pos><stem>Mommy</stem></mw><gra type="gra" index="2" head="5" relation="SUBJ"/></mor></w>
    <w>and<mor type="mor"><mw><pos><c>coord</c></pos><stem>and</stem></mw><gra type="gra" index="3" head="2" relation="CONJ"/></mor></w>
    <w>Daddy<mor type="mor"><mw><pos><c>n</c><s>prop</s></pos><stem>Daddy</stem></mw><gra type="gra" index="4" head="3" relation="COORD"/></mor></w>
    <w>came<mor type="mor"><mw><pos><c>v</c></pos><stem>come</stem><mk type="sfxf">PAST</mk></mw><gra type="gra" index="5" head="0" relation="ROOT"/></mor></w>
    <w>and<mor type="mor"><mw><pos><c>coord</c></pos><stem>and</stem></mw><gra type="gra" index="6" head="5" relation="CONJ"/></mor></w>
    <w>got<mor type="mor"><mw><pos><c>v</c></pos><stem>get</stem><mk type="sfxf">PAST</mk></mw><gra type="gra" index="7" head="6" relation="COORD"/></mor></w>
    <w>you<mor type="mor"><mw><pos><c>pro</c><s>per</s></pos><stem>you</stem></mw><gra type="gra" index="8" head="7" relation="OBJ"/></mor></w>
    <t type="p"><mor type="mor"><mt type="p"/><gra type="gra" index="9" head="5" relation="PUNCT"/></mor></t>

  </u>
  <u who="CHI" uID="u91">
    <w>uhhuh<mor type="mor"><mw><pos><c>co</c></pos><stem>uhhuh</stem></mw><gra type="gra" index="1" head="0" relation="INCROOT"/></mor></w>
    <t type="p"><mor type="mor"><mt type="p"/><gra type="gra" index="2" head="1" relation="PUNCT"/></mor></t>

  </u>
  <u who="MOT" uID="u92">
    <w>we<mor type="mor"><mw><pos><c>pro</c><s>sub</s></pos><stem>we</stem></mw><gra type="gra" index="1" head="3" relation="SUBJ"/></mor></w>
    <w>never<mor type="mor"><mw><pos><c>adv</c><s>tem</s></pos><stem>never</stem></mw><gra type="gra" index="2" head="3" relation="JCT"/></mor></w>
    <w>leave<mor type="mor"><mw><pos><c>v</c></pos><stem>leave</stem></mw><gra type="gra" index="3" head="0" relation="ROOT"/></mor></w>
    <w>you<mor type="mor"><mw><pos><c>pro</c><s>per</s></pos><stem>you</stem></mw><gra type="gra" index="4" head="6" relation="SUBJ"/></mor></w>
    <pause symbolic-length="simple"/>
    <w>do<mor type="mor"><mw><pos><c>mod</c></pos><stem>do</stem></mw><gra type="gra" index="5" head="6" relation="AUX"/></mor></w>
    <w>we<mor type="mor"><mw><pos><c>pro</c><s>sub</s></pos><stem>we</stem></mw><gra type="gra" index="6" head="3" relation="COMP"/></mor></w>
    <t type="q"><mor type="mor"><mt type="q"/><gra type="gra" index="7" head="3" relation="PUNCT"/></mor></t>

  </u>
  <u who="MOT" uID="u93">
    <w>we<mor type="mor"><mw><pos><c>pro</c><s>sub</s></pos><stem>we</stem></mw><gra type="gra" index="1" head="3" relation="SUBJ"/></mor></w>
    <w>always<mor type="mor"><mw><pos><c>adv</c></pos><stem>always</stem></mw><gra type="gra" index="2" head="3" relation="JCT"/></mor></w>
    <w>come<mor type="mor"><mw><pos><c>v</c></pos><stem>come</stem></mw><gra type="gra" index="3" head="0" relation="ROOT"/></mor></w>
    <w>back<mor type="mor"><mw><pos><c>adv</c></pos><stem>back</stem></mw><gra type="gra" index="4" head="3" relation="JCT"/></mor></w>
    <t type="p"><mor type="mor"><mt type="p"/><gra type="gra" index="5" head="3" relation="PUNCT"/></mor></t>

  </u>
  <u who="MOT" uID="u94">
    <w>huh<mor type="mor"><mw><pos><c>co</c></pos><stem>huh</stem></mw><gra type="gra" index="1" head="0" relation="INCROOT"/></mor></w>
    <t type="q"><mor type="mor"><mt type="q"/><gra type="gra" index="2" head="1" relation="PUNCT"/></mor></t>

  </u>
  <u who="CHI" uID="u95">
    <w>uh<shortening>huh</shortening><mor type="mor"><mw><pos><c>co</c></pos><stem>uhhuh</stem></mw><gra type="gra" index="1" head="0" relation="INCROOT"/></mor></w>
    <t type="p"><mor type="mor"><mt type="p"/><gra type="gra" index="2" head="1" relation="PUNCT"/></mor></t>

    <a type="gesture">glances at cookie</a>
  </u>
  <u who="MOT" uID="u96">
    <w>yeah<mor type="mor"><mw><pos><c>co</c></pos><stem>yeah</stem></mw><gra type="gra" index="1" head="0" relation="INCROOT"/></mor></w>
    <t type="p"><mor type="mor"><mt type="p"/><gra type="gra" index="2" head="1" relation="PUNCT"/></mor></t>

  </u>
  <u who="CHI" uID="u97">
    <g><w>me<mor type="mor"><mw><pos><c>pro</c><s>obj</s></pos><stem>me</stem></mw><gra type="gra" index="1" head="2" relation="SUBJ"/></mor></w><error/></g>
    <w>sad<mor type="mor"><mw><pos><c>adj</c></pos><stem>sad</stem></mw><gra type="gra" index="2" head="0" relation="INCROOT"/></mor></w>
    <t type="p"><mor type="mor"><mt type="p"/><gra type="gra" index="3" head="2" relation="PUNCT"/></mor></t>

    <a type="extension" flavor="pho">m6 s&amp;</a>
  </u>
  <u who="MOT" uID="u98">
    <w>I<mor type="mor"><mw><pos><c>pro</c><s>sub</s></pos><stem>I</stem></mw><gra type="gra" index="1" head="2" relation="SUBJ"/></mor></w>
    <w>know<mor type="mor"><mw><pos><c>v</c></pos><stem>know</stem></mw><gra type="gra" index="2" head="0" relation="ROOT"/></mor></w>
    <w>you<mor type="mor"><mw><pos><c>pro</c><s>per</s></pos><stem>you</stem></mw><gra type="gra" index="3" head="4" relation="SUBJ"/></mor></w>
    <w>were<mor type="mor"><mw><pos><c>cop</c></pos><stem>be</stem><mk type="sfxf">PAST</mk></mw><gra type="gra" index="4" head="2" relation="COMP"/></mor></w>
    <t type="e"><mor type="mor"><mt type="e"/><gra type="gra" index="5" head="2" relation="PUNCT"/></mor></t>

  </u>
  <u who="MOT" uID="u99">
    <w>ya<mor type="mor"><mw><pos><c>pro</c><s>per</s></pos><stem>you</stem></mw><gra type="gra" index="1" head="0" relation="INCROOT"/></mor></w>
    <w>happy<mor type="mor"><mw><pos><c>adj</c></pos><stem>happy</stem></mw><gra type="gra" index="2" head="1" relation="PRED"/></mor></w>
    <w>now<mor type="mor"><mw><pos><c>adv</c><s>tem</s></pos><stem>now</stem></mw><gra type="gra" index="3" head="2" relation="JCT"/></mor></w>
    <t type="q"><mor type="mor"><mt type="q"/><gra type="gra" index="4" head="1" relation="PUNCT"/></mor></t>

  </u>
  <u who="CHI" uID="u100">
    <w>yeah<mor type="mor"><mw><pos><c>co</c></pos><stem>yeah</stem></mw><gra type="gra" index="1" head="0" relation="INCROOT"/></mor></w>
    <t type="p"><mor type="mor"><mt type="p"/><gra type="gra" index="2" head="1" relation="PUNCT"/></mor></t>

    <a type="actions">eats</a>
  </u>
  <u who="MOT" uID="u101">
    <w>okay<mor type="mor"><mw><pos><c>co</c></pos><stem>okay</stem></mw><gra type="gra" index="1" head="0" relation="INCROOT"/></mor></w>
    <t type="p"><mor type="mor"><mt type="p"/><gra type="gra" index="2" head="1" relation="PUNCT"/></mor></t>

  </u>
  <u who="MOT" uID="u102">
    <w>mm<p type="drawl"/><mor type="mor"><mw><pos><c>co</c></pos><stem>mm</stem></mw><gra type="gra" index="1" head="0" relation="INCROOT"/></mor></w>
    <t type="p"><mor type="mor"><mt type="p"/><gra type="gra" index="2" head="1" relation="PUNCT"/></mor></t>

  </u>
  <u who="MOT" uID="u103">
    <w>isn't<mor type="mor"><mw><pos><c>cop</c></pos><stem>be</stem><mk type="sfxf">3S</mk></mw><gra type="gra" index="1" head="0" relation="ROOT"/><mor-post><mw><pos><c>neg</c></pos><stem>not</stem></mw><gra type="gra" index="2" head="1" relation="NEG"/></mor-post></mor></w>
    <w>that<mor type="mor"><mw><pos><c>det</c><s>dem</s></pos><stem>that</stem></mw><gra type="gra" index="3" head="4" relation="DET"/></mor></w>
    <w>delicious<mor type="mor"><mw><pos><c>adj</c></pos><stem>delicious</stem></mw><gra type="gra" index="4" head="1" relation="JCT"/></mor></w>
    <t type="q"><mor type="mor"><mt type="q"/><gra type="gra" index="5" head="1" relation="PUNCT"/></mor></t>

  </u>
  <u who="CHI" uID="u104">
    <e><action/></e>
    <t type="p"></t>

    <a type="gesture">nods . glances around room</a>
  </u>
  <u who="MOT" uID="u105">
    <w>d<shortening>o</shortening><mor type="mor"><mw><pos><c>mod</c></pos><stem>do</stem></mw><gra type="gra" index="1" head="3" relation="AUX"/></mor></w>
    <w>you<mor type="mor"><mw><pos><c>pro</c><s>per</s></pos><stem>you</stem></mw><gra type="gra" index="2" head="3" relation="SUBJ"/></mor></w>
    <w>see<mor type="mor"><mw><pos><c>v</c></pos><stem>see</stem></mw><gra type="gra" index="3" head="0" relation="ROOT"/></mor></w>
    <w>Mark<mor type="mor"><mw><pos><c>n</c><s>prop</s></pos><stem>Mark</stem></mw><gra type="gra" index="4" head="7" relation="SUBJ"/></mor></w>
    <pause symbolic-length="simple"/>
    <w>did<mor type="mor"><mw><pos><c>mod</c></pos><stem>do</stem><mk type="sfxf">PAST</mk></mw><gra type="gra" index="5" head="7" relation="AUX"/></mor></w>
    <w>he<mor type="mor"><mw><pos><c>pro</c><s>sub</s></pos><stem>he</stem></mw><gra type="gra" index="6" head="7" relation="SUBJ"/></mor></w>
    <w>wake<mor type="mor"><mw><pos><c>v</c></pos><stem>wake</stem></mw><gra type="gra" index="7" head="3" relation="COMP"/></mor></w>
    <w>up<mor type="mor"><mw><pos><c>adv</c></pos><stem>up</stem></mw><gra type="gra" index="8" head="7" relation="JCT"/></mor></w>
    <t type="q"><mor type="mor"><mt type="q"/><gra type="gra" index="9" head="3" relation="PUNCT"/></mor></t>

  </u>
  <u who="MOT" uID="u106">
    <w>huh<mor type="mor"><mw><pos><c>co</c></pos><stem>huh</stem></mw><gra type="gra" index="1" head="0" relation="INCROOT"/></mor></w>
    <t type="q"><mor type="mor"><mt type="q"/><gra type="gra" index="2" head="1" relation="PUNCT"/></mor></t>

  </u>
  <u who="MOT" uID="u107">
    <w>it<mor type="mor"><mw><pos><c>pro</c><s>per</s></pos><stem>it</stem></mw><gra type="gra" index="1" head="2" relation="SUBJ"/></mor></w>
    <w>snowin<shortening>g</shortening><mor type="mor"><mw><pos><c>part</c></pos><stem>snow</stem><mk type="sfx">PRESP</mk></mw><gra type="gra" index="2" head="0" relation="ROOT"/></mor></w>
    <w>outside<mor type="mor"><mw><pos><c>adv</c></pos><stem>outside</stem></mw><gra type="gra" index="3" head="4" relation="JCT"/></mor></w>
    <w>today<mor type="mor"><mw><pos><c>adv</c><s>tem</s></pos><stem>today</stem></mw><gra type="gra" index="4" head="2" relation="JCT"/></mor></w>
    <t type="q"><mor type="mor"><mt type="q"/><gra type="gra" index="5" head="2" relation="PUNCT"/></mor></t>

    <a type="gesture">looks at Frank</a>
  </u>
  <u who="CHI" uID="u108">
    <w>yeah<mor type="mor"><mw><pos><c>co</c></pos><stem>yeah</stem></mw><gra type="gra" index="1" head="0" relation="INCROOT"/></mor></w>
    <t type="p"><mor type="mor"><mt type="p"/><gra type="gra" index="2" head="1" relation="PUNCT"/></mor></t>

  </u>
  <u who="MOT" uID="u109">
    <w>ya<mor type="mor"><mw><pos><c>pro</c><s>per</s></pos><stem>you</stem></mw><gra type="gra" index="1" head="2" relation="SUBJ"/></mor></w>
    <w>wan<shortening>t</shortening><mor type="mor"><mw><pos><c>v</c></pos><stem>want</stem></mw><gra type="gra" index="2" head="0" relation="ROOT"/></mor></w>
    <w><shortening>t</shortening>a<mor type="mor"><mw><pos><c>inf</c></pos><stem>to</stem></mw><gra type="gra" index="3" head="4" relation="INF"/></mor></w>
    <w>play<mor type="mor"><mw><pos><c>v</c></pos><stem>play</stem></mw><gra type="gra" index="4" head="2" relation="COMP"/></mor></w>
    <w>in<mor type="mor"><mw><pos><c>prep</c></pos><stem>in</stem></mw><gra type="gra" index="5" head="4" relation="JCT"/></mor></w>
    <w>the<mor type="mor"><mw><pos><c>det</c><s>art</s></pos><stem>the</stem></mw><gra type="gra" index="6" head="7" relation="DET"/></mor></w>
    <w>snow<mor type="mor"><mw><pos><c>n</c></pos><stem>snow</stem></mw><gra type="gra" index="7" head="5" relation="POBJ"/></mor></w>
    <w>later<mor type="mor"><mw><pos><c>adv</c></pos><stem>later</stem></mw><gra type="gra" index="8" head="4" relation="JCT"/></mor></w>
    <t type="q"><mor type="mor"><mt type="q"/><gra type="gra" index="9" head="2" relation="PUNCT"/></mor></t>

  </u>
  <u who="CHI" uID="u110">
    <w>yeah<mor type="mor"><mw><pos><c>co</c></pos><stem>yeah</stem></mw><gra type="gra" index="1" head="0" relation="INCROOT"/></mor></w>
    <t type="p"><mor type="mor"><mt type="p"/><gra type="gra" index="2" head="1" relation="PUNCT"/></mor></t>

    <a type="gesture">looks around room</a>
  </u>
  <u who="MOT" uID="u111">
    <w>should<mor type="mor"><mw><pos><c>mod</c></pos><stem>should</stem></mw><gra type="gra" index="1" head="3" relation="AUX"/></mor></w>
    <w>we<mor type="mor"><mw><pos><c>pro</c><s>sub</s></pos><stem>we</stem></mw><gra type="gra" index="2" head="3" relation="SUBJ"/></mor></w>
    <w>get<mor type="mor"><mw><pos><c>v</c></pos><stem>get</stem></mw><gra type="gra" index="3" head="0" relation="ROOT"/></mor></w>
    <w>the<mor type="mor"><mw><pos><c>det</c><s>art</s></pos><stem>the</stem></mw><gra type="gra" index="4" head="5" relation="DET"/></mor></w>
    <w>sleds<mor type="mor"><mw><pos><c>n</c></pos><stem>sled</stem><mk type="sfx">PL</mk></mw><gra type="gra" index="5" head="3" relation="OBJ"/></mor></w>
    <w>out<mor type="mor"><mw><pos><c>adv</c></pos><stem>out</stem></mw><gra type="gra" index="6" head="3" relation="JCT"/></mor></w>
    <t type="q"><mor type="mor"><mt type="q"/><gra type="gra" index="7" head="3" relation="PUNCT"/></mor></t>

  </u>
  <u who="CHI" uID="u112">
    <w>yeah<mor type="mor"><mw><pos><c>co</c></pos><stem>yeah</stem></mw><gra type="gra" index="1" head="0" relation="INCROOT"/></mor></w>
    <t type="p"><mor type="mor"><mt type="p"/><gra type="gra" index="2" head="1" relation="PUNCT"/></mor></t>

    <a type="gesture">looks at Mother</a>
  </u>
  <u who="MOT" uID="u113">
    <w>if<mor type="mor"><mw><pos><c>conj</c></pos><stem>if</stem></mw><gra type="gra" index="1" head="3" relation="LINK"/></mor></w>
    <w>we<mor type="mor"><mw><pos><c>pro</c><s>sub</s></pos><stem>we</stem></mw><gra type="gra" index="2" head="3" relation="SUBJ"/></mor></w>
    <w>get<mor type="mor"><mw><pos><c>v</c></pos><stem>get</stem></mw><gra type="gra" index="3" head="8" relation="CJCT"/></mor></w>
    <w>enough<mor type="mor"><mw><pos><c>adv</c></pos><stem>enough</stem></mw><gra type="gra" index="4" head="3" relation="JCT"/></mor></w>
    <w>snow<mor type="mor"><mw><pos><c>n</c></pos><stem>snow</stem></mw><gra type="gra" index="5" head="4" relation="POBJ"/></mor></w>
    <w>we'll<mor type="mor"><mw><pos><c>pro</c><s>sub</s></pos><stem>we</stem></mw><gra type="gra" index="6" head="8" relation="SUBJ"/><mor-post><mw><pos><c>mod</c></pos><stem>will</stem></mw><gra type="gra" index="7" head="8" relation="AUX"/></mor-post></mor></w>
    <w>get<mor type="mor"><mw><pos><c>v</c></pos><stem>get</stem></mw><gra type="gra" index="8" head="0" relation="ROOT"/></mor></w>
    <w>the<mor type="mor"><mw><pos><c>det</c><s>art</s></pos><stem>the</stem></mw><gra type="gra" index="9" head="10" relation="DET"/></mor></w>
    <w>sleds<mor type="mor"><mw><pos><c>n</c></pos><stem>sled</stem><mk type="sfx">PL</mk></mw><gra type="gra" index="10" head="8" relation="OBJ"/></mor></w>
    <w>out<mor type="mor"><mw><pos><c>adv</c></pos><stem>out</stem></mw><gra type="gra" index="11" head="8" relation="JCT"/></mor></w>
    <t type="q"><mor type="mor"><mt type="q"/><gra type="gra" index="12" head="8" relation="PUNCT"/></mor></t>

  </u>
  <u who="MOT" uID="u114">
    <pause symbolic-length="simple"/>
    <w><shortening>a</shortening>n<shortening>d</shortening><mor type="mor"><mw><pos><c>coord</c></pos><stem>and</stem></mw><gra type="gra" index="1" head="2" relation="LINK"/></mor></w>
    <w>put<mor type="mor"><mw><pos><c>v</c></pos><stem>put</stem><mk type="sfxf">ZERO</mk></mw><gra type="gra" index="2" head="0" relation="ROOT"/></mor></w>
    <w>your<mor type="mor"><mw><pos><c>det</c><s>poss</s></pos><stem>your</stem></mw><gra type="gra" index="3" head="4" relation="DET"/></mor></w>
    <w>hat<mor type="mor"><mw><pos><c>n</c></pos><stem>hat</stem></mw><gra type="gra" index="4" head="2" relation="OBJ"/></mor></w>
    <w>on<mor type="mor"><mw><pos><c>adv</c></pos><stem>on</stem></mw><gra type="gra" index="5" head="2" relation="JCT"/></mor></w>
    <t type="q"><mor type="mor"><mt type="q"/><gra type="gra" index="6" head="2" relation="PUNCT"/></mor></t>

  </u>
  <u who="MOT" uID="u115">
    <w>and<mor type="mor"><mw><pos><c>coord</c></pos><stem>and</stem></mw><gra type="gra" index="1" head="3" relation="LINK"/></mor></w>
    <w>your<mor type="mor"><mw><pos><c>det</c><s>poss</s></pos><stem>your</stem></mw><gra type="gra" index="2" head="3" relation="DET"/></mor></w>
    <w>mittens<mor type="mor"><mw><pos><c>n</c></pos><stem>mitten</stem><mk type="sfx">PL</mk></mw><gra type="gra" index="3" head="0" relation="INCROOT"/></mor></w>
    <t type="q"><mor type="mor"><mt type="q"/><gra type="gra" index="4" head="3" relation="PUNCT"/></mor></t>

  </u>
  <u who="CHI" uID="u116">
    <w>zzz<mor type="mor"><mw><pos><c>co</c></pos><stem>zzz</stem></mw><gra type="gra" index="1" head="0" relation="INCROOT"/></mor></w>
    <t type="p"><mor type="mor"><mt type="p"/><gra type="gra" index="2" head="1" relation="PUNCT"/></mor></t>

    <a type="paralinguistics">mumbles with cookie in mouth</a>
  </u>
  <u who="MOT" uID="u117">
    <w>pardon<mor type="mor"><mw><pos><c>v</c></pos><stem>pardon</stem></mw><gra type="gra" index="1" head="0" relation="ROOT"/></mor></w>
    <w>me<mor type="mor"><mw><pos><c>pro</c><s>obj</s></pos><stem>me</stem></mw><gra type="gra" index="2" head="1" relation="OBJ"/></mor></w>
    <t type="q"><mor type="mor"><mt type="q"/><gra type="gra" index="3" head="1" relation="PUNCT"/></mor></t>

  </u>
  <u who="CHI" uID="u118">
    <w>zzz<mor type="mor"><mw><pos><c>co</c></pos><stem>zzz</stem></mw><gra type="gra" index="1" head="0" relation="INCROOT"/></mor></w>
    <t type="p"><mor type="mor"><mt type="p"/><gra type="gra" index="2" head="1" relation="PUNCT"/></mor></t>

    <a type="paralinguistics">mumbles with cookie in mouth</a>
  </u>
  <u who="MOT" uID="u119">
    <w>yeah<mor type="mor"><mw><pos><c>co</c></pos><stem>yeah</stem></mw><gra type="gra" index="1" head="2" relation="COM"/></mor></w>
    <pause symbolic-length="simple"/>
    <w>him<mor type="mor"><mw><pos><c>pro</c><s>obj</s></pos><stem>him</stem></mw><gra type="gra" index="2" head="0" relation="ROOT"/></mor></w>
    <w>too<mor type="mor"><mw><pos><c>adv</c></pos><stem>too</stem></mw><gra type="gra" index="3" head="2" relation="JCT"/></mor></w>
    <t type="p"><mor type="mor"><mt type="p"/><gra type="gra" index="4" head="2" relation="PUNCT"/></mor></t>

  </u>
  <u who="CHI" uID="u120">
    <w type="filler">uh</w>
    <t type="p"></t>

  </u>
  <u who="MOT" uID="u121">
    <w>chew<mor type="mor"><mw><pos><c>v</c></pos><stem>chew</stem></mw><gra type="gra" index="1" head="0" relation="ROOT"/></mor></w>
    <t type="p"><mor type="mor"><mt type="p"/><gra type="gra" index="2" head="1" relation="PUNCT"/></mor></t>

  </u>
  <u who="CHI" uID="u122">
    <w>zzz<mor type="mor"><mw><pos><c>co</c></pos><stem>zzz</stem></mw><gra type="gra" index="1" head="0" relation="INCROOT"/></mor></w>
    <t type="p"><mor type="mor"><mt type="p"/><gra type="gra" index="2" head="1" relation="PUNCT"/></mor></t>

    <a type="paralinguistics">grunts</a>
    <a type="actions">faces Mother . shrugs shoulder</a>
  </u>
  <u who="MOT" uID="u123">
    <w>chew<mor type="mor"><mw><pos><c>v</c></pos><stem>chew</stem></mw><gra type="gra" index="1" head="0" relation="ROOT"/></mor></w>
    <t type="p"><mor type="mor"><mt type="p"/><gra type="gra" index="2" head="1" relation="PUNCT"/></mor></t>

  </u>
  <u who="CHI" uID="u124">
    <w>zzz<mor type="mor"><mw><pos><c>co</c></pos><stem>zzz</stem></mw><gra type="gra" index="1" head="0" relation="INCROOT"/></mor></w>
    <t type="p"><mor type="mor"><mt type="p"/><gra type="gra" index="2" head="1" relation="PUNCT"/></mor></t>

    <a type="paralinguistics">grunts</a>
    <a type="actions">shrugs shoulders . looks at Mother . eats</a>
  </u>
  <u who="MOT" uID="u125">
    <w>what<mor type="mor"><mw><pos><c>pro</c><s>int</s></pos><stem>what</stem></mw><gra type="gra" index="1" head="2" relation="LINK"/></mor></w>
    <g><w>are<mor type="mor"><mw><pos><c>cop</c></pos><stem>be</stem><mk type="sfxf">PRES</mk></mw><gra type="gra" index="2" head="0" relation="ROOT"/></mor></w><k type="stressing"/></g>
    <w>you<mor type="mor"><mw><pos><c>pro</c><s>per</s></pos><stem>you</stem></mw><gra type="gra" index="3" head="2" relation="PRED"/></mor></w>
    <t type="q"><mor type="mor"><mt type="q"/><gra type="gra" index="4" head="2" relation="PUNCT"/></mor></t>

  </u>
  <u who="MOT" uID="u126">
    <w>a<mor type="mor"><mw><pos><c>det</c><s>art</s></pos><stem>a</stem></mw><gra type="gra" index="1" head="3" relation="DET"/></mor></w>
    <w>puppy<mor type="mor"><mw><pos><c>n</c></pos><stem>puppy</stem></mw><gra type="gra" index="2" head="3" relation="MOD"/></mor></w>
    <w>dog<mor type="mor"><mw><pos><c>n</c></pos><stem>dog</stem></mw><gra type="gra" index="3" head="0" relation="INCROOT"/></mor></w>
    <t type="q"><mor type="mor"><mt type="q"/><gra type="gra" index="4" head="3" relation="PUNCT"/></mor></t>

    <a type="gesture">looks at Frank</a>
  </u>
  <u who="CHI" uID="u127">
    <w>yeah<mor type="mor"><mw><pos><c>co</c></pos><stem>yeah</stem></mw><gra type="gra" index="1" head="0" relation="INCROOT"/></mor></w>
    <t type="p"><mor type="mor"><mt type="p"/><gra type="gra" index="2" head="1" relation="PUNCT"/></mor></t>

    <a type="paralinguistics">laughs</a>
  </u>
  <u who="MOT" uID="u128">
    <w>yeah<mor type="mor"><mw><pos><c>co</c></pos><stem>yeah</stem></mw><gra type="gra" index="1" head="0" relation="INCROOT"/></mor></w>
    <t type="p"><mor type="mor"><mt type="p"/><gra type="gra" index="2" head="1" relation="PUNCT"/></mor></t>

    <a type="paralinguistics">laughs</a>
  </u>
  <u who="CHI" uID="u129">
    <w formType="onomatopoeia">ruff<mor type="mor"><mw><pos><c>on</c></pos><stem>ruff</stem></mw><gra type="gra" index="1" head="0" relation="INCROOT"/></mor></w>
    <t type="p"><mor type="mor"><mt type="p"/><gra type="gra" index="2" head="1" relation="PUNCT"/></mor></t>

    <a type="extension" flavor="pho">r6p</a>
  </u>
  <u who="MOT" uID="u130">
    <w formType="onomatopoeia">ruff<mor type="mor"><mw><pos><c>on</c></pos><stem>ruff</stem></mw><gra type="gra" index="1" head="0" relation="INCROOT"/></mor></w>
    <t type="p"><mor type="mor"><mt type="p"/><gra type="gra" index="2" head="1" relation="PUNCT"/></mor></t>

  </u>
  <u who="CHI" uID="u131">
    <w>what<mor type="mor"><mw><pos><c>pro</c><s>int</s></pos><stem>what</stem></mw><gra type="gra" index="1" head="3" relation="LINK"/></mor></w>
    <g><w>Muff_chi<mor type="mor"><mw><pos><c>n</c><s>prop</s></pos><stem>Muff_chi</stem></mw><gra type="gra" index="2" head="3" relation="SUBJ"/></mor></w><k type="best guess"/></g>
    <g><w>do<mor type="mor"><mw><pos><c>v</c></pos><stem>do</stem></mw><gra type="gra" index="3" head="0" relation="ROOT"/></mor></w><error/></g>
    <t type="q"><mor type="mor"><mt type="q"/><gra type="gra" index="4" head="3" relation="PUNCT"/></mor></t>

  </u>
  <u who="MOT" uID="u132">
    <w>he's<mor type="mor"><mw><pos><c>pro</c><s>sub</s></pos><stem>he</stem></mw><gra type="gra" index="1" head="3" relation="SUBJ"/><mor-post><mw><pos><c>aux</c></pos><stem>be</stem><mk type="sfxf">3S</mk></mw><gra type="gra" index="2" head="3" relation="AUX"/></mor-post></mor></w>
    <w>playing<mor type="mor"><mw><pos><c>part</c></pos><stem>play</stem><mk type="sfx">PRESP</mk></mw><gra type="gra" index="3" head="0" relation="ROOT"/></mor></w>
    <w>upstairs<mor type="mor"><mw><pos><c>adv</c></pos><stem>upstairs</stem></mw><gra type="gra" index="4" head="3" relation="JCT"/></mor></w>
    <pause symbolic-length="simple"/>
    <w>you're<mor type="mor"><mw><pos><c>pro</c><s>per</s></pos><stem>you</stem></mw><gra type="gra" index="5" head="7" relation="SUBJ"/><mor-post><mw><pos><c>aux</c></pos><stem>be</stem><mk type="sfxf">PRES</mk></mw><gra type="gra" index="6" head="7" relation="AUX"/></mor-post></mor></w>
    <w>playing<mor type="mor"><mw><pos><c>part</c></pos><stem>play</stem><mk type="sfx">PRESP</mk></mw><gra type="gra" index="7" head="3" relation="XJCT"/></mor></w>
    <w>downstairs<mor type="mor"><mw><pos><c>adv</c></pos><stem>downstairs</stem></mw><gra type="gra" index="8" head="7" relation="JCT"/></mor></w>
    <tagMarker type="comma"><mor type="mor"><mw><pos><c>cm</c></pos><stem>cm</stem></mw><gra type="gra" index="9" head="7" relation="LP"/></mor></tagMarker>
    <w>huh<mor type="mor"><mw><pos><c>co</c></pos><stem>huh</stem></mw><gra type="gra" index="10" head="7" relation="COM"/></mor></w>
    <t type="q"><mor type="mor"><mt type="q"/><gra type="gra" index="11" head="3" relation="PUNCT"/></mor></t>

  </u>
  <u who="CHI" uID="u133">
    <w>huh<mor type="mor"><mw><pos><c>co</c></pos><stem>huh</stem></mw><gra type="gra" index="1" head="0" relation="INCROOT"/></mor></w>
    <t type="p"><mor type="mor"><mt type="p"/><gra type="gra" index="2" head="1" relation="PUNCT"/></mor></t>

  </u>
  <u who="MOT" uID="u134">
    <w>yeah<mor type="mor"><mw><pos><c>co</c></pos><stem>yeah</stem></mw><gra type="gra" index="1" head="0" relation="INCROOT"/></mor></w>
    <t type="p"><mor type="mor"><mt type="p"/><gra type="gra" index="2" head="1" relation="PUNCT"/></mor></t>

  </u>
  <u who="MOT" uID="u135">
    <w>would<mor type="mor"><mw><pos><c>mod</c></pos><stem>will</stem><mk type="sfxf">COND</mk></mw><gra type="gra" index="1" head="3" relation="AUX"/></mor></w>
    <w>you<mor type="mor"><mw><pos><c>pro</c><s>per</s></pos><stem>you</stem></mw><gra type="gra" index="2" head="3" relation="SUBJ"/></mor></w>
    <w>like<mor type="mor"><mw><pos><c>v</c></pos><stem>like</stem></mw><gra type="gra" index="3" head="0" relation="ROOT"/></mor></w>
    <w>some<mor type="mor"><mw><pos><c>qn</c></pos><stem>some</stem></mw><gra type="gra" index="4" head="5" relation="QUANT"/></mor></w>
    <w>soda<mor type="mor"><mw><pos><c>n</c></pos><stem>soda</stem></mw><gra type="gra" index="5" head="3" relation="OBJ"/></mor></w>
    <t type="q"><mor type="mor"><mt type="q"/><gra type="gra" index="6" head="3" relation="PUNCT"/></mor></t>

  </u>
  <u who="CHI" uID="u136">
    <w>yeah<mor type="mor"><mw><pos><c>co</c></pos><stem>yeah</stem></mw><gra type="gra" index="1" head="0" relation="INCROOT"/></mor></w>
    <t type="p"><mor type="mor"><mt type="p"/><gra type="gra" index="2" head="1" relation="PUNCT"/></mor></t>

    <a type="actions">&lt;bef&gt; jerks head . &lt;aft&gt; eats</a>
  </u>
  <u who="MOT" uID="u137">
    <w>what<mor type="mor"><mw><pos><c>pro</c><s>int</s></pos><stem>what</stem></mw><gra type="gra" index="1" head="4" relation="LINK"/></mor></w>
    <w>a<mor type="mor"><mw><pos><c>det</c><s>art</s></pos><stem>a</stem></mw><gra type="gra" index="2" head="4" relation="DET"/></mor></w>
    <w>nutritious<mor type="mor"><mw><pos><c>adj</c></pos><stem>nutritious</stem></mw><gra type="gra" index="3" head="4" relation="MOD"/></mor></w>
    <w>snack<mor type="mor"><mw><pos><c>n</c></pos><stem>snack</stem></mw><gra type="gra" index="4" head="0" relation="INCROOT"/></mor></w>
    <pause symbolic-length="simple"/>
    <w>huh<mor type="mor"><mw><pos><c>co</c></pos><stem>huh</stem></mw><gra type="gra" index="5" head="4" relation="COM"/></mor></w>
    <t type="q"><mor type="mor"><mt type="q"/><gra type="gra" index="6" head="4" relation="PUNCT"/></mor></t>

    <a type="actions">moves cup</a>
  </u>
  <u who="CHI" uID="u138">
    <w>huh<mor type="mor"><mw><pos><c>co</c></pos><stem>huh</stem></mw><gra type="gra" index="1" head="0" relation="INCROOT"/></mor></w>
    <t type="p"><mor type="mor"><mt type="p"/><gra type="gra" index="2" head="1" relation="PUNCT"/></mor></t>

  </u>
  <u who="MOT" uID="u139">
    <w>is<mor type="mor"><mw><pos><c>cop</c></pos><stem>be</stem><mk type="sfxf">3S</mk></mw><gra type="gra" index="1" head="0" relation="ROOT"/></mor></w>
    <w>this<mor type="mor"><mw><pos><c>det</c><s>dem</s></pos><stem>this</stem></mw><gra type="gra" index="2" head="5" relation="DET"/></mor></w>
    <w>a<mor type="mor"><mw><pos><c>det</c><s>art</s></pos><stem>a</stem></mw><gra type="gra" index="3" head="5" relation="DET"/></mor></w>
    <w>nutritious<mor type="mor"><mw><pos><c>adj</c></pos><stem>nutritious</stem></mw><gra type="gra" index="4" head="5" relation="MOD"/></mor></w>
    <w>snack<mor type="mor"><mw><pos><c>n</c></pos><stem>snack</stem></mw><gra type="gra" index="5" head="1" relation="PRED"/></mor></w>
    <t type="q"><mor type="mor"><mt type="q"/><gra type="gra" index="6" head="1" relation="PUNCT"/></mor></t>

  </u>
  <u who="CHI" uID="u140">
    <w>uhhuh<mor type="mor"><mw><pos><c>co</c></pos><stem>uhhuh</stem></mw><gra type="gra" index="1" head="0" relation="INCROOT"/></mor></w>
    <t type="p"><mor type="mor"><mt type="p"/><gra type="gra" index="2" head="1" relation="PUNCT"/></mor></t>

    <a type="actions">squirms</a>
  </u>
  <u who="MOT" uID="u141">
    <w>uhhuh<mor type="mor"><mw><pos><c>co</c></pos><stem>uhhuh</stem></mw><gra type="gra" index="1" head="0" relation="INCROOT"/></mor></w>
    <t type="p"><mor type="mor"><mt type="p"/><gra type="gra" index="2" head="1" relation="PUNCT"/></mor></t>

  </u>
  <u who="CHI" uID="u142">
    <w>hm<p type="drawl"/><mor type="mor"><mw><pos><c>co</c></pos><stem>hm</stem></mw><gra type="gra" index="1" head="0" relation="INCROOT"/></mor></w>
    <t type="p"><mor type="mor"><mt type="p"/><gra type="gra" index="2" head="1" relation="PUNCT"/></mor></t>

  </u>
  <u who="CHI" uID="u143">
    <w>a<mor type="mor"><mw><pos><c>det</c><s>art</s></pos><stem>a</stem></mw><gra type="gra" index="1" head="2" relation="DET"/></mor></w>
    <w>snack<mor type="mor"><mw><pos><c>n</c></pos><stem>snack</stem></mw><gra type="gra" index="2" head="0" relation="INCROOT"/></mor></w>
    <t type="p"><mor type="mor"><mt type="p"/><gra type="gra" index="3" head="2" relation="PUNCT"/></mor></t>

    <a type="extension" flavor="pho">hm 6 m&amp;k</a>
    <a type="gesture">looks at cookie jar</a>
    <a type="actions">eats . &lt;aft&gt; turns and sits</a>
  </u>
  <u who="MOT" uID="u144">
    <w>cookies<mor type="mor"><mw><pos><c>n</c></pos><stem>cookie</stem><mk type="sfx">PL</mk></mw><gra type="gra" index="1" head="0" relation="INCROOT"/></mor></w>
    <t type="p"><mor type="mor"><mt type="p"/><gra type="gra" index="2" head="1" relation="PUNCT"/></mor></t>

  </u>
  <u who="MOT" uID="u145">
    <w>what<mor type="mor"><mw><pos><c>pro</c><s>int</s></pos><stem>what</stem></mw><gra type="gra" index="1" head="3" relation="LINK"/></mor></w>
    <w>cha<replacement><w>you<mor type="mor"><mw><pos><c>pro</c><s>per</s></pos><stem>you</stem></mw><gra type="gra" index="2" head="3" relation="SUBJ"/></mor></w></replacement></w>
    <w>think<mor type="mor"><mw><pos><c>v</c></pos><stem>think</stem></mw><gra type="gra" index="3" head="0" relation="ROOT"/></mor></w>
    <t type="q"><mor type="mor"><mt type="q"/><gra type="gra" index="4" head="3" relation="PUNCT"/></mor></t>

    <a type="paralinguistics">&lt;1u&gt; spoken softly</a>
    <a type="gesture">&lt;bef&gt; looks at Frank . &lt;dur&gt; puts hand on stomach . &lt;aft&gt; looks at Investigator . moves closer to Frank</a>
  </u>
  <u who="CHI" uID="u146">
    <w>what's<mor type="mor"><mw><pos><c>pro</c><s>int</s></pos><stem>what</stem></mw><gra type="gra" index="1" head="2" relation="SUBJ"/><mor-post><mw><pos><c>cop</c></pos><stem>be</stem><mk type="sfxf">3S</mk></mw><gra type="gra" index="2" head="0" relation="ROOT"/></mor-post></mor></w>
    <w>that<mor type="mor"><mw><pos><c>pro</c><s>dem</s></pos><stem>that</stem></mw><gra type="gra" index="3" head="2" relation="PRED"/></mor></w>
    <t type="q"><mor type="mor"><mt type="q"/><gra type="gra" index="4" head="2" relation="PUNCT"/></mor></t>

    <a type="actions">points to room</a>
  </u>
  <u who="MOT" uID="u147">
    <w>you<mor type="mor"><mw><pos><c>pro</c><s>per</s></pos><stem>you</stem></mw><gra type="gra" index="1" head="2" relation="SUBJ"/></mor></w>
    <w>play<mor type="mor"><mw><pos><c>v</c></pos><stem>play</stem></mw><gra type="gra" index="2" head="0" relation="ROOT"/></mor></w>
    <w>with<mor type="mor"><mw><pos><c>prep</c></pos><stem>with</stem></mw><gra type="gra" index="3" head="2" relation="JCT"/></mor></w>
    <w>the<mor type="mor"><mw><pos><c>det</c><s>art</s></pos><stem>the</stem></mw><gra type="gra" index="4" head="5" relation="DET"/></mor></w>
    <w>game<mor type="mor"><mw><pos><c>n</c></pos><stem>game</stem></mw><gra type="gra" index="5" head="8" relation="SUBJ"/></mor></w>
    <pause symbolic-length="simple"/>
    <w>don't<mor type="mor"><mw><pos><c>mod</c></pos><stem>do</stem></mw><gra type="gra" index="6" head="8" relation="AUX"/><mor-post><mw><pos><c>neg</c></pos><stem>not</stem></mw><gra type="gra" index="7" head="6" relation="NEG"/></mor-post></mor></w>
    <w>cha<replacement><w>you<mor type="mor"><mw><pos><c>pro</c><s>per</s></pos><stem>you</stem></mw><gra type="gra" index="8" head="3" relation="POBJ"/></mor></w></replacement></w>
    <t type="q"><mor type="mor"><mt type="q"/><gra type="gra" index="9" head="2" relation="PUNCT"/></mor></t>

    <a type="gesture">looks at Frank . brushes crumb off Frank</a>
  </u>
  <u who="CHI" uID="u148">
    <w>yeah<mor type="mor"><mw><pos><c>co</c></pos><stem>yeah</stem></mw><gra type="gra" index="1" head="0" relation="INCROOT"/></mor></w>
    <t type="p"><mor type="mor"><mt type="p"/><gra type="gra" index="2" head="1" relation="PUNCT"/></mor></t>

  </u>
  <u who="MOT" uID="u149">
    <w>yeah<mor type="mor"><mw><pos><c>co</c></pos><stem>yeah</stem></mw><gra type="gra" index="1" head="0" relation="INCROOT"/></mor></w>
    <t type="p"><mor type="mor"><mt type="p"/><gra type="gra" index="2" head="1" relation="PUNCT"/></mor></t>

    <a type="actions">&lt;aft&gt; puts Frank on lap</a>
  </u>
  <u who="CHI" uID="u150">
    <w>Frank<mor type="mor"><mw><pos><c>n</c><s>prop</s></pos><stem>Frank</stem></mw><gra type="gra" index="1" head="3" relation="SUBJ"/></mor></w>
    <w>can<mor type="mor"><mw><pos><c>mod</c></pos><stem>can</stem></mw><gra type="gra" index="2" head="3" relation="AUX"/></mor></w>
    <g><w>do<mor type="mor"><mw><pos><c>v</c></pos><stem>do</stem></mw><gra type="gra" index="3" head="0" relation="ROOT"/></mor></w><error/></g>
    <t type="p"><mor type="mor"><mt type="p"/><gra type="gra" index="4" head="3" relation="PUNCT"/></mor></t>

    <a type="extension" flavor="pho">dei k&amp;n du</a>
    <a type="gesture">looks at cookie</a>
  </u>
  <u who="MOT" uID="u151">
    <w>yeah<mor type="mor"><mw><pos><c>co</c></pos><stem>yeah</stem></mw><gra type="gra" index="1" head="0" relation="INCROOT"/></mor></w>
    <t type="q"><mor type="mor"><mt type="q"/><gra type="gra" index="2" head="1" relation="PUNCT"/></mor></t>

  </u>
  <u who="MOT" uID="u152">
    <w>can<mor type="mor"><mw><pos><c>mod</c></pos><stem>can</stem></mw><gra type="gra" index="1" head="0" relation="INCROOT"/></mor></w>
    <w>you<mor type="mor"><mw><pos><c>pro</c><s>per</s></pos><stem>you</stem></mw><gra type="gra" index="2" head="1" relation="OBJ"/></mor></w>
    <w>open<mor type="mor"><mw><pos><c>adj</c></pos><stem>open</stem></mw><gra type="gra" index="3" head="2" relation="PRED"/></mor></w>
    <w>that<mor type="mor"><mw><pos><c>comp</c></pos><stem>that</stem></mw><gra type="gra" index="4" head="7" relation="LINK"/></mor></w>
    <w>up<mor type="mor"><mw><pos><c>adv</c></pos><stem>up</stem></mw><gra type="gra" index="5" head="7" relation="JCT"/></mor></w>
    <w>and<mor type="mor"><mw><pos><c>coord</c></pos><stem>and</stem></mw><gra type="gra" index="6" head="7" relation="LINK"/></mor></w>
    <w>eat<mor type="mor"><mw><pos><c>v</c></pos><stem>eat</stem></mw><gra type="gra" index="7" head="3" relation="CMOD"/></mor></w>
    <w>it<mor type="mor"><mw><pos><c>pro</c><s>per</s></pos><stem>it</stem></mw><gra type="gra" index="8" head="7" relation="OBJ"/></mor></w>
    <t type="q"><mor type="mor"><mt type="q"/><gra type="gra" index="9" head="1" relation="PUNCT"/></mor></t>

    <a type="gesture">looks at Frank , cookie</a>
  </u>
  <u who="CHI" uID="u153">
    <w>huh<mor type="mor"><mw><pos><c>co</c></pos><stem>huh</stem></mw><gra type="gra" index="1" head="0" relation="INCROOT"/></mor></w>
    <t type="q"><mor type="mor"><mt type="q"/><gra type="gra" index="2" head="1" relation="PUNCT"/></mor></t>

    <a type="gesture">looks up . &lt;aft&gt; looks at snack</a>
  </u>
  <u who="MOT" uID="u154">
    <w>can<mor type="mor"><mw><pos><c>mod</c></pos><stem>can</stem></mw><gra type="gra" index="1" head="3" relation="AUX"/></mor></w>
    <w>you<mor type="mor"><mw><pos><c>pro</c><s>per</s></pos><stem>you</stem></mw><gra type="gra" index="2" head="3" relation="SUBJ"/></mor></w>
    <w>eat<mor type="mor"><mw><pos><c>v</c></pos><stem>eat</stem></mw><gra type="gra" index="3" head="0" relation="ROOT"/></mor></w>
    <w>that<mor type="mor"><mw><pos><c>pro</c><s>dem</s></pos><stem>that</stem></mw><gra type="gra" index="4" head="3" relation="OBJ"/></mor></w>
    <t type="q"><mor type="mor"><mt type="q"/><gra type="gra" index="5" head="3" relation="PUNCT"/></mor></t>

  </u>
  <u who="CHI" uID="u155">
    <w>open<mor type="mor"><mw><pos><c>v</c></pos><stem>open</stem></mw><gra type="gra" index="1" head="0" relation="ROOT"/></mor></w>
    <w>it<mor type="mor"><mw><pos><c>pro</c><s>per</s></pos><stem>it</stem></mw><gra type="gra" index="2" head="1" relation="OBJ"/></mor></w>
    <w>up<mor type="mor"><mw><pos><c>adv</c></pos><stem>up</stem></mw><gra type="gra" index="3" head="1" relation="JCT"/></mor></w>
    <t type="p"><mor type="mor"><mt type="p"/><gra type="gra" index="4" head="1" relation="PUNCT"/></mor></t>

    <a type="extension" flavor="pho">open I 6p</a>
  </u>
  <u who="MOT" uID="u156">
    <w>oh<mor type="mor"><mw><pos><c>co</c></pos><stem>oh</stem></mw><gra type="gra" index="1" head="2" relation="COM"/></mor></w>
    <pause symbolic-length="simple"/>
    <w>yeah<mor type="mor"><mw><pos><c>co</c></pos><stem>yeah</stem></mw><gra type="gra" index="2" head="0" relation="INCROOT"/></mor></w>
    <t type="p"><mor type="mor"><mt type="p"/><gra type="gra" index="3" head="2" relation="PUNCT"/></mor></t>

  </u>
  <u who="MOT" uID="u157">
    <w>Mommy<mor type="mor"><mw><pos><c>n</c><s>prop</s></pos><stem>Mommy</stem></mw><gra type="gra" index="1" head="2" relation="SUBJ"/></mor></w>
    <w>eat<mor type="mor"><mw><pos><c>v</c></pos><stem>eat</stem></mw><gra type="gra" index="2" head="0" relation="ROOT"/></mor></w>
    <w>it<mor type="mor"><mw><pos><c>pro</c><s>per</s></pos><stem>it</stem></mw><gra type="gra" index="3" head="2" relation="OBJ"/></mor></w>
    <t type="q"><mor type="mor"><mt type="q"/><gra type="gra" index="4" head="2" relation="PUNCT"/></mor></t>

    <a type="paralinguistics">&lt;2u&gt; whispers in Frank's ear</a>
    <a type="gesture">leans close</a>
  </u>
  <u who="CHI" uID="u158">
    <w>no<mor type="mor"><mw><pos><c>co</c></pos><stem>no</stem></mw><gra type="gra" index="1" head="0" relation="INCROOT"/></mor></w>
    <t type="p"><mor type="mor"><mt type="p"/><gra type="gra" index="2" head="1" relation="PUNCT"/></mor></t>

    <a type="paralinguistics">&lt;bef&gt; laughs</a>
    <a type="gesture">&lt;bef&gt; smiles &lt;aft&gt; looks at snack</a>
    <a type="actions">&lt;aft&gt; eats</a>
  </u>
  <u who="MOT" uID="u159">
    <w>better<mor type="mor"><mw><pos><c>adv</c></pos><stem>good</stem><mk type="sfxf">CP</mk></mw><gra type="gra" index="1" head="2" relation="JCT"/></mor></w>
    <w>eat<mor type="mor"><mw><pos><c>v</c></pos><stem>eat</stem></mw><gra type="gra" index="2" head="0" relation="ROOT"/></mor></w>
    <w>it<mor type="mor"><mw><pos><c>pro</c><s>per</s></pos><stem>it</stem></mw><gra type="gra" index="3" head="2" relation="OBJ"/></mor></w>
    <w>fast<mor type="mor"><mw><pos><c>adv</c></pos><stem>fast</stem></mw><gra type="gra" index="4" head="2" relation="JCT"/></mor></w>
    <pause symbolic-length="simple"/>
    <w>huh<mor type="mor"><mw><pos><c>co</c></pos><stem>huh</stem></mw><gra type="gra" index="5" head="2" relation="COM"/></mor></w>
    <t type="q"><mor type="mor"><mt type="q"/><gra type="gra" index="6" head="2" relation="PUNCT"/></mor></t>

    <a type="gesture">looks at Frank</a>
  </u>
  <u who="CHI" uID="u160">
    <w>yeah<mor type="mor"><mw><pos><c>co</c></pos><stem>yeah</stem></mw><gra type="gra" index="1" head="0" relation="INCROOT"/></mor></w>
    <t type="p"><mor type="mor"><mt type="p"/><gra type="gra" index="2" head="1" relation="PUNCT"/></mor></t>

  </u>
  <u who="MOT" uID="u161">
    <w>oh<mor type="mor"><mw><pos><c>co</c></pos><stem>oh</stem></mw><gra type="gra" index="1" head="0" relation="INCROOT"/></mor></w>
    <t type="p"><mor type="mor"><mt type="p"/><gra type="gra" index="2" head="1" relation="PUNCT"/></mor></t>

  </u>
  <u who="MOT" uID="u162">
    <w>whoa<mor type="mor"><mw><pos><c>co</c></pos><stem>whoa</stem></mw><gra type="gra" index="1" head="3" relation="COM"/></mor></w>
    <pause symbolic-length="simple"/>
    <w>these<mor type="mor"><mw><pos><c>pro</c><s>dem</s></pos><stem>these</stem></mw><gra type="gra" index="2" head="3" relation="SUBJ"/></mor></w>
    <w>are<mor type="mor"><mw><pos><c>cop</c></pos><stem>be</stem><mk type="sfxf">PRES</mk></mw><gra type="gra" index="3" head="0" relation="ROOT"/></mor></w>
    <w>crumbs<mor type="mor"><mw><pos><c>n</c></pos><stem>crumb</stem><mk type="sfx">PL</mk></mw><gra type="gra" index="4" head="3" relation="PRED"/></mor></w>
    <t type="p"><mor type="mor"><mt type="p"/><gra type="gra" index="5" head="3" relation="PUNCT"/></mor></t>

  </u>
  <u who="MOT" uID="u163">
    <w>you're<mor type="mor"><mw><pos><c>pro</c><s>per</s></pos><stem>you</stem></mw><gra type="gra" index="1" head="3" relation="SUBJ"/><mor-post><mw><pos><c>aux</c></pos><stem>be</stem><mk type="sfxf">PRES</mk></mw><gra type="gra" index="2" head="3" relation="AUX"/></mor-post></mor></w>
    <w>makin<shortening>g</shortening><mor type="mor"><mw><pos><c>part</c></pos><stem>make</stem><mk type="sfx">PRESP</mk></mw><gra type="gra" index="3" head="0" relation="ROOT"/></mor></w>
    <w>crumbs<mor type="mor"><mw><pos><c>n</c></pos><stem>crumb</stem><mk type="sfx">PL</mk></mw><gra type="gra" index="4" head="3" relation="OBJ"/></mor></w>
    <t type="p"><mor type="mor"><mt type="p"/><gra type="gra" index="5" head="3" relation="PUNCT"/></mor></t>

    <a type="actions">&lt;1u-2u&gt; picks crumbs off hand and puts to Frank's mouth</a>
  </u>
  <u who="CHI" uID="u164">
    <e><action/></e>
    <t type="p"></t>

    <a type="actions">moves hands to wipe off crumbs</a>
  </u>
  <u who="MOT" uID="u165">
    <w>Mommy<mor type="mor"><mw><pos><c>n</c><s>prop</s></pos><stem>Mommy</stem></mw><gra type="gra" index="1" head="2" relation="MOD"/></mor></w>
    <w>drink<mor type="mor"><mw><pos><c>n</c></pos><stem>drink</stem></mw><gra type="gra" index="2" head="0" relation="INCROOT"/></mor></w>
    <w>your<mor type="mor"><mw><pos><c>det</c><s>poss</s></pos><stem>your</stem></mw><gra type="gra" index="3" head="4" relation="DET"/></mor></w>
    <w>soda<mor type="mor"><mw><pos><c>n</c></pos><stem>soda</stem></mw><gra type="gra" index="4" head="2" relation="OBJ"/></mor></w>
    <t type="p"><mor type="mor"><mt type="p"/><gra type="gra" index="5" head="2" relation="PUNCT"/></mor></t>

    <a type="actions">drinks soda</a>
  </u>
  <u who="CHI" uID="u166">
    <e><action/></e>
    <t type="p"></t>

    <a type="actions">wipes hands on floor</a>
  </u>
  <u who="MOT" uID="u167">
    <w>no<mor type="mor"><mw><pos><c>co</c></pos><stem>no</stem></mw><gra type="gra" index="1" head="0" relation="INCROOT"/></mor></w>
    <t type="e"><mor type="mor"><mt type="e"/><gra type="gra" index="2" head="1" relation="PUNCT"/></mor></t>

  </u>
  <u who="MOT" uID="u168">
    <w>no<mor type="mor"><mw><pos><c>co</c></pos><stem>no</stem></mw><gra type="gra" index="1" head="0" relation="INCROOT"/></mor></w>
    <t type="e"><mor type="mor"><mt type="e"/><gra type="gra" index="2" head="1" relation="PUNCT"/></mor></t>

  </u>
  <u who="MOT" uID="u169">
    <w>go<mor type="mor"><mw><pos><c>v</c></pos><stem>go</stem></mw><gra type="gra" index="1" head="2" relation="SRL"/></mor></w>
    <w>get<mor type="mor"><mw><pos><c>v</c></pos><stem>get</stem></mw><gra type="gra" index="2" head="0" relation="ROOT"/></mor></w>
    <w>a<mor type="mor"><mw><pos><c>det</c><s>art</s></pos><stem>a</stem></mw><gra type="gra" index="3" head="4" relation="DET"/></mor></w>
    <w>tissue<mor type="mor"><mw><pos><c>n</c></pos><stem>tissue</stem></mw><gra type="gra" index="4" head="2" relation="OBJ"/></mor></w>
    <t type="p"><mor type="mor"><mt type="p"/><gra type="gra" index="5" head="2" relation="PUNCT"/></mor></t>

  </u>
  <u who="MOT" uID="u170">
    <w>they're<mor type="mor"><mw><pos><c>pro</c><s>sub</s></pos><stem>they</stem></mw><gra type="gra" index="1" head="2" relation="SUBJ"/><mor-post><mw><pos><c>cop</c></pos><stem>be</stem><mk type="sfxf">PRES</mk></mw><gra type="gra" index="2" head="0" relation="ROOT"/></mor-post></mor></w>
    <w>over<mor type="mor"><mw><pos><c>adv</c></pos><stem>over</stem></mw><gra type="gra" index="3" head="2" relation="JCT"/></mor></w>
    <w>on<mor type="mor"><mw><pos><c>prep</c></pos><stem>on</stem></mw><gra type="gra" index="4" head="2" relation="JCT"/></mor></w>
    <w>the<mor type="mor"><mw><pos><c>det</c><s>art</s></pos><stem>the</stem></mw><gra type="gra" index="5" head="6" relation="DET"/></mor></w>
    <w>table<mor type="mor"><mw><pos><c>n</c></pos><stem>table</stem></mw><gra type="gra" index="6" head="4" relation="POBJ"/></mor></w>
    <w>there<mor type="mor"><mw><pos><c>adv</c></pos><stem>there</stem></mw><gra type="gra" index="7" head="6" relation="NJCT"/></mor></w>
    <t type="p"><mor type="mor"><mt type="p"/><gra type="gra" index="8" head="2" relation="PUNCT"/></mor></t>

  </u>
  <u who="MOT" uID="u171">
    <w>do<mor type="mor"><mw><pos><c>mod</c></pos><stem>do</stem></mw><gra type="gra" index="1" head="3" relation="AUX"/></mor></w>
    <w>you<mor type="mor"><mw><pos><c>pro</c><s>per</s></pos><stem>you</stem></mw><gra type="gra" index="2" head="3" relation="SUBJ"/></mor></w>
    <w>want<mor type="mor"><mw><pos><c>v</c></pos><stem>want</stem></mw><gra type="gra" index="3" head="0" relation="ROOT"/></mor></w>
    <w>to<mor type="mor"><mw><pos><c>inf</c></pos><stem>to</stem></mw><gra type="gra" index="4" head="5" relation="INF"/></mor></w>
    <w>get<mor type="mor"><mw><pos><c>v</c></pos><stem>get</stem></mw><gra type="gra" index="5" head="3" relation="COMP"/></mor></w>
    <w>a<mor type="mor"><mw><pos><c>det</c><s>art</s></pos><stem>a</stem></mw><gra type="gra" index="6" head="7" relation="DET"/></mor></w>
    <w>tissue<mor type="mor"><mw><pos><c>n</c></pos><stem>tissue</stem></mw><gra type="gra" index="7" head="5" relation="OBJ"/></mor></w>
    <t type="q"><mor type="mor"><mt type="q"/><gra type="gra" index="8" head="3" relation="PUNCT"/></mor></t>

  </u>
  <u who="MOT" uID="u172">
    <w>or<mor type="mor"><mw><pos><c>coord</c></pos><stem>or</stem></mw><gra type="gra" index="1" head="3" relation="LINK"/></mor></w>
    <w>a<mor type="mor"><mw><pos><c>det</c><s>art</s></pos><stem>a</stem></mw><gra type="gra" index="2" head="3" relation="DET"/></mor></w>
    <w>napkin<mor type="mor"><mw><pos><c>n</c></pos><stem>napkin</stem></mw><gra type="gra" index="3" head="0" relation="INCROOT"/></mor></w>
    <t type="q"><mor type="mor"><mt type="q"/><gra type="gra" index="4" head="3" relation="PUNCT"/></mor></t>

  </u>
  <u who="MOT" uID="u173">
    <w>stand<mor type="mor"><mw><pos><c>v</c></pos><stem>stand</stem></mw><gra type="gra" index="1" head="0" relation="ROOT"/></mor></w>
    <w>up<mor type="mor"><mw><pos><c>adv</c></pos><stem>up</stem></mw><gra type="gra" index="2" head="1" relation="JCT"/></mor></w>
    <t type="p"><mor type="mor"><mt type="p"/><gra type="gra" index="3" head="1" relation="PUNCT"/></mor></t>

    <a type="gesture">&lt;1u-4u&gt; leans close . points to table</a>
    <a type="actions">&lt;aft&gt; lifts up Frank . goes to get tissue .</a>
  </u>
</CHAT>