<?xml version="1.0" encoding="UTF-8"?>

<CHAT xmlns:xsi="http://www.w3.org/2001/XMLSchema-instance"
      xmlns="http://www.talkbank.org/ns/talkbank"
      xsi:schemaLocation="http://www.talkbank.org/ns/talkbank https://talkbank.org/software/talkbank.xsd"
            DesignType="cross"
            ActivityType="toyplay"
            GroupType="TD"
      PID="11312/c-00015288-1"
      Version="2.16.0"
      Lang="eng"
      Corpus="Bates"
      >
  <Participants>
    <participant
      id="CHI"
    name="Keith"
      role="Target_Child"
      language="eng"
      age="P2Y04M"
      sex="male"
      group="TD"
      SES="MC"

    />
    <participant
      id="MOT"
      role="Mother"
      language="eng"
      sex="female"

    />
  </Participants>
  <comment type="Types">cross, toyplay, TD</comment>
  <u who="CHI" uID="u0">
    <w>this<mor type="mor"><mw><pos><c>pro</c><s>dem</s></pos><stem>this</stem></mw><gra type="gra" index="1" head="2" relation="SUBJ"/></mor></w>
    <w>is<mor type="mor"><mw><pos><c>cop</c></pos><stem>be</stem><mk type="sfxf">3S</mk></mw><gra type="gra" index="2" head="0" relation="ROOT"/></mor></w>
    <w>a<mor type="mor"><mw><pos><c>det</c><s>art</s></pos><stem>a</stem></mw><gra type="gra" index="3" head="5" relation="DET"/></mor></w>
    <w>nice<mor type="mor"><mw><pos><c>adj</c></pos><stem>nice</stem></mw><gra type="gra" index="4" head="5" relation="MOD"/></mor></w>
    <w>snack<mor type="mor"><mw><pos><c>n</c></pos><stem>snack</stem></mw><gra type="gra" index="5" head="2" relation="PRED"/></mor></w>
    <t type="p"><mor type="mor"><mt type="p"/><gra type="gra" index="6" head="2" relation="PUNCT"/></mor></t>

    <a type="gesture">looks at Mother , down , out , at Mother , down</a>
    <a type="actions">eats</a>
    <a type="extension" flavor="pho">dIs Is 6 nais6 sn&amp;k</a>
  </u>
  <u who="MOT" uID="u1">
    <w>it's<mor type="mor"><mw><pos><c>pro</c><s>per</s></pos><stem>it</stem></mw><gra type="gra" index="1" head="2" relation="SUBJ"/><mor-post><mw><pos><c>cop</c></pos><stem>be</stem><mk type="sfxf">3S</mk></mw><gra type="gra" index="2" head="0" relation="ROOT"/></mor-post></mor></w>
    <w>a<mor type="mor"><mw><pos><c>det</c><s>art</s></pos><stem>a</stem></mw><gra type="gra" index="3" head="5" relation="DET"/></mor></w>
    <w>nice<mor type="mor"><mw><pos><c>adj</c></pos><stem>nice</stem></mw><gra type="gra" index="4" head="5" relation="MOD"/></mor></w>
    <w>one<mor type="mor"><mw><pos><c>pro</c><s>indef</s></pos><stem>one</stem></mw><gra type="gra" index="5" head="2" relation="PRED"/></mor></w>
    <t type="q"><mor type="mor"><mt type="q"/><gra type="gra" index="6" head="2" relation="PUNCT"/></mor></t>

    <a type="actions">&lt;1w&gt; eats .</a>
    <a type="gesture">looks a Keith</a>
  </u>
  <u who="MOT" uID="u2">
    <w>you<mor type="mor"><mw><pos><c>pro</c><s>per</s></pos><stem>you</stem></mw><gra type="gra" index="1" head="2" relation="SUBJ"/></mor></w>
    <w>like<mor type="mor"><mw><pos><c>v</c></pos><stem>like</stem></mw><gra type="gra" index="2" head="0" relation="ROOT"/></mor></w>
    <w>it<mor type="mor"><mw><pos><c>pro</c><s>per</s></pos><stem>it</stem></mw><gra type="gra" index="3" head="2" relation="OBJ"/></mor></w>
    <t type="q"><mor type="mor"><mt type="q"/><gra type="gra" index="4" head="2" relation="PUNCT"/></mor></t>

  </u>
  <u who="MOT" uID="u3">
    <w>mm<p type="drawl"/><mor type="mor"><mw><pos><c>co</c></pos><stem>mm</stem></mw><gra type="gra" index="1" head="0" relation="INCROOT"/></mor></w>
    <t type="p"><mor type="mor"><mt type="p"/><gra type="gra" index="2" head="1" relation="PUNCT"/></mor></t>

  </u>
  <u who="MOT" uID="u4">
    <w>pretty<mor type="mor"><mw><pos><c>adv</c></pos><stem>pretty</stem></mw><gra type="gra" index="1" head="2" relation="JCT"/></mor></w>
    <w>good<mor type="mor"><mw><pos><c>adj</c></pos><stem>good</stem></mw><gra type="gra" index="2" head="3" relation="MOD"/></mor></w>
    <w>apple<mor type="mor"><mw><pos><c>n</c></pos><stem>apple</stem></mw><gra type="gra" index="3" head="4" relation="SUBJ"/></mor></w>
    <pause symbolic-length="simple"/>
    <w>isn't<mor type="mor"><mw><pos><c>cop</c></pos><stem>be</stem><mk type="sfxf">3S</mk></mw><gra type="gra" index="4" head="0" relation="ROOT"/><mor-post><mw><pos><c>neg</c></pos><stem>not</stem></mw><gra type="gra" index="5" head="4" relation="NEG"/></mor-post></mor></w>
    <w>it<mor type="mor"><mw><pos><c>pro</c><s>per</s></pos><stem>it</stem></mw><gra type="gra" index="6" head="4" relation="PRED"/></mor></w>
    <t type="q"><mor type="mor"><mt type="q"/><gra type="gra" index="7" head="4" relation="PUNCT"/></mor></t>

    <a type="actions">&lt;1w&gt; puts apple down</a>
  </u>
  <u who="MOT" uID="u5">
    <w>that<mor type="mor"><mw><pos><c>comp</c></pos><stem>that</stem></mw><gra type="gra" index="1" head="5" relation="LINK"/></mor></w>
    <w>a<mor type="mor"><mw><pos><c>det</c><s>art</s></pos><stem>a</stem></mw><gra type="gra" index="2" head="5" relation="DET"/></mor></w>
    <w>pretty<mor type="mor"><mw><pos><c>adj</c></pos><stem>pretty</stem></mw><gra type="gra" index="3" head="4" relation="JCT"/></mor></w>
    <w>good<mor type="mor"><mw><pos><c>adj</c></pos><stem>good</stem></mw><gra type="gra" index="4" head="5" relation="MOD"/></mor></w>
    <w>apple<mor type="mor"><mw><pos><c>n</c></pos><stem>apple</stem></mw><gra type="gra" index="5" head="0" relation="INCROOT"/></mor></w>
    <t type="q"><mor type="mor"><mt type="q"/><gra type="gra" index="6" head="5" relation="PUNCT"/></mor></t>

  </u>
  <u who="CHI" uID="u6">
    <w>red<mor type="mor"><mw><pos><c>adj</c></pos><stem>red</stem></mw><gra type="gra" index="1" head="0" relation="INCROOT"/></mor></w>
    <t type="p"><mor type="mor"><mt type="p"/><gra type="gra" index="2" head="1" relation="PUNCT"/></mor></t>

    <a type="actions">&lt;bef&gt; puts cracker into dish . picks up apple . &lt;dur&gt; holds it .</a>
    <a type="gesture">&lt;bef&gt; glances at Mother . looks down . &lt;dur&gt; looks at Mother</a>
  </u>
  <u who="CHI" uID="u7">
    <w>is<mor type="mor"><mw><pos><c>cop</c></pos><stem>be</stem><mk type="sfxf">3S</mk></mw><gra type="gra" index="1" head="0" relation="ROOT"/></mor></w>
    <w>red<mor type="mor"><mw><pos><c>adj</c></pos><stem>red</stem></mw><gra type="gra" index="2" head="1" relation="PRED"/></mor></w>
    <w>on<mor type="mor"><mw><pos><c>prep</c></pos><stem>on</stem></mw><gra type="gra" index="3" head="2" relation="JCT"/></mor></w>
    <w>the<mor type="mor"><mw><pos><c>det</c><s>art</s></pos><stem>the</stem></mw><gra type="gra" index="4" head="5" relation="DET"/></mor></w>
    <g><w>outside<mor type="mor"><mw><pos><c>adj</c></pos><stem>outside</stem></mw><gra type="gra" index="5" head="3" relation="POBJ"/></mor></w><error/></g>
    <t type="p"><mor type="mor"><mt type="p"/><gra type="gra" index="6" head="1" relation="PUNCT"/></mor></t>

    <a type="gesture">looks around , at Mother , out</a>
    <a type="extension" flavor="pho">es red On D6 autsaid6</a>
  </u>
  <u who="MOT" uID="u8">
    <w>uhhuh<mor type="mor"><mw><pos><c>co</c></pos><stem>uhhuh</stem></mw><gra type="gra" index="1" head="0" relation="INCROOT"/></mor></w>
    <t type="p"><mor type="mor"><mt type="p"/><gra type="gra" index="2" head="1" relation="PUNCT"/></mor></t>

    <a type="gesture">looks at Keith</a>
  </u>
  <u who="MOT" uID="u9">
    <w>and<mor type="mor"><mw><pos><c>coord</c></pos><stem>and</stem></mw><gra type="gra" index="1" head="4" relation="LINK"/></mor></w>
    <w>what<mor type="mor"><mw><pos><c>pro</c><s>int</s></pos><stem>what</stem></mw><gra type="gra" index="2" head="3" relation="DET"/></mor></w>
    <w>color<mor type="mor"><mw><pos><c>n</c></pos><stem>color</stem></mw><gra type="gra" index="3" head="4" relation="SUBJ"/></mor></w>
    <w>is<mor type="mor"><mw><pos><c>cop</c></pos><stem>be</stem><mk type="sfxf">3S</mk></mw><gra type="gra" index="4" head="0" relation="ROOT"/></mor></w>
    <w>it<mor type="mor"><mw><pos><c>pro</c><s>per</s></pos><stem>it</stem></mw><gra type="gra" index="5" head="4" relation="PRED"/></mor></w>
    <w>on<mor type="mor"><mw><pos><c>prep</c></pos><stem>on</stem></mw><gra type="gra" index="6" head="5" relation="JCT"/></mor></w>
    <w>the<mor type="mor"><mw><pos><c>det</c><s>art</s></pos><stem>the</stem></mw><gra type="gra" index="7" head="8" relation="DET"/></mor></w>
    <w>inside<mor type="mor"><mw><pos><c>adj</c></pos><stem>inside</stem></mw><gra type="gra" index="8" head="6" relation="POBJ"/></mor></w>
    <t type="q"><mor type="mor"><mt type="q"/><gra type="gra" index="9" head="4" relation="PUNCT"/></mor></t>

  </u>
  <u who="CHI" uID="u10">
    <w type="filler">uh</w>
    <pause symbolic-length="simple"/>
    <w>white<mor type="mor"><mw><pos><c>adj</c></pos><stem>white</stem></mw><gra type="gra" index="1" head="0" relation="INCROOT"/></mor></w>
    <t type="p"><mor type="mor"><mt type="p"/><gra type="gra" index="2" head="1" relation="PUNCT"/></mor></t>

    <a type="actions">&lt;aft&gt; eats</a>
    <a type="gesture">&lt;aft&gt; looks at Mother , out</a>
  </u>
  <u who="MOT" uID="u11">
    <w>uhhuh<mor type="mor"><mw><pos><c>co</c></pos><stem>uhhuh</stem></mw><gra type="gra" index="1" head="2" relation="COM"/></mor></w>
    <pause symbolic-length="simple"/>
    <w>right<mor type="mor"><mw><pos><c>co</c></pos><stem>right</stem></mw><gra type="gra" index="2" head="0" relation="INCROOT"/></mor></w>
    <t type="p"><mor type="mor"><mt type="p"/><gra type="gra" index="3" head="2" relation="PUNCT"/></mor></t>

    <a type="gesture">looks at Keith</a>
    <a type="actions">eats</a>
  </u>
  <u who="MOT" uID="u12">
    <w>want<mor type="mor"><mw><pos><c>v</c></pos><stem>want</stem></mw><gra type="gra" index="1" head="0" relation="ROOT"/></mor></w>
    <w>something<mor type="mor"><mw><pos><c>pro</c><s>indef</s></pos><stem>something</stem></mw><gra type="gra" index="2" head="4" relation="SUBJ"/></mor></w>
    <w>to<mor type="mor"><mw><pos><c>inf</c></pos><stem>to</stem></mw><gra type="gra" index="3" head="4" relation="INF"/></mor></w>
    <w>drink<mor type="mor"><mw><pos><c>v</c></pos><stem>drink</stem></mw><gra type="gra" index="4" head="1" relation="COMP"/></mor></w>
    <t type="q"><mor type="mor"><mt type="q"/><gra type="gra" index="5" head="1" relation="PUNCT"/></mor></t>

  </u>
  <u who="MOT" uID="u13">
    <w>want<mor type="mor"><mw><pos><c>v</c></pos><stem>want</stem></mw><gra type="gra" index="1" head="0" relation="ROOT"/></mor></w>
    <w>orange<mor type="mor"><mw><pos><c>adj</c></pos><stem>orange</stem></mw><gra type="gra" index="2" head="3" relation="MOD"/></mor></w>
    <w>juice<mor type="mor"><mw><pos><c>n</c></pos><stem>juice</stem></mw><gra type="gra" index="3" head="1" relation="OBJ"/></mor></w>
    <t type="q"><mor type="mor"><mt type="q"/><gra type="gra" index="4" head="1" relation="PUNCT"/></mor></t>

  </u>
  <u who="CHI" uID="u14">
    <w>yeah<mor type="mor"><mw><pos><c>co</c></pos><stem>yeah</stem></mw><gra type="gra" index="1" head="0" relation="INCROOT"/></mor></w>
    <t type="p"><mor type="mor"><mt type="p"/><gra type="gra" index="2" head="1" relation="PUNCT"/></mor></t>

    <a type="actions">eats</a>
    <a type="gesture">&lt;bef&gt; nods . &lt;dur&gt; looks around , at Mother , down</a>
    <a type="extension" flavor="pho">jeh me u 6 lIt6l oreng6 dZus6 tu</a>
  </u>
  <u who="CHI" uID="u15">
    <w untranscribed="unintelligible-with-pho">yyy</w>
    <w>you<mor type="mor"><mw><pos><c>pro</c><s>per</s></pos><stem>you</stem></mw><gra type="gra" index="1" head="5" relation="SUBJ"/></mor></w>
    <w>a<mor type="mor"><mw><pos><c>det</c><s>art</s></pos><stem>a</stem></mw><gra type="gra" index="2" head="5" relation="DET"/></mor></w>
    <w>little<mor type="mor"><mw><pos><c>adj</c></pos><stem>little</stem></mw><gra type="gra" index="3" head="5" relation="MOD"/></mor></w>
    <w>orange<mor type="mor"><mw><pos><c>adj</c></pos><stem>orange</stem></mw><gra type="gra" index="4" head="5" relation="MOD"/></mor></w>
    <w>juice<mor type="mor"><mw><pos><c>n</c></pos><stem>juice</stem></mw><gra type="gra" index="5" head="0" relation="INCROOT"/></mor></w>
    <w>too<mor type="mor"><mw><pos><c>adv</c></pos><stem>too</stem></mw><gra type="gra" index="6" head="5" relation="JCT"/></mor></w>
    <t type="q"><mor type="mor"><mt type="q"/><gra type="gra" index="7" head="5" relation="PUNCT"/></mor></t>

    <a type="gesture">&lt;dur&gt; looks around , at Mother , down</a>
  </u>
  <u who="MOT" uID="u16">
    <w>uhhuh<mor type="mor"><mw><pos><c>co</c></pos><stem>uhhuh</stem></mw><gra type="gra" index="1" head="0" relation="INCROOT"/></mor></w>
    <t type="p"><mor type="mor"><mt type="p"/><gra type="gra" index="2" head="1" relation="PUNCT"/></mor></t>

  </u>
  <u who="MOT" uID="u17">
    <w>I'll<mor type="mor"><mw><pos><c>pro</c><s>sub</s></pos><stem>I</stem></mw><gra type="gra" index="1" head="3" relation="SUBJ"/><mor-post><mw><pos><c>mod</c></pos><stem>will</stem></mw><gra type="gra" index="2" head="3" relation="AUX"/></mor-post></mor></w>
    <w>have<mor type="mor"><mw><pos><c>v</c></pos><stem>have</stem></mw><gra type="gra" index="3" head="0" relation="ROOT"/></mor></w>
    <w>a<mor type="mor"><mw><pos><c>det</c><s>art</s></pos><stem>a</stem></mw><gra type="gra" index="4" head="6" relation="DET"/></mor></w>
    <w>little<mor type="mor"><mw><pos><c>adj</c></pos><stem>little</stem></mw><gra type="gra" index="5" head="6" relation="MOD"/></mor></w>
    <w>bit<mor type="mor"><mw><pos><c>n</c></pos><stem>bit</stem></mw><gra type="gra" index="6" head="3" relation="OBJ"/></mor></w>
    <pause symbolic-length="simple"/>
    <w>okay<mor type="mor"><mw><pos><c>co</c></pos><stem>okay</stem></mw><gra type="gra" index="7" head="6" relation="COM"/></mor></w>
    <t type="p"><mor type="mor"><mt type="p"/><gra type="gra" index="8" head="3" relation="PUNCT"/></mor></t>

    <a type="actions">&lt;1w&gt; prepares snack</a>
  </u>
  <u who="CHI" uID="u18">
    <w>naughty<mor type="mor"><mw><pos><c>adj</c></pos><stem>naughty</stem></mw><gra type="gra" index="1" head="3" relation="MOD"/></mor></w>
    <w>naughty<mor type="mor"><mw><pos><c>adj</c></pos><stem>naughty</stem></mw><gra type="gra" index="2" head="3" relation="MOD"/></mor></w>
    <w>cracker<mor type="mor"><mw><pos><c>n</c></pos><stem>cracker</stem></mw><gra type="gra" index="3" head="0" relation="INCROOT"/></mor></w>
    <t type="e"><mor type="mor"><mt type="e"/><gra type="gra" index="4" head="3" relation="PUNCT"/></mor></t>

    <a type="gesture">&lt;1w&gt; looks at cracker , camera , down .</a>
    <a type="actions">&lt;1w&gt; eats</a>
    <a type="addressee">&lt;1w&gt; cracker</a>
  </u>
  <u who="CHI" uID="u19">
    <w untranscribed="unintelligible">xxx</w>
    <t type="p"></t>

    <a type="gesture">&lt;1w&gt; nods</a>
  </u>
  <u who="CHI" uID="u20">
    <w>I<mor type="mor"><mw><pos><c>pro</c><s>sub</s></pos><stem>I</stem></mw><gra type="gra" index="1" head="2" relation="SUBJ"/></mor></w>
    <w>love<mor type="mor"><mw><pos><c>v</c></pos><stem>love</stem></mw><gra type="gra" index="2" head="0" relation="ROOT"/></mor></w>
    <w>orange<mor type="mor"><mw><pos><c>adj</c></pos><stem>orange</stem></mw><gra type="gra" index="3" head="4" relation="MOD"/></mor></w>
    <w>juice<mor type="mor"><mw><pos><c>n</c></pos><stem>juice</stem></mw><gra type="gra" index="4" head="2" relation="OBJ"/></mor></w>
    <pause symbolic-length="simple"/>
    <w>yeah<mor type="mor"><mw><pos><c>co</c></pos><stem>yeah</stem></mw><gra type="gra" index="5" head="4" relation="COM"/></mor></w>
    <t type="p"><mor type="mor"><mt type="p"/><gra type="gra" index="6" head="2" relation="PUNCT"/></mor></t>

  </u>
  <u who="MOT" uID="u21">
    <w>here<mor type="mor"><mw><pos><c>adv</c></pos><stem>here</stem></mw><gra type="gra" index="1" head="3" relation="JCT"/></mor></w>
    <w>you<mor type="mor"><mw><pos><c>pro</c><s>per</s></pos><stem>you</stem></mw><gra type="gra" index="2" head="3" relation="SUBJ"/></mor></w>
    <w>go<mor type="mor"><mw><pos><c>v</c></pos><stem>go</stem></mw><gra type="gra" index="3" head="0" relation="ROOT"/></mor></w>
    <t type="p"><mor type="mor"><mt type="p"/><gra type="gra" index="4" head="3" relation="PUNCT"/></mor></t>

    <a type="actions">&lt;aft&gt; sits down</a>
  </u>
  <u who="CHI" uID="u22">
    <w>oh<mor type="mor"><mw><pos><c>co</c></pos><stem>oh</stem></mw><gra type="gra" index="1" head="0" relation="INCROOT"/></mor></w>
    <t type="p"><mor type="mor"><mt type="p"/><gra type="gra" index="2" head="1" relation="PUNCT"/></mor></t>

    <a type="actions">&lt;aft&gt; drinks orange juice</a>
    <a type="gesture">looks at ornage juice , Mother</a>
  </u>
  <u who="MOT" uID="u23">
    <w>there<mor type="mor"><mw><pos><c>adv</c></pos><stem>there</stem></mw><gra type="gra" index="1" head="0" relation="INCROOT"/></mor></w>
    <t type="e"><mor type="mor"><mt type="e"/><gra type="gra" index="2" head="1" relation="PUNCT"/></mor></t>

    <a type="gesture">looks at Keith</a>
    <a type="actions">&lt;1w&gt; drinks</a>
  </u>
  <u who="MOT" uID="u24">
    <w>were<mor type="mor"><mw><pos><c>cop</c></pos><stem>be</stem><mk type="sfxf">PAST</mk></mw><gra type="gra" index="1" head="0" relation="ROOT"/></mor></w>
    <w>you<mor type="mor"><mw><pos><c>pro</c><s>per</s></pos><stem>you</stem></mw><gra type="gra" index="2" head="4" relation="SUBJ"/></mor></w>
    <w>pretty<mor type="mor"><mw><pos><c>adv</c></pos><stem>pretty</stem></mw><gra type="gra" index="3" head="4" relation="JCT"/></mor></w>
    <w>hungry<mor type="mor"><mw><pos><c>adj</c></pos><stem>hungry</stem></mw><gra type="gra" index="4" head="1" relation="PRED"/></mor></w>
    <t type="q"><mor type="mor"><mt type="q"/><gra type="gra" index="5" head="1" relation="PUNCT"/></mor></t>

  </u>
  <u who="MOT" uID="u25">
    <w>were<mor type="mor"><mw><pos><c>cop</c></pos><stem>be</stem><mk type="sfxf">PAST</mk></mw><gra type="gra" index="1" head="0" relation="ROOT"/></mor></w>
    <w>you<mor type="mor"><mw><pos><c>pro</c><s>per</s></pos><stem>you</stem></mw><gra type="gra" index="2" head="4" relation="SUBJ"/></mor></w>
    <w>pretty<mor type="mor"><mw><pos><c>adv</c></pos><stem>pretty</stem></mw><gra type="gra" index="3" head="4" relation="JCT"/></mor></w>
    <w>hungry<mor type="mor"><mw><pos><c>adj</c></pos><stem>hungry</stem></mw><gra type="gra" index="4" head="1" relation="PRED"/></mor></w>
    <t type="q"><mor type="mor"><mt type="q"/><gra type="gra" index="5" head="1" relation="PUNCT"/></mor></t>

  </u>
  <u who="CHI" uID="u26">
    <w>yeah<mor type="mor"><mw><pos><c>co</c></pos><stem>yeah</stem></mw><gra type="gra" index="1" head="0" relation="INCROOT"/></mor></w>
    <t type="p"><mor type="mor"><mt type="p"/><gra type="gra" index="2" head="1" relation="PUNCT"/></mor></t>

    <a type="explanation">long pause eating</a>
    <a type="actions">eats</a>
    <a type="gesture">&lt;aft&gt; looks out</a>
  </u>
  <u who="MOT" uID="u27">
    <w>I<mor type="mor"><mw><pos><c>pro</c><s>sub</s></pos><stem>I</stem></mw><gra type="gra" index="1" head="3" relation="SUBJ"/></mor></w>
    <w>only<mor type="mor"><mw><pos><c>adv</c></pos><stem>only</stem></mw><gra type="gra" index="2" head="3" relation="JCT"/></mor></w>
    <w>have<mor type="mor"><mw><pos><c>v</c></pos><stem>have</stem></mw><gra type="gra" index="3" head="0" relation="ROOT"/></mor></w>
    <w>a<mor type="mor"><mw><pos><c>det</c><s>art</s></pos><stem>a</stem></mw><gra type="gra" index="4" head="6" relation="DET"/></mor></w>
    <w>little<mor type="mor"><mw><pos><c>adj</c></pos><stem>little</stem></mw><gra type="gra" index="5" head="6" relation="MOD"/></mor></w>
    <w>bit<mor type="mor"><mw><pos><c>n</c></pos><stem>bit</stem></mw><gra type="gra" index="6" head="10" relation="SUBJ"/></mor></w>
    <w>of<mor type="mor"><mw><pos><c>prep</c></pos><stem>of</stem></mw><gra type="gra" index="7" head="6" relation="NJCT"/></mor></w>
    <w>graham<mor type="mor"><mw><pos><c>n</c></pos><stem>graham</stem></mw><gra type="gra" index="8" head="9" relation="MOD"/></mor></w>
    <w>cracker<mor type="mor"><mw><pos><c>n</c></pos><stem>cracker</stem></mw><gra type="gra" index="9" head="7" relation="POBJ"/></mor></w>
    <w>left<mor type="mor"><mw><pos><c>v</c></pos><stem>leave</stem><mk type="sfxf">PAST</mk></mw><gra type="gra" index="10" head="3" relation="COMP"/></mor></w>
    <t type="p"><mor type="mor"><mt type="p"/><gra type="gra" index="11" head="3" relation="PUNCT"/></mor></t>

    <a type="actions">&lt;1w&gt; holds out cup</a>
    <a type="gesture">&lt;1w&gt; looks at plate , Keith</a>
  </u>
  <u who="MOT" uID="u28">
    <w>how<mor type="mor"><mw><pos><c>pro</c><s>int</s></pos><stem>how</stem></mw><gra type="gra" index="1" head="5" relation="LINK"/></mor></w>
    <w>much<mor type="mor"><mw><pos><c>adv</c></pos><stem>much</stem></mw><gra type="gra" index="2" head="5" relation="JCT"/></mor></w>
    <w>do<mor type="mor"><mw><pos><c>mod</c></pos><stem>do</stem></mw><gra type="gra" index="3" head="5" relation="AUX"/></mor></w>
    <w>you<mor type="mor"><mw><pos><c>pro</c><s>per</s></pos><stem>you</stem></mw><gra type="gra" index="4" head="5" relation="SUBJ"/></mor></w>
    <w>have<mor type="mor"><mw><pos><c>v</c></pos><stem>have</stem></mw><gra type="gra" index="5" head="0" relation="ROOT"/></mor></w>
    <w>left<mor type="mor"><mw><pos><c>v</c></pos><stem>leave</stem><mk type="sfxf">PAST</mk></mw><gra type="gra" index="6" head="5" relation="COMP"/></mor></w>
    <t type="q"><mor type="mor"><mt type="q"/><gra type="gra" index="7" head="5" relation="PUNCT"/></mor></t>

  </u>
  <u who="CHI" uID="u29">
    <w>just<mor type="mor"><mw><pos><c>adv</c></pos><stem>just</stem></mw><gra type="gra" index="1" head="2" relation="JCT"/></mor></w>
    <w>one<mor type="mor"><mw><pos><c>det</c><s>num</s></pos><stem>one</stem></mw><gra type="gra" index="2" head="0" relation="INCROOT"/></mor></w>
    <t type="p"><mor type="mor"><mt type="p"/><gra type="gra" index="3" head="2" relation="PUNCT"/></mor></t>

    <a type="actions">holds out cracker</a>
    <a type="gesture">looks at Mother .</a>
    <a type="extension" flavor="pho">dZes w6n</a>
  </u>
  <u who="MOT" uID="u30">
    <w>just<mor type="mor"><mw><pos><c>adv</c></pos><stem>just</stem></mw><gra type="gra" index="1" head="2" relation="JCT"/></mor></w>
    <w>one<mor type="mor"><mw><pos><c>det</c><s>num</s></pos><stem>one</stem></mw><gra type="gra" index="2" head="0" relation="INCROOT"/></mor></w>
    <t type="q"><mor type="mor"><mt type="q"/><gra type="gra" index="3" head="2" relation="PUNCT"/></mor></t>

    <a type="actions">&lt;1w&gt; puts drink down</a>
  </u>
  <u who="MOT" uID="u31">
    <w>I<mor type="mor"><mw><pos><c>pro</c><s>sub</s></pos><stem>I</stem></mw><gra type="gra" index="1" head="3" relation="SUBJ"/></mor></w>
    <w>only<mor type="mor"><mw><pos><c>adv</c></pos><stem>only</stem></mw><gra type="gra" index="2" head="3" relation="JCT"/></mor></w>
    <w>have<mor type="mor"><mw><pos><c>v</c></pos><stem>have</stem></mw><gra type="gra" index="3" head="0" relation="ROOT"/></mor></w>
    <w>a<mor type="mor"><mw><pos><c>det</c><s>art</s></pos><stem>a</stem></mw><gra type="gra" index="4" head="5" relation="DET"/></mor></w>
    <w>half<mor type="mor"><mw><pos><c>n</c></pos><stem>half</stem></mw><gra type="gra" index="5" head="3" relation="OBJ"/></mor></w>
    <w>of<mor type="mor"><mw><pos><c>prep</c></pos><stem>of</stem></mw><gra type="gra" index="6" head="5" relation="NJCT"/></mor></w>
    <w>one<mor type="mor"><mw><pos><c>det</c><s>num</s></pos><stem>one</stem></mw><gra type="gra" index="7" head="6" relation="POBJ"/></mor></w>
    <t type="p"><mor type="mor"><mt type="p"/><gra type="gra" index="8" head="3" relation="PUNCT"/></mor></t>

    <a type="gesture">&lt;1w&gt; points to plate . smiles</a>
  </u>
  <u who="CHI" uID="u32">
    <w>I<mor type="mor"><mw><pos><c>pro</c><s>sub</s></pos><stem>I</stem></mw><gra type="gra" index="1" head="2" relation="SUBJ"/></mor></w>
    <w>have<mor type="mor"><mw><pos><c>v</c></pos><stem>have</stem></mw><gra type="gra" index="2" head="0" relation="ROOT"/></mor></w>
    <w>a<mor type="mor"><mw><pos><c>det</c><s>art</s></pos><stem>a</stem></mw><gra type="gra" index="3" head="4" relation="DET"/></mor></w>
    <w>whole<mor type="mor"><mw><pos><c>adj</c></pos><stem>whole</stem></mw><gra type="gra" index="4" head="2" relation="OBJ"/></mor></w>
    <t type="p"><mor type="mor"><mt type="p"/><gra type="gra" index="5" head="2" relation="PUNCT"/></mor></t>

    <a type="gesture">looks at Mother , down</a>
    <a type="extension" flavor="pho">ah h&amp;v6 hol</a>
  </u>
  <u who="MOT" uID="u33">
    <w>you<mor type="mor"><mw><pos><c>pro</c><s>per</s></pos><stem>you</stem></mw><gra type="gra" index="1" head="2" relation="SUBJ"/></mor></w>
    <w>have<mor type="mor"><mw><pos><c>v</c></pos><stem>have</stem></mw><gra type="gra" index="2" head="0" relation="ROOT"/></mor></w>
    <w>a<mor type="mor"><mw><pos><c>det</c><s>art</s></pos><stem>a</stem></mw><gra type="gra" index="3" head="5" relation="DET"/></mor></w>
    <w>whole<mor type="mor"><mw><pos><c>adj</c></pos><stem>whole</stem></mw><gra type="gra" index="4" head="5" relation="MOD"/></mor></w>
    <w>one<mor type="mor"><mw><pos><c>det</c><s>num</s></pos><stem>one</stem></mw><gra type="gra" index="5" head="8" relation="SUBJ"/></mor></w>
    <pause symbolic-length="simple"/>
    <w>don't<mor type="mor"><mw><pos><c>mod</c></pos><stem>do</stem></mw><gra type="gra" index="6" head="8" relation="AUX"/><mor-post><mw><pos><c>neg</c></pos><stem>not</stem></mw><gra type="gra" index="7" head="6" relation="NEG"/></mor-post></mor></w>
    <w>cha<replacement><w>you<mor type="mor"><mw><pos><c>pro</c><s>per</s></pos><stem>you</stem></mw><gra type="gra" index="8" head="2" relation="OBJ"/></mor></w></replacement></w>
    <t type="q"><mor type="mor"><mt type="q"/><gra type="gra" index="9" head="2" relation="PUNCT"/></mor></t>

    <a type="actions">&lt;aft&gt; eats</a>
  </u>
  <u who="CHI" uID="u34">
    <w type="filler">uh</w>
    <t type="p"></t>

    <a type="gesture">looks at Mother</a>
    <a type="actions">walks cracker</a>
  </u>
  <u who="CHI" uID="u35">
    <w>I'm<mor type="mor"><mw><pos><c>pro</c><s>sub</s></pos><stem>I</stem></mw><gra type="gra" index="1" head="2" relation="SUBJ"/><mor-post><mw><pos><c>cop</c></pos><stem>be</stem><mk type="sfxf">1S</mk></mw><gra type="gra" index="2" head="0" relation="ROOT"/></mor-post></mor></w>
    <w>walk<mor type="mor"><mw><pos><c>n</c></pos><stem>walk</stem></mw><gra type="gra" index="3" head="4" relation="MOD"/></mor></w>
    <g><w>cracker<mor type="mor"><mw><pos><c>n</c></pos><stem>cracker</stem></mw><gra type="gra" index="4" head="2" relation="PRED"/></mor></w><error/></g>
    <t type="e"><mor type="mor"><mt type="e"/><gra type="gra" index="5" head="2" relation="PUNCT"/></mor></t>

  </u>
  <u who="CHI" uID="u36">
    <w>I<mor type="mor"><mw><pos><c>pro</c><s>sub</s></pos><stem>I</stem></mw><gra type="gra" index="1" head="0" relation="INCROOT"/></mor></w>
    <t type="e"><mor type="mor"><mt type="e"/><gra type="gra" index="2" head="1" relation="PUNCT"/></mor></t>

  </u>
  <u who="MOT" uID="u37">
    <w>what's<mor type="mor"><mw><pos><c>pro</c><s>int</s></pos><stem>what</stem></mw><gra type="gra" index="1" head="5" relation="SUBJ"/><mor-post><mw><pos><c>aux</c></pos><stem>be</stem><mk type="sfxf">3S</mk></mw><gra type="gra" index="2" head="5" relation="AUX"/></mor-post></mor></w>
    <w>the<mor type="mor"><mw><pos><c>det</c><s>art</s></pos><stem>the</stem></mw><gra type="gra" index="3" head="4" relation="DET"/></mor></w>
    <w>cracker<mor type="mor"><mw><pos><c>n</c></pos><stem>cracker</stem></mw><gra type="gra" index="4" head="5" relation="SUBJ"/></mor></w>
    <w>doing<mor type="mor"><mw><pos><c>part</c></pos><stem>do</stem><mk type="sfx">PRESP</mk></mw><gra type="gra" index="5" head="0" relation="ROOT"/></mor></w>
    <t type="q"><mor type="mor"><mt type="q"/><gra type="gra" index="6" head="5" relation="PUNCT"/></mor></t>

    <a type="gesture">looks at Keith</a>
  </u>
  <u who="CHI" uID="u38">
    <g><w>I'm<mor type="mor"><mw><pos><c>pro</c><s>sub</s></pos><stem>I</stem></mw><gra type="gra" index="1" head="2" relation="SUBJ"/><mor-post><mw><pos><c>cop</c></pos><stem>be</stem><mk type="sfxf">1S</mk></mw><gra type="gra" index="2" head="0" relation="ROOT"/></mor-post></mor></w><k type="stressing"/></g>
    <w>a<mor type="mor"><mw><pos><c>det</c><s>art</s></pos><stem>a</stem></mw><gra type="gra" index="3" head="4" relation="DET"/></mor></w>
    <w>cracker<mor type="mor"><mw><pos><c>n</c></pos><stem>cracker</stem></mw><gra type="gra" index="4" head="2" relation="PRED"/></mor></w>
    <t type="p"><mor type="mor"><mt type="p"/><gra type="gra" index="5" head="2" relation="PUNCT"/></mor></t>

    <a type="actions">&lt;aft&gt; eats</a>
    <a type="gesture">looks at Mother , cracker</a>
  </u>
  <u who="MOT" uID="u39">
    <w>that<mor type="mor"><mw><pos><c>pro</c><s>dem</s></pos><stem>that</stem></mw><gra type="gra" index="1" head="5" relation="SUBJ"/></mor></w>
    <w>what<mor type="mor"><mw><pos><c>pro</c><s>int</s></pos><stem>what</stem></mw><gra type="gra" index="2" head="5" relation="LINK"/></mor></w>
    <w>the<mor type="mor"><mw><pos><c>det</c><s>art</s></pos><stem>the</stem></mw><gra type="gra" index="3" head="4" relation="DET"/></mor></w>
    <w>cracker<mor type="mor"><mw><pos><c>n</c></pos><stem>cracker</stem></mw><gra type="gra" index="4" head="5" relation="SUBJ"/></mor></w>
    <w>said<mor type="mor"><mw><pos><c>v</c></pos><stem>say</stem><mk type="sfxf">PAST</mk></mw><gra type="gra" index="5" head="0" relation="ROOT"/></mor></w>
    <t type="q"><mor type="mor"><mt type="q"/><gra type="gra" index="6" head="5" relation="PUNCT"/></mor></t>

    <a type="gesture">smiles . looks at Keith</a>
  </u>
  <u who="CHI" uID="u40">
    <w>uhhuh<mor type="mor"><mw><pos><c>co</c></pos><stem>uhhuh</stem></mw><gra type="gra" index="1" head="0" relation="INCROOT"/></mor></w>
    <t type="p"><mor type="mor"><mt type="p"/><gra type="gra" index="2" head="1" relation="PUNCT"/></mor></t>

    <a type="actions">&lt;aft&gt; eats</a>
    <a type="gesture">&lt;aft&gt; looks down</a>
  </u>
  <u who="MOT" uID="u41">
    <w>oh<mor type="mor"><mw><pos><c>co</c></pos><stem>oh</stem></mw><gra type="gra" index="1" head="0" relation="INCROOT"/></mor></w>
    <t type="p"><mor type="mor"><mt type="p"/><gra type="gra" index="2" head="1" relation="PUNCT"/></mor></t>

    <a type="actions">&lt;aft&gt; eats</a>
    <a type="gesture">&lt;aft&gt; nods</a>
  </u>
  <u who="CHI" uID="u42">
    <w type="filler">uh</w>
    <t type="p"></t>

    <a type="gesture">looks at Mother</a>
  </u>
  <u who="CHI" uID="u43">
    <w>don't<mor type="mor"><mw><pos><c>mod</c></pos><stem>do</stem></mw><gra type="gra" index="1" head="3" relation="AUX"/><mor-post><mw><pos><c>neg</c></pos><stem>not</stem></mw><gra type="gra" index="2" head="1" relation="NEG"/></mor-post></mor></w>
    <w>eat<mor type="mor"><mw><pos><c>v</c></pos><stem>eat</stem></mw><gra type="gra" index="3" head="0" relation="ROOT"/></mor></w>
    <w>me<mor type="mor"><mw><pos><c>pro</c><s>obj</s></pos><stem>me</stem></mw><gra type="gra" index="4" head="3" relation="OBJ"/></mor></w>
    <w>up<mor type="mor"><mw><pos><c>adv</c></pos><stem>up</stem></mw><gra type="gra" index="5" head="3" relation="JCT"/></mor></w>
    <t type="e"><mor type="mor"><mt type="e"/><gra type="gra" index="6" head="3" relation="PUNCT"/></mor></t>

    <a type="actions">&lt;aft&gt; eats</a>
  </u>
  <u who="MOT" uID="u44">
    <w>uhoh<mor type="mor"><mw><pos><c>co</c></pos><stem>uhoh</stem></mw><gra type="gra" index="1" head="0" relation="INCROOT"/></mor></w>
    <t type="e"><mor type="mor"><mt type="e"/><gra type="gra" index="2" head="1" relation="PUNCT"/></mor></t>

    <a type="gesture">looks at Keith</a>
  </u>
  <u who="MOT" uID="u45">
    <w>that<mor type="mor"><mw><pos><c>comp</c></pos><stem>that</stem></mw><gra type="gra" index="1" head="2" relation="LINK"/></mor></w>
    <w>hurt<mor type="mor"><mw><pos><c>v</c></pos><stem>hurt</stem><mk type="sfxf">ZERO</mk></mw><gra type="gra" index="2" head="0" relation="ROOT"/></mor></w>
    <w>him<mor type="mor"><mw><pos><c>pro</c><s>obj</s></pos><stem>him</stem></mw><gra type="gra" index="3" head="2" relation="OBJ"/></mor></w>
    <t type="q"><mor type="mor"><mt type="q"/><gra type="gra" index="4" head="2" relation="PUNCT"/></mor></t>

  </u>
  <u who="MOT" uID="u46">
    <w>you<mor type="mor"><mw><pos><c>pro</c><s>per</s></pos><stem>you</stem></mw><gra type="gra" index="1" head="2" relation="SUBJ"/></mor></w>
    <w>hurt<mor type="mor"><mw><pos><c>v</c></pos><stem>hurt</stem><mk type="sfxf">ZERO</mk></mw><gra type="gra" index="2" head="0" relation="ROOT"/></mor></w>
    <w>him<mor type="mor"><mw><pos><c>pro</c><s>obj</s></pos><stem>him</stem></mw><gra type="gra" index="3" head="2" relation="OBJ"/></mor></w>
    <t type="e"><mor type="mor"><mt type="e"/><gra type="gra" index="4" head="2" relation="PUNCT"/></mor></t>

    <a type="actions">&lt;1w&gt; eats own cracker</a>
  </u>
  <u who="MOT" uID="u47">
    <w>I<mor type="mor"><mw><pos><c>pro</c><s>sub</s></pos><stem>I</stem></mw><gra type="gra" index="1" head="2" relation="SUBJ"/></mor></w>
    <w>ate<mor type="mor"><mw><pos><c>v</c></pos><stem>eat</stem><mk type="sfxf">PAST</mk></mw><gra type="gra" index="2" head="0" relation="ROOT"/></mor></w>
    <w>mine<mor type="mor"><mw><pos><c>n</c></pos><stem>mine</stem></mw><gra type="gra" index="3" head="2" relation="OBJ"/></mor></w>
    <w>all<mor type="mor"><mw><pos><c>adv</c></pos><stem>all</stem></mw><gra type="gra" index="4" head="2" relation="JCT"/></mor></w>
    <t type="p"><mor type="mor"><mt type="p"/><gra type="gra" index="5" head="2" relation="PUNCT"/></mor></t>

    <a type="gesture">&lt;1w&gt; looks at plate</a>
  </u>
  <u who="CHI" uID="u48">
    <e><action/></e>
    <t type="p"></t>

    <a type="gesture">looks down , at Mother</a>
    <a type="actions">eats . bounces in response to Mother</a>
  </u>
  <u who="MOT" uID="u49">
    <w>now<mor type="mor"><mw><pos><c>adv</c><s>tem</s></pos><stem>now</stem></mw><gra type="gra" index="1" head="4" relation="LINK"/></mor></w>
    <w>I'm<mor type="mor"><mw><pos><c>pro</c><s>sub</s></pos><stem>I</stem></mw><gra type="gra" index="2" head="4" relation="SUBJ"/><mor-post><mw><pos><c>aux</c></pos><stem>be</stem><mk type="sfxf">1S</mk></mw><gra type="gra" index="3" head="4" relation="AUX"/></mor-post></mor></w>
    <w>gonna<mor type="mor"><mw><pos><c>part</c></pos><stem>go</stem><mk type="sfxf">PRESP</mk></mw><gra type="gra" index="4" head="0" relation="ROOT"/><mor-post><mw><pos><c>inf</c></pos><stem>to</stem></mw><gra type="gra" index="5" head="6" relation="INF"/></mor-post></mor></w>
    <w>drink<mor type="mor"><mw><pos><c>v</c></pos><stem>drink</stem></mw><gra type="gra" index="6" head="4" relation="COMP"/></mor></w>
    <w>my<mor type="mor"><mw><pos><c>det</c><s>poss</s></pos><stem>my</stem></mw><gra type="gra" index="7" head="9" relation="DET"/></mor></w>
    <w>orange<mor type="mor"><mw><pos><c>n</c></pos><stem>orange</stem></mw><gra type="gra" index="8" head="9" relation="MOD"/></mor></w>
    <w>juice<mor type="mor"><mw><pos><c>n</c></pos><stem>juice</stem></mw><gra type="gra" index="9" head="6" relation="OBJ"/></mor></w>
    <t type="p"><mor type="mor"><mt type="p"/><gra type="gra" index="10" head="4" relation="PUNCT"/></mor></t>

    <a type="actions">&lt;aft&gt; puts down</a>
  </u>
  <u who="CHI" uID="u50">
    <g><w>I</w><k type="retracing"/></g>
    <g><w>I</w><k type="retracing with correction"/></g>
    <w>I'm<mor type="mor"><mw><pos><c>pro</c><s>sub</s></pos><stem>I</stem></mw><gra type="gra" index="1" head="2" relation="SUBJ"/><mor-post><mw><pos><c>cop</c></pos><stem>be</stem><mk type="sfxf">1S</mk></mw><gra type="gra" index="2" head="0" relation="ROOT"/></mor-post></mor></w>
    <t type="trail off"><mor type="mor"><mt type="trail off"/><gra type="gra" index="3" head="2" relation="PUNCT"/></mor></t>

    <a type="gesture">&lt;aft&gt; looks at Mother</a>
    <a type="actions">leans toward Mother's glass . holds cracker toward glass . brings hand back</a>
    <a type="addressee">cracker</a>
  </u>
  <u who="MOT" uID="u51">
    <w>what's<mor type="mor"><mw><pos><c>pro</c><s>int</s></pos><stem>what</stem></mw><gra type="gra" index="1" head="2" relation="SUBJ"/><mor-post><mw><pos><c>cop</c></pos><stem>be</stem><mk type="sfxf">3S</mk></mw><gra type="gra" index="2" head="0" relation="ROOT"/></mor-post></mor></w>
    <w>he<mor type="mor"><mw><pos><c>pro</c><s>sub</s></pos><stem>he</stem></mw><gra type="gra" index="3" head="2" relation="PRED"/></mor></w>
    <w>doing<mor type="mor"><mw><pos><c>part</c></pos><stem>do</stem><mk type="sfx">PRESP</mk></mw><gra type="gra" index="4" head="3" relation="OM"/></mor></w>
    <t type="q"><mor type="mor"><mt type="q"/><gra type="gra" index="5" head="2" relation="PUNCT"/></mor></t>

  </u>
  <u who="CHI" uID="u52">
    <w>he<mor type="mor"><mw><pos><c>pro</c><s>sub</s></pos><stem>he</stem></mw><gra type="gra" index="1" head="0" relation="INCROOT"/></mor></w>
    <t type="trail off"><mor type="mor"><mt type="trail off"/><gra type="gra" index="2" head="1" relation="PUNCT"/></mor></t>

    <a type="gesture">looks at Mother</a>
    <a type="actions">&lt;bef&gt; holds cracker toward glass</a>
  </u>
  <u who="MOT" uID="u53">
    <w>I<mor type="mor"><mw><pos><c>pro</c><s>sub</s></pos><stem>I</stem></mw><gra type="gra" index="1" head="4" relation="SUBJ"/></mor></w>
    <w>don't<mor type="mor"><mw><pos><c>mod</c></pos><stem>do</stem></mw><gra type="gra" index="2" head="4" relation="AUX"/><mor-post><mw><pos><c>neg</c></pos><stem>not</stem></mw><gra type="gra" index="3" head="2" relation="NEG"/></mor-post></mor></w>
    <w>want<mor type="mor"><mw><pos><c>v</c></pos><stem>want</stem></mw><gra type="gra" index="4" head="0" relation="ROOT"/></mor></w>
    <w>graham<mor type="mor"><mw><pos><c>n</c></pos><stem>graham</stem></mw><gra type="gra" index="5" head="7" relation="MOD"/></mor></w>
    <w>cracker<mor type="mor"><mw><pos><c>n</c></pos><stem>cracker</stem></mw><gra type="gra" index="6" head="7" relation="MOD"/></mor></w>
    <w>crumbs<mor type="mor"><mw><pos><c>n</c></pos><stem>crumb</stem><mk type="sfx">PL</mk></mw><gra type="gra" index="7" head="4" relation="OBJ"/></mor></w>
    <w>in<mor type="mor"><mw><pos><c>prep</c></pos><stem>in</stem></mw><gra type="gra" index="8" head="4" relation="JCT"/></mor></w>
    <w>my<mor type="mor"><mw><pos><c>det</c><s>poss</s></pos><stem>my</stem></mw><gra type="gra" index="9" head="11" relation="DET"/></mor></w>
    <w>orange<mor type="mor"><mw><pos><c>adj</c></pos><stem>orange</stem></mw><gra type="gra" index="10" head="11" relation="MOD"/></mor></w>
    <w>juice<mor type="mor"><mw><pos><c>n</c></pos><stem>juice</stem></mw><gra type="gra" index="11" head="8" relation="POBJ"/></mor></w>
    <t type="p"><mor type="mor"><mt type="p"/><gra type="gra" index="12" head="4" relation="PUNCT"/></mor></t>

    <a type="gesture">&lt;aft&gt; looks at Keith</a>
    <a type="actions">picks up juice and examines it</a>
  </u>
  <u who="CHI" uID="u54">
    <e><action/></e>
    <t type="p"></t>

    <a type="gesture">holds out cracker to Mother . later stops</a>
  </u>
  <u who="MOT" uID="u55">
    <w>uhuh<mor type="mor"><mw><pos><c>co</c></pos><stem>uhuh</stem></mw><gra type="gra" index="1" head="0" relation="INCROOT"/></mor></w>
    <t type="e"><mor type="mor"><mt type="e"/><gra type="gra" index="2" head="1" relation="PUNCT"/></mor></t>

  </u>
  <u who="MOT" uID="u56">
    <w>I<mor type="mor"><mw><pos><c>pro</c><s>sub</s></pos><stem>I</stem></mw><gra type="gra" index="1" head="0" relation="INCROOT"/></mor></w>
    <w>don't<mor type="mor"><mw><pos><c>mod</c></pos><stem>do</stem></mw><gra type="gra" index="2" head="4" relation="AUX"/><mor-post><mw><pos><c>neg</c></pos><stem>not</stem></mw><gra type="gra" index="3" head="2" relation="NEG"/></mor-post></mor></w>
    <t type="e"><mor type="mor"><mt type="e"/><gra type="gra" index="4" head="1" relation="PUNCT"/></mor></t>

    <a type="actions">&lt;1w&gt; drinks .</a>
    <a type="gesture">&lt;1w&gt; shakes head</a>
  </u>
  <u who="MOT" uID="u57">
    <w>I'm<mor type="mor"><mw><pos><c>pro</c><s>sub</s></pos><stem>I</stem></mw><gra type="gra" index="1" head="4" relation="SUBJ"/><mor-post><mw><pos><c>aux</c></pos><stem>be</stem><mk type="sfxf">1S</mk></mw><gra type="gra" index="2" head="4" relation="AUX"/></mor-post></mor></w>
    <w>all<mor type="mor"><mw><pos><c>adv</c></pos><stem>all</stem></mw><gra type="gra" index="3" head="4" relation="JCT"/></mor></w>
    <w>done<mor type="mor"><mw><pos><c>part</c></pos><stem>do</stem><mk type="sfxf">PASTP</mk></mw><gra type="gra" index="4" head="0" relation="ROOT"/></mor></w>
    <t type="p"><mor type="mor"><mt type="p"/><gra type="gra" index="5" head="4" relation="PUNCT"/></mor></t>

    <a type="actions">&lt;1w&gt; puts glass down</a>
  </u>
  <u who="CHI" uID="u58">
    <w>why<mor type="mor"><mw><pos><c>pro</c><s>int</s></pos><stem>why</stem></mw><gra type="gra" index="1" head="3" relation="LINK"/></mor></w>
    <w>you<mor type="mor"><mw><pos><c>pro</c><s>per</s></pos><stem>you</stem></mw><gra type="gra" index="2" head="3" relation="SUBJ"/></mor></w>
    <w>drink<mor type="mor"><mw><pos><c>v</c></pos><stem>drink</stem></mw><gra type="gra" index="3" head="0" relation="ROOT"/></mor></w>
    <w>all<mor type="mor"><mw><pos><c>adv</c></pos><stem>all</stem></mw><gra type="gra" index="4" head="8" relation="JCT"/></mor></w>
    <w>my<mor type="mor"><mw><pos><c>det</c><s>poss</s></pos><stem>my</stem></mw><gra type="gra" index="5" head="8" relation="DET"/></mor></w>
    <w>orange<mor type="mor"><mw><pos><c>n</c></pos><stem>orange</stem></mw><gra type="gra" index="6" head="8" relation="MOD"/></mor></w>
    <w>juice<mor type="mor"><mw><pos><c>n</c></pos><stem>juice</stem></mw><gra type="gra" index="7" head="8" relation="MOD"/></mor></w>
    <pause symbolic-length="simple"/>
    <g><w>cracker<mor type="mor"><mw><pos><c>n</c></pos><stem>cracker</stem></mw><gra type="gra" index="8" head="3" relation="OBJ"/></mor></w><error/></g>
    <t type="q"><mor type="mor"><mt type="q"/><gra type="gra" index="9" head="3" relation="PUNCT"/></mor></t>

    <a type="gesture">&lt;bef&gt; looks at Mother . holds out cracker . &lt;dur&gt; looks down , at Mother</a>
    <a type="actions">&lt;bef&gt; drinks . puts drink down . &lt;aft&gt; eats</a>
  </u>
  <u who="MOT" uID="u59">
    <w>is<mor type="mor"><mw><pos><c>cop</c></pos><stem>be</stem><mk type="sfxf">3S</mk></mw><gra type="gra" index="1" head="0" relation="ROOT"/></mor></w>
    <w>that<mor type="mor"><mw><pos><c>pro</c><s>dem</s></pos><stem>that</stem></mw><gra type="gra" index="2" head="1" relation="PRED"/></mor></w>
    <w>what<mor type="mor"><mw><pos><c>pro</c><s>int</s></pos><stem>what</stem></mw><gra type="gra" index="3" head="6" relation="LINK"/></mor></w>
    <w>the<mor type="mor"><mw><pos><c>det</c><s>art</s></pos><stem>the</stem></mw><gra type="gra" index="4" head="5" relation="DET"/></mor></w>
    <w>cracker<mor type="mor"><mw><pos><c>n</c></pos><stem>cracker</stem></mw><gra type="gra" index="5" head="6" relation="SUBJ"/></mor></w>
    <w>said<mor type="mor"><mw><pos><c>v</c></pos><stem>say</stem><mk type="sfxf">PAST</mk></mw><gra type="gra" index="6" head="2" relation="COBJ"/></mor></w>
    <t type="q"><mor type="mor"><mt type="q"/><gra type="gra" index="7" head="1" relation="PUNCT"/></mor></t>

    <a type="gesture">smiles . nods</a>
  </u>
  <u who="CHI" uID="u60">
    <w>uhhuh<mor type="mor"><mw><pos><c>co</c></pos><stem>uhhuh</stem></mw><gra type="gra" index="1" head="0" relation="INCROOT"/></mor></w>
    <t type="p"><mor type="mor"><mt type="p"/><gra type="gra" index="2" head="1" relation="PUNCT"/></mor></t>

  </u>
  <u who="MOT" uID="u61">
    <w>here<mor type="mor"><mw><pos><c>adv</c></pos><stem>here</stem></mw><gra type="gra" index="1" head="4" relation="JCT"/></mor></w>
    <pause symbolic-length="simple"/>
    <w>can<mor type="mor"><mw><pos><c>mod</c></pos><stem>can</stem></mw><gra type="gra" index="2" head="4" relation="AUX"/></mor></w>
    <w>I<mor type="mor"><mw><pos><c>pro</c><s>sub</s></pos><stem>I</stem></mw><gra type="gra" index="3" head="4" relation="SUBJ"/></mor></w>
    <w>have<mor type="mor"><mw><pos><c>v</c></pos><stem>have</stem></mw><gra type="gra" index="4" head="0" relation="ROOT"/></mor></w>
    <w>one<mor type="mor"><mw><pos><c>pro</c><s>indef</s></pos><stem>one</stem></mw><gra type="gra" index="5" head="4" relation="OBJ"/></mor></w>
    <w>your<mor type="mor"><mw><pos><c>det</c><s>poss</s></pos><stem>your</stem></mw><gra type="gra" index="6" head="7" relation="DET"/></mor></w>
    <w>apples<mor type="mor"><mw><pos><c>n</c></pos><stem>apple</stem><mk type="sfx">PL</mk></mw><gra type="gra" index="7" head="5" relation="OBJ"/></mor></w>
    <t type="q"><mor type="mor"><mt type="q"/><gra type="gra" index="8" head="4" relation="PUNCT"/></mor></t>

    <a type="gesture">looks at plate . points to plate . looks at Keith</a>
  </u>
  <u who="CHI" uID="u62">
    <e><action/></e>
    <t type="p"></t>

    <a type="gesture">looks around , at plate</a>
    <a type="actions">gives apple to Mother . puts down on table</a>
  </u>
  <u who="MOT" uID="u63">
    <w>thank_you<mor type="mor"><mw><pos><c>co</c></pos><stem>thank_you</stem></mw><gra type="gra" index="1" head="0" relation="INCROOT"/></mor></w>
    <t type="p"><mor type="mor"><mt type="p"/><gra type="gra" index="2" head="1" relation="PUNCT"/></mor></t>

    <a type="actions">&lt;1w&gt; picks up apple .</a>
    <a type="gesture">&lt;1w&gt; looks at apple .</a>
  </u>
  <u who="MOT" uID="u64">
    <w>I<mor type="mor"><mw><pos><c>pro</c><s>sub</s></pos><stem>I</stem></mw><gra type="gra" index="1" head="2" relation="SUBJ"/></mor></w>
    <w>ran<mor type="mor"><mw><pos><c>v</c></pos><stem>run</stem><mk type="sfxf">PAST</mk></mw><gra type="gra" index="2" head="0" relation="ROOT"/></mor></w>
    <w>out<mor type="mor"><mw><pos><c>adv</c></pos><stem>out</stem></mw><gra type="gra" index="3" head="2" relation="JCT"/></mor></w>
    <t type="p"><mor type="mor"><mt type="p"/><gra type="gra" index="4" head="2" relation="PUNCT"/></mor></t>

    <a type="actions">&lt;1w&gt; eats</a>
    <a type="gesture">&lt;1w&gt; looks at Keith . &lt;1w&gt; looks down</a>
  </u>
</CHAT>