<?xml version="1.0" encoding="UTF-8"?>

<CHAT xmlns:xsi="http://www.w3.org/2001/XMLSchema-instance"
      xmlns="http://www.talkbank.org/ns/talkbank"
      xsi:schemaLocation="http://www.talkbank.org/ns/talkbank https://talkbank.org/software/talkbank.xsd"
            DesignType="cross"
            ActivityType="toyplay"
            GroupType="TD"
      PID="11312/c-00015293-1"
      Version="2.16.0"
      Lang="eng"
      Corpus="Bates"
      >
  <Participants>
    <participant
      id="CHI"
    name="Olivia"
      role="Target_Child"
      language="eng"
      age="P2Y04M"
      sex="female"
      group="TD"
      SES="MC"

    />
    <participant
      id="MOT"
      role="Mother"
      language="eng"
      sex="female"

    />
    <participant
      id="INV"
      role="Investigator"
      language="eng"

    />
  </Participants>
  <comment type="Types">cross, toyplay, TD</comment>
  <u who="CHI" uID="u0">
    <w formType="word play">na_un_na_un_snoo<mor type="mor"><mw><pos><c>wplay</c></pos><stem>na_un_na_un_snoo</stem></mw><gra type="gra" index="1" head="0" relation="INCROOT"/></mor></w>
    <t type="p"><mor type="mor"><mt type="p"/><gra type="gra" index="2" head="1" relation="PUNCT"/></mor></t>

    <a type="gesture">&lt;aft&gt; looks at plate</a>
    <a type="actions">&lt;bef&gt; sitting , eating . &lt;dur&gt; protectively picks up bowl . &lt;aft&gt; eats</a>
  </u>
  <u who="MOT" uID="u1">
    <w>there<mor type="mor"><mw><pos><c>adv</c></pos><stem>there</stem></mw><gra type="gra" index="1" head="0" relation="INCROOT"/></mor></w>
    <t type="p"><mor type="mor"><mt type="p"/><gra type="gra" index="2" head="1" relation="PUNCT"/></mor></t>

    <a type="actions">&lt;dur&gt; pours peanuts on plate .</a>
  </u>
  <u who="MOT" uID="u2">
    <w>how's<mor type="mor"><mw><pos><c>pro</c><s>int</s></pos><stem>how</stem></mw><gra type="gra" index="1" head="2" relation="JCT"/><mor-post><mw><pos><c>cop</c></pos><stem>be</stem><mk type="sfxf">3S</mk></mw><gra type="gra" index="2" head="0" relation="ROOT"/></mor-post></mor></w>
    <w>that<mor type="mor"><mw><pos><c>pro</c><s>dem</s></pos><stem>that</stem></mw><gra type="gra" index="3" head="2" relation="PRED"/></mor></w>
    <t type="q"><mor type="mor"><mt type="q"/><gra type="gra" index="4" head="2" relation="PUNCT"/></mor></t>

    <a type="actions">&lt;dur&gt; pours peanuts on plate . &lt;aft&gt; moves around kitchen</a>
  </u>
  <u who="CHI" uID="u3">
    <w><shortening>o</shortening>kay<mor type="mor"><mw><pos><c>co</c></pos><stem>okay</stem></mw><gra type="gra" index="1" head="0" relation="INCROOT"/></mor></w>
    <t type="p"><mor type="mor"><mt type="p"/><gra type="gra" index="2" head="1" relation="PUNCT"/></mor></t>

    <a type="gesture">&lt;aft&gt; looks at camera</a>
  </u>
  <u who="MOT" uID="u4">
    <w>okay<mor type="mor"><mw><pos><c>co</c></pos><stem>okay</stem></mw><gra type="gra" index="1" head="0" relation="INCROOT"/></mor></w>
    <t type="p"><mor type="mor"><mt type="p"/><gra type="gra" index="2" head="1" relation="PUNCT"/></mor></t>

  </u>
  <u who="INV" uID="u5">
    <w>looks<mor type="mor"><mw><pos><c>n</c></pos><stem>look</stem><mk type="sfx">PL</mk></mw><gra type="gra" index="1" head="0" relation="INCROOT"/></mor></w>
    <w>good<mor type="mor"><mw><pos><c>adj</c></pos><stem>good</stem></mw><gra type="gra" index="2" head="1" relation="POSTMOD"/></mor></w>
    <w>doesn't<mor type="mor"><mw><pos><c>mod</c></pos><stem>do</stem><mk type="sfxf">3S</mk></mw><gra type="gra" index="3" head="5" relation="AUX"/><mor-post><mw><pos><c>neg</c></pos><stem>not</stem></mw><gra type="gra" index="4" head="3" relation="NEG"/></mor-post></mor></w>
    <w>it<mor type="mor"><mw><pos><c>pro</c><s>per</s></pos><stem>it</stem></mw><gra type="gra" index="5" head="2" relation="OBJ"/></mor></w>
    <t type="p"><mor type="mor"><mt type="p"/><gra type="gra" index="6" head="1" relation="PUNCT"/></mor></t>

    <a type="addressee">Olivia</a>
  </u>
  <u who="CHI" uID="u6">
    <w>I<mor type="mor"><mw><pos><c>pro</c><s>sub</s></pos><stem>I</stem></mw><gra type="gra" index="1" head="4" relation="SUBJ"/></mor></w>
    <w>don't<mor type="mor"><mw><pos><c>mod</c></pos><stem>do</stem></mw><gra type="gra" index="2" head="4" relation="AUX"/><mor-post><mw><pos><c>neg</c></pos><stem>not</stem></mw><gra type="gra" index="3" head="2" relation="NEG"/></mor-post></mor></w>
    <w>want<mor type="mor"><mw><pos><c>v</c></pos><stem>want</stem></mw><gra type="gra" index="4" head="0" relation="ROOT"/></mor></w>
    <w>it<mor type="mor"><mw><pos><c>pro</c><s>per</s></pos><stem>it</stem></mw><gra type="gra" index="5" head="4" relation="OBJ"/></mor></w>
    <g><w>in</w><k type="retracing"/></g>
    <w>in<mor type="mor"><mw><pos><c>prep</c></pos><stem>in</stem></mw><gra type="gra" index="6" head="4" relation="JCT"/></mor></w>
    <w>waiting<mor type="mor"><mw><pos><c>n</c><s>gerund</s></pos><stem>wait</stem><mk type="sfx">PRESP</mk></mw><gra type="gra" index="7" head="8" relation="MOD"/></mor></w>
    <g><w>room<mor type="mor"><mw><pos><c>n</c></pos><stem>room</stem></mw><gra type="gra" index="8" head="6" relation="POBJ"/></mor></w><error/></g>
    <t type="p"><mor type="mor"><mt type="p"/><gra type="gra" index="9" head="4" relation="PUNCT"/></mor></t>

    <a type="actions">eats</a>
    <a type="gesture">looks at Mother , at room</a>
    <a type="extension" flavor="pho">ai dontw6nt It in-6 in-6 wetIn rum</a>
  </u>
  <u who="MOT" uID="u7">
    <w>okay<mor type="mor"><mw><pos><c>co</c></pos><stem>okay</stem></mw><gra type="gra" index="1" head="7" relation="COM"/></mor></w>
    <pause symbolic-length="simple"/>
    <w>we'll<mor type="mor"><mw><pos><c>pro</c><s>sub</s></pos><stem>we</stem></mw><gra type="gra" index="2" head="7" relation="SUBJ"/><mor-post><mw><pos><c>mod</c></pos><stem>will</stem></mw><gra type="gra" index="3" head="7" relation="AUX"/></mor-post></mor></w>
    <w>have<mor type="mor"><mw><pos><c>aux</c></pos><stem>have</stem></mw><gra type="gra" index="4" head="7" relation="AUX"/></mor></w>
    <w>it<mor type="mor"><mw><pos><c>pro</c><s>per</s></pos><stem>it</stem></mw><gra type="gra" index="5" head="7" relation="SUBJ"/></mor></w>
    <w>right<mor type="mor"><mw><pos><c>adv</c></pos><stem>right</stem></mw><gra type="gra" index="6" head="7" relation="JCT"/></mor></w>
    <w>here<mor type="mor"><mw><pos><c>n</c></pos><stem>here</stem></mw><gra type="gra" index="7" head="0" relation="INCROOT"/></mor></w>
    <t type="p"><mor type="mor"><mt type="p"/><gra type="gra" index="8" head="7" relation="PUNCT"/></mor></t>

    <a type="gesture">looks at Olivia</a>
    <a type="actions">sits down</a>
  </u>
  <u who="MOT" uID="u8">
    <w>and<mor type="mor"><mw><pos><c>coord</c></pos><stem>and</stem></mw><gra type="gra" index="1" head="10" relation="LINK"/></mor></w>
    <w>then<mor type="mor"><mw><pos><c>adv</c><s>tem</s></pos><stem>then</stem></mw><gra type="gra" index="2" head="10" relation="JCT"/></mor></w>
    <w>when<mor type="mor"><mw><pos><c>conj</c></pos><stem>when</stem></mw><gra type="gra" index="3" head="5" relation="LINK"/></mor></w>
    <w>you<mor type="mor"><mw><pos><c>pro</c><s>per</s></pos><stem>you</stem></mw><gra type="gra" index="4" head="5" relation="SUBJ"/></mor></w>
    <w>get<mor type="mor"><mw><pos><c>v</c></pos><stem>get</stem></mw><gra type="gra" index="5" head="10" relation="CJCT"/></mor></w>
    <w>all<mor type="mor"><mw><pos><c>adv</c></pos><stem>all</stem></mw><gra type="gra" index="6" head="7" relation="JCT"/></mor></w>
    <w>done<mor type="mor"><mw><pos><c>part</c></pos><stem>do</stem><mk type="sfxf">PASTP</mk></mw><gra type="gra" index="7" head="5" relation="COMP"/></mor></w>
    <pause symbolic-length="simple"/>
    <w>we'll<mor type="mor"><mw><pos><c>pro</c><s>sub</s></pos><stem>we</stem></mw><gra type="gra" index="8" head="10" relation="SUBJ"/><mor-post><mw><pos><c>mod</c></pos><stem>will</stem></mw><gra type="gra" index="9" head="10" relation="AUX"/></mor-post></mor></w>
    <w>go<mor type="mor"><mw><pos><c>v</c></pos><stem>go</stem></mw><gra type="gra" index="10" head="0" relation="ROOT"/></mor></w>
    <w>back<mor type="mor"><mw><pos><c>adv</c></pos><stem>back</stem></mw><gra type="gra" index="11" head="10" relation="JCT"/></mor></w>
    <w>and<mor type="mor"><mw><pos><c>coord</c></pos><stem>and</stem></mw><gra type="gra" index="12" head="10" relation="CONJ"/></mor></w>
    <w>play<mor type="mor"><mw><pos><c>n</c></pos><stem>play</stem></mw><gra type="gra" index="13" head="14" relation="MOD"/></mor></w>
    <pause symbolic-length="simple"/>
    <w>okay<mor type="mor"><mw><pos><c>adj</c></pos><stem>okay</stem></mw><gra type="gra" index="14" head="12" relation="COORD"/></mor></w>
    <t type="q"><mor type="mor"><mt type="q"/><gra type="gra" index="15" head="10" relation="PUNCT"/></mor></t>

  </u>
  <u who="CHI" uID="u9">
    <w>play<mor type="mor"><mw><pos><c>n</c></pos><stem>play</stem></mw><gra type="gra" index="1" head="0" relation="INCROOT"/></mor></w>
    <w>with<mor type="mor"><mw><pos><c>prep</c></pos><stem>with</stem></mw><gra type="gra" index="2" head="1" relation="NJCT"/></mor></w>
    <w>that<mor type="mor"><mw><pos><c>pro</c><s>dem</s></pos><stem>that</stem></mw><gra type="gra" index="3" head="2" relation="POBJ"/></mor></w>
    <t type="e"><mor type="mor"><mt type="e"/><gra type="gra" index="4" head="1" relation="PUNCT"/></mor></t>

    <a type="gesture">looks and points at bag</a>
    <a type="extension" flavor="pho">ple wID d&amp;t wID d&amp;t</a>
  </u>
  <u who="CHI" uID="u10">
    <w>with<mor type="mor"><mw><pos><c>prep</c></pos><stem>with</stem></mw><gra type="gra" index="1" head="0" relation="INCROOT"/></mor></w>
    <w>that<mor type="mor"><mw><pos><c>pro</c><s>dem</s></pos><stem>that</stem></mw><gra type="gra" index="2" head="1" relation="POBJ"/></mor></w>
    <t type="q"><mor type="mor"><mt type="q"/><gra type="gra" index="3" head="1" relation="PUNCT"/></mor></t>

  </u>
  <u who="MOT" uID="u11">
    <w>what'd<mor type="mor"><mw><pos><c>pro</c><s>int</s></pos><stem>what</stem></mw><gra type="gra" index="1" head="4" relation="SUBJ"/><mor-post><mw><pos><c>mod</c></pos><stem>genmod</stem></mw><gra type="gra" index="2" head="4" relation="AUX"/></mor-post></mor></w>
    <w>you<mor type="mor"><mw><pos><c>pro</c><s>per</s></pos><stem>you</stem></mw><gra type="gra" index="3" head="4" relation="SUBJ"/></mor></w>
    <w>see<mor type="mor"><mw><pos><c>v</c></pos><stem>see</stem></mw><gra type="gra" index="4" head="0" relation="ROOT"/></mor></w>
    <w>in<mor type="mor"><mw><pos><c>prep</c></pos><stem>in</stem></mw><gra type="gra" index="5" head="4" relation="JCT"/></mor></w>
    <w>there<mor type="mor"><mw><pos><c>n</c></pos><stem>there</stem></mw><gra type="gra" index="6" head="5" relation="POBJ"/></mor></w>
    <t type="q"><mor type="mor"><mt type="q"/><gra type="gra" index="7" head="4" relation="PUNCT"/></mor></t>

  </u>
  <u who="CHI" uID="u12">
    <w>a<mor type="mor"><mw><pos><c>det</c><s>art</s></pos><stem>a</stem></mw><gra type="gra" index="1" head="2" relation="DET"/></mor></w>
    <w>doll<mor type="mor"><mw><pos><c>n</c></pos><stem>doll</stem></mw><gra type="gra" index="2" head="0" relation="INCROOT"/></mor></w>
    <t type="p"><mor type="mor"><mt type="p"/><gra type="gra" index="3" head="2" relation="PUNCT"/></mor></t>

    <a type="gesture">&lt;aft&gt; looks at Investigator</a>
    <a type="actions">eats</a>
  </u>
  <u who="MOT" uID="u13">
    <w>a<mor type="mor"><mw><pos><c>det</c><s>art</s></pos><stem>a</stem></mw><gra type="gra" index="1" head="2" relation="DET"/></mor></w>
    <w>doll<mor type="mor"><mw><pos><c>n</c></pos><stem>doll</stem></mw><gra type="gra" index="2" head="0" relation="INCROOT"/></mor></w>
    <t type="e"><mor type="mor"><mt type="e"/><gra type="gra" index="3" head="2" relation="PUNCT"/></mor></t>

    <a type="paralinguistics">whispers</a>
  </u>
  <u who="INV" uID="u14">
    <w>you<mor type="mor"><mw><pos><c>pro</c><s>per</s></pos><stem>you</stem></mw><gra type="gra" index="1" head="2" relation="SUBJ"/></mor></w>
    <w>did<mor type="mor"><mw><pos><c>v</c></pos><stem>do</stem><mk type="sfxf">PAST</mk></mw><gra type="gra" index="2" head="0" relation="ROOT"/></mor></w>
    <w>didn't<mor type="mor"><mw><pos><c>mod</c></pos><stem>do</stem><mk type="sfxf">PAST</mk></mw><gra type="gra" index="3" head="5" relation="AUX"/><mor-post><mw><pos><c>neg</c></pos><stem>not</stem></mw><gra type="gra" index="4" head="3" relation="NEG"/></mor-post></mor></w>
    <w>you<mor type="mor"><mw><pos><c>pro</c><s>per</s></pos><stem>you</stem></mw><gra type="gra" index="5" head="2" relation="OBJ"/></mor></w>
    <t type="q"><mor type="mor"><mt type="q"/><gra type="gra" index="6" head="2" relation="PUNCT"/></mor></t>

  </u>
  <u who="MOT" uID="u15">
    <w>yeah<mor type="mor"><mw><pos><c>co</c></pos><stem>yeah</stem></mw><gra type="gra" index="1" head="0" relation="INCROOT"/></mor></w>
    <t type="p"><mor type="mor"><mt type="p"/><gra type="gra" index="2" head="1" relation="PUNCT"/></mor></t>

    <a type="gesture">looks at Olivia</a>
  </u>
  <u who="MOT" uID="u16">
    <w>dolls<mor type="mor"><mw><pos><c>n</c></pos><stem>doll</stem><mk type="sfx">PL</mk></mw><gra type="gra" index="1" head="2" relation="SUBJ"/></mor></w>
    <w>are<mor type="mor"><mw><pos><c>cop</c></pos><stem>be</stem><mk type="sfxf">PRES</mk></mw><gra type="gra" index="2" head="6" relation="LINK"/></mor></w>
    <w>your<mor type="mor"><mw><pos><c>det</c><s>poss</s></pos><stem>your</stem></mw><gra type="gra" index="3" head="5" relation="DET"/></mor></w>
    <w>favorite<mor type="mor"><mw><pos><c>adj</c></pos><stem>favorite</stem></mw><gra type="gra" index="4" head="5" relation="MOD"/></mor></w>
    <w>thing<mor type="mor"><mw><pos><c>n</c></pos><stem>thing</stem></mw><gra type="gra" index="5" head="6" relation="SUBJ"/></mor></w>
    <pause symbolic-length="simple"/>
    <w>aren't<mor type="mor"><mw><pos><c>cop</c></pos><stem>be</stem><mk type="sfxf">PRES</mk></mw><gra type="gra" index="6" head="0" relation="ROOT"/><mor-post><mw><pos><c>neg</c></pos><stem>not</stem></mw><gra type="gra" index="7" head="6" relation="NEG"/></mor-post></mor></w>
    <w>they<mor type="mor"><mw><pos><c>pro</c><s>sub</s></pos><stem>they</stem></mw><gra type="gra" index="8" head="6" relation="PRED"/></mor></w>
    <t type="q"><mor type="mor"><mt type="q"/><gra type="gra" index="9" head="6" relation="PUNCT"/></mor></t>

  </u>
  <u who="MOT" uID="u17">
    <w>what<mor type="mor"><mw><pos><c>pro</c><s>int</s></pos><stem>what</stem></mw><gra type="gra" index="1" head="4" relation="LINK"/></mor></w>
    <w>are<mor type="mor"><mw><pos><c>aux</c></pos><stem>be</stem><mk type="sfxf">PRES</mk></mw><gra type="gra" index="2" head="4" relation="AUX"/></mor></w>
    <w>you<mor type="mor"><mw><pos><c>pro</c><s>per</s></pos><stem>you</stem></mw><gra type="gra" index="3" head="4" relation="SUBJ"/></mor></w>
    <w>eating<mor type="mor"><mw><pos><c>part</c></pos><stem>eat</stem><mk type="sfx">PRESP</mk></mw><gra type="gra" index="4" head="0" relation="ROOT"/></mor></w>
    <t type="q"><mor type="mor"><mt type="q"/><gra type="gra" index="5" head="4" relation="PUNCT"/></mor></t>

  </u>
  <u who="CHI" uID="u18">
    <w>peanuts<mor type="mor"><mw><pos><c>n</c></pos><stem>peanut</stem><mk type="sfx">PL</mk></mw><gra type="gra" index="1" head="0" relation="INCROOT"/></mor></w>
    <t type="p"><mor type="mor"><mt type="p"/><gra type="gra" index="2" head="1" relation="PUNCT"/></mor></t>

    <a type="gesture">&lt;bef&gt; nods . reaches for snack . &lt;dur&gt; looks at Mother . &lt;aft&gt; glances at Investigator</a>
  </u>
  <u who="MOT" uID="u19">
    <w>peanuts<mor type="mor"><mw><pos><c>n</c></pos><stem>peanut</stem><mk type="sfx">PL</mk></mw><gra type="gra" index="1" head="0" relation="INCROOT"/></mor></w>
    <t type="p"><mor type="mor"><mt type="p"/><gra type="gra" index="2" head="1" relation="PUNCT"/></mor></t>

    <a type="gesture">points to oranges</a>
  </u>
  <u who="MOT" uID="u20">
    <w>mm<p type="drawl"/><mor type="mor"><mw><pos><c>co</c></pos><stem>mm</stem></mw><gra type="gra" index="1" head="0" relation="INCROOT"/></mor></w>
    <t type="p"><mor type="mor"><mt type="p"/><gra type="gra" index="2" head="1" relation="PUNCT"/></mor></t>

  </u>
  <u who="MOT" uID="u21">
    <w>those<mor type="mor"><mw><pos><c>pro</c><s>dem</s></pos><stem>those</stem></mw><gra type="gra" index="1" head="2" relation="SUBJ"/></mor></w>
    <w>are<mor type="mor"><mw><pos><c>cop</c></pos><stem>be</stem><mk type="sfxf">PRES</mk></mw><gra type="gra" index="2" head="0" relation="ROOT"/></mor></w>
    <w>good<mor type="mor"><mw><pos><c>adj</c></pos><stem>good</stem></mw><gra type="gra" index="3" head="2" relation="PRED"/></mor></w>
    <t type="p"><mor type="mor"><mt type="p"/><gra type="gra" index="4" head="2" relation="PUNCT"/></mor></t>

  </u>
  <u who="MOT" uID="u22">
    <pause symbolic-length="simple"/>
    <g><w>what's</w><k type="retracing"/></g>
    <w>what's<mor type="mor"><mw><pos><c>pro</c><s>int</s></pos><stem>what</stem></mw><gra type="gra" index="1" head="2" relation="SUBJ"/><mor-post><mw><pos><c>cop</c></pos><stem>be</stem><mk type="sfxf">3S</mk></mw><gra type="gra" index="2" head="0" relation="ROOT"/></mor-post></mor></w>
    <w>these<mor type="mor"><mw><pos><c>pro</c><s>dem</s></pos><stem>these</stem></mw><gra type="gra" index="3" head="2" relation="PRED"/></mor></w>
    <t type="q"><mor type="mor"><mt type="q"/><gra type="gra" index="4" head="2" relation="PUNCT"/></mor></t>

  </u>
  <u who="CHI" uID="u23">
    <w>orange<mor type="mor"><mw><pos><c>adj</c></pos><stem>orange</stem></mw><gra type="gra" index="1" head="0" relation="INCROOT"/></mor></w>
    <t type="p"><mor type="mor"><mt type="p"/><gra type="gra" index="2" head="1" relation="PUNCT"/></mor></t>

    <a type="gesture">&lt;bef&gt; looks at plate . &lt;dur&gt; looks at Mother</a>
  </u>
  <u who="MOT" uID="u24">
    <w>oranges<mor type="mor"><mw><pos><c>n</c></pos><stem>orange</stem><mk type="sfx">PL</mk></mw><gra type="gra" index="1" head="0" relation="INCROOT"/></mor></w>
    <t type="p"><mor type="mor"><mt type="p"/><gra type="gra" index="2" head="1" relation="PUNCT"/></mor></t>

  </u>
  <u who="CHI" uID="u25">
    <w>what's<mor type="mor"><mw><pos><c>pro</c><s>int</s></pos><stem>what</stem></mw><gra type="gra" index="1" head="2" relation="SUBJ"/><mor-post><mw><pos><c>cop</c></pos><stem>be</stem><mk type="sfxf">3S</mk></mw><gra type="gra" index="2" head="0" relation="ROOT"/></mor-post></mor></w>
    <g><w>those<mor type="mor"><mw><pos><c>pro</c><s>dem</s></pos><stem>those</stem></mw><gra type="gra" index="3" head="2" relation="PRED"/></mor></w><error/></g>
    <t type="q"><mor type="mor"><mt type="q"/><gra type="gra" index="4" head="2" relation="PUNCT"/></mor></t>

    <a type="gesture">&lt;aft&gt; looks at Mother</a>
    <a type="extension" flavor="pho">w6ts doz</a>
  </u>
  <u who="MOT" uID="u26">
    <w>what<mor type="mor"><mw><pos><c>pro</c><s>int</s></pos><stem>what</stem></mw><gra type="gra" index="1" head="2" relation="SUBJ"/></mor></w>
    <w>are<mor type="mor"><mw><pos><c>cop</c></pos><stem>be</stem><mk type="sfxf">PRES</mk></mw><gra type="gra" index="2" head="0" relation="ROOT"/></mor></w>
    <w>those<mor type="mor"><mw><pos><c>pro</c><s>dem</s></pos><stem>those</stem></mw><gra type="gra" index="3" head="2" relation="PRED"/></mor></w>
    <t type="q"><mor type="mor"><mt type="q"/><gra type="gra" index="4" head="2" relation="PUNCT"/></mor></t>

  </u>
  <u who="CHI" uID="u27">
    <w>raisins<mor type="mor"><mw><pos><c>n</c></pos><stem>raisin</stem><mk type="sfx">PL</mk></mw><gra type="gra" index="1" head="0" relation="INCROOT"/></mor></w>
    <t type="p"><mor type="mor"><mt type="p"/><gra type="gra" index="2" head="1" relation="PUNCT"/></mor></t>

  </u>
  <u who="MOT" uID="u28">
    <w>what's<mor type="mor"><mw><pos><c>pro</c><s>int</s></pos><stem>what</stem></mw><gra type="gra" index="1" head="2" relation="SUBJ"/><mor-post><mw><pos><c>cop</c></pos><stem>be</stem><mk type="sfxf">3S</mk></mw><gra type="gra" index="2" head="0" relation="ROOT"/></mor-post></mor></w>
    <w>in<mor type="mor"><mw><pos><c>prep</c></pos><stem>in</stem></mw><gra type="gra" index="3" head="2" relation="JCT"/></mor></w>
    <w>here<mor type="mor"><mw><pos><c>n</c></pos><stem>here</stem></mw><gra type="gra" index="4" head="3" relation="POBJ"/></mor></w>
    <t type="q"><mor type="mor"><mt type="q"/><gra type="gra" index="5" head="2" relation="PUNCT"/></mor></t>

    <a type="gesture">points to cup</a>
    <a type="paralinguistics">gasps</a>
  </u>
  <u who="CHI" uID="u29">
    <w>apple<mor type="mor"><mw><pos><c>n</c></pos><stem>apple</stem></mw><gra type="gra" index="1" head="2" relation="MOD"/></mor></w>
    <w>juice<mor type="mor"><mw><pos><c>n</c></pos><stem>juice</stem></mw><gra type="gra" index="2" head="0" relation="INCROOT"/></mor></w>
    <t type="p"><mor type="mor"><mt type="p"/><gra type="gra" index="3" head="2" relation="PUNCT"/></mor></t>

    <a type="actions">&lt;aft&gt; eats</a>
    <a type="gesture">&lt;bef&gt; glances at cup . &lt;dur&gt; looks at Mother . &lt;aft&gt; looks at snack</a>
  </u>
  <u who="MOT" uID="u30">
    <w>what<mor type="mor"><mw><pos><c>pro</c><s>int</s></pos><stem>what</stem></mw><gra type="gra" index="1" head="4" relation="SUBJ"/></mor></w>
    <w>are<mor type="mor"><mw><pos><c>aux</c></pos><stem>be</stem><mk type="sfxf">PRES</mk></mw><gra type="gra" index="2" head="4" relation="AUX"/></mor></w>
    <w>you<mor type="mor"><mw><pos><c>pro</c><s>per</s></pos><stem>you</stem></mw><gra type="gra" index="3" head="4" relation="SUBJ"/></mor></w>
    <w>gonna<mor type="mor"><mw><pos><c>part</c></pos><stem>go</stem><mk type="sfxf">PRESP</mk></mw><gra type="gra" index="4" head="0" relation="ROOT"/><mor-post><mw><pos><c>inf</c></pos><stem>to</stem></mw><gra type="gra" index="5" head="6" relation="INF"/></mor-post></mor></w>
    <w>do<mor type="mor"><mw><pos><c>v</c></pos><stem>do</stem></mw><gra type="gra" index="6" head="4" relation="COMP"/></mor></w>
    <w>when<mor type="mor"><mw><pos><c>conj</c></pos><stem>when</stem></mw><gra type="gra" index="7" head="9" relation="LINK"/></mor></w>
    <w>you<mor type="mor"><mw><pos><c>pro</c><s>per</s></pos><stem>you</stem></mw><gra type="gra" index="8" head="9" relation="SUBJ"/></mor></w>
    <w>get<mor type="mor"><mw><pos><c>v</c></pos><stem>get</stem></mw><gra type="gra" index="9" head="4" relation="CJCT"/></mor></w>
    <w>done<mor type="mor"><mw><pos><c>part</c></pos><stem>do</stem><mk type="sfxf">PASTP</mk></mw><gra type="gra" index="10" head="9" relation="PRED"/></mor></w>
    <t type="q"><mor type="mor"><mt type="q"/><gra type="gra" index="11" head="4" relation="PUNCT"/></mor></t>

    <a type="gesture">&lt;aft&gt; glances at toy</a>
  </u>
  <u who="CHI" uID="u31">
    <w>play<mor type="mor"><mw><pos><c>n</c></pos><stem>play</stem></mw><gra type="gra" index="1" head="0" relation="INCROOT"/></mor></w>
    <w>with<mor type="mor"><mw><pos><c>prep</c></pos><stem>with</stem></mw><gra type="gra" index="2" head="1" relation="NJCT"/></mor></w>
    <w>that<mor type="mor"><mw><pos><c>det</c><s>dem</s></pos><stem>that</stem></mw><gra type="gra" index="3" head="5" relation="DET"/></mor></w>
    <w>red<mor type="mor"><mw><pos><c>adj</c></pos><stem>red</stem></mw><gra type="gra" index="4" head="5" relation="MOD"/></mor></w>
    <w>bat<mor type="mor"><mw><pos><c>n</c></pos><stem>bat</stem></mw><gra type="gra" index="5" head="2" relation="POBJ"/></mor></w>
    <t type="p"><mor type="mor"><mt type="p"/><gra type="gra" index="6" head="1" relation="PUNCT"/></mor></t>

    <a type="gesture">&lt;bef&gt; looks at Mother . &lt;dur&gt; looks at toy . &lt;aft&gt; nods</a>
    <a type="extension" flavor="pho">ple wID d6t red b&amp;t</a>
  </u>
  <u who="MOT" uID="u32">
    <w>oh<mor type="mor"><mw><pos><c>co</c></pos><stem>oh</stem></mw><gra type="gra" index="1" head="4" relation="COM"/></mor></w>
    <pause symbolic-length="simple"/>
    <w>the<mor type="mor"><mw><pos><c>det</c><s>art</s></pos><stem>the</stem></mw><gra type="gra" index="2" head="4" relation="DET"/></mor></w>
    <w>red<mor type="mor"><mw><pos><c>adj</c></pos><stem>red</stem></mw><gra type="gra" index="3" head="4" relation="MOD"/></mor></w>
    <w>bat<mor type="mor"><mw><pos><c>n</c></pos><stem>bat</stem></mw><gra type="gra" index="4" head="0" relation="INCROOT"/></mor></w>
    <t type="p"><mor type="mor"><mt type="p"/><gra type="gra" index="5" head="4" relation="PUNCT"/></mor></t>

  </u>
  <u who="MOT" uID="u33">
    <w>oh<mor type="mor"><mw><pos><c>co</c></pos><stem>oh</stem></mw><gra type="gra" index="1" head="4" relation="COM"/></mor></w>
    <pause symbolic-length="simple"/>
    <w>we're<mor type="mor"><mw><pos><c>pro</c><s>sub</s></pos><stem>we</stem></mw><gra type="gra" index="2" head="4" relation="SUBJ"/><mor-post><mw><pos><c>aux</c></pos><stem>be</stem><mk type="sfxf">PRES</mk></mw><gra type="gra" index="3" head="4" relation="AUX"/></mor-post></mor></w>
    <w>going<mor type="mor"><mw><pos><c>part</c></pos><stem>go</stem><mk type="sfx">PRESP</mk></mw><gra type="gra" index="4" head="0" relation="ROOT"/></mor></w>
    <w>to<mor type="mor"><mw><pos><c>inf</c></pos><stem>to</stem></mw><gra type="gra" index="5" head="6" relation="INF"/></mor></w>
    <w>go<mor type="mor"><mw><pos><c>v</c></pos><stem>go</stem></mw><gra type="gra" index="6" head="4" relation="COMP"/></mor></w>
    <w>back<mor type="mor"><mw><pos><c>adj</c></pos><stem>back</stem></mw><gra type="gra" index="7" head="6" relation="JCT"/></mor></w>
    <w>in<mor type="mor"><mw><pos><c>adv</c></pos><stem>in</stem></mw><gra type="gra" index="8" head="6" relation="JCT"/></mor></w>
    <w>and<mor type="mor"><mw><pos><c>coord</c></pos><stem>and</stem></mw><gra type="gra" index="9" head="6" relation="CONJ"/></mor></w>
    <w>play<mor type="mor"><mw><pos><c>n</c></pos><stem>play</stem></mw><gra type="gra" index="10" head="9" relation="COORD"/></mor></w>
    <w>with<mor type="mor"><mw><pos><c>prep</c></pos><stem>with</stem></mw><gra type="gra" index="11" head="10" relation="NJCT"/></mor></w>
    <w>the<mor type="mor"><mw><pos><c>det</c><s>art</s></pos><stem>the</stem></mw><gra type="gra" index="12" head="14" relation="DET"/></mor></w>
    <w>doll<mor type="mor"><mw><pos><c>n</c></pos><stem>doll</stem></mw><gra type="gra" index="13" head="14" relation="MOD"/></mor></w>
    <w>house<mor type="mor"><mw><pos><c>n</c></pos><stem>house</stem></mw><gra type="gra" index="14" head="11" relation="POBJ"/></mor></w>
    <t type="p"><mor type="mor"><mt type="p"/><gra type="gra" index="15" head="4" relation="PUNCT"/></mor></t>

    <a type="gesture">glances at Investigator . looks at Olivia</a>
    <a type="addressee">Investigator</a>
  </u>
  <u who="MOT" uID="u34">
    <w>I<mor type="mor"><mw><pos><c>pro</c><s>sub</s></pos><stem>I</stem></mw><gra type="gra" index="1" head="2" relation="SUBJ"/></mor></w>
    <w>want<mor type="mor"><mw><pos><c>v</c></pos><stem>want</stem></mw><gra type="gra" index="2" head="0" relation="ROOT"/></mor></w>
    <w>to<mor type="mor"><mw><pos><c>inf</c></pos><stem>to</stem></mw><gra type="gra" index="3" head="5" relation="INF"/></mor></w>
    <w>go<mor type="mor"><mw><pos><c>v</c></pos><stem>go</stem></mw><gra type="gra" index="4" head="5" relation="SRL"/></mor></w>
    <w>see<mor type="mor"><mw><pos><c>v</c></pos><stem>see</stem></mw><gra type="gra" index="5" head="2" relation="COMP"/></mor></w>
    <w>those<mor type="mor"><mw><pos><c>det</c><s>dem</s></pos><stem>those</stem></mw><gra type="gra" index="6" head="7" relation="DET"/></mor></w>
    <w>people<mor type="mor"><mw><pos><c>n</c></pos><stem>person</stem><mk type="sfxf">PL</mk></mw><gra type="gra" index="7" head="8" relation="SUBJ"/></mor></w>
    <w>go<mor type="mor"><mw><pos><c>v</c></pos><stem>go</stem></mw><gra type="gra" index="8" head="5" relation="COMP"/></mor></w>
    <w>in<mor type="mor"><mw><pos><c>adv</c></pos><stem>in</stem></mw><gra type="gra" index="9" head="8" relation="JCT"/></mor></w>
    <w>and<mor type="mor"><mw><pos><c>coord</c></pos><stem>and</stem></mw><gra type="gra" index="10" head="8" relation="CONJ"/></mor></w>
    <w>out<mor type="mor"><mw><pos><c>prep</c></pos><stem>out</stem></mw><gra type="gra" index="11" head="10" relation="COORD"/></mor></w>
    <w>the<mor type="mor"><mw><pos><c>det</c><s>art</s></pos><stem>the</stem></mw><gra type="gra" index="12" head="13" relation="DET"/></mor></w>
    <w>door<mor type="mor"><mw><pos><c>n</c></pos><stem>door</stem></mw><gra type="gra" index="13" head="11" relation="POBJ"/></mor></w>
    <t type="p"><mor type="mor"><mt type="p"/><gra type="gra" index="14" head="2" relation="PUNCT"/></mor></t>

  </u>
  <u who="MOT" uID="u35">
    <w>can<mor type="mor"><mw><pos><c>mod</c></pos><stem>can</stem></mw><gra type="gra" index="1" head="3" relation="AUX"/></mor></w>
    <w>you<mor type="mor"><mw><pos><c>pro</c><s>per</s></pos><stem>you</stem></mw><gra type="gra" index="2" head="3" relation="SUBJ"/></mor></w>
    <w>make<mor type="mor"><mw><pos><c>v</c></pos><stem>make</stem></mw><gra type="gra" index="3" head="0" relation="ROOT"/></mor></w>
    <w>them<mor type="mor"><mw><pos><c>pro</c><s>obj</s></pos><stem>them</stem></mw><gra type="gra" index="4" head="5" relation="SUBJ"/></mor></w>
    <w>go<mor type="mor"><mw><pos><c>v</c></pos><stem>go</stem></mw><gra type="gra" index="5" head="3" relation="COMP"/></mor></w>
    <w>in<mor type="mor"><mw><pos><c>adv</c></pos><stem>in</stem></mw><gra type="gra" index="6" head="5" relation="JCT"/></mor></w>
    <w>and<mor type="mor"><mw><pos><c>coord</c></pos><stem>and</stem></mw><gra type="gra" index="7" head="5" relation="CONJ"/></mor></w>
    <w>out<mor type="mor"><mw><pos><c>prep</c></pos><stem>out</stem></mw><gra type="gra" index="8" head="7" relation="COORD"/></mor></w>
    <w>the<mor type="mor"><mw><pos><c>det</c><s>art</s></pos><stem>the</stem></mw><gra type="gra" index="9" head="10" relation="DET"/></mor></w>
    <w>door<mor type="mor"><mw><pos><c>n</c></pos><stem>door</stem></mw><gra type="gra" index="10" head="8" relation="POBJ"/></mor></w>
    <t type="q"><mor type="mor"><mt type="q"/><gra type="gra" index="11" head="3" relation="PUNCT"/></mor></t>

  </u>
  <u who="CHI" uID="u36">
    <w>no<mor type="mor"><mw><pos><c>co</c></pos><stem>no</stem></mw><gra type="gra" index="1" head="0" relation="INCROOT"/></mor></w>
    <t type="p"><mor type="mor"><mt type="p"/><gra type="gra" index="2" head="1" relation="PUNCT"/></mor></t>

    <a type="gesture">shakes head</a>
  </u>
  <u who="MOT" uID="u37">
    <w>can<mor type="mor"><mw><pos><c>mod</c></pos><stem>can</stem></mw><gra type="gra" index="1" head="3" relation="AUX"/></mor></w>
    <w>I<mor type="mor"><mw><pos><c>pro</c><s>sub</s></pos><stem>I</stem></mw><gra type="gra" index="2" head="3" relation="SUBJ"/></mor></w>
    <w>show<mor type="mor"><mw><pos><c>v</c></pos><stem>show</stem></mw><gra type="gra" index="3" head="0" relation="ROOT"/></mor></w>
    <w>you<mor type="mor"><mw><pos><c>pro</c><s>per</s></pos><stem>you</stem></mw><gra type="gra" index="4" head="3" relation="OBJ"/></mor></w>
    <w>how<mor type="mor"><mw><pos><c>pro</c><s>rel</s></pos><stem>how</stem></mw><gra type="gra" index="5" head="4" relation="OM"/></mor></w>
    <t type="q"><mor type="mor"><mt type="q"/><gra type="gra" index="6" head="3" relation="PUNCT"/></mor></t>

  </u>
  <u who="CHI" uID="u38">
    <w>no<mor type="mor"><mw><pos><c>co</c></pos><stem>no</stem></mw><gra type="gra" index="1" head="3" relation="COM"/></mor></w>
    <pause symbolic-length="simple"/>
    <w>I<mor type="mor"><mw><pos><c>pro</c><s>sub</s></pos><stem>I</stem></mw><gra type="gra" index="2" head="3" relation="SUBJ"/></mor></w>
    <w>want<mor type="mor"><mw><pos><c>v</c></pos><stem>want</stem></mw><gra type="gra" index="3" head="0" relation="ROOT"/></mor></w>
    <w>that<mor type="mor"><mw><pos><c>pro</c><s>dem</s></pos><stem>that</stem></mw><gra type="gra" index="4" head="3" relation="OBJ"/></mor></w>
    <t type="p"><mor type="mor"><mt type="p"/><gra type="gra" index="5" head="3" relation="PUNCT"/></mor></t>

    <a type="actions">eats</a>
    <a type="gesture">looks and points at bat</a>
    <a type="extension" flavor="pho">no ai w6nt d&amp;t</a>
  </u>
  <u who="MOT" uID="u39">
    <w>we'll<mor type="mor"><mw><pos><c>pro</c><s>sub</s></pos><stem>we</stem></mw><gra type="gra" index="1" head="3" relation="SUBJ"/><mor-post><mw><pos><c>mod</c></pos><stem>will</stem></mw><gra type="gra" index="2" head="3" relation="AUX"/></mor-post></mor></w>
    <w>do<mor type="mor"><mw><pos><c>v</c></pos><stem>do</stem></mw><gra type="gra" index="3" head="0" relation="ROOT"/></mor></w>
    <w>that<mor type="mor"><mw><pos><c>pro</c><s>dem</s></pos><stem>that</stem></mw><gra type="gra" index="4" head="3" relation="OBJ"/></mor></w>
    <w>in<mor type="mor"><mw><pos><c>prep</c></pos><stem>in</stem></mw><gra type="gra" index="5" head="3" relation="JCT"/></mor></w>
    <w>a<mor type="mor"><mw><pos><c>det</c><s>art</s></pos><stem>a</stem></mw><gra type="gra" index="6" head="7" relation="DET"/></mor></w>
    <w>minute<mor type="mor"><mw><pos><c>n</c></pos><stem>minute</stem></mw><gra type="gra" index="7" head="5" relation="POBJ"/></mor></w>
    <t type="p"><mor type="mor"><mt type="p"/><gra type="gra" index="8" head="3" relation="PUNCT"/></mor></t>

  </u>
  <u who="MOT" uID="u40">
    <w>we're<mor type="mor"><mw><pos><c>pro</c><s>sub</s></pos><stem>we</stem></mw><gra type="gra" index="1" head="3" relation="SUBJ"/><mor-post><mw><pos><c>aux</c></pos><stem>be</stem><mk type="sfxf">PRES</mk></mw><gra type="gra" index="2" head="3" relation="AUX"/></mor-post></mor></w>
    <w>going<mor type="mor"><mw><pos><c>part</c></pos><stem>go</stem><mk type="sfx">PRESP</mk></mw><gra type="gra" index="3" head="0" relation="ROOT"/></mor></w>
    <w>to<mor type="mor"><mw><pos><c>prep</c></pos><stem>to</stem></mw><gra type="gra" index="4" head="3" relation="JCT"/></mor></w>
    <w>do<mor type="mor"><mw><pos><c>mod</c></pos><stem>do</stem></mw><gra type="gra" index="5" head="4" relation="POBJ"/></mor></w>
    <w>it<mor type="mor"><mw><pos><c>pro</c><s>per</s></pos><stem>it</stem></mw><gra type="gra" index="6" head="5" relation="OBJ"/></mor></w>
    <w>all<mor type="mor"><mw><pos><c>adv</c></pos><stem>all</stem></mw><gra type="gra" index="7" head="6" relation="JCT"/></mor></w>
    <t type="p"><mor type="mor"><mt type="p"/><gra type="gra" index="8" head="3" relation="PUNCT"/></mor></t>

  </u>
  <u who="INV" uID="u41">
    <w>I<mor type="mor"><mw><pos><c>pro</c><s>sub</s></pos><stem>I</stem></mw><gra type="gra" index="1" head="2" relation="SUBJ"/></mor></w>
    <w>brought<mor type="mor"><mw><pos><c>v</c></pos><stem>bring</stem><mk type="sfxf">PAST</mk></mw><gra type="gra" index="2" head="0" relation="ROOT"/></mor></w>
    <g><w>lots<mor type="mor"><mw><pos><c>n</c></pos><stem>lot</stem><mk type="sfx">PL</mk></mw><gra type="gra" index="3" head="2" relation="OBJ"/></mor></w><k type="stressing"/></g>
    <w>of<mor type="mor"><mw><pos><c>prep</c></pos><stem>of</stem></mw><gra type="gra" index="4" head="3" relation="NJCT"/></mor></w>
    <w>toys<mor type="mor"><mw><pos><c>n</c></pos><stem>toy</stem><mk type="sfx">PL</mk></mw><gra type="gra" index="5" head="4" relation="POBJ"/></mor></w>
    <t type="p"><mor type="mor"><mt type="p"/><gra type="gra" index="6" head="2" relation="PUNCT"/></mor></t>

  </u>
  <u who="MOT" uID="u42">
    <w>that's<mor type="mor"><mw><pos><c>pro</c><s>dem</s></pos><stem>that</stem></mw><gra type="gra" index="1" head="2" relation="SUBJ"/><mor-post><mw><pos><c>cop</c></pos><stem>be</stem><mk type="sfxf">3S</mk></mw><gra type="gra" index="2" head="0" relation="ROOT"/></mor-post></mor></w>
    <w>what<mor type="mor"><mw><pos><c>pro</c><s>int</s></pos><stem>what</stem></mw><gra type="gra" index="3" head="5" relation="LINK"/></mor></w>
    <w>they<mor type="mor"><mw><pos><c>pro</c><s>sub</s></pos><stem>they</stem></mw><gra type="gra" index="4" head="5" relation="SUBJ"/></mor></w>
    <w>brought<mor type="mor"><mw><pos><c>v</c></pos><stem>bring</stem><mk type="sfxf">PAST</mk></mw><gra type="gra" index="5" head="2" relation="CPRED"/></mor></w>
    <w>it<mor type="mor"><mw><pos><c>pro</c><s>per</s></pos><stem>it</stem></mw><gra type="gra" index="6" head="5" relation="OBJ"/></mor></w>
    <w>for<mor type="mor"><mw><pos><c>prep</c></pos><stem>for</stem></mw><gra type="gra" index="7" head="5" relation="JCT"/></mor></w>
    <t type="p"><mor type="mor"><mt type="p"/><gra type="gra" index="8" head="2" relation="PUNCT"/></mor></t>

    <a type="gesture">looks at Investigator</a>
  </u>
  <u who="MOT" uID="u43">
    <w>that's<mor type="mor"><mw><pos><c>pro</c><s>dem</s></pos><stem>that</stem></mw><gra type="gra" index="1" head="2" relation="SUBJ"/><mor-post><mw><pos><c>cop</c></pos><stem>be</stem><mk type="sfxf">3S</mk></mw><gra type="gra" index="2" head="0" relation="ROOT"/></mor-post></mor></w>
    <w>what<mor type="mor"><mw><pos><c>pro</c><s>int</s></pos><stem>what</stem></mw><gra type="gra" index="3" head="5" relation="LINK"/></mor></w>
    <w>they<mor type="mor"><mw><pos><c>pro</c><s>sub</s></pos><stem>they</stem></mw><gra type="gra" index="4" head="5" relation="SUBJ"/></mor></w>
    <w>brought<mor type="mor"><mw><pos><c>v</c></pos><stem>bring</stem><mk type="sfxf">PAST</mk></mw><gra type="gra" index="5" head="2" relation="CPRED"/></mor></w>
    <w>it<mor type="mor"><mw><pos><c>pro</c><s>per</s></pos><stem>it</stem></mw><gra type="gra" index="6" head="5" relation="OBJ"/></mor></w>
    <w>for<mor type="mor"><mw><pos><c>prep</c></pos><stem>for</stem></mw><gra type="gra" index="7" head="5" relation="JCT"/></mor></w>
    <t type="p"><mor type="mor"><mt type="p"/><gra type="gra" index="8" head="2" relation="PUNCT"/></mor></t>

  </u>
  <u who="MOT" uID="u44">
    <w>we're<mor type="mor"><mw><pos><c>pro</c><s>sub</s></pos><stem>we</stem></mw><gra type="gra" index="1" head="3" relation="SUBJ"/><mor-post><mw><pos><c>aux</c></pos><stem>be</stem><mk type="sfxf">PRES</mk></mw><gra type="gra" index="2" head="3" relation="AUX"/></mor-post></mor></w>
    <w>gonna<mor type="mor"><mw><pos><c>part</c></pos><stem>go</stem><mk type="sfxf">PRESP</mk></mw><gra type="gra" index="3" head="0" relation="ROOT"/><mor-post><mw><pos><c>inf</c></pos><stem>to</stem></mw><gra type="gra" index="4" head="5" relation="INF"/></mor-post></mor></w>
    <w>do<mor type="mor"><mw><pos><c>v</c></pos><stem>do</stem></mw><gra type="gra" index="5" head="3" relation="COMP"/></mor></w>
    <w>all<mor type="mor"><mw><pos><c>qn</c></pos><stem>all</stem></mw><gra type="gra" index="6" head="7" relation="QUANT"/></mor></w>
    <w>of<mor type="mor"><mw><pos><c>prep</c></pos><stem>of</stem></mw><gra type="gra" index="7" head="5" relation="JCT"/></mor></w>
    <w>it<mor type="mor"><mw><pos><c>pro</c><s>per</s></pos><stem>it</stem></mw><gra type="gra" index="8" head="7" relation="POBJ"/></mor></w>
    <t type="p"><mor type="mor"><mt type="p"/><gra type="gra" index="9" head="3" relation="PUNCT"/></mor></t>

  </u>
  <u who="CHI" uID="u45">
    <w>play<mor type="mor"><mw><pos><c>n</c></pos><stem>play</stem></mw><gra type="gra" index="1" head="2" relation="SUBJ"/></mor></w>
    <pause symbolic-length="simple"/>
    <w untranscribed="unintelligible">xxx</w>
    <w>show<mor type="mor"><mw><pos><c>v</c></pos><stem>show</stem></mw><gra type="gra" index="2" head="0" relation="ROOT"/></mor></w>
    <w>me<mor type="mor"><mw><pos><c>pro</c><s>obj</s></pos><stem>me</stem></mw><gra type="gra" index="3" head="2" relation="OBJ"/></mor></w>
    <t type="p"><mor type="mor"><mt type="p"/><gra type="gra" index="4" head="2" relation="PUNCT"/></mor></t>

    <a type="gesture">&lt;bef&gt; looks at toys . &lt;dur&gt; glances at Mother , Investigator</a>
  </u>
  <u who="INV" uID="u46">
    <w>did<mor type="mor"><mw><pos><c>mod</c></pos><stem>do</stem><mk type="sfxf">PAST</mk></mw><gra type="gra" index="1" head="3" relation="AUX"/></mor></w>
    <w>she<mor type="mor"><mw><pos><c>pro</c><s>sub</s></pos><stem>she</stem></mw><gra type="gra" index="2" head="3" relation="SUBJ"/></mor></w>
    <w>say<mor type="mor"><mw><pos><c>v</c></pos><stem>say</stem></mw><gra type="gra" index="3" head="0" relation="ROOT"/></mor></w>
    <pause symbolic-length="simple"/>
    <w>will<mor type="mor"><mw><pos><c>mod</c></pos><stem>will</stem></mw><gra type="gra" index="4" head="6" relation="AUX"/></mor></w>
    <w>you<mor type="mor"><mw><pos><c>pro</c><s>per</s></pos><stem>you</stem></mw><gra type="gra" index="5" head="6" relation="SUBJ"/></mor></w>
    <w>show<mor type="mor"><mw><pos><c>v</c></pos><stem>show</stem></mw><gra type="gra" index="6" head="3" relation="COMP"/></mor></w>
    <w>me<mor type="mor"><mw><pos><c>pro</c><s>obj</s></pos><stem>me</stem></mw><gra type="gra" index="7" head="6" relation="OBJ"/></mor></w>
    <t type="q"><mor type="mor"><mt type="q"/><gra type="gra" index="8" head="3" relation="PUNCT"/></mor></t>

  </u>
  <u who="MOT" uID="u47">
    <g><w>what</w><k type="retracing"/></g>
    <w>what'd<mor type="mor"><mw><pos><c>pro</c><s>int</s></pos><stem>what</stem></mw><gra type="gra" index="1" head="4" relation="OBJ"/><mor-post><mw><pos><c>mod</c></pos><stem>genmod</stem></mw><gra type="gra" index="2" head="4" relation="AUX"/></mor-post></mor></w>
    <w>you<mor type="mor"><mw><pos><c>pro</c><s>per</s></pos><stem>you</stem></mw><gra type="gra" index="3" head="4" relation="SUBJ"/></mor></w>
    <w>say<mor type="mor"><mw><pos><c>v</c></pos><stem>say</stem></mw><gra type="gra" index="4" head="0" relation="ROOT"/></mor></w>
    <t type="q"><mor type="mor"><mt type="q"/><gra type="gra" index="5" head="4" relation="PUNCT"/></mor></t>

    <a type="gesture">looks at Olivia . leans forward</a>
  </u>
  <u who="MOT" uID="u48">
    <w>can<mor type="mor"><mw><pos><c>mod</c></pos><stem>can</stem></mw><gra type="gra" index="1" head="3" relation="AUX"/></mor></w>
    <w>you<mor type="mor"><mw><pos><c>pro</c><s>per</s></pos><stem>you</stem></mw><gra type="gra" index="2" head="3" relation="SUBJ"/></mor></w>
    <w>remember<mor type="mor"><mw><pos><c>v</c></pos><stem>remember</stem></mw><gra type="gra" index="3" head="0" relation="ROOT"/></mor></w>
    <t type="q"><mor type="mor"><mt type="q"/><gra type="gra" index="4" head="3" relation="PUNCT"/></mor></t>

  </u>
  <u who="CHI" uID="u49">
    <w>what<mor type="mor"><mw><pos><c>pro</c><s>int</s></pos><stem>what</stem></mw><gra type="gra" index="1" head="0" relation="INCROOT"/></mor></w>
    <t type="q"><mor type="mor"><mt type="q"/><gra type="gra" index="2" head="1" relation="PUNCT"/></mor></t>

    <a type="gesture">&lt;bef&gt; looks at toys . &lt;aft&gt; looks at Mother</a>
  </u>
  <u who="MOT" uID="u50">
    <w>what'd<mor type="mor"><mw><pos><c>pro</c><s>int</s></pos><stem>what</stem></mw><gra type="gra" index="1" head="5" relation="SUBJ"/><mor-post><mw><pos><c>mod</c></pos><stem>genmod</stem></mw><gra type="gra" index="2" head="5" relation="AUX"/></mor-post></mor></w>
    <w>you<mor type="mor"><mw><pos><c>pro</c><s>per</s></pos><stem>you</stem></mw><gra type="gra" index="3" head="5" relation="SUBJ"/></mor></w>
    <w>just<mor type="mor"><mw><pos><c>adv</c></pos><stem>just</stem></mw><gra type="gra" index="4" head="5" relation="JCT"/></mor></w>
    <w>say<mor type="mor"><mw><pos><c>v</c></pos><stem>say</stem></mw><gra type="gra" index="5" head="0" relation="ROOT"/></mor></w>
    <t type="q"><mor type="mor"><mt type="q"/><gra type="gra" index="6" head="5" relation="PUNCT"/></mor></t>

  </u>
  <u who="CHI" uID="u51">
    <w>I<mor type="mor"><mw><pos><c>pro</c><s>sub</s></pos><stem>I</stem></mw><gra type="gra" index="1" head="4" relation="SUBJ"/></mor></w>
    <w>don't<mor type="mor"><mw><pos><c>mod</c></pos><stem>do</stem></mw><gra type="gra" index="2" head="4" relation="AUX"/><mor-post><mw><pos><c>neg</c></pos><stem>not</stem></mw><gra type="gra" index="3" head="2" relation="NEG"/></mor-post></mor></w>
    <w>know<mor type="mor"><mw><pos><c>v</c></pos><stem>know</stem></mw><gra type="gra" index="4" head="0" relation="ROOT"/></mor></w>
    <t type="p"><mor type="mor"><mt type="p"/><gra type="gra" index="5" head="4" relation="PUNCT"/></mor></t>

    <a type="gesture">&lt;aft&gt; reaches onto plate</a>
  </u>
  <u who="MOT" uID="u52">
    <w>you<mor type="mor"><mw><pos><c>pro</c><s>per</s></pos><stem>you</stem></mw><gra type="gra" index="1" head="4" relation="SUBJ"/></mor></w>
    <w>don't<mor type="mor"><mw><pos><c>mod</c></pos><stem>do</stem></mw><gra type="gra" index="2" head="4" relation="AUX"/><mor-post><mw><pos><c>neg</c></pos><stem>not</stem></mw><gra type="gra" index="3" head="2" relation="NEG"/></mor-post></mor></w>
    <w>know<mor type="mor"><mw><pos><c>v</c></pos><stem>know</stem></mw><gra type="gra" index="4" head="0" relation="ROOT"/></mor></w>
    <t type="p"><mor type="mor"><mt type="p"/><gra type="gra" index="5" head="4" relation="PUNCT"/></mor></t>

    <a type="paralinguistics">&lt;1w&gt; mimicks Olivia</a>
  </u>
  <u who="MOT" uID="u53">
    <w>can<mor type="mor"><mw><pos><c>mod</c></pos><stem>can</stem></mw><gra type="gra" index="1" head="3" relation="AUX"/></mor></w>
    <w>I<mor type="mor"><mw><pos><c>pro</c><s>sub</s></pos><stem>I</stem></mw><gra type="gra" index="2" head="3" relation="SUBJ"/></mor></w>
    <w>have<mor type="mor"><mw><pos><c>v</c></pos><stem>have</stem></mw><gra type="gra" index="3" head="0" relation="ROOT"/></mor></w>
    <w>one<mor type="mor"><mw><pos><c>pro</c><s>indef</s></pos><stem>one</stem></mw><gra type="gra" index="4" head="3" relation="OBJ"/></mor></w>
    <w>of<mor type="mor"><mw><pos><c>prep</c></pos><stem>of</stem></mw><gra type="gra" index="5" head="4" relation="NJCT"/></mor></w>
    <w>your<mor type="mor"><mw><pos><c>det</c><s>poss</s></pos><stem>your</stem></mw><gra type="gra" index="6" head="7" relation="DET"/></mor></w>
    <w>peanuts<mor type="mor"><mw><pos><c>n</c></pos><stem>peanut</stem><mk type="sfx">PL</mk></mw><gra type="gra" index="7" head="5" relation="POBJ"/></mor></w>
    <t type="q"><mor type="mor"><mt type="q"/><gra type="gra" index="8" head="3" relation="PUNCT"/></mor></t>

    <a type="gesture">&lt;1w&gt; leans forward . &lt;3u&gt; holds out hand</a>
  </u>
  <u who="MOT" uID="u54">
    <w>will<mor type="mor"><mw><pos><c>mod</c></pos><stem>will</stem></mw><gra type="gra" index="1" head="3" relation="AUX"/></mor></w>
    <w>you<mor type="mor"><mw><pos><c>pro</c><s>per</s></pos><stem>you</stem></mw><gra type="gra" index="2" head="3" relation="SUBJ"/></mor></w>
    <w>share<mor type="mor"><mw><pos><c>v</c></pos><stem>share</stem></mw><gra type="gra" index="3" head="0" relation="ROOT"/></mor></w>
    <w>with<mor type="mor"><mw><pos><c>prep</c></pos><stem>with</stem></mw><gra type="gra" index="4" head="3" relation="JCT"/></mor></w>
    <w>me<mor type="mor"><mw><pos><c>pro</c><s>obj</s></pos><stem>me</stem></mw><gra type="gra" index="5" head="4" relation="POBJ"/></mor></w>
    <t type="q"><mor type="mor"><mt type="q"/><gra type="gra" index="6" head="3" relation="PUNCT"/></mor></t>

    <a type="actions">&lt;1w&gt; eats , then reaches hand out</a>
  </u>
  <u who="MOT" uID="u55">
    <w>thank_you<mor type="mor"><mw><pos><c>co</c></pos><stem>thank_you</stem></mw><gra type="gra" index="1" head="0" relation="INCROOT"/></mor></w>
    <t type="p"><mor type="mor"><mt type="p"/><gra type="gra" index="2" head="1" relation="PUNCT"/></mor></t>

  </u>
  <u who="CHI" uID="u56">
    <w type="filler">uh</w>
    <t type="p"></t>

    <a type="gesture">&lt;bef&gt; looks at plate</a>
    <a type="actions">&lt;bef&gt; gives peanut . eats . &lt;dur&gt; gives peanut . &lt;aft&gt; gives raisin</a>
  </u>
  <u who="MOT" uID="u57">
    <w>can<mor type="mor"><mw><pos><c>mod</c></pos><stem>can</stem></mw><gra type="gra" index="1" head="3" relation="AUX"/></mor></w>
    <w>I<mor type="mor"><mw><pos><c>pro</c><s>sub</s></pos><stem>I</stem></mw><gra type="gra" index="2" head="3" relation="SUBJ"/></mor></w>
    <w>have<mor type="mor"><mw><pos><c>v</c></pos><stem>have</stem></mw><gra type="gra" index="3" head="0" relation="ROOT"/></mor></w>
    <w>a<mor type="mor"><mw><pos><c>det</c><s>art</s></pos><stem>a</stem></mw><gra type="gra" index="4" head="5" relation="DET"/></mor></w>
    <w>raisin<mor type="mor"><mw><pos><c>n</c></pos><stem>raisin</stem></mw><gra type="gra" index="5" head="3" relation="OBJ"/></mor></w>
    <t type="q"><mor type="mor"><mt type="q"/><gra type="gra" index="6" head="3" relation="PUNCT"/></mor></t>

  </u>
  <u who="MOT" uID="u58">
    <w>thank_you<mor type="mor"><mw><pos><c>co</c></pos><stem>thank_you</stem></mw><gra type="gra" index="1" head="0" relation="INCROOT"/></mor></w>
    <t type="p"><mor type="mor"><mt type="p"/><gra type="gra" index="2" head="1" relation="PUNCT"/></mor></t>

    <a type="actions">&lt;aft&gt; eats</a>
  </u>
  <u who="CHI" uID="u59">
    <w>want<mor type="mor"><mw><pos><c>v</c></pos><stem>want</stem></mw><gra type="gra" index="1" head="0" relation="ROOT"/></mor></w>
    <g><w>peanut<mor type="mor"><mw><pos><c>n</c></pos><stem>peanut</stem></mw><gra type="gra" index="2" head="1" relation="OBJ"/></mor></w><error/></g>
    <t type="q"><mor type="mor"><mt type="q"/><gra type="gra" index="3" head="1" relation="PUNCT"/></mor></t>

    <a type="actions">gives peanut</a>
    <a type="gesture">looks at Mother . smiles</a>
    <a type="extension" flavor="pho">w6n pin6t</a>
  </u>
  <u who="MOT" uID="u60">
    <w>thank_you<mor type="mor"><mw><pos><c>co</c></pos><stem>thank_you</stem></mw><gra type="gra" index="1" head="0" relation="INCROOT"/></mor></w>
    <t type="p"><mor type="mor"><mt type="p"/><gra type="gra" index="2" head="1" relation="PUNCT"/></mor></t>

    <a type="actions">&lt;bef&gt; holds out hand . &lt;dur&gt; eats</a>
  </u>
  <u who="MOT" uID="u61">
    <w>mm<p type="drawl"/><mor type="mor"><mw><pos><c>co</c></pos><stem>mm</stem></mw><gra type="gra" index="1" head="0" relation="INCROOT"/></mor></w>
    <t type="p"><mor type="mor"><mt type="p"/><gra type="gra" index="2" head="1" relation="PUNCT"/></mor></t>

    <a type="actions">&lt;dur&gt; eats</a>
  </u>
  <u who="CHI" uID="u62">
    <g><w>why're</w>
    <w>you</w><k type="retracing"/></g>
    <w>why<mor type="mor"><mw><pos><c>pro</c><s>int</s></pos><stem>why</stem></mw><gra type="gra" index="1" head="3" relation="LINK"/></mor></w>
    <w>you<mor type="mor"><mw><pos><c>pro</c><s>per</s></pos><stem>you</stem></mw><gra type="gra" index="2" head="3" relation="SUBJ"/></mor></w>
    <w>sharing<mor type="mor"><mw><pos><c>part</c></pos><stem>share</stem><mk type="sfx">PRESP</mk></mw><gra type="gra" index="3" head="0" relation="ROOT"/></mor></w>
    <t type="q"><mor type="mor"><mt type="q"/><gra type="gra" index="4" head="3" relation="PUNCT"/></mor></t>

    <a type="actions">reaches for peanut</a>
  </u>
  <u who="MOT" uID="u63">
    <w>why<mor type="mor"><mw><pos><c>pro</c><s>int</s></pos><stem>why</stem></mw><gra type="gra" index="1" head="4" relation="LINK"/></mor></w>
    <w>are<mor type="mor"><mw><pos><c>aux</c></pos><stem>be</stem><mk type="sfxf">PRES</mk></mw><gra type="gra" index="2" head="4" relation="AUX"/></mor></w>
    <w>you<mor type="mor"><mw><pos><c>pro</c><s>per</s></pos><stem>you</stem></mw><gra type="gra" index="3" head="4" relation="SUBJ"/></mor></w>
    <w>sharing<mor type="mor"><mw><pos><c>part</c></pos><stem>share</stem><mk type="sfx">PRESP</mk></mw><gra type="gra" index="4" head="0" relation="ROOT"/></mor></w>
    <t type="q"><mor type="mor"><mt type="q"/><gra type="gra" index="5" head="4" relation="PUNCT"/></mor></t>

    <a type="gesture">looks at Olivia</a>
  </u>
  <u who="CHI" uID="u64">
    <w>way<mor type="mor"><mw><pos><c>n</c></pos><stem>way</stem></mw><gra type="gra" index="1" head="0" relation="INCROOT"/></mor></w>
    <t type="e"><mor type="mor"><mt type="e"/><gra type="gra" index="2" head="1" relation="PUNCT"/></mor></t>

    <a type="gesture">looks at floor</a>
    <a type="actions">&lt;bef&gt; tries to eat peanut but it drops</a>
  </u>
  <u who="MOT" uID="u65">
    <w>oopsie<mor type="mor"><mw><pos><c>co</c></pos><stem>oopsie</stem></mw><gra type="gra" index="1" head="0" relation="INCROOT"/></mor></w>
    <t type="e"><mor type="mor"><mt type="e"/><gra type="gra" index="2" head="1" relation="PUNCT"/></mor></t>

    <a type="actions">picks up peanut and sets it aside</a>
  </u>
  <u who="MOT" uID="u66">
    <w>fell<mor type="mor"><mw><pos><c>v</c></pos><stem>fall</stem><mk type="sfxf">PAST</mk></mw><gra type="gra" index="1" head="0" relation="ROOT"/></mor></w>
    <w>on<mor type="mor"><mw><pos><c>prep</c></pos><stem>on</stem></mw><gra type="gra" index="2" head="1" relation="JCT"/></mor></w>
    <w>the<mor type="mor"><mw><pos><c>det</c><s>art</s></pos><stem>the</stem></mw><gra type="gra" index="3" head="4" relation="DET"/></mor></w>
    <w>floor<mor type="mor"><mw><pos><c>n</c></pos><stem>floor</stem></mw><gra type="gra" index="4" head="7" relation="SUBJ"/></mor></w>
    <pause symbolic-length="simple"/>
    <w>didn't<mor type="mor"><mw><pos><c>mod</c></pos><stem>do</stem><mk type="sfxf">PAST</mk></mw><gra type="gra" index="5" head="7" relation="AUX"/><mor-post><mw><pos><c>neg</c></pos><stem>not</stem></mw><gra type="gra" index="6" head="5" relation="NEG"/></mor-post></mor></w>
    <w>it<mor type="mor"><mw><pos><c>pro</c><s>per</s></pos><stem>it</stem></mw><gra type="gra" index="7" head="2" relation="POBJ"/></mor></w>
    <t type="q"><mor type="mor"><mt type="q"/><gra type="gra" index="8" head="1" relation="PUNCT"/></mor></t>

  </u>
  <u who="MOT" uID="u67">
    <w>we'll<mor type="mor"><mw><pos><c>pro</c><s>sub</s></pos><stem>we</stem></mw><gra type="gra" index="1" head="3" relation="SUBJ"/><mor-post><mw><pos><c>mod</c></pos><stem>will</stem></mw><gra type="gra" index="2" head="3" relation="AUX"/></mor-post></mor></w>
    <w>get<mor type="mor"><mw><pos><c>aux</c></pos><stem>get</stem></mw><gra type="gra" index="3" head="0" relation="ROOT"/></mor></w>
    <w>it<mor type="mor"><mw><pos><c>pro</c><s>per</s></pos><stem>it</stem></mw><gra type="gra" index="4" head="3" relation="PRED"/></mor></w>
    <t type="p"><mor type="mor"><mt type="p"/><gra type="gra" index="5" head="3" relation="PUNCT"/></mor></t>

  </u>
  <u who="CHI" uID="u68">
    <e><action/><ga type="paralinguistics">whines</ga></e>
    <t type="p"></t>

    <a type="actions">&lt;aft&gt; eats</a>
    <a type="gesture">&lt;bef&gt; looks at table . &lt;aft&gt; looks at Mother , at plate</a>
  </u>
  <u who="MOT" uID="u69">
    <w>you<mor type="mor"><mw><pos><c>pro</c><s>per</s></pos><stem>you</stem></mw><gra type="gra" index="1" head="4" relation="SUBJ"/></mor></w>
    <w>don't<mor type="mor"><mw><pos><c>mod</c></pos><stem>do</stem></mw><gra type="gra" index="2" head="4" relation="AUX"/><mor-post><mw><pos><c>neg</c></pos><stem>not</stem></mw><gra type="gra" index="3" head="2" relation="NEG"/></mor-post></mor></w>
    <w>want<mor type="mor"><mw><pos><c>v</c></pos><stem>want</stem></mw><gra type="gra" index="4" head="0" relation="ROOT"/></mor></w>
    <w>it<mor type="mor"><mw><pos><c>pro</c><s>per</s></pos><stem>it</stem></mw><gra type="gra" index="5" head="4" relation="OBJ"/></mor></w>
    <pause symbolic-length="simple"/>
    <w>it's<mor type="mor"><mw><pos><c>pro</c><s>per</s></pos><stem>it</stem></mw><gra type="gra" index="6" head="7" relation="SUBJ"/><mor-post><mw><pos><c>cop</c></pos><stem>be</stem><mk type="sfxf">3S</mk></mw><gra type="gra" index="7" head="4" relation="COMP"/></mor-post></mor></w>
    <w>dirty<mor type="mor"><mw><pos><c>adj</c></pos><stem>dirt</stem><mk type="sfxf">dn</mk><mk type="sfx">Y</mk></mw><gra type="gra" index="8" head="7" relation="PRED"/></mor></w>
    <t type="p"><mor type="mor"><mt type="p"/><gra type="gra" index="9" head="4" relation="PUNCT"/></mor></t>

    <a type="actions">&lt;1w&gt; moves plate closer to Olivia</a>
  </u>
  <u who="MOT" uID="u70">
    <w>eat<mor type="mor"><mw><pos><c>v</c></pos><stem>eat</stem></mw><gra type="gra" index="1" head="0" relation="ROOT"/></mor></w>
    <w>the<mor type="mor"><mw><pos><c>det</c><s>art</s></pos><stem>the</stem></mw><gra type="gra" index="2" head="3" relation="DET"/></mor></w>
    <w>ones<mor type="mor"><mw><pos><c>n</c></pos><stem>one</stem><mk type="sfx">PL</mk></mw><gra type="gra" index="3" head="1" relation="OBJ"/></mor></w>
    <w>in<mor type="mor"><mw><pos><c>prep</c></pos><stem>in</stem></mw><gra type="gra" index="4" head="1" relation="JCT"/></mor></w>
    <w>here<mor type="mor"><mw><pos><c>n</c></pos><stem>here</stem></mw><gra type="gra" index="5" head="4" relation="POBJ"/></mor></w>
    <t type="p"><mor type="mor"><mt type="p"/><gra type="gra" index="6" head="1" relation="PUNCT"/></mor></t>

  </u>
  <u who="MOT" uID="u71">
    <w>look<mor type="mor"><mw><pos><c>n</c></pos><stem>look</stem></mw><gra type="gra" index="1" head="4" relation="LINK"/></mor></w>
    <pause symbolic-length="simple"/>
    <w>you've<mor type="mor"><mw><pos><c>pro</c><s>per</s></pos><stem>you</stem></mw><gra type="gra" index="2" head="4" relation="SUBJ"/><mor-post><mw><pos><c>aux</c></pos><stem>have</stem></mw><gra type="gra" index="3" head="4" relation="AUX"/></mor-post></mor></w>
    <w>got<mor type="mor"><mw><pos><c>part</c></pos><stem>get</stem><mk type="sfxf">PASTP</mk></mw><gra type="gra" index="4" head="0" relation="ROOT"/></mor></w>
    <w>more<mor type="mor"><mw><pos><c>pro</c><s>indef</s></pos><stem>more</stem></mw><gra type="gra" index="5" head="4" relation="OBJ"/></mor></w>
    <t type="p"><mor type="mor"><mt type="p"/><gra type="gra" index="6" head="4" relation="PUNCT"/></mor></t>

  </u>
  <u who="MOT" uID="u72">
    <w>hm<p type="drawl"/><mor type="mor"><mw><pos><c>co</c></pos><stem>hm</stem></mw><gra type="gra" index="1" head="0" relation="INCROOT"/></mor></w>
    <t type="p"><mor type="mor"><mt type="p"/><gra type="gra" index="2" head="1" relation="PUNCT"/></mor></t>

  </u>
  <u who="MOT" uID="u73">
    <w>do<mor type="mor"><mw><pos><c>mod</c></pos><stem>do</stem></mw><gra type="gra" index="1" head="3" relation="AUX"/></mor></w>
    <w>you<mor type="mor"><mw><pos><c>pro</c><s>per</s></pos><stem>you</stem></mw><gra type="gra" index="2" head="3" relation="SUBJ"/></mor></w>
    <w>have<mor type="mor"><mw><pos><c>v</c></pos><stem>have</stem></mw><gra type="gra" index="3" head="0" relation="ROOT"/></mor></w>
    <w>some<mor type="mor"><mw><pos><c>qn</c></pos><stem>some</stem></mw><gra type="gra" index="4" head="5" relation="QUANT"/></mor></w>
    <w>orange<mor type="mor"><mw><pos><c>n</c></pos><stem>orange</stem></mw><gra type="gra" index="5" head="3" relation="OBJ"/></mor></w>
    <t type="q"><mor type="mor"><mt type="q"/><gra type="gra" index="6" head="3" relation="PUNCT"/></mor></t>

  </u>
  <u who="CHI" uID="u74">
    <e><action/></e>
    <t type="p"></t>

    <a type="gesture">&lt;bef&gt; looks at camera , at plate . smiles &lt;dur&gt; points to raisin . looks at Mother . &lt;aft&gt; points to orange . looks at Mother . looks and points to raisin . looks and points to Mother . looks and points to camera</a>
  </u>
  <u who="MOT" uID="u75">
    <w>you<mor type="mor"><mw><pos><c>pro</c><s>per</s></pos><stem>you</stem></mw><gra type="gra" index="1" head="2" relation="SUBJ"/></mor></w>
    <w>silly<mor type="mor"><mw><pos><c>co</c></pos><stem>silly</stem></mw><gra type="gra" index="2" head="0" relation="INCROOT"/></mor></w>
    <t type="p"><mor type="mor"><mt type="p"/><gra type="gra" index="3" head="2" relation="PUNCT"/></mor></t>

    <a type="paralinguistics">laughs</a>
  </u>
  <u who="INV" uID="u76">
    <w>mm<p type="drawl"/><mor type="mor"><mw><pos><c>co</c></pos><stem>mm</stem></mw><gra type="gra" index="1" head="2" relation="COM"/></mor></w>
    <pause symbolic-length="simple"/>
    <w>looks<mor type="mor"><mw><pos><c>n</c></pos><stem>look</stem><mk type="sfx">PL</mk></mw><gra type="gra" index="2" head="0" relation="INCROOT"/></mor></w>
    <w>yummy<mor type="mor"><mw><pos><c>adj</c></pos><stem>yum</stem><mk type="sfxf">dn</mk><mk type="sfx">Y</mk></mw><gra type="gra" index="3" head="2" relation="POSTMOD"/></mor></w>
    <t type="p"><mor type="mor"><mt type="p"/><gra type="gra" index="4" head="2" relation="PUNCT"/></mor></t>

  </u>
  <u who="INV" uID="u77">
    <w>what<mor type="mor"><mw><pos><c>pro</c><s>int</s></pos><stem>what</stem></mw><gra type="gra" index="1" head="2" relation="SUBJ"/></mor></w>
    <w>is<mor type="mor"><mw><pos><c>cop</c></pos><stem>be</stem><mk type="sfxf">3S</mk></mw><gra type="gra" index="2" head="0" relation="ROOT"/></mor></w>
    <w>that<mor type="mor"><mw><pos><c>pro</c><s>dem</s></pos><stem>that</stem></mw><gra type="gra" index="3" head="2" relation="PRED"/></mor></w>
    <t type="q"><mor type="mor"><mt type="q"/><gra type="gra" index="4" head="2" relation="PUNCT"/></mor></t>

  </u>
  <u who="INV" uID="u78">
    <w>is<mor type="mor"><mw><pos><c>cop</c></pos><stem>be</stem><mk type="sfxf">3S</mk></mw><gra type="gra" index="1" head="0" relation="ROOT"/></mor></w>
    <w>that<mor type="mor"><mw><pos><c>comp</c></pos><stem>that</stem></mw><gra type="gra" index="2" head="1" relation="PRED"/></mor></w>
    <w>a<mor type="mor"><mw><pos><c>det</c><s>art</s></pos><stem>a</stem></mw><gra type="gra" index="3" head="4" relation="DET"/></mor></w>
    <w>peanut<mor type="mor"><mw><pos><c>n</c></pos><stem>peanut</stem></mw><gra type="gra" index="4" head="2" relation="OM"/></mor></w>
    <t type="q"><mor type="mor"><mt type="q"/><gra type="gra" index="5" head="1" relation="PUNCT"/></mor></t>

  </u>
  <u who="INV" uID="u79">
    <w>or<mor type="mor"><mw><pos><c>coord</c></pos><stem>or</stem></mw><gra type="gra" index="1" head="3" relation="LINK"/></mor></w>
    <w>a<mor type="mor"><mw><pos><c>det</c><s>art</s></pos><stem>a</stem></mw><gra type="gra" index="2" head="3" relation="DET"/></mor></w>
    <w>raisin<mor type="mor"><mw><pos><c>n</c></pos><stem>raisin</stem></mw><gra type="gra" index="3" head="0" relation="INCROOT"/></mor></w>
    <t type="q"><mor type="mor"><mt type="q"/><gra type="gra" index="4" head="3" relation="PUNCT"/></mor></t>

  </u>
  <u who="INV" uID="u80">
    <w>what's<mor type="mor"><mw><pos><c>pro</c><s>int</s></pos><stem>what</stem></mw><gra type="gra" index="1" head="2" relation="SUBJ"/><mor-post><mw><pos><c>cop</c></pos><stem>be</stem><mk type="sfxf">3S</mk></mw><gra type="gra" index="2" head="0" relation="ROOT"/></mor-post></mor></w>
    <w>in<mor type="mor"><mw><pos><c>prep</c></pos><stem>in</stem></mw><gra type="gra" index="3" head="2" relation="JCT"/></mor></w>
    <w>your<mor type="mor"><mw><pos><c>det</c><s>poss</s></pos><stem>your</stem></mw><gra type="gra" index="4" head="5" relation="DET"/></mor></w>
    <w>hand<mor type="mor"><mw><pos><c>n</c></pos><stem>hand</stem></mw><gra type="gra" index="5" head="3" relation="POBJ"/></mor></w>
    <t type="q"><mor type="mor"><mt type="q"/><gra type="gra" index="6" head="2" relation="PUNCT"/></mor></t>

  </u>
  <u who="CHI" uID="u81">
    <e><action/></e>
    <t type="p"></t>

    <a type="gesture">shakes head . looks at plate . looks at snack</a>
  </u>
  <u who="MOT" uID="u82">
    <w>hm<p type="drawl"/><mor type="mor"><mw><pos><c>co</c></pos><stem>hm</stem></mw><gra type="gra" index="1" head="0" relation="INCROOT"/></mor></w>
    <t type="p"><mor type="mor"><mt type="p"/><gra type="gra" index="2" head="1" relation="PUNCT"/></mor></t>

    <a type="gesture">looks at Olivia</a>
  </u>
  <u who="MOT" uID="u83">
    <w>can<mor type="mor"><mw><pos><c>mod</c></pos><stem>can</stem></mw><gra type="gra" index="1" head="3" relation="AUX"/></mor></w>
    <w>I<mor type="mor"><mw><pos><c>pro</c><s>sub</s></pos><stem>I</stem></mw><gra type="gra" index="2" head="3" relation="SUBJ"/></mor></w>
    <w>have<mor type="mor"><mw><pos><c>v</c></pos><stem>have</stem></mw><gra type="gra" index="3" head="0" relation="ROOT"/></mor></w>
    <w>a<mor type="mor"><mw><pos><c>det</c><s>art</s></pos><stem>a</stem></mw><gra type="gra" index="4" head="5" relation="DET"/></mor></w>
    <w>drink<mor type="mor"><mw><pos><c>n</c></pos><stem>drink</stem></mw><gra type="gra" index="5" head="3" relation="OBJ"/></mor></w>
    <w>of<mor type="mor"><mw><pos><c>prep</c></pos><stem>of</stem></mw><gra type="gra" index="6" head="5" relation="NJCT"/></mor></w>
    <w>apple<mor type="mor"><mw><pos><c>n</c></pos><stem>apple</stem></mw><gra type="gra" index="7" head="8" relation="MOD"/></mor></w>
    <w>juice<mor type="mor"><mw><pos><c>n</c></pos><stem>juice</stem></mw><gra type="gra" index="8" head="6" relation="POBJ"/></mor></w>
    <t type="q"><mor type="mor"><mt type="q"/><gra type="gra" index="9" head="3" relation="PUNCT"/></mor></t>

  </u>
  <u who="CHI" uID="u84">
    <e><action/></e>
    <t type="p"></t>

    <a type="gesture">looks at Mother . glances at camera</a>
    <a type="actions">reaches for cup . moves cup toward Mother</a>
  </u>
  <u who="MOT" uID="u85">
    <w>oh<mor type="mor"><mw><pos><c>co</c></pos><stem>oh</stem></mw><gra type="gra" index="1" head="3" relation="COM"/></mor></w>
    <pause symbolic-length="simple"/>
    <w>you<mor type="mor"><mw><pos><c>pro</c><s>per</s></pos><stem>you</stem></mw><gra type="gra" index="2" head="3" relation="SUBJ"/></mor></w>
    <w>gonna<mor type="mor"><mw><pos><c>part</c></pos><stem>go</stem><mk type="sfxf">PRESP</mk></mw><gra type="gra" index="3" head="0" relation="ROOT"/><mor-post><mw><pos><c>prep</c></pos><stem>to</stem></mw><gra type="gra" index="4" head="3" relation="JCT"/></mor-post></mor></w>
    <w>share<mor type="mor"><mw><pos><c>n</c></pos><stem>share</stem></mw><gra type="gra" index="5" head="4" relation="POBJ"/></mor></w>
    <pause symbolic-length="simple"/>
    <w>too<mor type="mor"><mw><pos><c>adv</c></pos><stem>too</stem></mw><gra type="gra" index="6" head="3" relation="JCT"/></mor></w>
    <t type="q"><mor type="mor"><mt type="q"/><gra type="gra" index="7" head="3" relation="PUNCT"/></mor></t>

    <a type="actions">lifts cup to mouth and drinks</a>
  </u>
  <u who="MOT" uID="u86">
    <w>mm<p type="drawl"/><mor type="mor"><mw><pos><c>co</c></pos><stem>mm</stem></mw><gra type="gra" index="1" head="2" relation="COM"/></mor></w>
    <pause symbolic-length="simple"/>
    <w>good<mor type="mor"><mw><pos><c>adj</c></pos><stem>good</stem></mw><gra type="gra" index="2" head="0" relation="INCROOT"/></mor></w>
    <t type="p"><mor type="mor"><mt type="p"/><gra type="gra" index="3" head="2" relation="PUNCT"/></mor></t>

  </u>
  <u who="MOT" uID="u87">
    <e><happening>laughs</happening></e>
    <t type="p"></t>

  </u>
  <u who="CHI" uID="u88">
    <e><action/></e>
    <t type="p"></t>

    <a type="actions">&lt;bef&gt; wipes face with napkin . drinks . sets cup down . eats . throws arms</a>
    <a type="gesture">&lt;bef&gt; looks at Mother . smiles</a>
  </u>
  <u who="CHI" uID="u89">
    <w untranscribed="unintelligible">xxx</w>
    <t type="p"></t>

    <a type="actions">throws arms</a>
  </u>
  <u who="MOT" uID="u90">
    <e><happening>laughs</happening></e>
    <t type="p"></t>

    <a type="actions">tickles Olivia</a>
    <a type="gesture">smiles</a>
  </u>
  <u who="CHI" uID="u91">
    <w untranscribed="unintelligible">xxx</w>
    <t type="p"></t>

    <a type="gesture">smiles</a>
  </u>
  <u who="MOT" uID="u92">
    <w>you're<mor type="mor"><mw><pos><c>pro</c><s>per</s></pos><stem>you</stem></mw><gra type="gra" index="1" head="2" relation="SUBJ"/><mor-post><mw><pos><c>cop</c></pos><stem>be</stem><mk type="sfxf">PRES</mk></mw><gra type="gra" index="2" head="0" relation="ROOT"/></mor-post></mor></w>
    <w>silly<mor type="mor"><mw><pos><c>adj</c></pos><stem>silly</stem></mw><gra type="gra" index="3" head="2" relation="PRED"/></mor></w>
    <t type="p"><mor type="mor"><mt type="p"/><gra type="gra" index="4" head="2" relation="PUNCT"/></mor></t>

  </u>
  <u who="MOT" uID="u93">
    <w>are<mor type="mor"><mw><pos><c>cop</c></pos><stem>be</stem><mk type="sfxf">PRES</mk></mw><gra type="gra" index="1" head="0" relation="ROOT"/></mor></w>
    <w>you<mor type="mor"><mw><pos><c>pro</c><s>per</s></pos><stem>you</stem></mw><gra type="gra" index="2" head="1" relation="PRED"/></mor></w>
    <w>being<mor type="mor"><mw><pos><c>n</c><s>gerund</s></pos><stem>be</stem><mk type="sfx">PRESP</mk></mw><gra type="gra" index="3" head="2" relation="OM"/></mor></w>
    <w>a<mor type="mor"><mw><pos><c>det</c><s>art</s></pos><stem>a</stem></mw><gra type="gra" index="4" head="5" relation="DET"/></mor></w>
    <w>monster<mor type="mor"><mw><pos><c>n</c></pos><stem>monster</stem></mw><gra type="gra" index="5" head="3" relation="OBJ"/></mor></w>
    <t type="q"><mor type="mor"><mt type="q"/><gra type="gra" index="6" head="1" relation="PUNCT"/></mor></t>

  </u>
  <u who="CHI" uID="u94">
    <w>no<mor type="mor"><mw><pos><c>co</c></pos><stem>no</stem></mw><gra type="gra" index="1" head="0" relation="INCROOT"/></mor></w>
    <t type="e"><mor type="mor"><mt type="e"/><gra type="gra" index="2" head="1" relation="PUNCT"/></mor></t>

  </u>
  <u who="MOT" uID="u95">
    <w>what<mor type="mor"><mw><pos><c>pro</c><s>int</s></pos><stem>what</stem></mw><gra type="gra" index="1" head="2" relation="LINK"/></mor></w>
    <w>were<mor type="mor"><mw><pos><c>cop</c></pos><stem>be</stem><mk type="sfxf">PAST</mk></mw><gra type="gra" index="2" head="0" relation="ROOT"/></mor></w>
    <w>you<mor type="mor"><mw><pos><c>pro</c><s>per</s></pos><stem>you</stem></mw><gra type="gra" index="3" head="2" relation="PRED"/></mor></w>
    <w>being<mor type="mor"><mw><pos><c>part</c></pos><stem>be</stem><mk type="sfx">PRESP</mk></mw><gra type="gra" index="4" head="3" relation="OM"/></mor></w>
    <t type="q"><mor type="mor"><mt type="q"/><gra type="gra" index="5" head="2" relation="PUNCT"/></mor></t>

  </u>
  <u who="CHI" uID="u96">
    <w>I<mor type="mor"><mw><pos><c>pro</c><s>sub</s></pos><stem>I</stem></mw><gra type="gra" index="1" head="2" relation="SUBJ"/></mor></w>
    <w>pretend<mor type="mor"><mw><pos><c>v</c></pos><stem>pretend</stem></mw><gra type="gra" index="2" head="0" relation="ROOT"/></mor></w>
    <t type="p"><mor type="mor"><mt type="p"/><gra type="gra" index="3" head="2" relation="PUNCT"/></mor></t>

    <a type="gesture">&lt;bef&gt; looks into space</a>
    <a type="extension" flavor="pho">ai tend</a>
  </u>
  <u who="MOT" uID="u97">
    <w>what<mor type="mor"><mw><pos><c>pro</c><s>int</s></pos><stem>what</stem></mw><gra type="gra" index="1" head="2" relation="LINK"/></mor></w>
    <w>were<mor type="mor"><mw><pos><c>cop</c></pos><stem>be</stem><mk type="sfxf">PAST</mk></mw><gra type="gra" index="2" head="0" relation="ROOT"/></mor></w>
    <w>you<mor type="mor"><mw><pos><c>pro</c><s>per</s></pos><stem>you</stem></mw><gra type="gra" index="3" head="2" relation="PRED"/></mor></w>
    <w>pretending<mor type="mor"><mw><pos><c>part</c></pos><stem>pretend</stem><mk type="sfx">PRESP</mk></mw><gra type="gra" index="4" head="3" relation="XMOD"/></mor></w>
    <w>to<mor type="mor"><mw><pos><c>inf</c></pos><stem>to</stem></mw><gra type="gra" index="5" head="6" relation="INF"/></mor></w>
    <w>be<mor type="mor"><mw><pos><c>cop</c></pos><stem>be</stem></mw><gra type="gra" index="6" head="4" relation="COMP"/></mor></w>
    <t type="q"><mor type="mor"><mt type="q"/><gra type="gra" index="7" head="2" relation="PUNCT"/></mor></t>

    <a type="gesture">looks at Olivia</a>
  </u>
  <u who="CHI" uID="u98">
    <w formType="child-invented">teah<mor type="mor"><mw><pos><c>chi</c></pos><stem>teah</stem></mw><gra type="gra" index="1" head="0" relation="INCROOT"/></mor></w>
    <t type="p"><mor type="mor"><mt type="p"/><gra type="gra" index="2" head="1" relation="PUNCT"/></mor></t>

    <a type="gesture">&lt;bef&gt; looks at Mother . smiles &lt;aft&gt; glances at camera . looks at Mother . shakes head</a>
    <a type="extension" flavor="pho">te 6h</a>
  </u>
  <u who="MOT" uID="u99">
    <w formType="child-invented">teah<mor type="mor"><mw><pos><c>chi</c></pos><stem>teah</stem></mw><gra type="gra" index="1" head="0" relation="INCROOT"/></mor></w>
    <t type="q"><mor type="mor"><mt type="q"/><gra type="gra" index="2" head="1" relation="PUNCT"/></mor></t>

  </u>
  <u who="MOT" uID="u100">
    <w>the<mor type="mor"><mw><pos><c>det</c><s>art</s></pos><stem>the</stem></mw><gra type="gra" index="1" head="3" relation="DET"/></mor></w>
    <w>incredible<mor type="mor"><mw><mpfx>in</mpfx><pos><c>adj</c></pos><stem>credible</stem></mw><gra type="gra" index="2" head="3" relation="MOD"/></mor></w>
    <w>hulk<mor type="mor"><mw><pos><c>n</c></pos><stem>hulk</stem></mw><gra type="gra" index="3" head="0" relation="INCROOT"/></mor></w>
    <t type="q"><mor type="mor"><mt type="q"/><gra type="gra" index="4" head="3" relation="PUNCT"/></mor></t>

    <a type="gesture">&lt;aft&gt; nods</a>
  </u>
  <u who="CHI" uID="u101">
    <w formType="child-invented">teah<mor type="mor"><mw><pos><c>chi</c></pos><stem>teah</stem></mw><gra type="gra" index="1" head="0" relation="INCROOT"/></mor></w>
    <t type="p"><mor type="mor"><mt type="p"/><gra type="gra" index="2" head="1" relation="PUNCT"/></mor></t>

    <a type="paralinguistics">&lt;1w&gt; softly</a>
  </u>
  <u who="CHI" uID="u102">
    <w type="filler">uh</w>
    <t type="e"></t>

    <a type="actions">&lt;1w&gt; jumps in chair</a>
  </u>
  <u who="MOT" uID="u103">
    <e><happening>laughs</happening></e>
    <t type="p"></t>

  </u>
  <u who="CHI" uID="u104">
    <w type="filler">uh</w>
    <t type="e"></t>

  </u>
  <u who="MOT" uID="u105">
    <w>you're<mor type="mor"><mw><pos><c>pro</c><s>per</s></pos><stem>you</stem></mw><gra type="gra" index="1" head="2" relation="SUBJ"/><mor-post><mw><pos><c>cop</c></pos><stem>be</stem><mk type="sfxf">PRES</mk></mw><gra type="gra" index="2" head="0" relation="ROOT"/></mor-post></mor></w>
    <w>kind<mor type="mor"><mw><pos><c>n</c></pos><stem>kind</stem></mw><gra type="gra" index="3" head="2" relation="PRED"/></mor></w>
    <w>of<mor type="mor"><mw><pos><c>prep</c></pos><stem>of</stem></mw><gra type="gra" index="4" head="3" relation="NJCT"/></mor></w>
    <w>silly<mor type="mor"><mw><pos><c>adj</c></pos><stem>silly</stem></mw><gra type="gra" index="5" head="4" relation="POBJ"/></mor></w>
    <t type="p"><mor type="mor"><mt type="p"/><gra type="gra" index="6" head="2" relation="PUNCT"/></mor></t>

  </u>
  <u who="CHI" uID="u106">
    <w type="filler">uh</w>
    <t type="e"></t>

    <a type="gesture">looks at camera</a>
  </u>
  <u who="MOT" uID="u107">
    <w>what<mor type="mor"><mw><pos><c>pro</c><s>int</s></pos><stem>what</stem></mw><gra type="gra" index="1" head="2" relation="SUBJ"/></mor></w>
    <w>is<mor type="mor"><mw><pos><c>cop</c></pos><stem>be</stem><mk type="sfxf">3S</mk></mw><gra type="gra" index="2" head="0" relation="ROOT"/></mor></w>
    <w>she<mor type="mor"><mw><pos><c>pro</c><s>sub</s></pos><stem>she</stem></mw><gra type="gra" index="3" head="2" relation="PRED"/></mor></w>
    <w>doing<mor type="mor"><mw><pos><c>part</c></pos><stem>do</stem><mk type="sfx">PRESP</mk></mw><gra type="gra" index="4" head="3" relation="OM"/></mor></w>
    <t type="q"><mor type="mor"><mt type="q"/><gra type="gra" index="5" head="2" relation="PUNCT"/></mor></t>

  </u>
  <u who="CHI" uID="u108">
    <w type="filler">uh</w>
    <t type="e"></t>

    <a type="gesture">looks at Mother , at camera</a>
  </u>
  <u who="MOT" uID="u109">
    <w>do<mor type="mor"><mw><pos><c>mod</c></pos><stem>do</stem></mw><gra type="gra" index="1" head="3" relation="AUX"/></mor></w>
    <w>you<mor type="mor"><mw><pos><c>pro</c><s>per</s></pos><stem>you</stem></mw><gra type="gra" index="2" head="3" relation="SUBJ"/></mor></w>
    <w>know<mor type="mor"><mw><pos><c>v</c></pos><stem>know</stem></mw><gra type="gra" index="3" head="0" relation="ROOT"/></mor></w>
    <w>what<mor type="mor"><mw><pos><c>pro</c><s>int</s></pos><stem>what</stem></mw><gra type="gra" index="4" head="6" relation="LINK"/></mor></w>
    <w>that<mor type="mor"><mw><pos><c>comp</c></pos><stem>that</stem></mw><gra type="gra" index="5" head="6" relation="SUBJ"/></mor></w>
    <w>is<mor type="mor"><mw><pos><c>cop</c></pos><stem>be</stem><mk type="sfxf">3S</mk></mw><gra type="gra" index="6" head="3" relation="COMP"/></mor></w>
    <t type="q"><mor type="mor"><mt type="q"/><gra type="gra" index="7" head="3" relation="PUNCT"/></mor></t>

  </u>
  <u who="CHI" uID="u110">
    <w>what<mor type="mor"><mw><pos><c>pro</c><s>int</s></pos><stem>what</stem></mw><gra type="gra" index="1" head="0" relation="INCROOT"/></mor></w>
    <t type="q"><mor type="mor"><mt type="q"/><gra type="gra" index="2" head="1" relation="PUNCT"/></mor></t>

    <a type="gesture">&lt;aft&gt; glances at Mother . looks at camera</a>
  </u>
  <u who="MOT" uID="u111">
    <w>that's<mor type="mor"><mw><pos><c>pro</c><s>dem</s></pos><stem>that</stem></mw><gra type="gra" index="1" head="2" relation="SUBJ"/><mor-post><mw><pos><c>cop</c></pos><stem>be</stem><mk type="sfxf">3S</mk></mw><gra type="gra" index="2" head="0" relation="ROOT"/></mor-post></mor></w>
    <w>a<mor type="mor"><mw><pos><c>det</c><s>art</s></pos><stem>a</stem></mw><gra type="gra" index="3" head="5" relation="DET"/></mor></w>
    <g><w>movie<mor type="mor"><mw><pos><c>n</c></pos><stem>movie</stem></mw><gra type="gra" index="4" head="5" relation="MOD"/></mor></w><k type="stressing"/></g>
    <w>camera<mor type="mor"><mw><pos><c>n</c></pos><stem>camera</stem></mw><gra type="gra" index="5" head="2" relation="PRED"/></mor></w>
    <t type="p"><mor type="mor"><mt type="p"/><gra type="gra" index="6" head="2" relation="PUNCT"/></mor></t>

  </u>
  <u who="MOT" uID="u112">
    <w>a<mor type="mor"><mw><pos><c>det</c><s>art</s></pos><stem>a</stem></mw><gra type="gra" index="1" head="3" relation="DET"/></mor></w>
    <w>movie<mor type="mor"><mw><pos><c>n</c></pos><stem>movie</stem></mw><gra type="gra" index="2" head="3" relation="MOD"/></mor></w>
    <w>camera<mor type="mor"><mw><pos><c>n</c></pos><stem>camera</stem></mw><gra type="gra" index="3" head="0" relation="INCROOT"/></mor></w>
    <t type="p"><mor type="mor"><mt type="p"/><gra type="gra" index="4" head="3" relation="PUNCT"/></mor></t>

  </u>
  <u who="MOT" uID="u113">
    <w>she's<mor type="mor"><mw><pos><c>pro</c><s>sub</s></pos><stem>she</stem></mw><gra type="gra" index="1" head="3" relation="SUBJ"/><mor-post><mw><pos><c>aux</c></pos><stem>be</stem><mk type="sfxf">3S</mk></mw><gra type="gra" index="2" head="3" relation="AUX"/></mor-post></mor></w>
    <w>taking<mor type="mor"><mw><pos><c>part</c></pos><stem>take</stem><mk type="sfx">PRESP</mk></mw><gra type="gra" index="3" head="0" relation="ROOT"/></mor></w>
    <w>your<mor type="mor"><mw><pos><c>det</c><s>poss</s></pos><stem>your</stem></mw><gra type="gra" index="4" head="5" relation="DET"/></mor></w>
    <w>picture<mor type="mor"><mw><pos><c>n</c></pos><stem>picture</stem></mw><gra type="gra" index="5" head="3" relation="OBJ"/></mor></w>
    <t type="p"><mor type="mor"><mt type="p"/><gra type="gra" index="6" head="3" relation="PUNCT"/></mor></t>

  </u>
  <u who="MOT" uID="u114">
    <w>are<mor type="mor"><mw><pos><c>cop</c></pos><stem>be</stem><mk type="sfxf">PRES</mk></mw><gra type="gra" index="1" head="0" relation="ROOT"/></mor></w>
    <w>you<mor type="mor"><mw><pos><c>pro</c><s>per</s></pos><stem>you</stem></mw><gra type="gra" index="2" head="1" relation="PRED"/></mor></w>
    <w>done<mor type="mor"><mw><pos><c>part</c></pos><stem>do</stem><mk type="sfxf">PASTP</mk></mw><gra type="gra" index="3" head="2" relation="XMOD"/></mor></w>
    <w>with<mor type="mor"><mw><pos><c>prep</c></pos><stem>with</stem></mw><gra type="gra" index="4" head="3" relation="JCT"/></mor></w>
    <w>your<mor type="mor"><mw><pos><c>det</c><s>poss</s></pos><stem>your</stem></mw><gra type="gra" index="5" head="6" relation="DET"/></mor></w>
    <w>snack<mor type="mor"><mw><pos><c>n</c></pos><stem>snack</stem></mw><gra type="gra" index="6" head="4" relation="POBJ"/></mor></w>
    <t type="q"><mor type="mor"><mt type="q"/><gra type="gra" index="7" head="1" relation="PUNCT"/></mor></t>

  </u>
  <u who="MOT" uID="u115">
    <w>no<mor type="mor"><mw><pos><c>co</c></pos><stem>no</stem></mw><gra type="gra" index="1" head="0" relation="INCROOT"/></mor></w>
    <t type="q"><mor type="mor"><mt type="q"/><gra type="gra" index="2" head="1" relation="PUNCT"/></mor></t>

  </u>
  <u who="CHI" uID="u116">
    <e><action/></e>
    <t type="p"></t>

    <a type="gesture">shakes head . looks at snack</a>
  </u>
  <u who="MOT" uID="u117">
    <w>mm<p type="drawl"/><mor type="mor"><mw><pos><c>co</c></pos><stem>mm</stem></mw><gra type="gra" index="1" head="0" relation="INCROOT"/></mor></w>
    <t type="p"><mor type="mor"><mt type="p"/><gra type="gra" index="2" head="1" relation="PUNCT"/></mor></t>

    <a type="gesture">looks at Olivia</a>
  </u>
  <u who="MOT" uID="u118">
    <w>eat<mor type="mor"><mw><pos><c>v</c></pos><stem>eat</stem></mw><gra type="gra" index="1" head="0" relation="ROOT"/></mor></w>
    <w>the<mor type="mor"><mw><pos><c>det</c><s>art</s></pos><stem>the</stem></mw><gra type="gra" index="2" head="3" relation="DET"/></mor></w>
    <w>peanut<mor type="mor"><mw><pos><c>n</c></pos><stem>peanut</stem></mw><gra type="gra" index="3" head="1" relation="OBJ"/></mor></w>
    <t type="p"><mor type="mor"><mt type="p"/><gra type="gra" index="4" head="1" relation="PUNCT"/></mor></t>

  </u>
  <u who="CHI" uID="u119">
    <w>they're<mor type="mor"><mw><pos><c>pro</c><s>sub</s></pos><stem>they</stem></mw><gra type="gra" index="1" head="2" relation="SUBJ"/><mor-post><mw><pos><c>cop</c></pos><stem>be</stem><mk type="sfxf">PRES</mk></mw><gra type="gra" index="2" head="0" relation="ROOT"/></mor-post></mor></w>
    <w>yucky<mor type="mor"><mw><pos><c>adj</c></pos><stem>yuck</stem><mk type="sfxf">dn</mk><mk type="sfx">Y</mk></mw><gra type="gra" index="3" head="2" relation="PRED"/></mor></w>
    <t type="p"><mor type="mor"><mt type="p"/><gra type="gra" index="4" head="2" relation="PUNCT"/></mor></t>

    <a type="gesture">&lt;aft&gt; looks at Mother</a>
    <a type="actions">&lt;bef&gt; eats</a>
    <a type="extension" flavor="pho">der j6ki</a>
  </u>
  <u who="MOT" uID="u120">
    <w>yucky<mor type="mor"><mw><pos><c>adj</c></pos><stem>yuck</stem><mk type="sfxf">dn</mk><mk type="sfx">Y</mk></mw><gra type="gra" index="1" head="0" relation="INCROOT"/></mor></w>
    <t type="q"><mor type="mor"><mt type="q"/><gra type="gra" index="2" head="1" relation="PUNCT"/></mor></t>

  </u>
  <u who="MOT" uID="u121">
    <w>how<mor type="mor"><mw><pos><c>pro</c><s>int</s></pos><stem>how</stem></mw><gra type="gra" index="1" head="2" relation="JCT"/></mor></w>
    <w>come<mor type="mor"><mw><pos><c>v</c></pos><stem>come</stem></mw><gra type="gra" index="2" head="4" relation="PRED"/></mor></w>
    <w>you<mor type="mor"><mw><pos><c>pro</c><s>per</s></pos><stem>you</stem></mw><gra type="gra" index="3" head="4" relation="SUBJ"/></mor></w>
    <w>eat<mor type="mor"><mw><pos><c>v</c></pos><stem>eat</stem></mw><gra type="gra" index="4" head="0" relation="ROOT"/></mor></w>
    <w><shortening>th</shortening>em<mor type="mor"><mw><pos><c>pro</c><s>obj</s></pos><stem>them</stem></mw><gra type="gra" index="5" head="4" relation="OBJ"/></mor></w>
    <w>if<mor type="mor"><mw><pos><c>conj</c></pos><stem>if</stem></mw><gra type="gra" index="6" head="8" relation="LINK"/></mor></w>
    <w>they're<mor type="mor"><mw><pos><c>pro</c><s>sub</s></pos><stem>they</stem></mw><gra type="gra" index="7" head="8" relation="SUBJ"/><mor-post><mw><pos><c>cop</c></pos><stem>be</stem><mk type="sfxf">PRES</mk></mw><gra type="gra" index="8" head="4" relation="CJCT"/></mor-post></mor></w>
    <w>yucky<mor type="mor"><mw><pos><c>adj</c></pos><stem>yuck</stem><mk type="sfxf">dn</mk><mk type="sfx">Y</mk></mw><gra type="gra" index="9" head="8" relation="PRED"/></mor></w>
    <t type="q"><mor type="mor"><mt type="q"/><gra type="gra" index="10" head="4" relation="PUNCT"/></mor></t>

  </u>
  <u who="CHI" uID="u122">
    <w><shortening>be</shortening>c<shortening>a</shortening>use<mor type="mor"><mw><pos><c>conj</c></pos><stem>because</stem></mw><gra type="gra" index="1" head="3" relation="LINK"/></mor></w>
    <w>they're<mor type="mor"><mw><pos><c>pro</c><s>sub</s></pos><stem>they</stem></mw><gra type="gra" index="2" head="3" relation="SUBJ"/><mor-post><mw><pos><c>cop</c></pos><stem>be</stem><mk type="sfxf">PRES</mk></mw><gra type="gra" index="3" head="0" relation="ROOT"/></mor-post></mor></w>
    <w>yucky<mor type="mor"><mw><pos><c>adj</c></pos><stem>yuck</stem><mk type="sfxf">dn</mk><mk type="sfx">Y</mk></mw><gra type="gra" index="4" head="3" relation="PRED"/></mor></w>
    <t type="e"><mor type="mor"><mt type="e"/><gra type="gra" index="5" head="3" relation="PUNCT"/></mor></t>

    <a type="extension" flavor="pho">k6z der j6ki der s6lti</a>
  </u>
  <u who="CHI" uID="u123">
    <w>they're<mor type="mor"><mw><pos><c>pro</c><s>sub</s></pos><stem>they</stem></mw><gra type="gra" index="1" head="2" relation="SUBJ"/><mor-post><mw><pos><c>cop</c></pos><stem>be</stem><mk type="sfxf">PRES</mk></mw><gra type="gra" index="2" head="0" relation="ROOT"/></mor-post></mor></w>
    <w>salty<mor type="mor"><mw><pos><c>adj</c></pos><stem>salt</stem><mk type="sfxf">dn</mk><mk type="sfx">Y</mk></mw><gra type="gra" index="3" head="2" relation="PRED"/></mor></w>
    <t type="p"><mor type="mor"><mt type="p"/><gra type="gra" index="4" head="2" relation="PUNCT"/></mor></t>

  </u>
  <u who="MOT" uID="u124">
    <w>they're<mor type="mor"><mw><pos><c>pro</c><s>sub</s></pos><stem>they</stem></mw><gra type="gra" index="1" head="2" relation="SUBJ"/><mor-post><mw><pos><c>cop</c></pos><stem>be</stem><mk type="sfxf">PRES</mk></mw><gra type="gra" index="2" head="0" relation="ROOT"/></mor-post></mor></w>
    <w>salty<mor type="mor"><mw><pos><c>adj</c></pos><stem>salt</stem><mk type="sfxf">dn</mk><mk type="sfx">Y</mk></mw><gra type="gra" index="3" head="2" relation="PRED"/></mor></w>
    <tagMarker type="comma"><mor type="mor"><mw><pos><c>cm</c></pos><stem>cm</stem></mw><gra type="gra" index="4" head="2" relation="LP"/></mor></tagMarker>
    <w>oh<mor type="mor"><mw><pos><c>co</c></pos><stem>oh</stem></mw><gra type="gra" index="5" head="2" relation="COM"/></mor></w>
    <t type="p"><mor type="mor"><mt type="p"/><gra type="gra" index="6" head="2" relation="PUNCT"/></mor></t>

    <a type="gesture">nods</a>
  </u>
  <u who="CHI" uID="u125">
    <w>yucky<mor type="mor"><mw><pos><c>adj</c></pos><stem>yuck</stem><mk type="sfxf">dn</mk><mk type="sfx">Y</mk></mw><gra type="gra" index="1" head="0" relation="INCROOT"/></mor></w>
    <t type="p"><mor type="mor"><mt type="p"/><gra type="gra" index="2" head="1" relation="PUNCT"/></mor></t>

    <a type="gesture">glances at camera</a>
    <a type="actions">eats</a>
  </u>
  <u who="MOT" uID="u126">
    <w>yeah<mor type="mor"><mw><pos><c>co</c></pos><stem>yeah</stem></mw><gra type="gra" index="1" head="0" relation="INCROOT"/></mor></w>
    <t type="p"><mor type="mor"><mt type="p"/><gra type="gra" index="2" head="1" relation="PUNCT"/></mor></t>

  </u>
  <u who="CHI" uID="u127">
    <w>no<mor type="mor"><mw><pos><c>co</c></pos><stem>no</stem></mw><gra type="gra" index="1" head="3" relation="COM"/></mor></w>
    <w>they're<mor type="mor"><mw><pos><c>pro</c><s>sub</s></pos><stem>they</stem></mw><gra type="gra" index="2" head="3" relation="SUBJ"/><mor-post><mw><pos><c>cop</c></pos><stem>be</stem><mk type="sfxf">PRES</mk></mw><gra type="gra" index="3" head="0" relation="ROOT"/></mor-post></mor></w>
    <w>not<mor type="mor"><mw><pos><c>neg</c></pos><stem>not</stem></mw><gra type="gra" index="4" head="3" relation="NEG"/></mor></w>
    <t type="trail off"><mor type="mor"><mt type="trail off"/><gra type="gra" index="5" head="3" relation="PUNCT"/></mor></t>

    <a type="actions">eats</a>
    <a type="extension" flavor="pho">no der nOt der s6lti</a>
  </u>
  <u who="CHI" uID="u128">
    <w>they're<mor type="mor"><mw><pos><c>pro</c><s>sub</s></pos><stem>they</stem></mw><gra type="gra" index="1" head="2" relation="SUBJ"/><mor-post><mw><pos><c>cop</c></pos><stem>be</stem><mk type="sfxf">PRES</mk></mw><gra type="gra" index="2" head="0" relation="ROOT"/></mor-post></mor></w>
    <w>salty<mor type="mor"><mw><pos><c>adj</c></pos><stem>salt</stem><mk type="sfxf">dn</mk><mk type="sfx">Y</mk></mw><gra type="gra" index="3" head="2" relation="PRED"/></mor></w>
    <t type="p"><mor type="mor"><mt type="p"/><gra type="gra" index="4" head="2" relation="PUNCT"/></mor></t>

  </u>
  <u who="MOT" uID="u129">
    <w>they're<mor type="mor"><mw><pos><c>pro</c><s>sub</s></pos><stem>they</stem></mw><gra type="gra" index="1" head="2" relation="SUBJ"/><mor-post><mw><pos><c>cop</c></pos><stem>be</stem><mk type="sfxf">PRES</mk></mw><gra type="gra" index="2" head="0" relation="ROOT"/></mor-post></mor></w>
    <w>salty<mor type="mor"><mw><pos><c>adj</c></pos><stem>salt</stem><mk type="sfxf">dn</mk><mk type="sfx">Y</mk></mw><gra type="gra" index="3" head="2" relation="PRED"/></mor></w>
    <pause symbolic-length="simple"/>
    <w>oh<mor type="mor"><mw><pos><c>co</c></pos><stem>oh</stem></mw><gra type="gra" index="4" head="2" relation="COM"/></mor></w>
    <t type="p"><mor type="mor"><mt type="p"/><gra type="gra" index="5" head="2" relation="PUNCT"/></mor></t>

  </u>
  <u who="MOT" uID="u130">
    <w>does<mor type="mor"><mw><pos><c>mod</c></pos><stem>do</stem><mk type="sfxf">3S</mk></mw><gra type="gra" index="1" head="3" relation="AUX"/></mor></w>
    <w>that<mor type="mor"><mw><pos><c>comp</c></pos><stem>that</stem></mw><gra type="gra" index="2" head="3" relation="LINK"/></mor></w>
    <w>make<mor type="mor"><mw><pos><c>v</c></pos><stem>make</stem></mw><gra type="gra" index="3" head="0" relation="ROOT"/></mor></w>
    <w>them<mor type="mor"><mw><pos><c>pro</c><s>obj</s></pos><stem>them</stem></mw><gra type="gra" index="4" head="5" relation="SUBJ"/></mor></w>
    <w>taste<mor type="mor"><mw><pos><c>n</c></pos><stem>taste</stem></mw><gra type="gra" index="5" head="3" relation="OBJ"/></mor></w>
    <w>good<mor type="mor"><mw><pos><c>adj</c></pos><stem>good</stem></mw><gra type="gra" index="6" head="5" relation="POSTMOD"/></mor></w>
    <t type="q"><mor type="mor"><mt type="q"/><gra type="gra" index="7" head="3" relation="PUNCT"/></mor></t>

  </u>
  <u who="CHI" uID="u131">
    <w>you<mor type="mor"><mw><pos><c>pro</c><s>per</s></pos><stem>you</stem></mw><gra type="gra" index="1" head="2" relation="SUBJ"/></mor></w>
    <w>salt<mor type="mor"><mw><pos><c>v</c></pos><stem>salt</stem></mw><gra type="gra" index="2" head="0" relation="ROOT"/></mor></w>
    <w><shortening>th</shortening>em<mor type="mor"><mw><pos><c>pro</c><s>obj</s></pos><stem>them</stem></mw><gra type="gra" index="3" head="2" relation="OBJ"/></mor></w>
    <t type="p"><mor type="mor"><mt type="p"/><gra type="gra" index="4" head="2" relation="PUNCT"/></mor></t>

    <a type="gesture">&lt;bef&gt; looks at snack</a>
  </u>
  <u who="MOT" uID="u132">
    <w>oh<mor type="mor"><mw><pos><c>co</c></pos><stem>oh</stem></mw><gra type="gra" index="1" head="3" relation="COM"/></mor></w>
    <pause symbolic-length="simple"/>
    <w>I<mor type="mor"><mw><pos><c>pro</c><s>sub</s></pos><stem>I</stem></mw><gra type="gra" index="2" head="3" relation="SUBJ"/></mor></w>
    <w>did<mor type="mor"><mw><pos><c>v</c></pos><stem>do</stem><mk type="sfxf">PAST</mk></mw><gra type="gra" index="3" head="0" relation="ROOT"/></mor></w>
    <t type="q"><mor type="mor"><mt type="q"/><gra type="gra" index="4" head="3" relation="PUNCT"/></mor></t>

  </u>
  <u who="CHI" uID="u133">
    <w>this<mor type="mor"><mw><pos><c>pro</c><s>dem</s></pos><stem>this</stem></mw><gra type="gra" index="1" head="2" relation="SUBJ"/></mor></w>
    <w>is<mor type="mor"><mw><pos><c>cop</c></pos><stem>be</stem><mk type="sfxf">3S</mk></mw><gra type="gra" index="2" head="0" relation="ROOT"/></mor></w>
    <w>salt<mor type="mor"><mw><pos><c>v</c></pos><stem>salt</stem></mw><gra type="gra" index="3" head="2" relation="CPRED"/></mor></w>
    <t type="p"><mor type="mor"><mt type="p"/><gra type="gra" index="4" head="2" relation="PUNCT"/></mor></t>

    <a type="gesture">&lt;1w&gt; looks up , holds up peanut</a>
  </u>
  <u who="CHI" uID="u134">
    <w>this<mor type="mor"><mw><pos><c>pro</c><s>dem</s></pos><stem>this</stem></mw><gra type="gra" index="1" head="2" relation="SUBJ"/></mor></w>
    <w>is<mor type="mor"><mw><pos><c>cop</c></pos><stem>be</stem><mk type="sfxf">3S</mk></mw><gra type="gra" index="2" head="0" relation="ROOT"/></mor></w>
    <g><w>peanut<mor type="mor"><mw><pos><c>n</c></pos><stem>peanut</stem></mw><gra type="gra" index="3" head="2" relation="PRED"/></mor></w><error/></g>
    <t type="p"><mor type="mor"><mt type="p"/><gra type="gra" index="4" head="2" relation="PUNCT"/></mor></t>

  </u>
  <u who="MOT" uID="u135">
    <w>uhhuh<mor type="mor"><mw><pos><c>co</c></pos><stem>uhhuh</stem></mw><gra type="gra" index="1" head="0" relation="INCROOT"/></mor></w>
    <t type="p"><mor type="mor"><mt type="p"/><gra type="gra" index="2" head="1" relation="PUNCT"/></mor></t>

    <a type="gesture">&lt;bef&gt; nods</a>
  </u>
  <u who="CHI" uID="u136">
    <w>no<mor type="mor"><mw><pos><c>qn</c></pos><stem>no</stem></mw><gra type="gra" index="1" head="2" relation="QUANT"/></mor></w>
    <pause symbolic-length="simple"/>
    <w>this<mor type="mor"><mw><pos><c>pro</c><s>dem</s></pos><stem>this</stem></mw><gra type="gra" index="2" head="3" relation="SUBJ"/></mor></w>
    <w>is<mor type="mor"><mw><pos><c>cop</c></pos><stem>be</stem><mk type="sfxf">3S</mk></mw><gra type="gra" index="3" head="0" relation="ROOT"/></mor></w>
    <w>raisin<mor type="mor"><mw><pos><c>n</c></pos><stem>raisin</stem></mw><gra type="gra" index="4" head="3" relation="PRED"/></mor></w>
    <t type="p"><mor type="mor"><mt type="p"/><gra type="gra" index="5" head="3" relation="PUNCT"/></mor></t>

    <a type="gesture">looks at snack</a>
    <a type="extension" flavor="pho">no dIs Is resIn</a>
  </u>
  <u who="MOT" uID="u137">
    <w>you're<mor type="mor"><mw><pos><c>pro</c><s>per</s></pos><stem>you</stem></mw><gra type="gra" index="1" head="2" relation="SUBJ"/><mor-post><mw><pos><c>cop</c></pos><stem>be</stem><mk type="sfxf">PRES</mk></mw><gra type="gra" index="2" head="0" relation="ROOT"/></mor-post></mor></w>
    <w>silly<mor type="mor"><mw><pos><c>adj</c></pos><stem>silly</stem></mw><gra type="gra" index="3" head="2" relation="PRED"/></mor></w>
    <t type="p"><mor type="mor"><mt type="p"/><gra type="gra" index="4" head="2" relation="PUNCT"/></mor></t>

    <a type="gesture">&lt;dur&gt; smiles</a>
    <a type="paralinguistics">&lt;bef&gt; laughs</a>
  </u>
  <u who="CHI" uID="u138">
    <w>this<mor type="mor"><mw><pos><c>pro</c><s>dem</s></pos><stem>this</stem></mw><gra type="gra" index="1" head="2" relation="SUBJ"/></mor></w>
    <w>is<mor type="mor"><mw><pos><c>cop</c></pos><stem>be</stem><mk type="sfxf">3S</mk></mw><gra type="gra" index="2" head="0" relation="ROOT"/></mor></w>
    <g><w>raisin<mor type="mor"><mw><pos><c>n</c></pos><stem>raisin</stem></mw><gra type="gra" index="3" head="2" relation="PRED"/></mor></w><error/></g>
    <t type="p"><mor type="mor"><mt type="p"/><gra type="gra" index="4" head="2" relation="PUNCT"/></mor></t>

    <a type="gesture">looks at Mother</a>
    <a type="actions">&lt;bef&gt; eats . &lt;aft&gt; holds up raisin</a>
    <a type="paralinguistics">&lt;bef&gt; laughs</a>
    <a type="extension" flavor="pho">dIs Is resIn</a>
  </u>
  <u who="MOT" uID="u139">
    <w>oh<mor type="mor"><mw><pos><c>co</c></pos><stem>oh</stem></mw><gra type="gra" index="1" head="4" relation="COM"/></mor></w>
    <pause symbolic-length="simple"/>
    <w>and<mor type="mor"><mw><pos><c>coord</c></pos><stem>and</stem></mw><gra type="gra" index="2" head="4" relation="LINK"/></mor></w>
    <w>what's<mor type="mor"><mw><pos><c>pro</c><s>int</s></pos><stem>what</stem></mw><gra type="gra" index="3" head="4" relation="SUBJ"/><mor-post><mw><pos><c>cop</c></pos><stem>be</stem><mk type="sfxf">3S</mk></mw><gra type="gra" index="4" head="0" relation="ROOT"/></mor-post></mor></w>
    <w>that<mor type="mor"><mw><pos><c>pro</c><s>dem</s></pos><stem>that</stem></mw><gra type="gra" index="5" head="4" relation="PRED"/></mor></w>
    <t type="q"><mor type="mor"><mt type="q"/><gra type="gra" index="6" head="4" relation="PUNCT"/></mor></t>

    <a type="gesture">&lt;bef&gt; looks at Olivia . &lt;dur&gt; points to raisins</a>
  </u>
  <u who="CHI" uID="u140">
    <w>peanut<mor type="mor"><mw><pos><c>n</c></pos><stem>peanut</stem></mw><gra type="gra" index="1" head="0" relation="INCROOT"/></mor></w>
    <t type="p"><mor type="mor"><mt type="p"/><gra type="gra" index="2" head="1" relation="PUNCT"/></mor></t>

    <a type="gesture">looks at raisins . looks at Mother</a>
  </u>
  <u who="MOT" uID="u141">
    <w>oh<mor type="mor"><mw><pos><c>co</c></pos><stem>oh</stem></mw><gra type="gra" index="1" head="3" relation="COM"/></mor></w>
    <pause symbolic-length="simple"/>
    <w>that's<mor type="mor"><mw><pos><c>pro</c><s>dem</s></pos><stem>that</stem></mw><gra type="gra" index="2" head="3" relation="SUBJ"/><mor-post><mw><pos><c>cop</c></pos><stem>be</stem><mk type="sfxf">3S</mk></mw><gra type="gra" index="3" head="0" relation="ROOT"/></mor-post></mor></w>
    <w>peanuts<mor type="mor"><mw><pos><c>n</c></pos><stem>peanut</stem><mk type="sfx">PL</mk></mw><gra type="gra" index="4" head="3" relation="PRED"/></mor></w>
    <t type="p"><mor type="mor"><mt type="p"/><gra type="gra" index="5" head="3" relation="PUNCT"/></mor></t>

  </u>
</CHAT>