<?xml version="1.0" encoding="UTF-8"?>

<CHAT xmlns:xsi="http://www.w3.org/2001/XMLSchema-instance"
      xmlns="http://www.talkbank.org/ns/talkbank"
      xsi:schemaLocation="http://www.talkbank.org/ns/talkbank https://talkbank.org/software/talkbank.xsd"
            DesignType="cross"
            ActivityType="toyplay"
            GroupType="TD"
      PID="11312/c-00015297-1"
      Version="2.16.0"
      Lang="eng"
      Corpus="Bates"
      >
  <Participants>
    <participant
      id="CHI"
    name="Ruth"
      role="Target_Child"
      language="eng"
      age="P2Y04M"
      sex="female"
      group="TD"
      SES="MC"

    />
    <participant
      id="MOT"
      role="Mother"
      language="eng"
      sex="female"

    />
  </Participants>
  <comment type="Types">cross, toyplay, TD</comment>
  <u who="MOT" uID="u0">
    <w>spread<mor type="mor"><mw><pos><c>n</c></pos><stem>spread</stem></mw><gra type="gra" index="1" head="0" relation="INCROOT"/></mor></w>
    <w>that<mor type="mor"><mw><pos><c>comp</c></pos><stem>that</stem></mw><gra type="gra" index="2" head="3" relation="LINK"/></mor></w>
    <w>one<mor type="mor"><mw><pos><c>pro</c><s>indef</s></pos><stem>one</stem></mw><gra type="gra" index="3" head="1" relation="CMOD"/></mor></w>
    <t type="p"><mor type="mor"><mt type="p"/><gra type="gra" index="4" head="1" relation="PUNCT"/></mor></t>

    <a type="actions">standing at counter making sandwich</a>
  </u>
  <u who="CHI" uID="u1">
    <w>I<mor type="mor"><mw><pos><c>pro</c><s>sub</s></pos><stem>I</stem></mw><gra type="gra" index="1" head="2" relation="SUBJ"/></mor></w>
    <g><w>done<mor type="mor"><mw><pos><c>part</c></pos><stem>do</stem><mk type="sfxf">PASTP</mk></mw><gra type="gra" index="2" head="0" relation="ROOT"/></mor></w><error/></g>
    <w>that<mor type="mor"><mw><pos><c>pro</c><s>dem</s></pos><stem>that</stem></mw><gra type="gra" index="3" head="2" relation="OBJ"/></mor></w>
    <t type="p"><mor type="mor"><mt type="p"/><gra type="gra" index="4" head="2" relation="PUNCT"/></mor></t>

    <a type="actions">&lt;bef&gt; standing with Mother , helping . &lt;dur&gt; shows finger to Mother . licks finger</a>
  </u>
  <u who="MOT" uID="u2">
    <w>you're<mor type="mor"><mw><pos><c>pro</c><s>per</s></pos><stem>you</stem></mw><gra type="gra" index="1" head="3" relation="SUBJ"/><mor-post><mw><pos><c>aux</c></pos><stem>be</stem><mk type="sfxf">PRES</mk></mw><gra type="gra" index="2" head="3" relation="AUX"/></mor-post></mor></w>
    <w>eating<mor type="mor"><mw><pos><c>part</c></pos><stem>eat</stem><mk type="sfx">PRESP</mk></mw><gra type="gra" index="3" head="0" relation="ROOT"/></mor></w>
    <w>that<mor type="mor"><mw><pos><c>pro</c><s>dem</s></pos><stem>that</stem></mw><gra type="gra" index="4" head="3" relation="OBJ"/></mor></w>
    <t type="q"><mor type="mor"><mt type="q"/><gra type="gra" index="5" head="3" relation="PUNCT"/></mor></t>

    <a type="actions">takes knife from Ruth</a>
  </u>
  <u who="MOT" uID="u3">
    <w>okay<mor type="mor"><mw><pos><c>co</c></pos><stem>okay</stem></mw><gra type="gra" index="1" head="2" relation="COM"/></mor></w>
    <pause symbolic-length="simple"/>
    <w>good<mor type="mor"><mw><pos><c>adj</c></pos><stem>good</stem></mw><gra type="gra" index="2" head="0" relation="INCROOT"/></mor></w>
    <t type="p"><mor type="mor"><mt type="p"/><gra type="gra" index="3" head="2" relation="PUNCT"/></mor></t>

  </u>
  <u who="MOT" uID="u4">
    <w>okay<mor type="mor"><mw><pos><c>co</c></pos><stem>okay</stem></mw><gra type="gra" index="1" head="2" relation="COM"/></mor></w>
    <pause symbolic-length="simple"/>
    <w>put<mor type="mor"><mw><pos><c>v</c></pos><stem>put</stem><mk type="sfxf">ZERO</mk></mw><gra type="gra" index="2" head="0" relation="ROOT"/></mor></w>
    <w>your<mor type="mor"><mw><pos><c>det</c><s>poss</s></pos><stem>your</stem></mw><gra type="gra" index="3" head="4" relation="DET"/></mor></w>
    <w>meat<mor type="mor"><mw><pos><c>n</c></pos><stem>meat</stem></mw><gra type="gra" index="4" head="2" relation="OBJ"/></mor></w>
    <w>on<mor type="mor"><mw><pos><c>adv</c></pos><stem>on</stem></mw><gra type="gra" index="5" head="2" relation="JCT"/></mor></w>
    <t type="q"><mor type="mor"><mt type="q"/><gra type="gra" index="6" head="2" relation="PUNCT"/></mor></t>

  </u>
  <u who="CHI" uID="u5">
    <w>uhhuh<mor type="mor"><mw><pos><c>co</c></pos><stem>uhhuh</stem></mw><gra type="gra" index="1" head="0" relation="INCROOT"/></mor></w>
    <t type="p"><mor type="mor"><mt type="p"/><gra type="gra" index="2" head="1" relation="PUNCT"/></mor></t>

    <a type="actions">takes meat from Mother</a>
  </u>
  <u who="CHI" uID="u6">
    <w>then<mor type="mor"><mw><pos><c>adv</c><s>tem</s></pos><stem>then</stem></mw><gra type="gra" index="1" head="0" relation="INCROOT"/></mor></w>
    <w>what<mor type="mor"><mw><pos><c>pro</c><s>int</s></pos><stem>what</stem></mw><gra type="gra" index="2" head="1" relation="PUNCT"/></mor></w>
    <w>there<mor type="mor"><mw><pos><c>adv</c></pos><stem>there</stem></mw><gra type="gra" index="3" head="2" relation="JCT"/></mor></w>
    <t type="q"><mor type="mor"><mt type="q"/><gra type="gra" index="4" head="2" relation="INCROOT"/></mor></t>

  </u>
  <u who="MOT" uID="u7">
    <w>right<mor type="mor"><mw><pos><c>adv</c></pos><stem>right</stem></mw><gra type="gra" index="1" head="2" relation="JCT"/></mor></w>
    <w>there<mor type="mor"><mw><pos><c>n</c></pos><stem>there</stem></mw><gra type="gra" index="2" head="0" relation="INCROOT"/></mor></w>
    <t type="q"><mor type="mor"><mt type="q"/><gra type="gra" index="3" head="2" relation="PUNCT"/></mor></t>

  </u>
  <u who="MOT" uID="u8">
    <w>it's<mor type="mor"><mw><pos><c>pro</c><s>per</s></pos><stem>it</stem></mw><gra type="gra" index="1" head="2" relation="SUBJ"/><mor-post><mw><pos><c>cop</c></pos><stem>be</stem><mk type="sfxf">3S</mk></mw><gra type="gra" index="2" head="0" relation="ROOT"/></mor-post></mor></w>
    <w>ah<mor type="mor"><mw><pos><c>co</c></pos><stem>ah</stem></mw><gra type="gra" index="3" head="4" relation="COM"/></mor></w>
    <w>pimento<mor type="mor"><mw><pos><c>n</c></pos><stem>pimento</stem></mw><gra type="gra" index="4" head="2" relation="PRED"/></mor></w>
    <t type="p"><mor type="mor"><mt type="p"/><gra type="gra" index="5" head="2" relation="PUNCT"/></mor></t>

  </u>
  <u who="MOT" uID="u9">
    <w>okay<mor type="mor"><mw><pos><c>co</c></pos><stem>okay</stem></mw><gra type="gra" index="1" head="2" relation="COM"/></mor></w>
    <pause symbolic-length="simple"/>
    <w>let's<mor type="mor"><mw><pos><c>v</c></pos><stem>let</stem></mw><gra type="gra" index="2" head="0" relation="ROOT"/><mor-post><mw><pos><c>pro</c><s>obj</s></pos><stem>us</stem></mw><gra type="gra" index="3" head="2" relation="OBJ"/></mor-post></mor></w>
    <w>put<mor type="mor"><mw><pos><c>part</c></pos><stem>put</stem><mk type="sfxf">PASTP</mk></mw><gra type="gra" index="4" head="2" relation="COMP"/></mor></w>
    <w>on<mor type="mor"><mw><pos><c>prep</c></pos><stem>on</stem></mw><gra type="gra" index="5" head="4" relation="JCT"/></mor></w>
    <w>the<mor type="mor"><mw><pos><c>det</c><s>art</s></pos><stem>the</stem></mw><gra type="gra" index="6" head="8" relation="DET"/></mor></w>
    <w>other<mor type="mor"><mw><pos><c>qn</c></pos><stem>other</stem></mw><gra type="gra" index="7" head="8" relation="QUANT"/></mor></w>
    <w>piece<mor type="mor"><mw><pos><c>n</c></pos><stem>piece</stem></mw><gra type="gra" index="8" head="5" relation="POBJ"/></mor></w>
    <w>of<mor type="mor"><mw><pos><c>prep</c></pos><stem>of</stem></mw><gra type="gra" index="9" head="8" relation="NJCT"/></mor></w>
    <w>bread<mor type="mor"><mw><pos><c>n</c></pos><stem>bread</stem></mw><gra type="gra" index="10" head="9" relation="POBJ"/></mor></w>
    <t type="p"><mor type="mor"><mt type="p"/><gra type="gra" index="11" head="2" relation="PUNCT"/></mor></t>

  </u>
  <u who="CHI" uID="u10">
    <e><action/></e>
    <t type="p"></t>

    <a type="actions">puts on bread</a>
  </u>
  <u who="MOT" uID="u11">
    <w>here<mor type="mor"><mw><pos><c>adv</c></pos><stem>here</stem></mw><gra type="gra" index="1" head="2" relation="JCT"/></mor></w>
    <pause symbolic-length="simple"/>
    <w>let's<mor type="mor"><mw><pos><c>v</c></pos><stem>let</stem></mw><gra type="gra" index="2" head="0" relation="ROOT"/><mor-post><mw><pos><c>pro</c><s>obj</s></pos><stem>us</stem></mw><gra type="gra" index="3" head="2" relation="OBJ"/></mor-post></mor></w>
    <w>put<mor type="mor"><mw><pos><c>v</c></pos><stem>put</stem><mk type="sfxf">ZERO</mk></mw><gra type="gra" index="4" head="2" relation="COMP"/></mor></w>
    <w>it<mor type="mor"><mw><pos><c>pro</c><s>per</s></pos><stem>it</stem></mw><gra type="gra" index="5" head="4" relation="OBJ"/></mor></w>
    <w>on<mor type="mor"><mw><pos><c>prep</c></pos><stem>on</stem></mw><gra type="gra" index="6" head="4" relation="JCT"/></mor></w>
    <w>the<mor type="mor"><mw><pos><c>det</c><s>art</s></pos><stem>the</stem></mw><gra type="gra" index="7" head="8" relation="DET"/></mor></w>
    <w>top<mor type="mor"><mw><pos><c>n</c></pos><stem>top</stem></mw><gra type="gra" index="8" head="6" relation="POBJ"/></mor></w>
    <t type="p"><mor type="mor"><mt type="p"/><gra type="gra" index="9" head="2" relation="PUNCT"/></mor></t>

  </u>
  <u who="MOT" uID="u12">
    <w>okay<mor type="mor"><mw><pos><c>co</c></pos><stem>okay</stem></mw><gra type="gra" index="1" head="4" relation="COM"/></mor></w>
    <pause symbolic-length="simple"/>
    <w>should<mor type="mor"><mw><pos><c>mod</c></pos><stem>should</stem></mw><gra type="gra" index="2" head="4" relation="AUX"/></mor></w>
    <w>we<mor type="mor"><mw><pos><c>pro</c><s>sub</s></pos><stem>we</stem></mw><gra type="gra" index="3" head="4" relation="SUBJ"/></mor></w>
    <w>cut<mor type="mor"><mw><pos><c>v</c></pos><stem>cut</stem><mk type="sfxf">ZERO</mk></mw><gra type="gra" index="4" head="0" relation="ROOT"/></mor></w>
    <w>it<mor type="mor"><mw><pos><c>pro</c><s>per</s></pos><stem>it</stem></mw><gra type="gra" index="5" head="4" relation="OBJ"/></mor></w>
    <t type="q"><mor type="mor"><mt type="q"/><gra type="gra" index="6" head="4" relation="PUNCT"/></mor></t>

  </u>
  <u who="CHI" uID="u13">
    <w>no<mor type="mor"><mw><pos><c>co</c></pos><stem>no</stem></mw><gra type="gra" index="1" head="0" relation="INCROOT"/></mor></w>
    <t type="p"><mor type="mor"><mt type="p"/><gra type="gra" index="2" head="1" relation="PUNCT"/></mor></t>

  </u>
  <u who="MOT" uID="u14">
    <w>don't<mor type="mor"><mw><pos><c>mod</c></pos><stem>do</stem></mw><gra type="gra" index="1" head="3" relation="AUX"/><mor-post><mw><pos><c>neg</c></pos><stem>not</stem></mw><gra type="gra" index="2" head="1" relation="NEG"/></mor-post></mor></w>
    <w>cut<mor type="mor"><mw><pos><c>v</c></pos><stem>cut</stem><mk type="sfxf">ZERO</mk></mw><gra type="gra" index="3" head="0" relation="ROOT"/></mor></w>
    <w>it<mor type="mor"><mw><pos><c>pro</c><s>per</s></pos><stem>it</stem></mw><gra type="gra" index="4" head="3" relation="OBJ"/></mor></w>
    <t type="q"><mor type="mor"><mt type="q"/><gra type="gra" index="5" head="3" relation="PUNCT"/></mor></t>

  </u>
  <u who="CHI" uID="u15">
    <w>no<mor type="mor"><mw><pos><c>co</c></pos><stem>no</stem></mw><gra type="gra" index="1" head="0" relation="INCROOT"/></mor></w>
    <t type="p"><mor type="mor"><mt type="p"/><gra type="gra" index="2" head="1" relation="PUNCT"/></mor></t>

  </u>
  <u who="MOT" uID="u16">
    <w>okay<mor type="mor"><mw><pos><c>co</c></pos><stem>okay</stem></mw><gra type="gra" index="1" head="2" relation="COM"/></mor></w>
    <pause symbolic-length="simple"/>
    <w>take<mor type="mor"><mw><pos><c>v</c></pos><stem>take</stem></mw><gra type="gra" index="2" head="0" relation="ROOT"/></mor></w>
    <w>it<mor type="mor"><mw><pos><c>pro</c><s>per</s></pos><stem>it</stem></mw><gra type="gra" index="3" head="2" relation="OBJ"/></mor></w>
    <w>over<mor type="mor"><mw><pos><c>adv</c></pos><stem>over</stem></mw><gra type="gra" index="4" head="2" relation="JCT"/></mor></w>
    <w>to<mor type="mor"><mw><pos><c>prep</c></pos><stem>to</stem></mw><gra type="gra" index="5" head="2" relation="JCT"/></mor></w>
    <w>the<mor type="mor"><mw><pos><c>det</c><s>art</s></pos><stem>the</stem></mw><gra type="gra" index="6" head="7" relation="DET"/></mor></w>
    <w>table<mor type="mor"><mw><pos><c>n</c></pos><stem>table</stem></mw><gra type="gra" index="7" head="5" relation="POBJ"/></mor></w>
    <t type="p"><mor type="mor"><mt type="p"/><gra type="gra" index="8" head="2" relation="PUNCT"/></mor></t>

    <a type="actions">&lt;1w&gt; helps Ruth down . &lt;1w&gt; walks to table</a>
  </u>
  <u who="MOT" uID="u17">
    <w>okay<mor type="mor"><mw><pos><c>co</c></pos><stem>okay</stem></mw><gra type="gra" index="1" head="0" relation="INCROOT"/></mor></w>
    <t type="q"><mor type="mor"><mt type="q"/><gra type="gra" index="2" head="1" relation="PUNCT"/></mor></t>

  </u>
  <u who="CHI" uID="u18">
    <w>my<mor type="mor"><mw><pos><c>det</c><s>poss</s></pos><stem>my</stem></mw><gra type="gra" index="1" head="2" relation="DET"/></mor></w>
    <w>cup<mor type="mor"><mw><pos><c>n</c></pos><stem>cup</stem></mw><gra type="gra" index="2" head="0" relation="INCROOT"/></mor></w>
    <t type="q"><mor type="mor"><mt type="q"/><gra type="gra" index="3" head="2" relation="PUNCT"/></mor></t>

    <a type="actions">&lt;bef&gt; gets off chair . walks to table . &lt;dur&gt; sits</a>
  </u>
  <u who="MOT" uID="u19">
    <w>yeah<mor type="mor"><mw><pos><c>co</c></pos><stem>yeah</stem></mw><gra type="gra" index="1" head="3" relation="COM"/></mor></w>
    <pause symbolic-length="simple"/>
    <w>it's<mor type="mor"><mw><pos><c>pro</c><s>per</s></pos><stem>it</stem></mw><gra type="gra" index="2" head="3" relation="SUBJ"/><mor-post><mw><pos><c>cop</c></pos><stem>be</stem><mk type="sfxf">3S</mk></mw><gra type="gra" index="3" head="0" relation="ROOT"/></mor-post></mor></w>
    <w>your<mor type="mor"><mw><pos><c>det</c><s>poss</s></pos><stem>your</stem></mw><gra type="gra" index="4" head="5" relation="DET"/></mor></w>
    <w>cup<mor type="mor"><mw><pos><c>n</c></pos><stem>cup</stem></mw><gra type="gra" index="5" head="3" relation="PRED"/></mor></w>
    <t type="p"><mor type="mor"><mt type="p"/><gra type="gra" index="6" head="3" relation="PUNCT"/></mor></t>

  </u>
  <u who="CHI" uID="u20">
    <g><w>doing<mor type="mor"><mw><pos><c>part</c></pos><stem>do</stem><mk type="sfx">PRESP</mk></mw><gra type="gra" index="1" head="0" relation="INCROOT"/></mor></w><error/></g>
    <t type="q"><mor type="mor"><mt type="q"/><gra type="gra" index="2" head="1" relation="PUNCT"/></mor></t>

    <a type="gesture">looks at Mother</a>
  </u>
  <u who="MOT" uID="u21">
    <w>nothing<mor type="mor"><mw><pos><c>pro</c><s>indef</s></pos><stem>nothing</stem></mw><gra type="gra" index="1" head="5" relation="LINK"/></mor></w>
    <pause symbolic-length="simple"/>
    <w>what<mor type="mor"><mw><pos><c>pro</c><s>int</s></pos><stem>what</stem></mw><gra type="gra" index="2" head="5" relation="SUBJ"/></mor></w>
    <w>are<mor type="mor"><mw><pos><c>aux</c></pos><stem>be</stem><mk type="sfxf">PRES</mk></mw><gra type="gra" index="3" head="5" relation="AUX"/></mor></w>
    <g><w>you<mor type="mor"><mw><pos><c>pro</c><s>per</s></pos><stem>you</stem></mw><gra type="gra" index="4" head="5" relation="SUBJ"/></mor></w><k type="stressing"/></g>
    <w>doing<mor type="mor"><mw><pos><c>part</c></pos><stem>do</stem><mk type="sfx">PRESP</mk></mw><gra type="gra" index="5" head="0" relation="ROOT"/></mor></w>
    <t type="q"><mor type="mor"><mt type="q"/><gra type="gra" index="6" head="5" relation="PUNCT"/></mor></t>

    <a type="actions">&lt;bef&gt; sits looking at Ruth</a>
  </u>
  <u who="CHI" uID="u22">
    <g><w>talking<mor type="mor"><mw><pos><c>part</c></pos><stem>talk</stem><mk type="sfx">PRESP</mk></mw><gra type="gra" index="1" head="0" relation="INCROOT"/></mor></w><error/></g>
    <w>you<mor type="mor"><mw><pos><c>pro</c><s>per</s></pos><stem>you</stem></mw><gra type="gra" index="2" head="1" relation="OBJ"/></mor></w>
    <t type="p"><mor type="mor"><mt type="p"/><gra type="gra" index="3" head="1" relation="PUNCT"/></mor></t>

    <a type="actions">&lt;aft&gt; leans toward Mother</a>
  </u>
  <u who="MOT" uID="u23">
    <w>oh<mor type="mor"><mw><pos><c>co</c></pos><stem>oh</stem></mw><gra type="gra" index="1" head="2" relation="COM"/></mor></w>
    <pause symbolic-length="simple"/>
    <w>yeah<mor type="mor"><mw><pos><c>co</c></pos><stem>yeah</stem></mw><gra type="gra" index="2" head="0" relation="INCROOT"/></mor></w>
    <t type="q"><mor type="mor"><mt type="q"/><gra type="gra" index="3" head="2" relation="PUNCT"/></mor></t>

    <a type="actions">&lt;1w&gt; kisses Ruth's head</a>
  </u>
  <u who="MOT" uID="u24">
    <w>eat<mor type="mor"><mw><pos><c>v</c></pos><stem>eat</stem></mw><gra type="gra" index="1" head="0" relation="ROOT"/></mor></w>
    <w>your<mor type="mor"><mw><pos><c>det</c><s>poss</s></pos><stem>your</stem></mw><gra type="gra" index="2" head="3" relation="DET"/></mor></w>
    <w>sandwich<mor type="mor"><mw><pos><c>n</c></pos><stem>sandwich</stem></mw><gra type="gra" index="3" head="1" relation="OBJ"/></mor></w>
    <t type="q"><mor type="mor"><mt type="q"/><gra type="gra" index="4" head="1" relation="PUNCT"/></mor></t>

  </u>
  <u who="CHI" uID="u25">
    <w>I<mor type="mor"><mw><pos><c>pro</c><s>sub</s></pos><stem>I</stem></mw><gra type="gra" index="1" head="2" relation="SUBJ"/></mor></w>
    <w>chew<mor type="mor"><mw><pos><c>v</c></pos><stem>chew</stem></mw><gra type="gra" index="2" head="0" relation="ROOT"/></mor></w>
    <w>pumpkin<mor type="mor"><mw><pos><c>n</c></pos><stem>pumpkin</stem></mw><gra type="gra" index="3" head="2" relation="OBJ"/></mor></w>
    <t type="p"><mor type="mor"><mt type="p"/><gra type="gra" index="4" head="2" relation="PUNCT"/></mor></t>

    <a type="gesture">looks and points at pumpkin</a>
    <a type="extension" flavor="pho">hai tS6 p6mkIn</a>
  </u>
  <u who="MOT" uID="u26">
    <w>Crissy's<mor type="mor"><mw><pos><c>adj</c></pos><stem>Crissy</stem><mk type="sfxf">dn</mk><mk type="sfx">POSS</mk></mw><gra type="gra" index="1" head="2" relation="MOD"/></mor></w>
    <w>pumpkin<mor type="mor"><mw><pos><c>n</c></pos><stem>pumpkin</stem></mw><gra type="gra" index="2" head="0" relation="INCROOT"/></mor></w>
    <pause symbolic-length="simple"/>
    <w>yeah<mor type="mor"><mw><pos><c>co</c></pos><stem>yeah</stem></mw><gra type="gra" index="3" head="2" relation="COM"/></mor></w>
    <t type="p"><mor type="mor"><mt type="p"/><gra type="gra" index="4" head="2" relation="PUNCT"/></mor></t>

    <a type="gesture">nods</a>
  </u>
  <u who="CHI" uID="u27">
    <w untranscribed="unintelligible">xxx</w>
    <w>poke<mor type="mor"><mw><pos><c>v</c></pos><stem>poke</stem></mw><gra type="gra" index="1" head="0" relation="ROOT"/></mor></w>
    <w>teeth<mor type="mor"><mw><pos><c>n</c></pos><stem>tooth</stem><mk type="sfxf">PL</mk></mw><gra type="gra" index="2" head="1" relation="OBJ"/></mor></w>
    <w>out<mor type="mor"><mw><pos><c>adv</c></pos><stem>out</stem></mw><gra type="gra" index="3" head="1" relation="JCT"/></mor></w>
    <t type="p"><mor type="mor"><mt type="p"/><gra type="gra" index="4" head="1" relation="PUNCT"/></mor></t>

    <a type="gesture">looks at Mother</a>
    <a type="extension" flavor="pho">xxx pok te aut</a>
  </u>
  <u who="MOT" uID="u28">
    <w>no<mor type="mor"><mw><pos><c>co</c></pos><stem>no</stem></mw><gra type="gra" index="1" head="5" relation="COM"/></mor></w>
    <pause symbolic-length="simple"/>
    <w>you<mor type="mor"><mw><pos><c>pro</c><s>per</s></pos><stem>you</stem></mw><gra type="gra" index="2" head="5" relation="SUBJ"/></mor></w>
    <w>don't<mor type="mor"><mw><pos><c>mod</c></pos><stem>do</stem></mw><gra type="gra" index="3" head="5" relation="AUX"/><mor-post><mw><pos><c>neg</c></pos><stem>not</stem></mw><gra type="gra" index="4" head="3" relation="NEG"/></mor-post></mor></w>
    <w>poke<mor type="mor"><mw><pos><c>v</c></pos><stem>poke</stem></mw><gra type="gra" index="5" head="0" relation="ROOT"/></mor></w>
    <w type="omission">the<mor type="mor"><mw><pos><c>0det</c><s>art</s></pos><stem>the</stem></mw><gra type="gra" index="6" head="8" relation="DET"/></mor></w>
    <w>pumpkin's<mor type="mor"><mw><pos><c>adj</c></pos><stem>pumpkin</stem><mk type="sfxf">dn</mk><mk type="sfx">POSS</mk></mw><gra type="gra" index="7" head="8" relation="MOD"/></mor></w>
    <w>teeth<mor type="mor"><mw><pos><c>n</c></pos><stem>tooth</stem><mk type="sfxf">PL</mk></mw><gra type="gra" index="8" head="5" relation="OBJ"/></mor></w>
    <w>out<mor type="mor"><mw><pos><c>adv</c></pos><stem>out</stem></mw><gra type="gra" index="9" head="5" relation="JCT"/></mor></w>
    <t type="p"><mor type="mor"><mt type="p"/><gra type="gra" index="10" head="5" relation="PUNCT"/></mor></t>

    <a type="gesture">looks at Ruth . shakes head .</a>
  </u>
  <u who="CHI" uID="u29">
    <w untranscribed="unintelligible">xxx</w>
    <t type="p"></t>

    <a type="gesture">looks and points at pumpkin</a>
  </u>
  <u who="MOT" uID="u30">
    <w>yeah<mor type="mor"><mw><pos><c>co</c></pos><stem>yeah</stem></mw><gra type="gra" index="1" head="0" relation="INCROOT"/></mor></w>
    <t type="p"><mor type="mor"><mt type="p"/><gra type="gra" index="2" head="1" relation="PUNCT"/></mor></t>

    <a type="gesture">&lt;aft&gt; looks at pumpkin .</a>
  </u>
  <u who="CHI" uID="u31">
    <g><w>what<mor type="mor"><mw><pos><c>pro</c><s>int</s></pos><stem>what</stem></mw><gra type="gra" index="1" head="2" relation="LINK"/></mor></w><error/></g>
    <w>doing<mor type="mor"><mw><pos><c>n</c><s>gerund</s></pos><stem>do</stem><mk type="sfx">PRESP</mk></mw><gra type="gra" index="2" head="0" relation="INCROOT"/></mor></w>
    <t type="q"><mor type="mor"><mt type="q"/><gra type="gra" index="3" head="2" relation="PUNCT"/></mor></t>

  </u>
  <u who="MOT" uID="u32">
    <w>what<mor type="mor"><mw><pos><c>pro</c><s>int</s></pos><stem>what</stem></mw><gra type="gra" index="1" head="2" relation="SUBJ"/></mor></w>
    <g><w>is<mor type="mor"><mw><pos><c>cop</c></pos><stem>be</stem><mk type="sfxf">3S</mk></mw><gra type="gra" index="2" head="0" relation="ROOT"/></mor></w><k type="stressing"/></g>
    <w>he<mor type="mor"><mw><pos><c>pro</c><s>sub</s></pos><stem>he</stem></mw><gra type="gra" index="3" head="2" relation="PRED"/></mor></w>
    <w>doing<mor type="mor"><mw><pos><c>part</c></pos><stem>do</stem><mk type="sfx">PRESP</mk></mw><gra type="gra" index="4" head="3" relation="OM"/></mor></w>
    <t type="q"><mor type="mor"><mt type="q"/><gra type="gra" index="5" head="2" relation="PUNCT"/></mor></t>

  </u>
  <u who="CHI" uID="u33">
    <g><w>watchin<shortening>g</shortening></w><k type="retracing"/></g>
    <w>watching<mor type="mor"><mw><pos><c>part</c></pos><stem>watch</stem><mk type="sfx">PRESP</mk></mw><gra type="gra" index="1" head="0" relation="INCROOT"/></mor></w>
    <w>you<mor type="mor"><mw><pos><c>pro</c><s>per</s></pos><stem>you</stem></mw><gra type="gra" index="2" head="1" relation="OBJ"/></mor></w>
    <t type="e"><mor type="mor"><mt type="e"/><gra type="gra" index="3" head="1" relation="PUNCT"/></mor></t>

    <a type="gesture">looks at Mother</a>
  </u>
  <u who="MOT" uID="u34">
    <w>he's<mor type="mor"><mw><pos><c>pro</c><s>sub</s></pos><stem>he</stem></mw><gra type="gra" index="1" head="3" relation="SUBJ"/><mor-post><mw><pos><c>aux</c></pos><stem>be</stem><mk type="sfxf">3S</mk></mw><gra type="gra" index="2" head="3" relation="AUX"/></mor-post></mor></w>
    <w>looking<mor type="mor"><mw><pos><c>part</c></pos><stem>look</stem><mk type="sfx">PRESP</mk></mw><gra type="gra" index="3" head="0" relation="ROOT"/></mor></w>
    <w>at<mor type="mor"><mw><pos><c>prep</c></pos><stem>at</stem></mw><gra type="gra" index="4" head="3" relation="JCT"/></mor></w>
    <w>you<mor type="mor"><mw><pos><c>pro</c><s>per</s></pos><stem>you</stem></mw><gra type="gra" index="5" head="4" relation="POBJ"/></mor></w>
    <t type="q"><mor type="mor"><mt type="q"/><gra type="gra" index="6" head="3" relation="PUNCT"/></mor></t>

    <a type="paralinguistics">laughs</a>
    <a type="gesture">looks at Ruth . smiles</a>
  </u>
  <u who="CHI" uID="u35">
    <w>uhhuh<mor type="mor"><mw><pos><c>co</c></pos><stem>uhhuh</stem></mw><gra type="gra" index="1" head="0" relation="INCROOT"/></mor></w>
    <t type="p"><mor type="mor"><mt type="p"/><gra type="gra" index="2" head="1" relation="PUNCT"/></mor></t>

    <a type="actions">&lt;1w&gt; drinks</a>
  </u>
  <u who="CHI" uID="u36">
    <w>ah<mor type="mor"><mw><pos><c>co</c></pos><stem>ah</stem></mw><gra type="gra" index="1" head="2" relation="COM"/></mor></w>
    <pause symbolic-length="simple"/>
    <w>Mommy<mor type="mor"><mw><pos><c>n</c><s>prop</s></pos><stem>Mommy</stem></mw><gra type="gra" index="2" head="0" relation="INCROOT"/></mor></w>
    <t type="q"><mor type="mor"><mt type="q"/><gra type="gra" index="3" head="2" relation="PUNCT"/></mor></t>

  </u>
  <u who="MOT" uID="u37">
    <w>yeah<mor type="mor"><mw><pos><c>co</c></pos><stem>yeah</stem></mw><gra type="gra" index="1" head="0" relation="INCROOT"/></mor></w>
    <t type="q"><mor type="mor"><mt type="q"/><gra type="gra" index="2" head="1" relation="PUNCT"/></mor></t>

  </u>
  <u who="CHI" uID="u38">
    <g><w>doing<mor type="mor"><mw><pos><c>part</c></pos><stem>do</stem><mk type="sfx">PRESP</mk></mw><gra type="gra" index="1" head="0" relation="INCROOT"/></mor></w><error/></g>
    <t type="q"><mor type="mor"><mt type="q"/><gra type="gra" index="2" head="1" relation="PUNCT"/></mor></t>

  </u>
  <u who="MOT" uID="u39">
    <w>I'm<mor type="mor"><mw><pos><c>pro</c><s>sub</s></pos><stem>I</stem></mw><gra type="gra" index="1" head="3" relation="SUBJ"/><mor-post><mw><pos><c>aux</c></pos><stem>be</stem><mk type="sfxf">1S</mk></mw><gra type="gra" index="2" head="3" relation="AUX"/></mor-post></mor></w>
    <w>watching<mor type="mor"><mw><pos><c>part</c></pos><stem>watch</stem><mk type="sfx">PRESP</mk></mw><gra type="gra" index="3" head="0" relation="ROOT"/></mor></w>
    <w>you<mor type="mor"><mw><pos><c>pro</c><s>per</s></pos><stem>you</stem></mw><gra type="gra" index="4" head="5" relation="SUBJ"/></mor></w>
    <w>eat<mor type="mor"><mw><pos><c>v</c></pos><stem>eat</stem></mw><gra type="gra" index="5" head="3" relation="COMP"/></mor></w>
    <w>your<mor type="mor"><mw><pos><c>det</c><s>poss</s></pos><stem>your</stem></mw><gra type="gra" index="6" head="7" relation="DET"/></mor></w>
    <w>lunch<mor type="mor"><mw><pos><c>n</c></pos><stem>lunch</stem></mw><gra type="gra" index="7" head="5" relation="OBJ"/></mor></w>
    <pause symbolic-length="simple"/>
    <w>okay<mor type="mor"><mw><pos><c>adj</c></pos><stem>okay</stem></mw><gra type="gra" index="8" head="7" relation="POSTMOD"/></mor></w>
    <t type="q"><mor type="mor"><mt type="q"/><gra type="gra" index="9" head="3" relation="PUNCT"/></mor></t>

  </u>
  <u who="CHI" uID="u40">
    <w>yeah<mor type="mor"><mw><pos><c>co</c></pos><stem>yeah</stem></mw><gra type="gra" index="1" head="0" relation="INCROOT"/></mor></w>
    <t type="p"><mor type="mor"><mt type="p"/><gra type="gra" index="2" head="1" relation="PUNCT"/></mor></t>

    <a type="gesture">&lt;aft&gt; shakes head</a>
    <a type="actions">&lt;bef&gt; slides around in chair . eats</a>
    <a type="paralinguistics">spoken softly</a>
  </u>
  <u who="MOT" uID="u41">
    <w>good<mor type="mor"><mw><pos><c>adj</c></pos><stem>good</stem></mw><gra type="gra" index="1" head="0" relation="INCROOT"/></mor></w>
    <t type="q"><mor type="mor"><mt type="q"/><gra type="gra" index="2" head="1" relation="PUNCT"/></mor></t>

    <a type="gesture">looks at Ruth</a>
  </u>
  <u who="MOT" uID="u42">
    <w>do<mor type="mor"><mw><pos><c>mod</c></pos><stem>do</stem></mw><gra type="gra" index="1" head="3" relation="AUX"/></mor></w>
    <w>you<mor type="mor"><mw><pos><c>pro</c><s>per</s></pos><stem>you</stem></mw><gra type="gra" index="2" head="3" relation="SUBJ"/></mor></w>
    <w>want<mor type="mor"><mw><pos><c>v</c></pos><stem>want</stem></mw><gra type="gra" index="3" head="0" relation="ROOT"/></mor></w>
    <w>your<mor type="mor"><mw><pos><c>det</c><s>poss</s></pos><stem>your</stem></mw><gra type="gra" index="4" head="6" relation="DET"/></mor></w>
    <w>booster<mor type="mor"><mw><pos><c>n</c></pos><stem>boost</stem><mk type="sfxf">dv</mk><mk type="sfx">AGT</mk></mw><gra type="gra" index="5" head="6" relation="MOD"/></mor></w>
    <w>chair<mor type="mor"><mw><pos><c>n</c></pos><stem>chair</stem></mw><gra type="gra" index="6" head="3" relation="OBJ"/></mor></w>
    <t type="q"><mor type="mor"><mt type="q"/><gra type="gra" index="7" head="3" relation="PUNCT"/></mor></t>

  </u>
  <u who="MOT" uID="u43">
    <w>okay<mor type="mor"><mw><pos><c>co</c></pos><stem>okay</stem></mw><gra type="gra" index="1" head="3" relation="COM"/></mor></w>
    <pause symbolic-length="simple"/>
    <w>then<mor type="mor"><mw><pos><c>adv</c><s>tem</s></pos><stem>then</stem></mw><gra type="gra" index="2" head="3" relation="JCT"/></mor></w>
    <w>sit<mor type="mor"><mw><pos><c>v</c></pos><stem>sit</stem></mw><gra type="gra" index="3" head="0" relation="ROOT"/></mor></w>
    <w>up<mor type="mor"><mw><pos><c>adv</c></pos><stem>up</stem></mw><gra type="gra" index="4" head="3" relation="JCT"/></mor></w>
    <w>like<mor type="mor"><mw><pos><c>prep</c></pos><stem>like</stem></mw><gra type="gra" index="5" head="3" relation="JCT"/></mor></w>
    <w>a<mor type="mor"><mw><pos><c>det</c><s>art</s></pos><stem>a</stem></mw><gra type="gra" index="6" head="8" relation="DET"/></mor></w>
    <w>big<mor type="mor"><mw><pos><c>adj</c></pos><stem>big</stem></mw><gra type="gra" index="7" head="8" relation="MOD"/></mor></w>
    <w>girl<mor type="mor"><mw><pos><c>n</c></pos><stem>girl</stem></mw><gra type="gra" index="8" head="5" relation="POBJ"/></mor></w>
    <t type="p"><mor type="mor"><mt type="p"/><gra type="gra" index="9" head="3" relation="PUNCT"/></mor></t>

  </u>
  <u who="CHI" uID="u44">
    <w type="filler">um</w>
    <t type="p"></t>

    <a type="actions">&lt;aft&gt; sits up and eats</a>
  </u>
  <u who="MOT" uID="u45">
    <w>is<mor type="mor"><mw><pos><c>cop</c></pos><stem>be</stem><mk type="sfxf">3S</mk></mw><gra type="gra" index="1" head="0" relation="ROOT"/></mor></w>
    <w>that<mor type="mor"><mw><pos><c>comp</c></pos><stem>that</stem></mw><gra type="gra" index="2" head="1" relation="PRED"/></mor></w>
    <w>a<mor type="mor"><mw><pos><c>det</c><s>art</s></pos><stem>a</stem></mw><gra type="gra" index="3" head="5" relation="DET"/></mor></w>
    <w>good<mor type="mor"><mw><pos><c>adj</c></pos><stem>good</stem></mw><gra type="gra" index="4" head="5" relation="MOD"/></mor></w>
    <w>sandwich<mor type="mor"><mw><pos><c>n</c></pos><stem>sandwich</stem></mw><gra type="gra" index="5" head="2" relation="OM"/></mor></w>
    <t type="q"><mor type="mor"><mt type="q"/><gra type="gra" index="6" head="1" relation="PUNCT"/></mor></t>

    <a type="actions">lifts cup</a>
  </u>
  <u who="CHI" uID="u46">
    <w>all_gone<mor type="mor"><mw><pos><c>co</c></pos><stem>all_gone</stem></mw><gra type="gra" index="1" head="0" relation="INCROOT"/></mor></w>
    <t type="p"><mor type="mor"><mt type="p"/><gra type="gra" index="2" head="1" relation="PUNCT"/></mor></t>

    <a type="gesture">&lt;aft&gt; looks at cup</a>
  </u>
  <u who="MOT" uID="u47">
    <w>no<mor type="mor"><mw><pos><c>co</c></pos><stem>no</stem></mw><gra type="gra" index="1" head="3" relation="COM"/></mor></w>
    <pause symbolic-length="simple"/>
    <w>it's<mor type="mor"><mw><pos><c>pro</c><s>per</s></pos><stem>it</stem></mw><gra type="gra" index="2" head="3" relation="SUBJ"/><mor-post><mw><pos><c>cop</c></pos><stem>be</stem><mk type="sfxf">3S</mk></mw><gra type="gra" index="3" head="0" relation="ROOT"/></mor-post></mor></w>
    <w>not<mor type="mor"><mw><pos><c>neg</c></pos><stem>not</stem></mw><gra type="gra" index="4" head="3" relation="NEG"/></mor></w>
    <w>all_gone<mor type="mor"><mw><pos><c>adj</c></pos><stem>all_gone</stem></mw><gra type="gra" index="5" head="3" relation="PRED"/></mor></w>
    <t type="p"><mor type="mor"><mt type="p"/><gra type="gra" index="6" head="3" relation="PUNCT"/></mor></t>

  </u>
  <u who="MOT" uID="u48">
    <w>don't<mor type="mor"><mw><pos><c>mod</c></pos><stem>do</stem></mw><gra type="gra" index="1" head="3" relation="AUX"/><mor-post><mw><pos><c>neg</c></pos><stem>not</stem></mw><gra type="gra" index="2" head="1" relation="NEG"/></mor-post></mor></w>
    <w>spill<mor type="mor"><mw><pos><c>v</c></pos><stem>spill</stem></mw><gra type="gra" index="3" head="0" relation="ROOT"/></mor></w>
    <t type="p"><mor type="mor"><mt type="p"/><gra type="gra" index="4" head="3" relation="PUNCT"/></mor></t>

    <a type="actions">&lt;1w&gt; takes sip</a>
  </u>
  <u who="MOT" uID="u49">
    <w>Mommy<mor type="mor"><mw><pos><c>n</c><s>prop</s></pos><stem>Mommy</stem></mw><gra type="gra" index="1" head="4" relation="SUBJ"/></mor></w>
    <w>doesn't<mor type="mor"><mw><pos><c>mod</c></pos><stem>do</stem><mk type="sfxf">3S</mk></mw><gra type="gra" index="2" head="4" relation="AUX"/><mor-post><mw><pos><c>neg</c></pos><stem>not</stem></mw><gra type="gra" index="3" head="2" relation="NEG"/></mor-post></mor></w>
    <w>want<mor type="mor"><mw><pos><c>v</c></pos><stem>want</stem></mw><gra type="gra" index="4" head="0" relation="ROOT"/></mor></w>
    <w>that<mor type="mor"><mw><pos><c>pro</c><s>dem</s></pos><stem>that</stem></mw><gra type="gra" index="5" head="4" relation="OBJ"/></mor></w>
    <t type="p"><mor type="mor"><mt type="p"/><gra type="gra" index="6" head="4" relation="PUNCT"/></mor></t>

  </u>
  <u who="CHI" uID="u50">
    <w>drink<mor type="mor"><mw><pos><c>v</c></pos><stem>drink</stem></mw><gra type="gra" index="1" head="0" relation="ROOT"/></mor></w>
    <w>it<mor type="mor"><mw><pos><c>pro</c><s>per</s></pos><stem>it</stem></mw><gra type="gra" index="2" head="1" relation="OBJ"/></mor></w>
    <t type="p"><mor type="mor"><mt type="p"/><gra type="gra" index="3" head="1" relation="PUNCT"/></mor></t>

    <a type="gesture">&lt;bef&gt; looks at Mother . pushes cup toward Mother . nods</a>
  </u>
  <u who="MOT" uID="u51">
    <w>hm<p type="drawl"/><mor type="mor"><mw><pos><c>co</c></pos><stem>hm</stem></mw><gra type="gra" index="1" head="0" relation="INCROOT"/></mor></w>
    <t type="p"><mor type="mor"><mt type="p"/><gra type="gra" index="2" head="1" relation="PUNCT"/></mor></t>

  </u>
  <u who="MOT" uID="u52">
    <w>thank_you<mor type="mor"><mw><pos><c>co</c></pos><stem>thank_you</stem></mw><gra type="gra" index="1" head="0" relation="INCROOT"/></mor></w>
    <t type="p"><mor type="mor"><mt type="p"/><gra type="gra" index="2" head="1" relation="PUNCT"/></mor></t>

  </u>
  <u who="CHI" uID="u53">
    <g><w>doing<mor type="mor"><mw><pos><c>part</c></pos><stem>do</stem><mk type="sfx">PRESP</mk></mw><gra type="gra" index="1" head="0" relation="INCROOT"/></mor></w><error/></g>
    <t type="q"><mor type="mor"><mt type="q"/><gra type="gra" index="2" head="1" relation="PUNCT"/></mor></t>

    <a type="actions">puts glass to mouth</a>
  </u>
  <u who="MOT" uID="u54">
    <w>hm<p type="drawl"/><mor type="mor"><mw><pos><c>co</c></pos><stem>hm</stem></mw><gra type="gra" index="1" head="0" relation="INCROOT"/></mor></w>
    <t type="q"><mor type="mor"><mt type="q"/><gra type="gra" index="2" head="1" relation="PUNCT"/></mor></t>

  </u>
  <u who="CHI" uID="u55">
    <g><w>doing<mor type="mor"><mw><pos><c>part</c></pos><stem>do</stem><mk type="sfx">PRESP</mk></mw><gra type="gra" index="1" head="0" relation="INCROOT"/></mor></w><error/></g>
    <t type="q"><mor type="mor"><mt type="q"/><gra type="gra" index="2" head="1" relation="PUNCT"/></mor></t>

  </u>
  <u who="MOT" uID="u56">
    <w>doing<mor type="mor"><mw><pos><c>part</c></pos><stem>do</stem><mk type="sfx">PRESP</mk></mw><gra type="gra" index="1" head="0" relation="INCROOT"/></mor></w>
    <t type="q"><mor type="mor"><mt type="q"/><gra type="gra" index="2" head="1" relation="PUNCT"/></mor></t>

  </u>
  <u who="MOT" uID="u57">
    <w>taking<mor type="mor"><mw><pos><c>part</c></pos><stem>take</stem><mk type="sfx">PRESP</mk></mw><gra type="gra" index="1" head="0" relation="INCROOT"/></mor></w>
    <w>a<mor type="mor"><mw><pos><c>det</c><s>art</s></pos><stem>a</stem></mw><gra type="gra" index="2" head="3" relation="DET"/></mor></w>
    <w>sip<mor type="mor"><mw><pos><c>n</c></pos><stem>sip</stem></mw><gra type="gra" index="3" head="1" relation="OBJ"/></mor></w>
    <w>of<mor type="mor"><mw><pos><c>prep</c></pos><stem>of</stem></mw><gra type="gra" index="4" head="3" relation="NJCT"/></mor></w>
    <w>your<mor type="mor"><mw><pos><c>det</c><s>poss</s></pos><stem>your</stem></mw><gra type="gra" index="5" head="6" relation="DET"/></mor></w>
    <w>pop<mor type="mor"><mw><pos><c>n</c></pos><stem>pop</stem></mw><gra type="gra" index="6" head="4" relation="POBJ"/></mor></w>
    <t type="e"><mor type="mor"><mt type="e"/><gra type="gra" index="7" head="1" relation="PUNCT"/></mor></t>

    <a type="gesture">&lt;1w&gt; looks at Ruth</a>
    <a type="actions">&lt;1w&gt; puts napkin under snack</a>
  </u>
  <u who="CHI" uID="u58">
    <g><w>what<mor type="mor"><mw><pos><c>pro</c><s>int</s></pos><stem>what</stem></mw><gra type="gra" index="1" head="2" relation="LINK"/></mor></w><error/></g>
    <w>doing<mor type="mor"><mw><pos><c>n</c><s>gerund</s></pos><stem>do</stem><mk type="sfx">PRESP</mk></mw><gra type="gra" index="2" head="0" relation="INCROOT"/></mor></w>
    <t type="q"><mor type="mor"><mt type="q"/><gra type="gra" index="3" head="2" relation="PUNCT"/></mor></t>

  </u>
  <u who="CHI" uID="u59">
    <w>doing<mor type="mor"><mw><pos><c>part</c></pos><stem>do</stem><mk type="sfx">PRESP</mk></mw><gra type="gra" index="1" head="0" relation="INCROOT"/></mor></w>
    <t type="e"><mor type="mor"><mt type="e"/><gra type="gra" index="2" head="1" relation="PUNCT"/></mor></t>

  </u>
  <u who="CHI" uID="u60">
    <w>what<mor type="mor"><mw><pos><c>pro</c><s>int</s></pos><stem>what</stem></mw><gra type="gra" index="1" head="0" relation="INCROOT"/></mor></w>
    <t type="q"><mor type="mor"><mt type="q"/><gra type="gra" index="2" head="1" relation="PUNCT"/></mor></t>

  </u>
  <u who="MOT" uID="u61">
    <w>what<mor type="mor"><mw><pos><c>pro</c><s>int</s></pos><stem>what</stem></mw><gra type="gra" index="1" head="2" relation="LINK"/></mor></w>
    <w>am<mor type="mor"><mw><pos><c>cop</c></pos><stem>be</stem><mk type="sfxf">1S</mk></mw><gra type="gra" index="2" head="0" relation="ROOT"/></mor></w>
    <w>I<mor type="mor"><mw><pos><c>pro</c><s>sub</s></pos><stem>I</stem></mw><gra type="gra" index="3" head="2" relation="PRED"/></mor></w>
    <w>doing<mor type="mor"><mw><pos><c>part</c></pos><stem>do</stem><mk type="sfx">PRESP</mk></mw><gra type="gra" index="4" head="3" relation="OM"/></mor></w>
    <t type="q"><mor type="mor"><mt type="q"/><gra type="gra" index="5" head="2" relation="PUNCT"/></mor></t>

  </u>
  <u who="MOT" uID="u62">
    <w>you're<mor type="mor"><mw><pos><c>pro</c><s>per</s></pos><stem>you</stem></mw><gra type="gra" index="1" head="3" relation="SUBJ"/><mor-post><mw><pos><c>aux</c></pos><stem>be</stem><mk type="sfxf">PRES</mk></mw><gra type="gra" index="2" head="3" relation="AUX"/></mor-post></mor></w>
    <w>gonna<mor type="mor"><mw><pos><c>part</c></pos><stem>go</stem><mk type="sfxf">PRESP</mk></mw><gra type="gra" index="3" head="0" relation="ROOT"/><mor-post><mw><pos><c>prep</c></pos><stem>to</stem></mw><gra type="gra" index="4" head="3" relation="JCT"/></mor-post></mor></w>
    <w>fall<mor type="mor"><mw><pos><c>n</c></pos><stem>fall</stem></mw><gra type="gra" index="5" head="4" relation="POBJ"/></mor></w>
    <t type="p"><mor type="mor"><mt type="p"/><gra type="gra" index="6" head="3" relation="PUNCT"/></mor></t>

  </u>
  <u who="CHI" uID="u63">
    <w>huh<mor type="mor"><mw><pos><c>co</c></pos><stem>huh</stem></mw><gra type="gra" index="1" head="0" relation="INCROOT"/></mor></w>
    <t type="q"><mor type="mor"><mt type="q"/><gra type="gra" index="2" head="1" relation="PUNCT"/></mor></t>

  </u>
  <u who="MOT" uID="u64">
    <w>you're<mor type="mor"><mw><pos><c>pro</c><s>per</s></pos><stem>you</stem></mw><gra type="gra" index="1" head="3" relation="SUBJ"/><mor-post><mw><pos><c>aux</c></pos><stem>be</stem><mk type="sfxf">PRES</mk></mw><gra type="gra" index="2" head="3" relation="AUX"/></mor-post></mor></w>
    <w>gonna<mor type="mor"><mw><pos><c>part</c></pos><stem>go</stem><mk type="sfxf">PRESP</mk></mw><gra type="gra" index="3" head="0" relation="ROOT"/><mor-post><mw><pos><c>prep</c></pos><stem>to</stem></mw><gra type="gra" index="4" head="3" relation="JCT"/></mor-post></mor></w>
    <w>fall<mor type="mor"><mw><pos><c>n</c></pos><stem>fall</stem></mw><gra type="gra" index="5" head="4" relation="POBJ"/></mor></w>
    <t type="p"><mor type="mor"><mt type="p"/><gra type="gra" index="6" head="3" relation="PUNCT"/></mor></t>

  </u>
  <u who="MOT" uID="u65">
    <w>you<mor type="mor"><mw><pos><c>pro</c><s>per</s></pos><stem>you</stem></mw><gra type="gra" index="1" head="3" relation="SUBJ"/></mor></w>
    <w>better<mor type="mor"><mw><pos><c>adj</c></pos><stem>good</stem><mk type="sfxf">CP</mk></mw><gra type="gra" index="2" head="3" relation="MOD"/></mor></w>
    <w>turn<mor type="mor"><mw><pos><c>n</c></pos><stem>turn</stem></mw><gra type="gra" index="3" head="0" relation="INCROOT"/></mor></w>
    <w>around<mor type="mor"><mw><pos><c>adv</c></pos><stem>around</stem></mw><gra type="gra" index="4" head="3" relation="NJCT"/></mor></w>
    <w>and<mor type="mor"><mw><pos><c>coord</c></pos><stem>and</stem></mw><gra type="gra" index="5" head="3" relation="CONJ"/></mor></w>
    <w>eat<mor type="mor"><mw><pos><c>v</c></pos><stem>eat</stem></mw><gra type="gra" index="6" head="5" relation="COORD"/></mor></w>
    <w>like<mor type="mor"><mw><pos><c>co</c></pos><stem>like</stem></mw><gra type="gra" index="7" head="10" relation="COM"/></mor></w>
    <w>a<mor type="mor"><mw><pos><c>det</c><s>art</s></pos><stem>a</stem></mw><gra type="gra" index="8" head="10" relation="DET"/></mor></w>
    <w>big<mor type="mor"><mw><pos><c>adj</c></pos><stem>big</stem></mw><gra type="gra" index="9" head="10" relation="MOD"/></mor></w>
    <w>girl<mor type="mor"><mw><pos><c>n</c></pos><stem>girl</stem></mw><gra type="gra" index="10" head="6" relation="OBJ"/></mor></w>
    <t type="p"><mor type="mor"><mt type="p"/><gra type="gra" index="11" head="3" relation="PUNCT"/></mor></t>

  </u>
  <u who="CHI" uID="u66">
    <g><w>doing<mor type="mor"><mw><pos><c>part</c></pos><stem>do</stem><mk type="sfx">PRESP</mk></mw><gra type="gra" index="1" head="0" relation="INCROOT"/></mor></w><error/></g>
    <t type="q"><mor type="mor"><mt type="q"/><gra type="gra" index="2" head="1" relation="PUNCT"/></mor></t>

    <a type="actions">&lt;1w&gt; sits up</a>
  </u>
  <u who="CHI" uID="u67">
    <w>huh<mor type="mor"><mw><pos><c>co</c></pos><stem>huh</stem></mw><gra type="gra" index="1" head="0" relation="INCROOT"/></mor></w>
    <t type="q"><mor type="mor"><mt type="q"/><gra type="gra" index="2" head="1" relation="PUNCT"/></mor></t>

  </u>
  <u who="MOT" uID="u68">
    <w>what<mor type="mor"><mw><pos><c>pro</c><s>int</s></pos><stem>what</stem></mw><gra type="gra" index="1" head="4" relation="LINK"/></mor></w>
    <w>are<mor type="mor"><mw><pos><c>aux</c></pos><stem>be</stem><mk type="sfxf">PRES</mk></mw><gra type="gra" index="2" head="4" relation="AUX"/></mor></w>
    <w>you<mor type="mor"><mw><pos><c>pro</c><s>per</s></pos><stem>you</stem></mw><gra type="gra" index="3" head="4" relation="SUBJ"/></mor></w>
    <w>doing<mor type="mor"><mw><pos><c>part</c></pos><stem>do</stem><mk type="sfx">PRESP</mk></mw><gra type="gra" index="4" head="0" relation="ROOT"/></mor></w>
    <t type="q"><mor type="mor"><mt type="q"/><gra type="gra" index="5" head="4" relation="PUNCT"/></mor></t>

    <a type="gesture">looks at Ruth</a>
  </u>
  <u who="CHI" uID="u69">
    <w>eating<mor type="mor"><mw><pos><c>part</c></pos><stem>eat</stem><mk type="sfx">PRESP</mk></mw><gra type="gra" index="1" head="0" relation="INCROOT"/></mor></w>
    <t type="p"><mor type="mor"><mt type="p"/><gra type="gra" index="2" head="1" relation="PUNCT"/></mor></t>

    <a type="gesture">&lt;aft&gt; looks around room</a>
    <a type="actions">eats</a>
  </u>
  <u who="MOT" uID="u70">
    <w>okay<mor type="mor"><mw><pos><c>co</c></pos><stem>okay</stem></mw><gra type="gra" index="1" head="0" relation="INCROOT"/></mor></w>
    <t type="p"><mor type="mor"><mt type="p"/><gra type="gra" index="2" head="1" relation="PUNCT"/></mor></t>

    <a type="gesture">&lt;bef&gt; looks at Mother</a>
    <a type="extension" flavor="pho">no</a>
  </u>
  <u who="CHI" uID="u71">
    <w>no<mor type="mor"><mw><pos><c>co</c></pos><stem>no</stem></mw><gra type="gra" index="1" head="0" relation="INCROOT"/></mor></w>
    <t type="e"><mor type="mor"><mt type="e"/><gra type="gra" index="2" head="1" relation="PUNCT"/></mor></t>

  </u>
  <u who="MOT" uID="u72">
    <w>you're<mor type="mor"><mw><pos><c>pro</c><s>per</s></pos><stem>you</stem></mw><gra type="gra" index="1" head="3" relation="SUBJ"/><mor-post><mw><pos><c>aux</c></pos><stem>be</stem><mk type="sfxf">PRES</mk></mw><gra type="gra" index="2" head="3" relation="AUX"/></mor-post></mor></w>
    <w>being<mor type="mor"><mw><pos><c>part</c></pos><stem>be</stem><mk type="sfx">PRESP</mk></mw><gra type="gra" index="3" head="0" relation="ROOT"/></mor></w>
    <w>a<mor type="mor"><mw><pos><c>det</c><s>art</s></pos><stem>a</stem></mw><gra type="gra" index="4" head="5" relation="DET"/></mor></w>
    <w>goof<mor type="mor"><mw><pos><c>v</c></pos><stem>goof</stem></mw><gra type="gra" index="5" head="3" relation="OBJ"/></mor></w>
    <t type="p"><mor type="mor"><mt type="p"/><gra type="gra" index="6" head="3" relation="PUNCT"/></mor></t>

  </u>
  <u who="MOT" uID="u73">
    <w>eat<mor type="mor"><mw><pos><c>v</c></pos><stem>eat</stem></mw><gra type="gra" index="1" head="0" relation="ROOT"/></mor></w>
    <w>your<mor type="mor"><mw><pos><c>det</c><s>poss</s></pos><stem>your</stem></mw><gra type="gra" index="2" head="3" relation="DET"/></mor></w>
    <w>meat<mor type="mor"><mw><pos><c>n</c></pos><stem>meat</stem></mw><gra type="gra" index="3" head="1" relation="OBJ"/></mor></w>
    <t type="q"><mor type="mor"><mt type="q"/><gra type="gra" index="4" head="1" relation="PUNCT"/></mor></t>

  </u>
  <u who="MOT" uID="u74">
    <w>yeah<mor type="mor"><mw><pos><c>co</c></pos><stem>yeah</stem></mw><gra type="gra" index="1" head="2" relation="COM"/></mor></w>
    <pause symbolic-length="simple"/>
    <w>eat<mor type="mor"><mw><pos><c>v</c></pos><stem>eat</stem></mw><gra type="gra" index="2" head="0" relation="ROOT"/></mor></w>
    <w>your<mor type="mor"><mw><pos><c>det</c><s>poss</s></pos><stem>your</stem></mw><gra type="gra" index="3" head="4" relation="DET"/></mor></w>
    <w>meat<mor type="mor"><mw><pos><c>n</c></pos><stem>meat</stem></mw><gra type="gra" index="4" head="2" relation="OBJ"/></mor></w>
    <t type="p"><mor type="mor"><mt type="p"/><gra type="gra" index="5" head="2" relation="PUNCT"/></mor></t>

  </u>
  <u who="MOT" uID="u75">
    <w>hey<mor type="mor"><mw><pos><c>co</c></pos><stem>hey</stem></mw><gra type="gra" index="1" head="2" relation="COM"/></mor></w>
    <pause symbolic-length="simple"/>
    <w>Doctor<mor type="mor"><mw><pos><c>n</c><s>prop</s></pos><stem>Doctor</stem></mw><gra type="gra" index="2" head="3" relation="NAME"/></mor></w>
    <w>Rouse<mor type="mor"><mw><pos><c>n</c><s>prop</s></pos><stem>Rouse</stem></mw><gra type="gra" index="3" head="4" relation="SUBJ"/></mor></w>
    <w>wants<mor type="mor"><mw><pos><c>v</c></pos><stem>want</stem><mk type="sfx">3S</mk></mw><gra type="gra" index="4" head="0" relation="ROOT"/></mor></w>
    <w>you<mor type="mor"><mw><pos><c>pro</c><s>per</s></pos><stem>you</stem></mw><gra type="gra" index="5" head="4" relation="OBJ"/></mor></w>
    <w>to<mor type="mor"><mw><pos><c>inf</c></pos><stem>to</stem></mw><gra type="gra" index="6" head="7" relation="INF"/></mor></w>
    <w>eat<mor type="mor"><mw><pos><c>v</c></pos><stem>eat</stem></mw><gra type="gra" index="7" head="4" relation="COMP"/></mor></w>
    <w>your<mor type="mor"><mw><pos><c>det</c><s>poss</s></pos><stem>your</stem></mw><gra type="gra" index="8" head="9" relation="DET"/></mor></w>
    <w>meat<mor type="mor"><mw><pos><c>n</c></pos><stem>meat</stem></mw><gra type="gra" index="9" head="7" relation="OBJ"/></mor></w>
    <t type="p"><mor type="mor"><mt type="p"/><gra type="gra" index="10" head="4" relation="PUNCT"/></mor></t>

  </u>
  <u who="CHI" uID="u76">
    <g><w>that<mor type="mor"><mw><pos><c>det</c><s>dem</s></pos><stem>that</stem></mw><gra type="gra" index="1" head="2" relation="DET"/></mor></w><error/></g>
    <w>butter<mor type="mor"><mw><pos><c>n</c></pos><stem>butter</stem></mw><gra type="gra" index="2" head="0" relation="INCROOT"/></mor></w>
    <t type="q"><mor type="mor"><mt type="q"/><gra type="gra" index="3" head="2" relation="PUNCT"/></mor></t>

    <a type="gesture">points at snack</a>
    <a type="extension" flavor="pho">d&amp;t b6t3r</a>
  </u>
  <u who="MOT" uID="u77">
    <w>that's<mor type="mor"><mw><pos><c>pro</c><s>dem</s></pos><stem>that</stem></mw><gra type="gra" index="1" head="2" relation="SUBJ"/><mor-post><mw><pos><c>cop</c></pos><stem>be</stem><mk type="sfxf">3S</mk></mw><gra type="gra" index="2" head="0" relation="ROOT"/></mor-post></mor></w>
    <w untranscribed="unintelligible">xxx</w>
    <t type="p"><mor type="mor"><mt type="p"/><gra type="gra" index="3" head="2" relation="PUNCT"/></mor></t>

  </u>
  <u who="CHI" uID="u78">
    <g><w>don't<mor type="mor"><mw><pos><c>mod</c></pos><stem>do</stem></mw><gra type="gra" index="1" head="3" relation="AUX"/><mor-post><mw><pos><c>neg</c></pos><stem>not</stem></mw><gra type="gra" index="2" head="1" relation="NEG"/></mor-post></mor></w><error/></g>
    <w>like<mor type="mor"><mw><pos><c>v</c></pos><stem>like</stem></mw><gra type="gra" index="3" head="0" relation="ROOT"/></mor></w>
    <w>it<mor type="mor"><mw><pos><c>pro</c><s>per</s></pos><stem>it</stem></mw><gra type="gra" index="4" head="3" relation="OBJ"/></mor></w>
    <t type="p"><mor type="mor"><mt type="p"/><gra type="gra" index="5" head="3" relation="PUNCT"/></mor></t>

  </u>
  <u who="MOT" uID="u79">
    <w>yeah<mor type="mor"><mw><pos><c>co</c></pos><stem>yeah</stem></mw><gra type="gra" index="1" head="3" relation="COM"/></mor></w>
    <w>you<mor type="mor"><mw><pos><c>pro</c><s>per</s></pos><stem>you</stem></mw><gra type="gra" index="2" head="3" relation="SUBJ"/></mor></w>
    <w>do<mor type="mor"><mw><pos><c>v</c></pos><stem>do</stem></mw><gra type="gra" index="3" head="0" relation="ROOT"/></mor></w>
    <t type="p"><mor type="mor"><mt type="p"/><gra type="gra" index="4" head="3" relation="PUNCT"/></mor></t>

    <a type="gesture">looks at Ruth</a>
  </u>
  <u who="MOT" uID="u80">
    <w>yes<mor type="mor"><mw><pos><c>co</c></pos><stem>yes</stem></mw><gra type="gra" index="1" head="3" relation="COM"/></mor></w>
    <w>you<mor type="mor"><mw><pos><c>pro</c><s>per</s></pos><stem>you</stem></mw><gra type="gra" index="2" head="3" relation="SUBJ"/></mor></w>
    <w>do<mor type="mor"><mw><pos><c>v</c></pos><stem>do</stem></mw><gra type="gra" index="3" head="0" relation="ROOT"/></mor></w>
    <t type="p"><mor type="mor"><mt type="p"/><gra type="gra" index="4" head="3" relation="PUNCT"/></mor></t>

  </u>
  <u who="CHI" uID="u81">
    <w>pull<mor type="mor"><mw><pos><c>v</c></pos><stem>pull</stem></mw><gra type="gra" index="1" head="0" relation="ROOT"/></mor></w>
    <w>chair<mor type="mor"><mw><pos><c>n</c></pos><stem>chair</stem></mw><gra type="gra" index="2" head="1" relation="OBJ"/></mor></w>
    <w>up<mor type="mor"><mw><pos><c>adv</c></pos><stem>up</stem></mw><gra type="gra" index="3" head="1" relation="JCT"/></mor></w>
    <t type="p"><mor type="mor"><mt type="p"/><gra type="gra" index="4" head="1" relation="PUNCT"/></mor></t>

    <a type="gesture">&lt;bef&gt; shakes head . &lt;dur&gt; looks at Mother</a>
  </u>
  <u who="MOT" uID="u82">
    <w>you<mor type="mor"><mw><pos><c>pro</c><s>per</s></pos><stem>you</stem></mw><gra type="gra" index="1" head="2" relation="SUBJ"/></mor></w>
    <w>want<mor type="mor"><mw><pos><c>v</c></pos><stem>want</stem></mw><gra type="gra" index="2" head="0" relation="ROOT"/></mor></w>
    <w>me<mor type="mor"><mw><pos><c>pro</c><s>obj</s></pos><stem>me</stem></mw><gra type="gra" index="3" head="2" relation="OBJ"/></mor></w>
    <w>to<mor type="mor"><mw><pos><c>inf</c></pos><stem>to</stem></mw><gra type="gra" index="4" head="5" relation="INF"/></mor></w>
    <w>scoot<mor type="mor"><mw><pos><c>v</c></pos><stem>scoot</stem></mw><gra type="gra" index="5" head="2" relation="COMP"/></mor></w>
    <w>you<mor type="mor"><mw><pos><c>pro</c><s>per</s></pos><stem>you</stem></mw><gra type="gra" index="6" head="5" relation="OBJ"/></mor></w>
    <w>up<mor type="mor"><mw><pos><c>adv</c></pos><stem>up</stem></mw><gra type="gra" index="7" head="5" relation="JCT"/></mor></w>
    <w>more<mor type="mor"><mw><pos><c>adv</c></pos><stem>more</stem></mw><gra type="gra" index="8" head="5" relation="JCT"/></mor></w>
    <t type="q"><mor type="mor"><mt type="q"/><gra type="gra" index="9" head="2" relation="PUNCT"/></mor></t>

    <a type="actions">&lt;1w&gt; moves chair</a>
    <a type="gesture">looks at Ruth</a>
  </u>
  <u who="MOT" uID="u83">
    <w>there<mor type="mor"><mw><pos><c>adv</c></pos><stem>there</stem></mw><gra type="gra" index="1" head="3" relation="JCT"/></mor></w>
    <w>you<mor type="mor"><mw><pos><c>pro</c><s>per</s></pos><stem>you</stem></mw><gra type="gra" index="2" head="3" relation="SUBJ"/></mor></w>
    <w>go<mor type="mor"><mw><pos><c>v</c></pos><stem>go</stem></mw><gra type="gra" index="3" head="0" relation="ROOT"/></mor></w>
    <t type="p"><mor type="mor"><mt type="p"/><gra type="gra" index="4" head="3" relation="PUNCT"/></mor></t>

  </u>
  <u who="MOT" uID="u84">
    <w>eat<mor type="mor"><mw><pos><c>v</c></pos><stem>eat</stem></mw><gra type="gra" index="1" head="0" relation="ROOT"/></mor></w>
    <w>your<mor type="mor"><mw><pos><c>det</c><s>poss</s></pos><stem>your</stem></mw><gra type="gra" index="2" head="3" relation="DET"/></mor></w>
    <w>meat<mor type="mor"><mw><pos><c>n</c></pos><stem>meat</stem></mw><gra type="gra" index="3" head="1" relation="OBJ"/></mor></w>
    <t type="e"><mor type="mor"><mt type="e"/><gra type="gra" index="4" head="1" relation="PUNCT"/></mor></t>

    <a type="paralinguistics">&lt;1w&gt; sighs</a>
  </u>
  <u who="CHI" uID="u85">
    <w>he<mor type="mor"><mw><pos><c>pro</c><s>sub</s></pos><stem>he</stem></mw><gra type="gra" index="1" head="4" relation="SUBJ"/></mor></w>
    <w>do<mor type="mor"><mw><pos><c>mod</c></pos><stem>do</stem></mw><gra type="gra" index="2" head="4" relation="AUX"/></mor></w>
    <pause symbolic-length="simple"/>
    <w>he<mor type="mor"><mw><pos><c>pro</c><s>sub</s></pos><stem>he</stem></mw><gra type="gra" index="3" head="4" relation="SUBJ"/></mor></w>
    <g><w>do<mor type="mor"><mw><pos><c>v</c></pos><stem>do</stem></mw><gra type="gra" index="4" head="0" relation="ROOT"/></mor></w><error/></g>
    <t type="p"><mor type="mor"><mt type="p"/><gra type="gra" index="5" head="4" relation="PUNCT"/></mor></t>

    <a type="paralinguistics">&lt;aft&gt; laughs</a>
    <a type="actions">&lt;bef&gt; eats . &lt;aft&gt; gets out of chair and walks to Mother</a>
  </u>
  <u who="MOT" uID="u86">
    <w>you're<mor type="mor"><mw><pos><c>pro</c><s>per</s></pos><stem>you</stem></mw><gra type="gra" index="1" head="2" relation="SUBJ"/><mor-post><mw><pos><c>cop</c></pos><stem>be</stem><mk type="sfxf">PRES</mk></mw><gra type="gra" index="2" head="0" relation="ROOT"/></mor-post></mor></w>
    <w>kind<mor type="mor"><mw><pos><c>n</c></pos><stem>kind</stem></mw><gra type="gra" index="3" head="2" relation="PRED"/></mor></w>
    <w>of<mor type="mor"><mw><pos><c>prep</c></pos><stem>of</stem></mw><gra type="gra" index="4" head="3" relation="NJCT"/></mor></w>
    <w>piggy<mor type="mor"><mw><pos><c>adj</c></pos><stem>pig</stem><mk type="sfxf">dn</mk><mk type="sfx">Y</mk></mw><gra type="gra" index="5" head="4" relation="POBJ"/></mor></w>
    <t type="p"><mor type="mor"><mt type="p"/><gra type="gra" index="6" head="2" relation="PUNCT"/></mor></t>

  </u>
  <u who="MOT" uID="u87">
    <w>where're<mor type="mor"><mw><pos><c>pro</c><s>int</s></pos><stem>where</stem></mw><gra type="gra" index="1" head="4" relation="LINK"/><mor-post><mw><pos><c>aux</c></pos><stem>be</stem><mk type="sfxf">PRES</mk></mw><gra type="gra" index="2" head="4" relation="AUX"/></mor-post></mor></w>
    <w>you<mor type="mor"><mw><pos><c>pro</c><s>per</s></pos><stem>you</stem></mw><gra type="gra" index="3" head="4" relation="SUBJ"/></mor></w>
    <w>going<mor type="mor"><mw><pos><c>part</c></pos><stem>go</stem><mk type="sfx">PRESP</mk></mw><gra type="gra" index="4" head="0" relation="ROOT"/></mor></w>
    <t type="q"><mor type="mor"><mt type="q"/><gra type="gra" index="5" head="4" relation="PUNCT"/></mor></t>

  </u>
  <u who="MOT" uID="u88">
    <w>get<mor type="mor"><mw><pos><c>v</c></pos><stem>get</stem></mw><gra type="gra" index="1" head="0" relation="ROOT"/></mor></w>
    <w>up<mor type="mor"><mw><pos><c>adv</c></pos><stem>up</stem></mw><gra type="gra" index="2" head="1" relation="JCT"/></mor></w>
    <w>and<mor type="mor"><mw><pos><c>coord</c></pos><stem>and</stem></mw><gra type="gra" index="3" head="1" relation="CONJ"/></mor></w>
    <w>eat<mor type="mor"><mw><pos><c>v</c></pos><stem>eat</stem></mw><gra type="gra" index="4" head="3" relation="COORD"/></mor></w>
    <t type="p"><mor type="mor"><mt type="p"/><gra type="gra" index="5" head="1" relation="PUNCT"/></mor></t>

  </u>
  <u who="CHI" uID="u89">
    <w>hm<p type="drawl"/><mor type="mor"><mw><pos><c>co</c></pos><stem>hm</stem></mw><gra type="gra" index="1" head="0" relation="INCROOT"/></mor></w>
    <t type="p"><mor type="mor"><mt type="p"/><gra type="gra" index="2" head="1" relation="PUNCT"/></mor></t>

    <a type="actions">gets into chair</a>
  </u>
  <u who="MOT" uID="u90">
    <w>do<mor type="mor"><mw><pos><c>mod</c></pos><stem>do</stem></mw><gra type="gra" index="1" head="3" relation="AUX"/></mor></w>
    <w>you<mor type="mor"><mw><pos><c>pro</c><s>per</s></pos><stem>you</stem></mw><gra type="gra" index="2" head="3" relation="SUBJ"/></mor></w>
    <w>want<mor type="mor"><mw><pos><c>v</c></pos><stem>want</stem></mw><gra type="gra" index="3" head="0" relation="ROOT"/></mor></w>
    <w>some<mor type="mor"><mw><pos><c>qn</c></pos><stem>some</stem></mw><gra type="gra" index="4" head="6" relation="QUANT"/></mor></w>
    <w>more<mor type="mor"><mw><pos><c>qn</c></pos><stem>more</stem></mw><gra type="gra" index="5" head="6" relation="QUANT"/></mor></w>
    <w>pop<mor type="mor"><mw><pos><c>n</c></pos><stem>pop</stem></mw><gra type="gra" index="6" head="3" relation="OBJ"/></mor></w>
    <t type="q"><mor type="mor"><mt type="q"/><gra type="gra" index="7" head="3" relation="PUNCT"/></mor></t>

    <a type="gesture">looks at Ruth</a>
  </u>
  <u who="CHI" uID="u91">
    <w>no<mor type="mor"><mw><pos><c>co</c></pos><stem>no</stem></mw><gra type="gra" index="1" head="0" relation="INCROOT"/></mor></w>
    <t type="p"><mor type="mor"><mt type="p"/><gra type="gra" index="2" head="1" relation="PUNCT"/></mor></t>

    <a type="actions">&lt;aft&gt; drinks</a>
  </u>
  <u who="MOT" uID="u92">
    <w>okay<mor type="mor"><mw><pos><c>co</c></pos><stem>okay</stem></mw><gra type="gra" index="1" head="2" relation="COM"/></mor></w>
    <pause symbolic-length="simple"/>
    <g><w>now</w>
    <w>eat</w>
    <w>your</w><k type="retracing with correction"/></g>
    <pause symbolic-length="simple"/>
    <w>eat<mor type="mor"><mw><pos><c>v</c></pos><stem>eat</stem></mw><gra type="gra" index="2" head="0" relation="ROOT"/></mor></w>
    <w>your<mor type="mor"><mw><pos><c>det</c><s>poss</s></pos><stem>your</stem></mw><gra type="gra" index="3" head="4" relation="DET"/></mor></w>
    <w>meat<mor type="mor"><mw><pos><c>n</c></pos><stem>meat</stem></mw><gra type="gra" index="4" head="2" relation="OBJ"/></mor></w>
    <t type="p"><mor type="mor"><mt type="p"/><gra type="gra" index="5" head="2" relation="PUNCT"/></mor></t>

    <a type="paralinguistics">&lt;bef&gt; sighs</a>
    <a type="actions">&lt;bef&gt; takes food . &lt;aft&gt; moves cup . walks into kitchen</a>
  </u>
  <u who="MOT" uID="u93">
    <w>can<mor type="mor"><mw><pos><c>mod</c></pos><stem>can</stem></mw><gra type="gra" index="1" head="3" relation="AUX"/></mor></w>
    <w>you<mor type="mor"><mw><pos><c>pro</c><s>per</s></pos><stem>you</stem></mw><gra type="gra" index="2" head="3" relation="SUBJ"/></mor></w>
    <w>eat<mor type="mor"><mw><pos><c>v</c></pos><stem>eat</stem></mw><gra type="gra" index="3" head="0" relation="ROOT"/></mor></w>
    <w>your<mor type="mor"><mw><pos><c>det</c><s>poss</s></pos><stem>your</stem></mw><gra type="gra" index="4" head="5" relation="DET"/></mor></w>
    <w>meat<mor type="mor"><mw><pos><c>n</c></pos><stem>meat</stem></mw><gra type="gra" index="5" head="3" relation="OBJ"/></mor></w>
    <w>for<mor type="mor"><mw><pos><c>prep</c></pos><stem>for</stem></mw><gra type="gra" index="6" head="3" relation="JCT"/></mor></w>
    <w>me<mor type="mor"><mw><pos><c>pro</c><s>obj</s></pos><stem>me</stem></mw><gra type="gra" index="7" head="6" relation="POBJ"/></mor></w>
    <t type="q"><mor type="mor"><mt type="q"/><gra type="gra" index="8" head="3" relation="PUNCT"/></mor></t>

    <a type="actions">pours pop</a>
  </u>
  <u who="CHI" uID="u94">
    <w>no<mor type="mor"><mw><pos><c>co</c></pos><stem>no</stem></mw><gra type="gra" index="1" head="0" relation="INCROOT"/></mor></w>
    <t type="p"><mor type="mor"><mt type="p"/><gra type="gra" index="2" head="1" relation="PUNCT"/></mor></t>

    <a type="gesture">&lt;bef&gt; looks at pop</a>
  </u>
  <u who="MOT" uID="u95">
    <w>please<mor type="mor"><mw><pos><c>co</c></pos><stem>please</stem></mw><gra type="gra" index="1" head="0" relation="INCROOT"/></mor></w>
    <t type="p"><mor type="mor"><mt type="p"/><gra type="gra" index="2" head="1" relation="PUNCT"/></mor></t>

  </u>
  <u who="CHI" uID="u96">
    <w>no<mor type="mor"><mw><pos><c>co</c></pos><stem>no</stem></mw><gra type="gra" index="1" head="0" relation="INCROOT"/></mor></w>
    <t type="p"><mor type="mor"><mt type="p"/><gra type="gra" index="2" head="1" relation="PUNCT"/></mor></t>

  </u>
  <u who="CHI" uID="u97">
    <w>oops<mor type="mor"><mw><pos><c>co</c></pos><stem>oops</stem></mw><gra type="gra" index="1" head="0" relation="INCROOT"/></mor></w>
    <t type="p"><mor type="mor"><mt type="p"/><gra type="gra" index="2" head="1" relation="PUNCT"/></mor></t>

  </u>
  <u who="MOT" uID="u98">
    <w>you<mor type="mor"><mw><pos><c>pro</c><s>per</s></pos><stem>you</stem></mw><gra type="gra" index="1" head="3" relation="SUBJ"/></mor></w>
    <w>will<mor type="mor"><mw><pos><c>mod</c></pos><stem>will</stem></mw><gra type="gra" index="2" head="3" relation="AUX"/></mor></w>
    <w>grow<mor type="mor"><mw><pos><c>v</c></pos><stem>grow</stem></mw><gra type="gra" index="3" head="0" relation="ROOT"/></mor></w>
    <w>big<mor type="mor"><mw><pos><c>adj</c></pos><stem>big</stem></mw><gra type="gra" index="4" head="3" relation="PRED"/></mor></w>
    <w>and<mor type="mor"><mw><pos><c>coord</c></pos><stem>and</stem></mw><gra type="gra" index="5" head="4" relation="CONJ"/></mor></w>
    <w>strong<mor type="mor"><mw><pos><c>adj</c></pos><stem>strong</stem></mw><gra type="gra" index="6" head="5" relation="COORD"/></mor></w>
    <t type="p"><mor type="mor"><mt type="p"/><gra type="gra" index="7" head="3" relation="PUNCT"/></mor></t>

    <a type="gesture">points to pumpkin</a>
  </u>
  <u who="CHI" uID="u99">
    <w untranscribed="unintelligible">xxx</w>
    <t type="p"></t>

    <a type="actions">walks to kitchen and sits &lt;bef&gt; drinks</a>
  </u>
  <u who="MOT" uID="u100">
    <w>huh<mor type="mor"><mw><pos><c>co</c></pos><stem>huh</stem></mw><gra type="gra" index="1" head="0" relation="INCROOT"/></mor></w>
    <t type="q"><mor type="mor"><mt type="q"/><gra type="gra" index="2" head="1" relation="PUNCT"/></mor></t>

    <a type="gesture">looks at Ruth</a>
  </u>
  <u who="MOT" uID="u101">
    <w>what<mor type="mor"><mw><pos><c>pro</c><s>int</s></pos><stem>what</stem></mw><gra type="gra" index="1" head="0" relation="INCROOT"/></mor></w>
    <t type="q"><mor type="mor"><mt type="q"/><gra type="gra" index="2" head="1" relation="PUNCT"/></mor></t>

  </u>
  <u who="CHI" uID="u102">
    <w>one<mor type="mor"><mw><pos><c>det</c><s>num</s></pos><stem>one</stem></mw><gra type="gra" index="1" head="0" relation="INCROOT"/></mor></w>
    <t type="e"><mor type="mor"><mt type="e"/><gra type="gra" index="2" head="1" relation="PUNCT"/></mor></t>

    <a type="gesture">looks at Mother</a>
    <a type="extension" flavor="pho">w6n</a>
  </u>
  <u who="MOT" uID="u103">
    <w>one<mor type="mor"><mw><pos><c>det</c><s>num</s></pos><stem>one</stem></mw><gra type="gra" index="1" head="0" relation="INCROOT"/></mor></w>
    <t type="q"><mor type="mor"><mt type="q"/><gra type="gra" index="2" head="1" relation="PUNCT"/></mor></t>

  </u>
  <u who="MOT" uID="u104">
    <w>one<mor type="mor"><mw><pos><c>det</c><s>num</s></pos><stem>one</stem></mw><gra type="gra" index="1" head="2" relation="QUANT"/></mor></w>
    <w>what<mor type="mor"><mw><pos><c>pro</c><s>int</s></pos><stem>what</stem></mw><gra type="gra" index="2" head="0" relation="INCROOT"/></mor></w>
    <t type="q"><mor type="mor"><mt type="q"/><gra type="gra" index="3" head="2" relation="PUNCT"/></mor></t>

  </u>
  <u who="CHI" uID="u105">
    <w>two<mor type="mor"><mw><pos><c>det</c><s>num</s></pos><stem>two</stem></mw><gra type="gra" index="1" head="2" relation="QUANT"/></mor></w>
    <g><w>nose<mor type="mor"><mw><pos><c>n</c></pos><stem>nose</stem></mw><gra type="gra" index="2" head="0" relation="INCROOT"/></mor></w><error/></g>
    <t type="p"><mor type="mor"><mt type="p"/><gra type="gra" index="3" head="2" relation="PUNCT"/></mor></t>

    <a type="extension" flavor="pho">tu no</a>
  </u>
  <u who="MOT" uID="u106">
    <w>two<mor type="mor"><mw><pos><c>det</c><s>num</s></pos><stem>two</stem></mw><gra type="gra" index="1" head="2" relation="QUANT"/></mor></w>
    <w>nose<mor type="mor"><mw><pos><c>n</c></pos><stem>nose</stem></mw><gra type="gra" index="2" head="0" relation="INCROOT"/></mor></w>
    <t type="q"><mor type="mor"><mt type="q"/><gra type="gra" index="3" head="2" relation="PUNCT"/></mor></t>

  </u>
  <u who="CHI" uID="u107">
    <w>no<mor type="mor"><mw><pos><c>qn</c></pos><stem>no</stem></mw><gra type="gra" index="1" head="2" relation="QUANT"/></mor></w>
    <pause symbolic-length="simple"/>
    <w>one<mor type="mor"><mw><pos><c>pro</c><s>indef</s></pos><stem>one</stem></mw><gra type="gra" index="2" head="0" relation="INCROOT"/></mor></w>
    <t type="e"><mor type="mor"><mt type="e"/><gra type="gra" index="3" head="2" relation="PUNCT"/></mor></t>

  </u>
  <u who="MOT" uID="u108">
    <w>one<mor type="mor"><mw><pos><c>det</c><s>num</s></pos><stem>one</stem></mw><gra type="gra" index="1" head="2" relation="QUANT"/></mor></w>
    <pause symbolic-length="simple"/>
    <w>yeah<mor type="mor"><mw><pos><c>co</c></pos><stem>yeah</stem></mw><gra type="gra" index="2" head="0" relation="INCROOT"/></mor></w>
    <t type="p"><mor type="mor"><mt type="p"/><gra type="gra" index="3" head="2" relation="PUNCT"/></mor></t>

    <a type="gesture">looks at pumpkin</a>
  </u>
  <u who="CHI" uID="u109">
    <w formType="onomatopoeia">honk<mor type="mor"><mw><pos><c>on</c></pos><stem>honk</stem></mw><gra type="gra" index="1" head="0" relation="INCROOT"/></mor></w>
    <t type="p"><mor type="mor"><mt type="p"/><gra type="gra" index="2" head="1" relation="PUNCT"/></mor></t>

    <a type="actions">touches nose</a>
  </u>
  <u who="CHI" uID="u110">
    <w formType="onomatopoeia">honk<mor type="mor"><mw><pos><c>on</c></pos><stem>honk</stem></mw><gra type="gra" index="1" head="0" relation="INCROOT"/></mor></w>
    <t type="p"><mor type="mor"><mt type="p"/><gra type="gra" index="2" head="1" relation="PUNCT"/></mor></t>

  </u>
  <u who="MOT" uID="u111">
    <w formType="onomatopoeia">honk<mor type="mor"><mw><pos><c>on</c></pos><stem>honk</stem></mw><gra type="gra" index="1" head="0" relation="INCROOT"/></mor></w>
    <pause symbolic-length="simple"/>
    <w formType="onomatopoeia">honk<mor type="mor"><mw><pos><c>on</c></pos><stem>honk</stem></mw><gra type="gra" index="2" head="1" relation="ENUM"/></mor></w>
    <t type="p"><mor type="mor"><mt type="p"/><gra type="gra" index="3" head="1" relation="PUNCT"/></mor></t>

    <a type="gesture">&lt;1w&gt; looks at Ruth</a>
  </u>
  <u who="MOT" uID="u112">
    <w>eat<mor type="mor"><mw><pos><c>v</c></pos><stem>eat</stem></mw><gra type="gra" index="1" head="0" relation="ROOT"/></mor></w>
    <w>your<mor type="mor"><mw><pos><c>det</c><s>poss</s></pos><stem>your</stem></mw><gra type="gra" index="2" head="3" relation="DET"/></mor></w>
    <w>meat<mor type="mor"><mw><pos><c>n</c></pos><stem>meat</stem></mw><gra type="gra" index="3" head="1" relation="OBJ"/></mor></w>
    <t type="p"><mor type="mor"><mt type="p"/><gra type="gra" index="4" head="1" relation="PUNCT"/></mor></t>

  </u>
  <u who="MOT" uID="u113">
    <w>are<mor type="mor"><mw><pos><c>cop</c></pos><stem>be</stem><mk type="sfxf">PRES</mk></mw><gra type="gra" index="1" head="0" relation="ROOT"/></mor></w>
    <w>you<mor type="mor"><mw><pos><c>pro</c><s>per</s></pos><stem>you</stem></mw><gra type="gra" index="2" head="1" relation="PRED"/></mor></w>
    <w>thirsty<mor type="mor"><mw><pos><c>adj</c></pos><stem>thirst</stem><mk type="sfxf">dn</mk><mk type="sfx">Y</mk></mw><gra type="gra" index="3" head="2" relation="OM"/></mor></w>
    <t type="q"><mor type="mor"><mt type="q"/><gra type="gra" index="4" head="1" relation="PUNCT"/></mor></t>

  </u>
  <u who="CHI" uID="u114">
    <w>bye<mor type="mor"><mw><pos><c>co</c></pos><stem>bye</stem></mw><gra type="gra" index="1" head="0" relation="INCROOT"/></mor></w>
    <t type="p"><mor type="mor"><mt type="p"/><gra type="gra" index="2" head="1" relation="PUNCT"/></mor></t>

    <a type="actions">&lt;bef&gt; drinks . &lt;dur&gt; sets cup down . waves</a>
  </u>
  <u who="MOT" uID="u115">
    <w>bye<mor type="mor"><mw><pos><c>co</c></pos><stem>bye</stem></mw><gra type="gra" index="1" head="0" relation="INCROOT"/></mor></w>
    <t type="q"><mor type="mor"><mt type="q"/><gra type="gra" index="2" head="1" relation="PUNCT"/></mor></t>

  </u>
  <u who="MOT" uID="u116">
    <w>are<mor type="mor"><mw><pos><c>cop</c></pos><stem>be</stem><mk type="sfxf">PRES</mk></mw><gra type="gra" index="1" head="0" relation="ROOT"/></mor></w>
    <w>you<mor type="mor"><mw><pos><c>pro</c><s>per</s></pos><stem>you</stem></mw><gra type="gra" index="2" head="4" relation="SUBJ"/></mor></w>
    <w>all<mor type="mor"><mw><pos><c>adv</c></pos><stem>all</stem></mw><gra type="gra" index="3" head="4" relation="JCT"/></mor></w>
    <w>done<mor type="mor"><mw><pos><c>part</c></pos><stem>do</stem><mk type="sfxf">PASTP</mk></mw><gra type="gra" index="4" head="1" relation="PRED"/></mor></w>
    <t type="q"><mor type="mor"><mt type="q"/><gra type="gra" index="5" head="1" relation="PUNCT"/></mor></t>

  </u>
  <u who="MOT" uID="u117">
    <w>are<mor type="mor"><mw><pos><c>cop</c></pos><stem>be</stem><mk type="sfxf">PRES</mk></mw><gra type="gra" index="1" head="0" relation="ROOT"/></mor></w>
    <w>you<mor type="mor"><mw><pos><c>pro</c><s>per</s></pos><stem>you</stem></mw><gra type="gra" index="2" head="4" relation="SUBJ"/></mor></w>
    <w>all<mor type="mor"><mw><pos><c>adv</c></pos><stem>all</stem></mw><gra type="gra" index="3" head="4" relation="JCT"/></mor></w>
    <w>done<mor type="mor"><mw><pos><c>part</c></pos><stem>do</stem><mk type="sfxf">PASTP</mk></mw><gra type="gra" index="4" head="1" relation="PRED"/></mor></w>
    <t type="q"><mor type="mor"><mt type="q"/><gra type="gra" index="5" head="1" relation="PUNCT"/></mor></t>

  </u>
  <u who="MOT" uID="u118">
    <w>okay<mor type="mor"><mw><pos><c>co</c></pos><stem>okay</stem></mw><gra type="gra" index="1" head="3" relation="COM"/></mor></w>
    <pause symbolic-length="simple"/>
    <w>go<mor type="mor"><mw><pos><c>v</c></pos><stem>go</stem></mw><gra type="gra" index="2" head="3" relation="SRL"/></mor></w>
    <w>wipe<mor type="mor"><mw><pos><c>v</c></pos><stem>wipe</stem></mw><gra type="gra" index="3" head="0" relation="ROOT"/></mor></w>
    <w>your<mor type="mor"><mw><pos><c>det</c><s>poss</s></pos><stem>your</stem></mw><gra type="gra" index="4" head="5" relation="DET"/></mor></w>
    <w>mouth<mor type="mor"><mw><pos><c>n</c></pos><stem>mouth</stem></mw><gra type="gra" index="5" head="3" relation="OBJ"/></mor></w>
    <w>off<mor type="mor"><mw><pos><c>adv</c></pos><stem>off</stem></mw><gra type="gra" index="6" head="3" relation="JCT"/></mor></w>
    <t type="q"><mor type="mor"><mt type="q"/><gra type="gra" index="7" head="3" relation="PUNCT"/></mor></t>

  </u>
</CHAT>