<?xml version="1.0" encoding="UTF-8"?>

<CHAT xmlns:xsi="http://www.w3.org/2001/XMLSchema-instance"
      xmlns="http://www.talkbank.org/ns/talkbank"
      xsi:schemaLocation="http://www.talkbank.org/ns/talkbank https://talkbank.org/software/talkbank.xsd"
            DesignType="cross"
            ActivityType="toyplay"
            GroupType="TD"
      PID="11312/c-00015304-1"
      Version="2.16.0"
      Lang="eng"
      Corpus="Bates"
      >
  <Participants>
    <participant
      id="CHI"
    name="Zeke"
      role="Target_Child"
      language="eng"
      age="P2Y04M"
      sex="male"
      group="TD"
      SES="MC"

    />
    <participant
      id="MOT"
      role="Mother"
      language="eng"
      sex="female"

    />
  </Participants>
  <comment type="Types">cross, toyplay, TD</comment>
  <u who="MOT" uID="u0">
    <w>mm<p type="drawl"/><mor type="mor"><mw><pos><c>co</c></pos><stem>mm</stem></mw><gra type="gra" index="1" head="3" relation="COM"/></mor></w>
    <pause symbolic-length="simple"/>
    <w>good<mor type="mor"><mw><pos><c>adj</c></pos><stem>good</stem></mw><gra type="gra" index="2" head="3" relation="MOD"/></mor></w>
    <w>huh<mor type="mor"><mw><pos><c>co</c></pos><stem>huh</stem></mw><gra type="gra" index="3" head="0" relation="INCROOT"/></mor></w>
    <t type="q"><mor type="mor"><mt type="q"/><gra type="gra" index="4" head="3" relation="PUNCT"/></mor></t>

    <a type="gesture">looks at Zeke . nods</a>
    <a type="actions">&lt;bef&gt; sets snack and toy down . sits down</a>
  </u>
  <u who="MOT" uID="u1">
    <w>good<mor type="mor"><mw><pos><c>adj</c></pos><stem>good</stem></mw><gra type="gra" index="1" head="2" relation="MOD"/></mor></w>
    <w>cookie<mor type="mor"><mw><pos><c>n</c></pos><stem>cookie</stem></mw><gra type="gra" index="2" head="0" relation="INCROOT"/></mor></w>
    <t type="q"><mor type="mor"><mt type="q"/><gra type="gra" index="3" head="2" relation="PUNCT"/></mor></t>

  </u>
  <u who="MOT" uID="u2">
    <w>you<mor type="mor"><mw><pos><c>pro</c><s>per</s></pos><stem>you</stem></mw><gra type="gra" index="1" head="2" relation="SUBJ"/></mor></w>
    <w>been<mor type="mor"><mw><pos><c>cop</c></pos><stem>be</stem><mk type="sfxf">PASTP</mk></mw><gra type="gra" index="2" head="0" relation="ROOT"/></mor></w>
    <w>good<mor type="mor"><mw><pos><c>adj</c></pos><stem>good</stem></mw><gra type="gra" index="3" head="4" relation="MOD"/></mor></w>
    <w>boy<mor type="mor"><mw><pos><c>n</c></pos><stem>boy</stem></mw><gra type="gra" index="4" head="2" relation="PRED"/></mor></w>
    <t type="p"><mor type="mor"><mt type="p"/><gra type="gra" index="5" head="2" relation="PUNCT"/></mor></t>

  </u>
  <u who="MOT" uID="u3">
    <w>you<mor type="mor"><mw><pos><c>pro</c><s>per</s></pos><stem>you</stem></mw><gra type="gra" index="1" head="2" relation="SUBJ"/></mor></w>
    <w>get<mor type="mor"><mw><pos><c>v</c></pos><stem>get</stem></mw><gra type="gra" index="2" head="0" relation="ROOT"/></mor></w>
    <w>a<mor type="mor"><mw><pos><c>det</c><s>art</s></pos><stem>a</stem></mw><gra type="gra" index="3" head="4" relation="DET"/></mor></w>
    <w>snack<mor type="mor"><mw><pos><c>n</c></pos><stem>snack</stem></mw><gra type="gra" index="4" head="2" relation="OBJ"/></mor></w>
    <pause symbolic-length="simple"/>
    <w><shortening>be</shortening>c<shortening>a</shortening>use<mor type="mor"><mw><pos><c>conj</c></pos><stem>because</stem></mw><gra type="gra" index="5" head="7" relation="LINK"/></mor></w>
    <w>you<mor type="mor"><mw><pos><c>pro</c><s>per</s></pos><stem>you</stem></mw><gra type="gra" index="6" head="7" relation="SUBJ"/></mor></w>
    <w>been<mor type="mor"><mw><pos><c>cop</c></pos><stem>be</stem><mk type="sfxf">PASTP</mk></mw><gra type="gra" index="7" head="2" relation="CJCT"/></mor></w>
    <w>a<mor type="mor"><mw><pos><c>det</c><s>art</s></pos><stem>a</stem></mw><gra type="gra" index="8" head="10" relation="DET"/></mor></w>
    <w>good<mor type="mor"><mw><pos><c>adj</c></pos><stem>good</stem></mw><gra type="gra" index="9" head="10" relation="MOD"/></mor></w>
    <w>boy<mor type="mor"><mw><pos><c>n</c></pos><stem>boy</stem></mw><gra type="gra" index="10" head="7" relation="PRED"/></mor></w>
    <t type="p"><mor type="mor"><mt type="p"/><gra type="gra" index="11" head="2" relation="PUNCT"/></mor></t>

  </u>
  <u who="CHI" uID="u4">
    <w>mack<replacement><w>snack<mor type="mor"><mw><pos><c>n</c></pos><stem>snack</stem></mw><gra type="gra" index="1" head="0" relation="INCROOT"/></mor></w></replacement></w>
    <t type="p"><mor type="mor"><mt type="p"/><gra type="gra" index="2" head="1" relation="PUNCT"/></mor></t>

    <a type="actions">&lt;dur&gt; kicks table</a>
    <a type="gesture">&lt;bef&gt; drops cookie , eats . looks at Mother , camera , Mother . &lt;aft&gt; glances at snack</a>
  </u>
  <u who="MOT" uID="u5">
    <w>uhhum<mor type="mor"><mw><pos><c>co</c></pos><stem>uhhum</stem></mw><gra type="gra" index="1" head="0" relation="INCROOT"/></mor></w>
    <t type="p"><mor type="mor"><mt type="p"/><gra type="gra" index="2" head="1" relation="PUNCT"/></mor></t>

    <a type="gesture">nods</a>
  </u>
  <u who="CHI" uID="u6">
    <w>snack<mor type="mor"><mw><pos><c>n</c></pos><stem>snack</stem></mw><gra type="gra" index="1" head="2" relation="MOD"/></mor></w>
    <pause symbolic-length="simple"/>
    <w>Mom<mor type="mor"><mw><pos><c>n</c><s>prop</s></pos><stem>Mom</stem></mw><gra type="gra" index="2" head="0" relation="ROOT"/></mor></w>
    <t type="p"><mor type="mor"><mt type="p"/><gra type="gra" index="3" head="2" relation="PUNCT"/></mor></t>

    <a type="actions">drinks , drops cookie , eats</a>
    <a type="gesture">&lt;aft&gt; looks at cup , Mother</a>
    <a type="extension" flavor="pho">6m+k mam</a>
  </u>
  <u who="MOT" uID="u7">
    <w>that's<mor type="mor"><mw><pos><c>pro</c><s>dem</s></pos><stem>that</stem></mw><gra type="gra" index="1" head="2" relation="SUBJ"/><mor-post><mw><pos><c>cop</c></pos><stem>be</stem><mk type="sfxf">3S</mk></mw><gra type="gra" index="2" head="0" relation="ROOT"/></mor-post></mor></w>
    <w>a<mor type="mor"><mw><pos><c>det</c><s>art</s></pos><stem>a</stem></mw><gra type="gra" index="3" head="4" relation="DET"/></mor></w>
    <w>snack<mor type="mor"><mw><pos><c>n</c></pos><stem>snack</stem></mw><gra type="gra" index="4" head="2" relation="PRED"/></mor></w>
    <t type="p"><mor type="mor"><mt type="p"/><gra type="gra" index="5" head="2" relation="PUNCT"/></mor></t>

  </u>
  <u who="MOT" uID="u8">
    <w>cookie<mor type="mor"><mw><pos><c>n</c></pos><stem>cookie</stem></mw><gra type="gra" index="1" head="4" relation="SUBJ"/></mor></w>
    <w>and<mor type="mor"><mw><pos><c>coord</c></pos><stem>and</stem></mw><gra type="gra" index="2" head="1" relation="CONJ"/></mor></w>
    <w>milk<mor type="mor"><mw><pos><c>n</c></pos><stem>milk</stem></mw><gra type="gra" index="3" head="2" relation="COORD"/></mor></w>
    <w>is<mor type="mor"><mw><pos><c>cop</c></pos><stem>be</stem><mk type="sfxf">3S</mk></mw><gra type="gra" index="4" head="0" relation="ROOT"/></mor></w>
    <w>a<mor type="mor"><mw><pos><c>det</c><s>art</s></pos><stem>a</stem></mw><gra type="gra" index="5" head="6" relation="DET"/></mor></w>
    <w>snack<mor type="mor"><mw><pos><c>n</c></pos><stem>snack</stem></mw><gra type="gra" index="6" head="4" relation="PRED"/></mor></w>
    <t type="p"><mor type="mor"><mt type="p"/><gra type="gra" index="7" head="4" relation="PUNCT"/></mor></t>

  </u>
  <u who="MOT" uID="u9">
    <w>good<mor type="mor"><mw><pos><c>adj</c></pos><stem>good</stem></mw><gra type="gra" index="1" head="0" relation="INCROOT"/></mor></w>
    <t type="q"><mor type="mor"><mt type="q"/><gra type="gra" index="2" head="1" relation="PUNCT"/></mor></t>

  </u>
  <u who="MOT" uID="u10">
    <w>that<mor type="mor"><mw><pos><c>det</c><s>dem</s></pos><stem>that</stem></mw><gra type="gra" index="1" head="2" relation="DET"/></mor></w>
    <w>good<mor type="mor"><mw><pos><c>adj</c></pos><stem>good</stem></mw><gra type="gra" index="2" head="0" relation="INCROOT"/></mor></w>
    <t type="q"><mor type="mor"><mt type="q"/><gra type="gra" index="3" head="2" relation="PUNCT"/></mor></t>

  </u>
  <u who="MOT" uID="u11">
    <w>mm<p type="drawl"/><mor type="mor"><mw><pos><c>co</c></pos><stem>mm</stem></mw><gra type="gra" index="1" head="0" relation="INCROOT"/></mor></w>
    <t type="p"><mor type="mor"><mt type="p"/><gra type="gra" index="2" head="1" relation="PUNCT"/></mor></t>

  </u>
  <u who="CHI" uID="u12">
    <w>Mommy<mor type="mor"><mw><pos><c>n</c><s>prop</s></pos><stem>Mommy</stem></mw><gra type="gra" index="1" head="2" relation="SUBJ"/></mor></w>
    <w>make<mor type="mor"><mw><pos><c>v</c></pos><stem>make</stem></mw><gra type="gra" index="2" head="0" relation="ROOT"/></mor></w>
    <w>a<mor type="mor"><mw><pos><c>det</c><s>art</s></pos><stem>a</stem></mw><gra type="gra" index="3" head="4" relation="DET"/></mor></w>
    <w>garage<mor type="mor"><mw><pos><c>n</c></pos><stem>garage</stem></mw><gra type="gra" index="4" head="2" relation="OBJ"/></mor></w>
    <t type="p"><mor type="mor"><mt type="p"/><gra type="gra" index="5" head="2" relation="PUNCT"/></mor></t>

    <a type="actions">plays with truck</a>
    <a type="gesture">&lt;bef&gt; galnces at camera . &lt;dur&gt; looks at Mother . &lt;aft&gt; looks at Mother's hand</a>
    <a type="extension" flavor="pho">mami mek 6 g&amp;g6</a>
  </u>
  <u who="MOT" uID="u13">
    <w>make<mor type="mor"><mw><pos><c>v</c></pos><stem>make</stem></mw><gra type="gra" index="1" head="0" relation="ROOT"/></mor></w>
    <w>a<mor type="mor"><mw><pos><c>det</c><s>art</s></pos><stem>a</stem></mw><gra type="gra" index="2" head="3" relation="DET"/></mor></w>
    <w>garage<mor type="mor"><mw><pos><c>n</c></pos><stem>garage</stem></mw><gra type="gra" index="3" head="1" relation="OBJ"/></mor></w>
    <t type="q"><mor type="mor"><mt type="q"/><gra type="gra" index="4" head="1" relation="PUNCT"/></mor></t>

  </u>
  <u who="MOT" uID="u14">
    <w>make<mor type="mor"><mw><pos><c>v</c></pos><stem>make</stem></mw><gra type="gra" index="1" head="0" relation="ROOT"/></mor></w>
    <w>a<mor type="mor"><mw><pos><c>det</c><s>art</s></pos><stem>a</stem></mw><gra type="gra" index="2" head="4" relation="DET"/></mor></w>
    <w>garage<mor type="mor"><mw><pos><c>n</c></pos><stem>garage</stem></mw><gra type="gra" index="3" head="4" relation="MOD"/></mor></w>
    <pause symbolic-length="simple"/>
    <w>okay<mor type="mor"><mw><pos><c>adj</c></pos><stem>okay</stem></mw><gra type="gra" index="4" head="1" relation="OBJ"/></mor></w>
    <t type="p"><mor type="mor"><mt type="p"/><gra type="gra" index="5" head="1" relation="PUNCT"/></mor></t>

    <a type="actions">&lt;1w&gt; puts hand in a different position , at a 45 degree angle to table</a>
  </u>
  <u who="MOT" uID="u15">
    <w>open<mor type="mor"><mw><pos><c>v</c></pos><stem>open</stem></mw><gra type="gra" index="1" head="0" relation="ROOT"/></mor></w>
    <w>the<mor type="mor"><mw><pos><c>det</c><s>art</s></pos><stem>the</stem></mw><gra type="gra" index="2" head="3" relation="DET"/></mor></w>
    <w>garage<mor type="mor"><mw><pos><c>n</c></pos><stem>garage</stem></mw><gra type="gra" index="3" head="1" relation="OBJ"/></mor></w>
    <t type="p"><mor type="mor"><mt type="p"/><gra type="gra" index="4" head="1" relation="PUNCT"/></mor></t>

  </u>
  <u who="CHI" uID="u16">
    <e><action/></e>
    <t type="p"></t>

    <a type="gesture">looks at Mother's hand</a>
    <a type="actions">puts truck under Mother's hand .</a>
  </u>
  <u who="MOT" uID="u17">
    <w>okay<mor type="mor"><mw><pos><c>co</c></pos><stem>okay</stem></mw><gra type="gra" index="1" head="0" relation="INCROOT"/></mor></w>
    <t type="p"><mor type="mor"><mt type="p"/><gra type="gra" index="2" head="1" relation="PUNCT"/></mor></t>

    <a type="actions">puts hand on top of truck</a>
    <a type="gesture">looks at Zeke</a>
  </u>
  <u who="CHI" uID="u18">
    <w>ah<mor type="mor"><mw><pos><c>co</c></pos><stem>ah</stem></mw><gra type="gra" index="1" head="2" relation="COM"/></mor></w>
    <w>knock<mor type="mor"><mw><pos><c>n</c></pos><stem>knock</stem></mw><gra type="gra" index="2" head="0" relation="INCROOT"/></mor></w>
    <tagMarker type="comma"><mor type="mor"><mw><pos><c>cm</c></pos><stem>cm</stem></mw><gra type="gra" index="3" head="2" relation="LP"/></mor></tagMarker>
    <w>knock<mor type="mor"><mw><pos><c>co</c></pos><stem>knock</stem></mw><gra type="gra" index="4" head="2" relation="ENUM"/></mor></w>
    <t type="p"><mor type="mor"><mt type="p"/><gra type="gra" index="5" head="2" relation="PUNCT"/></mor></t>

    <a type="actions">&lt;aft&gt; "drives" truck away</a>
    <a type="gesture">&lt;bef&gt; looks at Mother's hand . &lt;aft&gt; looks at truck</a>
  </u>
  <u who="MOT" uID="u19">
    <w>knock<mor type="mor"><mw><pos><c>co</c></pos><stem>knock</stem></mw><gra type="gra" index="1" head="0" relation="INCROOT"/></mor></w>
    <t type="p"><mor type="mor"><mt type="p"/><gra type="gra" index="2" head="1" relation="PUNCT"/></mor></t>

    <a type="actions">opens hand</a>
  </u>
  <u who="MOT" uID="u20">
    <w>knock<mor type="mor"><mw><pos><c>co</c></pos><stem>knock</stem></mw><gra type="gra" index="1" head="0" relation="INCROOT"/></mor></w>
    <t type="p"><mor type="mor"><mt type="p"/><gra type="gra" index="2" head="1" relation="PUNCT"/></mor></t>

  </u>
  <u who="MOT" uID="u21">
    <w>up<mor type="mor"><mw><pos><c>adv</c></pos><stem>up</stem></mw><gra type="gra" index="1" head="0" relation="INCROOT"/></mor></w>
    <t type="p"><mor type="mor"><mt type="p"/><gra type="gra" index="2" head="1" relation="PUNCT"/></mor></t>

  </u>
  <u who="CHI" uID="u22">
    <w>I'm<mor type="mor"><mw><pos><c>pro</c><s>sub</s></pos><stem>I</stem></mw><gra type="gra" index="1" head="2" relation="SUBJ"/><mor-post><mw><pos><c>cop</c></pos><stem>be</stem><mk type="sfxf">1S</mk></mw><gra type="gra" index="2" head="0" relation="ROOT"/></mor-post></mor></w>
    <w>downtown<mor type="mor"><mw><pos><c>adj</c></pos><stem>downtown</stem></mw><gra type="gra" index="3" head="2" relation="PRED"/></mor></w>
    <t type="p"><mor type="mor"><mt type="p"/><gra type="gra" index="4" head="2" relation="PUNCT"/></mor></t>

    <a type="gesture">looks at Mother , toy .</a>
    <a type="extension" flavor="pho">6m dauntaun</a>
  </u>
  <u who="MOT" uID="u23">
    <w>you're<mor type="mor"><mw><pos><c>pro</c><s>per</s></pos><stem>you</stem></mw><gra type="gra" index="1" head="3" relation="SUBJ"/><mor-post><mw><pos><c>aux</c></pos><stem>be</stem><mk type="sfxf">PRES</mk></mw><gra type="gra" index="2" head="3" relation="AUX"/></mor-post></mor></w>
    <w>driving<mor type="mor"><mw><pos><c>part</c></pos><stem>drive</stem><mk type="sfx">PRESP</mk></mw><gra type="gra" index="3" head="0" relation="ROOT"/></mor></w>
    <pause symbolic-length="simple"/>
    <w>okay<mor type="mor"><mw><pos><c>adj</c></pos><stem>okay</stem></mw><gra type="gra" index="4" head="3" relation="PRED"/></mor></w>
    <t type="p"><mor type="mor"><mt type="p"/><gra type="gra" index="5" head="3" relation="PUNCT"/></mor></t>

    <a type="actions">&lt;aft&gt; makes garage</a>
  </u>
  <u who="CHI" uID="u24">
    <w>driving<mor type="mor"><mw><pos><c>part</c></pos><stem>drive</stem><mk type="sfx">PRESP</mk></mw><gra type="gra" index="1" head="0" relation="ROOT"/></mor></w>
    <pause symbolic-length="simple"/>
    <w>down<mor type="mor"><mw><pos><c>prep</c></pos><stem>down</stem></mw><gra type="gra" index="2" head="1" relation="JCT"/></mor></w>
    <w>town<mor type="mor"><mw><pos><c>n</c></pos><stem>town</stem></mw><gra type="gra" index="3" head="2" relation="POBJ"/></mor></w>
    <pause symbolic-length="simple"/>
    <w>down<mor type="mor"><mw><pos><c>prep</c></pos><stem>down</stem></mw><gra type="gra" index="4" head="1" relation="JCT"/></mor></w>
    <w>town<mor type="mor"><mw><pos><c>n</c></pos><stem>town</stem></mw><gra type="gra" index="5" head="4" relation="POBJ"/></mor></w>
    <t type="p"><mor type="mor"><mt type="p"/><gra type="gra" index="6" head="1" relation="PUNCT"/></mor></t>

    <a type="gesture">smiles</a>
    <a type="extension" flavor="pho">daivIn dauntau dau tau se n6h n6h mek 6 g&amp;g6</a>
  </u>
  <u who="CHI" uID="u25">
    <w>say<mor type="mor"><mw><pos><c>co</c></pos><stem>say</stem></mw><gra type="gra" index="1" head="3" relation="COM"/></mor></w>
    <w>knock<mor type="mor"><mw><pos><c>co</c></pos><stem>knock</stem></mw><gra type="gra" index="2" head="3" relation="COM"/></mor></w>
    <w>knock<mor type="mor"><mw><pos><c>co</c></pos><stem>knock</stem></mw><gra type="gra" index="3" head="0" relation="INCROOT"/></mor></w>
    <t type="p"><mor type="mor"><mt type="p"/><gra type="gra" index="4" head="3" relation="PUNCT"/></mor></t>

  </u>
  <u who="CHI" uID="u26">
    <w>make<mor type="mor"><mw><pos><c>v</c></pos><stem>make</stem></mw><gra type="gra" index="1" head="0" relation="ROOT"/></mor></w>
    <w>a<mor type="mor"><mw><pos><c>det</c><s>art</s></pos><stem>a</stem></mw><gra type="gra" index="2" head="3" relation="DET"/></mor></w>
    <w>garage<mor type="mor"><mw><pos><c>n</c></pos><stem>garage</stem></mw><gra type="gra" index="3" head="1" relation="OBJ"/></mor></w>
    <t type="p"><mor type="mor"><mt type="p"/><gra type="gra" index="4" head="1" relation="PUNCT"/></mor></t>

    <a type="actions">&lt;aft&gt; drives truck in</a>
  </u>
  <u who="CHI" uID="u27">
    <w untranscribed="unintelligible">xxx</w>
    <w>that<mor type="mor"><mw><pos><c>det</c><s>dem</s></pos><stem>that</stem></mw><gra type="gra" index="1" head="2" relation="DET"/></mor></w>
    <w>cookie<mor type="mor"><mw><pos><c>n</c></pos><stem>cookie</stem></mw><gra type="gra" index="2" head="0" relation="INCROOT"/></mor></w>
    <t type="q"><mor type="mor"><mt type="q"/><gra type="gra" index="3" head="2" relation="PUNCT"/></mor></t>

    <a type="gesture">&lt;bef&gt; glances at camera . &lt;dur&gt; looks at Mother . puts hand to mouth</a>
    <a type="actions">&lt;bef&gt; drops cookie , eats</a>
    <a type="extension" flavor="pho">xxx d&amp;t kUki</a>
  </u>
  <u who="MOT" uID="u28">
    <w>uhhuh<mor type="mor"><mw><pos><c>co</c></pos><stem>uhhuh</stem></mw><gra type="gra" index="1" head="0" relation="INCROOT"/></mor></w>
    <t type="p"><mor type="mor"><mt type="p"/><gra type="gra" index="2" head="1" relation="PUNCT"/></mor></t>

    <a type="gesture">nods slightly</a>
    <a type="paralinguistics">spoken softly</a>
  </u>
  <u who="CHI" uID="u29">
    <w untranscribed="unintelligible">xxx</w>
    <t type="p"></t>

    <a type="actions">&lt;aft&gt; eats</a>
    <a type="gesture">&lt;aft&gt; looks at Investigator , Mother</a>
  </u>
  <u who="MOT" uID="u30">
    <w>oh<mor type="mor"><mw><pos><c>co</c></pos><stem>oh</stem></mw><gra type="gra" index="1" head="3" relation="COM"/></mor></w>
    <pause symbolic-length="simple"/>
    <w>I'm<mor type="mor"><mw><pos><c>pro</c><s>sub</s></pos><stem>I</stem></mw><gra type="gra" index="2" head="3" relation="SUBJ"/><mor-post><mw><pos><c>cop</c></pos><stem>be</stem><mk type="sfxf">1S</mk></mw><gra type="gra" index="3" head="0" relation="ROOT"/></mor-post></mor></w>
    <w>not<mor type="mor"><mw><pos><c>neg</c></pos><stem>not</stem></mw><gra type="gra" index="4" head="3" relation="NEG"/></mor></w>
    <w>sure<mor type="mor"><mw><pos><c>adj</c></pos><stem>sure</stem></mw><gra type="gra" index="5" head="3" relation="PRED"/></mor></w>
    <w>what<mor type="mor"><mw><pos><c>pro</c><s>int</s></pos><stem>what</stem></mw><gra type="gra" index="6" head="8" relation="LINK"/></mor></w>
    <g><w>that<mor type="mor"><mw><pos><c>comp</c></pos><stem>that</stem></mw><gra type="gra" index="7" head="8" relation="SUBJ"/></mor></w><k type="stressing"/></g>
    <w>is<mor type="mor"><mw><pos><c>cop</c></pos><stem>be</stem><mk type="sfxf">3S</mk></mw><gra type="gra" index="8" head="5" relation="CMOD"/></mor></w>
    <t type="p"><mor type="mor"><mt type="p"/><gra type="gra" index="9" head="3" relation="PUNCT"/></mor></t>

    <a type="gesture">leans forward . looks at Zeke</a>
  </u>
  <u who="MOT" uID="u31">
    <w>you<mor type="mor"><mw><pos><c>pro</c><s>per</s></pos><stem>you</stem></mw><gra type="gra" index="1" head="2" relation="SUBJ"/></mor></w>
    <w>got<mor type="mor"><mw><pos><c>v</c></pos><stem>get</stem><mk type="sfxf">PAST</mk></mw><gra type="gra" index="2" head="0" relation="ROOT"/></mor></w>
    <w>ta<mor type="mor"><mw><pos><c>inf</c></pos><stem>to</stem></mw><gra type="gra" index="3" head="4" relation="INF"/></mor></w>
    <w>chew<mor type="mor"><mw><pos><c>v</c></pos><stem>chew</stem></mw><gra type="gra" index="4" head="2" relation="COMP"/></mor></w>
    <w>your<mor type="mor"><mw><pos><c>det</c><s>poss</s></pos><stem>your</stem></mw><gra type="gra" index="5" head="6" relation="DET"/></mor></w>
    <w>cookie<mor type="mor"><mw><pos><c>n</c></pos><stem>cookie</stem></mw><gra type="gra" index="6" head="4" relation="OBJ"/></mor></w>
    <w>up<mor type="mor"><mw><pos><c>prep</c></pos><stem>up</stem></mw><gra type="gra" index="7" head="4" relation="JCT"/></mor></w>
    <pause symbolic-length="simple"/>
    <w>honey<mor type="mor"><mw><pos><c>n</c></pos><stem>honey</stem></mw><gra type="gra" index="8" head="7" relation="POBJ"/></mor></w>
    <t type="e"><mor type="mor"><mt type="e"/><gra type="gra" index="9" head="2" relation="PUNCT"/></mor></t>

  </u>
  <u who="CHI" uID="u32">
    <e><action/><ga type="paralinguistics">coughs</ga></e>
    <t type="p"></t>

    <a type="actions">&lt;bef&gt; eats . &lt;aft&gt; covers mouth</a>
  </u>
  <u who="MOT" uID="u33">
    <w>cover<mor type="mor"><mw><pos><c>v</c></pos><stem>cover</stem></mw><gra type="gra" index="1" head="0" relation="ROOT"/></mor></w>
    <w>your<mor type="mor"><mw><pos><c>det</c><s>poss</s></pos><stem>your</stem></mw><gra type="gra" index="2" head="3" relation="DET"/></mor></w>
    <w>mouth<mor type="mor"><mw><pos><c>n</c></pos><stem>mouth</stem></mw><gra type="gra" index="3" head="1" relation="OBJ"/></mor></w>
    <w>when<mor type="mor"><mw><pos><c>conj</c></pos><stem>when</stem></mw><gra type="gra" index="4" head="6" relation="LINK"/></mor></w>
    <w>you<mor type="mor"><mw><pos><c>pro</c><s>per</s></pos><stem>you</stem></mw><gra type="gra" index="5" head="6" relation="SUBJ"/></mor></w>
    <w>cough<mor type="mor"><mw><pos><c>v</c></pos><stem>cough</stem></mw><gra type="gra" index="6" head="1" relation="CJCT"/></mor></w>
    <t type="q"><mor type="mor"><mt type="q"/><gra type="gra" index="7" head="1" relation="PUNCT"/></mor></t>

  </u>
  <u who="MOT" uID="u34">
    <w>thank_you<mor type="mor"><mw><pos><c>co</c></pos><stem>thank_you</stem></mw><gra type="gra" index="1" head="0" relation="INCROOT"/></mor></w>
    <t type="p"><mor type="mor"><mt type="p"/><gra type="gra" index="2" head="1" relation="PUNCT"/></mor></t>

  </u>
  <u who="CHI" uID="u35">
    <w untranscribed="unintelligible">xxx</w>
    <t type="p"></t>

    <a type="gesture">looks at Mother</a>
    <a type="actions">&lt;bef&gt; dips snack and eats . &lt;aft&gt; drinks</a>
  </u>
  <u who="MOT" uID="u36">
    <w>Jimmy's<mor type="mor"><mw><pos><c>n</c><s>prop</s></pos><stem>Jimmy</stem></mw><gra type="gra" index="1" head="2" relation="SUBJ"/><mor-post><mw><pos><c>cop</c></pos><stem>be</stem><mk type="sfxf">3S</mk></mw><gra type="gra" index="2" head="0" relation="ROOT"/></mor-post></mor></w>
    <w>downstairs<mor type="mor"><mw><pos><c>adv</c></pos><stem>downstairs</stem></mw><gra type="gra" index="3" head="4" relation="JCT"/></mor></w>
    <pause symbolic-length="simple"/>
    <w>honey<mor type="mor"><mw><pos><c>n</c></pos><stem>honey</stem></mw><gra type="gra" index="4" head="2" relation="PRED"/></mor></w>
    <t type="p"><mor type="mor"><mt type="p"/><gra type="gra" index="5" head="2" relation="PUNCT"/></mor></t>

    <a type="actions">hand still on car</a>
  </u>
  <u who="CHI" uID="u37">
    <w type="filler">um</w>
    <w>knock<mor type="mor"><mw><pos><c>co</c></pos><stem>knock</stem></mw><gra type="gra" index="1" head="2" relation="COM"/></mor></w>
    <pause symbolic-length="simple"/>
    <w>knock<mor type="mor"><mw><pos><c>co</c></pos><stem>knock</stem></mw><gra type="gra" index="2" head="0" relation="INCROOT"/></mor></w>
    <t type="p"><mor type="mor"><mt type="p"/><gra type="gra" index="3" head="2" relation="PUNCT"/></mor></t>

    <a type="gesture">&lt;bef&gt; looks at Mother's hand . &lt;dur&gt; knocks on Mother's hand</a>
    <a type="extension" flavor="pho">6m n6h n6h</a>
  </u>
  <u who="MOT" uID="u38">
    <w>oop<shortening>s</shortening><mor type="mor"><mw><pos><c>co</c></pos><stem>oops</stem></mw><gra type="gra" index="1" head="0" relation="INCROOT"/></mor></w>
    <t type="e"><mor type="mor"><mt type="e"/><gra type="gra" index="2" head="1" relation="PUNCT"/></mor></t>

    <a type="actions">opens hand</a>
  </u>
  <u who="CHI" uID="u39">
    <w>what<mor type="mor"><mw><pos><c>pro</c><s>int</s></pos><stem>what</stem></mw><gra type="gra" index="1" head="2" relation="SUBJ"/></mor></w>
    <w>happen<mor type="mor"><mw><pos><c>v</c></pos><stem>happen</stem></mw><gra type="gra" index="2" head="0" relation="ROOT"/></mor></w>
    <g><w>Jimmy<mor type="mor"><mw><pos><c>n</c><s>prop</s></pos><stem>Jimmy</stem></mw><gra type="gra" index="3" head="2" relation="OBJ"/></mor></w><error/></g>
    <t type="q"><mor type="mor"><mt type="q"/><gra type="gra" index="4" head="2" relation="PUNCT"/></mor></t>

    <a type="gesture">looks at Mother</a>
    <a type="actions">&lt;bef&gt; plays with toy</a>
    <a type="extension" flavor="pho">6 h&amp;pIn JImi</a>
  </u>
  <u who="MOT" uID="u40">
    <w>Jimmy's<mor type="mor"><mw><pos><c>n</c><s>prop</s></pos><stem>Jimmy</stem></mw><gra type="gra" index="1" head="4" relation="SUBJ"/><mor-post><mw><pos><c>aux</c></pos><stem>be</stem><mk type="sfxf">3S</mk></mw><gra type="gra" index="2" head="4" relation="AUX"/></mor-post></mor></w>
    <w>downstairs<mor type="mor"><mw><pos><c>adv</c></pos><stem>downstairs</stem></mw><gra type="gra" index="3" head="4" relation="JCT"/></mor></w>
    <w>playing<mor type="mor"><mw><pos><c>part</c></pos><stem>play</stem><mk type="sfx">PRESP</mk></mw><gra type="gra" index="4" head="0" relation="ROOT"/></mor></w>
    <t type="p"><mor type="mor"><mt type="p"/><gra type="gra" index="5" head="4" relation="PUNCT"/></mor></t>

    <a type="actions">&lt;aft&gt; opens hand , closes hand on car</a>
  </u>
  <u who="CHI" uID="u41">
    <w formType="onomatopoeia">zoom<mor type="mor"><mw><pos><c>on</c></pos><stem>zoom</stem></mw><gra type="gra" index="1" head="5" relation="LINK"/></mor></w>
    <pause symbolic-length="simple"/>
    <w formType="onomatopoeia">zoom<mor type="mor"><mw><pos><c>on</c></pos><stem>zoom</stem></mw><gra type="gra" index="2" head="3" relation="MOD"/></mor></w>
    <pause symbolic-length="simple"/>
    <w>man<mor type="mor"><mw><pos><c>n</c></pos><stem>man</stem></mw><gra type="gra" index="3" head="5" relation="SUBJ"/></mor></w>
    <w>come<mor type="mor"><mw><pos><c>v</c></pos><stem>come</stem></mw><gra type="gra" index="4" head="5" relation="SRL"/></mor></w>
    <pause symbolic-length="simple"/>
    <w>say<mor type="mor"><mw><pos><c>v</c></pos><stem>say</stem></mw><gra type="gra" index="5" head="0" relation="ROOT"/></mor></w>
    <w formType="onomatopoeia">knock<mor type="mor"><mw><pos><c>on</c></pos><stem>knock</stem></mw><gra type="gra" index="6" head="5" relation="OM"/></mor></w>
    <t type="e"><mor type="mor"><mt type="e"/><gra type="gra" index="7" head="5" relation="PUNCT"/></mor></t>

    <a type="gesture">looks at car</a>
    <a type="extension" flavor="pho">zum zum m&amp;m k6 se n6h n6h</a>
  </u>
  <u who="CHI" uID="u42">
    <w formType="onomatopoeia">knock<mor type="mor"><mw><pos><c>on</c></pos><stem>knock</stem></mw><gra type="gra" index="1" head="0" relation="INCROOT"/></mor></w>
    <t type="e"><mor type="mor"><mt type="e"/><gra type="gra" index="2" head="1" relation="PUNCT"/></mor></t>

    <a type="actions">&lt;aft&gt; drives car in . eats</a>
  </u>
  <u who="MOT" uID="u43">
    <w>that<mor type="mor"><mw><pos><c>det</c><s>dem</s></pos><stem>that</stem></mw><gra type="gra" index="1" head="2" relation="DET"/></mor></w>
    <w>garage<mor type="mor"><mw><pos><c>n</c></pos><stem>garage</stem></mw><gra type="gra" index="2" head="3" relation="SUBJ"/></mor></w>
    <w>isn't<mor type="mor"><mw><pos><c>cop</c></pos><stem>be</stem><mk type="sfxf">3S</mk></mw><gra type="gra" index="3" head="0" relation="ROOT"/><mor-post><mw><pos><c>neg</c></pos><stem>not</stem></mw><gra type="gra" index="4" head="3" relation="NEG"/></mor-post></mor></w>
    <w>big<mor type="mor"><mw><pos><c>adj</c></pos><stem>big</stem></mw><gra type="gra" index="5" head="3" relation="PRED"/></mor></w>
    <w>enough<mor type="mor"><mw><pos><c>adv</c></pos><stem>enough</stem></mw><gra type="gra" index="6" head="5" relation="JCT"/></mor></w>
    <w>for<mor type="mor"><mw><pos><c>prep</c></pos><stem>for</stem></mw><gra type="gra" index="7" head="5" relation="JCT"/></mor></w>
    <w>this<mor type="mor"><mw><pos><c>det</c><s>dem</s></pos><stem>this</stem></mw><gra type="gra" index="8" head="9" relation="DET"/></mor></w>
    <w>jeep<mor type="mor"><mw><pos><c>n</c></pos><stem>jeep</stem></mw><gra type="gra" index="9" head="7" relation="POBJ"/></mor></w>
    <t type="p"><mor type="mor"><mt type="p"/><gra type="gra" index="10" head="3" relation="PUNCT"/></mor></t>

  </u>
  <u who="MOT" uID="u44">
    <w>jeep's<mor type="mor"><mw><pos><c>n</c></pos><stem>jeep</stem></mw><gra type="gra" index="1" head="2" relation="SUBJ"/><mor-post><mw><pos><c>cop</c></pos><stem>be</stem><mk type="sfxf">3S</mk></mw><gra type="gra" index="2" head="0" relation="ROOT"/></mor-post></mor></w>
    <w>too<mor type="mor"><mw><pos><c>adv</c></pos><stem>too</stem></mw><gra type="gra" index="3" head="4" relation="JCT"/></mor></w>
    <w>big<mor type="mor"><mw><pos><c>adj</c></pos><stem>big</stem></mw><gra type="gra" index="4" head="2" relation="PRED"/></mor></w>
    <w>for<mor type="mor"><mw><pos><c>prep</c></pos><stem>for</stem></mw><gra type="gra" index="5" head="4" relation="JCT"/></mor></w>
    <w>the<mor type="mor"><mw><pos><c>det</c><s>art</s></pos><stem>the</stem></mw><gra type="gra" index="6" head="7" relation="DET"/></mor></w>
    <w>garage<mor type="mor"><mw><pos><c>n</c></pos><stem>garage</stem></mw><gra type="gra" index="7" head="5" relation="POBJ"/></mor></w>
    <t type="p"><mor type="mor"><mt type="p"/><gra type="gra" index="8" head="2" relation="PUNCT"/></mor></t>

  </u>
  <u who="CHI" uID="u45">
    <w>say<mor type="mor"><mw><pos><c>co</c></pos><stem>say</stem></mw><gra type="gra" index="1" head="2" relation="COM"/></mor></w>
    <w>knock<mor type="mor"><mw><pos><c>co</c></pos><stem>knock</stem></mw><gra type="gra" index="2" head="0" relation="INCROOT"/></mor></w>
    <t type="e"><mor type="mor"><mt type="e"/><gra type="gra" index="3" head="2" relation="PUNCT"/></mor></t>

    <a type="actions">&lt;bef&gt; drives car around . eats . kicks table</a>
    <a type="gesture">&lt;bef&gt; looks at toy</a>
    <a type="extension" flavor="pho">se n6h n6h</a>
  </u>
  <u who="CHI" uID="u46">
    <w>knock<mor type="mor"><mw><pos><c>co</c></pos><stem>knock</stem></mw><gra type="gra" index="1" head="0" relation="INCROOT"/></mor></w>
    <t type="e"><mor type="mor"><mt type="e"/><gra type="gra" index="2" head="1" relation="PUNCT"/></mor></t>

  </u>
  <u who="CHI" uID="u47">
    <w>oh<mor type="mor"><mw><pos><c>co</c></pos><stem>oh</stem></mw><gra type="gra" index="1" head="3" relation="COM"/></mor></w>
    <w>more<mor type="mor"><mw><pos><c>qn</c></pos><stem>more</stem></mw><gra type="gra" index="2" head="3" relation="QUANT"/></mor></w>
    <w>cookie<mor type="mor"><mw><pos><c>n</c></pos><stem>cookie</stem></mw><gra type="gra" index="3" head="0" relation="INCROOT"/></mor></w>
    <t type="p"><mor type="mor"><mt type="p"/><gra type="gra" index="4" head="3" relation="PUNCT"/></mor></t>

    <a type="actions">&lt;aft&gt; kicks table</a>
    <a type="gesture">looks at Mother</a>
    <a type="extension" flavor="pho">o mor kUki</a>
  </u>
  <u who="MOT" uID="u48">
    <w type="filler">uh</w>
    <pause symbolic-length="simple"/>
    <w>no<mor type="mor"><mw><pos><c>qn</c></pos><stem>no</stem></mw><gra type="gra" index="1" head="3" relation="QUANT"/></mor></w>
    <w>more<mor type="mor"><mw><pos><c>qn</c></pos><stem>more</stem></mw><gra type="gra" index="2" head="3" relation="QUANT"/></mor></w>
    <w>cookie<mor type="mor"><mw><pos><c>n</c></pos><stem>cookie</stem></mw><gra type="gra" index="3" head="0" relation="INCROOT"/></mor></w>
    <t type="p"><mor type="mor"><mt type="p"/><gra type="gra" index="4" head="3" relation="PUNCT"/></mor></t>

    <a type="gesture">looks at Zeke</a>
    <a type="actions">&lt;bef&gt; opens hand</a>
  </u>
  <u who="MOT" uID="u49">
    <w>that's<mor type="mor"><mw><pos><c>pro</c><s>dem</s></pos><stem>that</stem></mw><gra type="gra" index="1" head="2" relation="SUBJ"/><mor-post><mw><pos><c>cop</c></pos><stem>be</stem><mk type="sfxf">3S</mk></mw><gra type="gra" index="2" head="0" relation="ROOT"/></mor-post></mor></w>
    <w>enough<mor type="mor"><mw><pos><c>adv</c></pos><stem>enough</stem></mw><gra type="gra" index="3" head="2" relation="JCT"/></mor></w>
    <pause symbolic-length="simple"/>
    <w>I<mor type="mor"><mw><pos><c>pro</c><s>sub</s></pos><stem>I</stem></mw><gra type="gra" index="4" head="5" relation="SUBJ"/></mor></w>
    <w>think<mor type="mor"><mw><pos><c>v</c></pos><stem>think</stem></mw><gra type="gra" index="5" head="2" relation="CJCT"/></mor></w>
    <t type="p"><mor type="mor"><mt type="p"/><gra type="gra" index="6" head="2" relation="PUNCT"/></mor></t>

  </u>
  <u who="MOT" uID="u50">
    <w>you<mor type="mor"><mw><pos><c>pro</c><s>per</s></pos><stem>you</stem></mw><gra type="gra" index="1" head="2" relation="SUBJ"/></mor></w>
    <w>need<mor type="mor"><mw><pos><c>v</c></pos><stem>need</stem></mw><gra type="gra" index="2" head="0" relation="ROOT"/></mor></w>
    <w>a<mor type="mor"><mw><pos><c>det</c><s>art</s></pos><stem>a</stem></mw><gra type="gra" index="3" head="5" relation="DET"/></mor></w>
    <w>new<mor type="mor"><mw><pos><c>adj</c></pos><stem>new</stem></mw><gra type="gra" index="4" head="5" relation="MOD"/></mor></w>
    <w>glass<mor type="mor"><mw><pos><c>n</c></pos><stem>glass</stem></mw><gra type="gra" index="5" head="2" relation="OBJ"/></mor></w>
    <t type="q"><mor type="mor"><mt type="q"/><gra type="gra" index="6" head="2" relation="PUNCT"/></mor></t>

    <a type="gesture">tips and looks in cup</a>
  </u>
  <u who="MOT" uID="u51">
    <w>gonna<mor type="mor"><mw><pos><c>part</c></pos><stem>go</stem><mk type="sfxf">PRESP</mk></mw><gra type="gra" index="1" head="0" relation="INCROOT"/><mor-post><mw><pos><c>inf</c></pos><stem>to</stem></mw><gra type="gra" index="2" head="3" relation="INF"/></mor-post></mor></w>
    <w>drink<mor type="mor"><mw><pos><c>v</c></pos><stem>drink</stem></mw><gra type="gra" index="3" head="1" relation="COMP"/></mor></w>
    <w>the<mor type="mor"><mw><pos><c>det</c><s>art</s></pos><stem>the</stem></mw><gra type="gra" index="4" head="5" relation="DET"/></mor></w>
    <w>rest<mor type="mor"><mw><pos><c>n</c></pos><stem>rest</stem></mw><gra type="gra" index="5" head="3" relation="OBJ"/></mor></w>
    <w>of<mor type="mor"><mw><pos><c>prep</c></pos><stem>of</stem></mw><gra type="gra" index="6" head="5" relation="NJCT"/></mor></w>
    <w>your<mor type="mor"><mw><pos><c>det</c><s>poss</s></pos><stem>your</stem></mw><gra type="gra" index="7" head="8" relation="DET"/></mor></w>
    <w>milk<mor type="mor"><mw><pos><c>n</c></pos><stem>milk</stem></mw><gra type="gra" index="8" head="6" relation="POBJ"/></mor></w>
    <t type="q"><mor type="mor"><mt type="q"/><gra type="gra" index="9" head="1" relation="PUNCT"/></mor></t>

  </u>
  <u who="CHI" uID="u52">
    <w>milk<mor type="mor"><mw><pos><c>n</c></pos><stem>milk</stem></mw><gra type="gra" index="1" head="0" relation="ROOT"/></mor></w>
    <pause symbolic-length="simple"/>
    <w>ah<mor type="mor"><mw><pos><c>co</c></pos><stem>ah</stem></mw><gra type="gra" index="2" head="3" relation="COM"/></mor></w>
    <w>right<mor type="mor"><mw><pos><c>co</c></pos><stem>right</stem></mw><gra type="gra" index="3" head="1" relation="INCROOT"/></mor></w>
    <t type="p"><mor type="mor"><mt type="p"/><gra type="gra" index="4" head="3" relation="PUNCT"/></mor></t>

    <a type="actions">&lt;aft&gt; drinks , chews</a>
    <a type="gesture">looks at Mother</a>
    <a type="extension" flavor="pho">mIlk ah raih</a>
  </u>
  <u who="MOT" uID="u53">
    <w>yes<mor type="mor"><mw><pos><c>co</c></pos><stem>yes</stem></mw><gra type="gra" index="1" head="0" relation="INCROOT"/></mor></w>
    <t type="p"><mor type="mor"><mt type="p"/><gra type="gra" index="2" head="1" relation="PUNCT"/></mor></t>

  </u>
  <u who="MOT" uID="u54">
    <w>chew<mor type="mor"><mw><pos><c>v</c></pos><stem>chew</stem></mw><gra type="gra" index="1" head="0" relation="ROOT"/></mor></w>
    <w>yer<mor type="mor"><mw><pos><c>det</c><s>poss</s></pos><stem>your</stem></mw><gra type="gra" index="2" head="3" relation="DET"/></mor></w>
    <w>cookie<mor type="mor"><mw><pos><c>n</c></pos><stem>cookie</stem></mw><gra type="gra" index="3" head="1" relation="OBJ"/></mor></w>
    <w>up<mor type="mor"><mw><pos><c>adv</c></pos><stem>up</stem></mw><gra type="gra" index="4" head="1" relation="JCT"/></mor></w>
    <t type="p"><mor type="mor"><mt type="p"/><gra type="gra" index="5" head="1" relation="PUNCT"/></mor></t>

  </u>
  <u who="MOT" uID="u55">
    <w>that's<mor type="mor"><mw><pos><c>pro</c><s>dem</s></pos><stem>that</stem></mw><gra type="gra" index="1" head="2" relation="SUBJ"/><mor-post><mw><pos><c>cop</c></pos><stem>be</stem><mk type="sfxf">3S</mk></mw><gra type="gra" index="2" head="0" relation="ROOT"/></mor-post></mor></w>
    <w>right<mor type="mor"><mw><pos><c>co</c></pos><stem>right</stem></mw><gra type="gra" index="3" head="2" relation="PRED"/></mor></w>
    <t type="p"><mor type="mor"><mt type="p"/><gra type="gra" index="4" head="2" relation="PUNCT"/></mor></t>

  </u>
  <u who="CHI" uID="u56">
    <e><action/></e>
    <t type="p"></t>

    <a type="actions">drinks . plays with toy</a>
    <a type="gesture">glances at camera . looks at Mother</a>
  </u>
  <u who="MOT" uID="u57">
    <g><w>very<mor type="mor"><mw><pos><c>adv</c></pos><stem>very</stem></mw><gra type="gra" index="1" head="2" relation="JCT"/></mor></w><k type="stressing"/></g>
    <w>good<mor type="mor"><mw><pos><c>adj</c></pos><stem>good</stem></mw><gra type="gra" index="2" head="0" relation="INCROOT"/></mor></w>
    <t type="p"><mor type="mor"><mt type="p"/><gra type="gra" index="3" head="2" relation="PUNCT"/></mor></t>

  </u>
</CHAT>